/** 
 * <feature scope="SanteDB.Persistence.Data" id="0-002" name="Core Codes" invariantName="FirebirdSQL">
 *	<summary>Install Core Codes</summary>
 *	<remarks>Installs the baseline concept dictionary for SanteDB to operate</remarks>
 *	<isInstalled>SELECT COUNT(1) > 0 FROM CD_TBL WHERE CD_ID = char_to_uuid('a87a6d21-2ca6-4aea-88f3-6135cceb58d1')</isInstalled>
 * </feature>
 */
 -- Concepts

INSERT INTO CD_TBL VALUES(char_to_uuid('a87a6d21-2ca6-4aea-88f3-6135cceb58d1'),TRUE);--#!
INSERT INTO CD_TBL VALUES(char_to_uuid('c8064cbd-fa06-4530-b430-1a52f1530c27'),TRUE);--#!
INSERT INTO CD_TBL VALUES(char_to_uuid('bdef5f90-5497-4f26-956c-8f818cce2bd2'),TRUE);--#!
INSERT INTO CD_TBL VALUES(char_to_uuid('c34fcbf1-e0fe-4989-90fd-0dc49e1b9685'),TRUE);--#!
INSERT INTO CD_TBL VALUES(char_to_uuid('cd4aa3c4-02d5-4cc9-9088-ef8f31e321c5'),TRUE);--#!
INSERT INTO CD_TBL VALUES (char_to_uuid('bbd960a1-3853-4b13-b62a-d768f93a08c5'), TRUE);--#!
INSERT INTO CD_TBL VALUES (char_to_uuid('846c2ccf-5b02-4b3f-beb4-3d69ce7830dd'), TRUE);--#!
INSERT INTO CD_TBL VALUES (char_to_uuid('0f4ba634-5107-4eab-9658-25be293cd831'), TRUE);--#!
INSERT INTO CD_TBL VALUES (char_to_uuid('2557f7b4-e465-4965-b016-766f192131ab'), TRUE);--#!
INSERT INTO CD_TBL VALUES (char_to_uuid('4b98c47f-eaa5-472c-a2c6-97dddc0cb68c'), TRUE);--#!
INSERT INTO CD_TBL VALUES (char_to_uuid('54b52119-1709-4098-8911-5df6d6c84140'), TRUE);--#!
INSERT INTO CD_TBL VALUES (char_to_uuid('be84b6d3-446d-4e7e-b35d-2925f9f93434'), TRUE);--#!
INSERT INTO CD_TBL VALUES (char_to_uuid('1987c53c-7ab8-4461-9ebc-0d428744a8c0'), TRUE);--#!
INSERT INTO CD_TBL VALUES (char_to_uuid('43a9642c-a054-45df-9bee-99274b4635cd'), TRUE);--#!
INSERT INTO CD_TBL VALUES (char_to_uuid('57619b4a-2c8a-4674-a7fc-8e4f9aeb4903'), TRUE);--#!
INSERT INTO CD_TBL VALUES (char_to_uuid('28d022c6-8a8b-47c4-9e6a-2bc67308739e'), TRUE);--#!
INSERT INTO CD_TBL VALUES (char_to_uuid('118e2293-0f46-4b78-8252-ab078afb32d3'), TRUE);--#!
INSERT INTO CD_TBL VALUES (char_to_uuid('40829e76-33ec-420c-ae79-c9b9dc5a3481'), TRUE);--#!
INSERT INTO CD_TBL VALUES (char_to_uuid('0804e3a1-abe6-4bfb-9ad3-5484f170d181'), TRUE);--#!
INSERT INTO CD_TBL VALUES (char_to_uuid('80c58da9-917c-450b-843f-de21e4ae41a9'), TRUE);--#!
INSERT INTO CD_TBL VALUES (char_to_uuid('22304ab0-b133-494a-ad30-4d9170176f99'), TRUE);--#!
INSERT INTO CD_TBL VALUES (char_to_uuid('487e2e90-c2ab-4693-b190-2c4e2f0e7cec'), TRUE);--#!
INSERT INTO CD_TBL VALUES (char_to_uuid('7ce22b9d-e062-447c-a921-71e690ebd5cf'), TRUE);--#!
INSERT INTO CD_TBL VALUES (char_to_uuid('ec38d31f-a187-4921-9fb6-ff9d227e9e9c'), TRUE);--#!
INSERT INTO CD_TBL VALUES (char_to_uuid('bc6b2fc6-6542-4bec-96eb-8573a606dbb4'), TRUE);--#!
INSERT INTO CD_TBL VALUES (char_to_uuid('ab94417b-0d1a-4c46-8d55-6c3fba04ed7e'), TRUE);--#!
INSERT INTO CD_TBL VALUES (char_to_uuid('82d09e9e-9b12-47dd-acba-0557cc025bd7'), TRUE);--#!
INSERT INTO CD_TBL VALUES (char_to_uuid('932a3c7e-ad77-450a-8a1f-030fc2855450'), TRUE);--#!
INSERT INTO CD_TBL VALUES (char_to_uuid('a064984f-9847-4480-8bea-dddf64b3c77c'), TRUE);--#!
INSERT INTO CD_TBL VALUES (char_to_uuid('73a70eea-06cd-4865-a5f7-f010e33ba4f3'), TRUE);--#!
INSERT INTO CD_TBL VALUES (char_to_uuid('b47f044d-a9c8-4a65-9f84-d99d913beb97'), TRUE);--#!
INSERT INTO CD_TBL VALUES (char_to_uuid('21a61f18-1fc5-47c0-a235-721d2f965e33'), TRUE);--#!
INSERT INTO CD_TBL VALUES (char_to_uuid('f38f409f-3e92-4e6b-b8fd-b2abc7e6c177'), TRUE);--#!
INSERT INTO CD_TBL VALUES (char_to_uuid('fdae49aa-6fcb-40ae-9653-744e87fdd692'), TRUE);--#!
INSERT INTO CD_TBL VALUES (char_to_uuid('9613f16a-f962-4c27-8489-b78aebd7e2ec'), TRUE);--#!
INSERT INTO CD_TBL VALUES (char_to_uuid('90c2f40c-784e-4260-8b91-66bb032d3652'), TRUE);--#!
INSERT INTO CD_TBL VALUES (char_to_uuid('1a76e650-0242-4b40-9267-bf3a5b386c96'), TRUE);--#!
INSERT INTO CD_TBL VALUES (char_to_uuid('5a5023c9-9a53-4f4f-a9b2-5938c71041e7'), TRUE);--#!
INSERT INTO CD_TBL VALUES (char_to_uuid('7a4a0c9c-cf1c-423a-987e-d2a5717ac74e'), TRUE);--#!
INSERT INTO CD_TBL VALUES (char_to_uuid('ec74541f-87c4-4327-a4b9-97f325501747'), TRUE);--#!
INSERT INTO CD_TBL VALUES (char_to_uuid('29894070-a76b-47ef-8c16-d84e0acd9ea6'), TRUE);--#!
INSERT INTO CD_TBL VALUES (char_to_uuid('646542bc-72e4-488b-bbf4-865d452e62ec'), TRUE);--#!
INSERT INTO CD_TBL VALUES (char_to_uuid('78b9540f-438b-4b6f-8d83-aaf4979dbc64'), TRUE);--#!
INSERT INTO CD_TBL VALUES (char_to_uuid('26fe590c-3684-4574-9359-057fdd06ba61'), TRUE);--#!
INSERT INTO CD_TBL VALUES (char_to_uuid('85f68168-2a43-4532-bc79-191fa0b47c8b'), TRUE);--#!
INSERT INTO CD_TBL VALUES (char_to_uuid('28c81cdc-ca56-4c92-b691-094e89630642'), TRUE);--#!
INSERT INTO CD_TBL VALUES (char_to_uuid('5a280fc0-8c26-4191-b204-b1b1e4e19462'), TRUE);--#!
INSERT INTO CD_TBL VALUES (char_to_uuid('99488a1d-6d97-4013-8c91-ded6ad3b8e89'), TRUE);--#!
INSERT INTO CD_TBL VALUES (char_to_uuid('07e4d325-63b9-487d-a22c-9b194c09a6ba'), TRUE);--#!
INSERT INTO CD_TBL VALUES (char_to_uuid('c3b1a717-74d0-4ae3-830c-efddcc57bb92'), TRUE);--#!
INSERT INTO CD_TBL VALUES (char_to_uuid('16d4c8a8-5776-4c34-b189-018d236f1cb6'), TRUE);--#!
INSERT INTO CD_TBL VALUES (char_to_uuid('802ae6bb-31b8-401a-9d40-9ce3c3da227c'), TRUE);--#!
INSERT INTO CD_TBL VALUES (char_to_uuid('2ca49a5f-af50-402d-9263-7725071c3ed9'), TRUE);--#!
INSERT INTO CD_TBL VALUES (char_to_uuid('f81e1097-ed9e-461b-9e1f-52bd7ed47236'), TRUE);--#!
INSERT INTO CD_TBL VALUES (char_to_uuid('31a56b8d-b358-453a-a3c8-b1d60ee52578'), TRUE);--#!
INSERT INTO CD_TBL VALUES (char_to_uuid('50829a86-6643-423c-bbae-eb3119575349'), TRUE);--#!
INSERT INTO CD_TBL VALUES (char_to_uuid('9b3412c0-adb9-41fa-9b23-2557bd0b3348'), TRUE);--#!
INSERT INTO CD_TBL VALUES (char_to_uuid('4f509ada-d366-41ac-bd84-e0b3046a0ffc'), TRUE);--#!
INSERT INTO CD_TBL VALUES (char_to_uuid('e769140d-195e-4fdf-b64f-0da4ecf74b36'), TRUE);--#!
INSERT INTO CD_TBL VALUES (char_to_uuid('221bc06c-27f4-4244-8efe-a7b968fbdbd6'), TRUE);--#!
INSERT INTO CD_TBL VALUES (char_to_uuid('d920a941-ec06-4d0d-9f60-631b790f8e0d'), TRUE);--#!
INSERT INTO CD_TBL VALUES (char_to_uuid('f730f892-ebcc-43bc-8d39-bda98bc76563'), TRUE);--#!
INSERT INTO CD_TBL VALUES (char_to_uuid('e0f40a69-0e09-44e1-bd37-080ac88661e3'), TRUE);--#!
INSERT INTO CD_TBL VALUES (char_to_uuid('da22b2fb-bf0b-4aa6-8dcc-cb4c4cad1ca8'), TRUE);--#!
INSERT INTO CD_TBL VALUES (char_to_uuid('c898b180-dad0-4115-9200-f48329fd7771'), TRUE);--#!
INSERT INTO CD_TBL VALUES (char_to_uuid('cfbed12b-ffb1-48d7-b0ab-68f898a76749'), TRUE);--#!
INSERT INTO CD_TBL VALUES (char_to_uuid('a5a71f07-0235-42e8-beab-adefeb357bf5'), TRUE);--#!
INSERT INTO CD_TBL VALUES (char_to_uuid('742b318f-8198-4dde-9b43-34d20d0c18e2'), TRUE);--#!
INSERT INTO CD_TBL VALUES (char_to_uuid('a0d72d7c-b32f-4619-a943-f40ced704df6'), TRUE);--#!
INSERT INTO CD_TBL VALUES (char_to_uuid('c44dd7b3-4e4e-493f-9ace-557ca3c672a7'), TRUE);--#!
INSERT INTO CD_TBL VALUES (char_to_uuid('44d04d8c-a81b-47ce-8857-c88cc92e8dfc'), TRUE);--#!
INSERT INTO CD_TBL VALUES (char_to_uuid('eb55fb0a-126d-4f97-a7e4-454d600c5c9a'), TRUE);--#!
INSERT INTO CD_TBL VALUES (char_to_uuid('d18cc00b-c339-47a5-9ff9-23c77542a5c3'), TRUE);--#!
INSERT INTO CD_TBL VALUES (char_to_uuid('65c0a364-b1bf-4b16-8c28-6d1e2fc90ad1'), TRUE);--#!
INSERT INTO CD_TBL VALUES (char_to_uuid('69f1fd07-ba26-4e92-8ad0-deac7559e90f'), TRUE);--#!
INSERT INTO CD_TBL VALUES (char_to_uuid('1373ff04-a6ef-420a-b1d0-4a07465fe8e8'), TRUE);--#!
INSERT INTO CD_TBL VALUES (char_to_uuid('b76ff324-b174-40b7-a6ac-d1fdf8e23967'), TRUE);--#!
INSERT INTO CD_TBL VALUES (char_to_uuid('0b019bcf-c51f-4b8c-bfae-b7232a7dfb59'), TRUE);--#!
INSERT INTO CD_TBL VALUES (char_to_uuid('4a2de544-f8c9-4e29-b156-df478d5cbe25'), TRUE);--#!
INSERT INTO CD_TBL VALUES (char_to_uuid('fbf1a25a-b874-4d1b-83a9-da193869ee78'), TRUE);--#!
INSERT INTO CD_TBL VALUES (char_to_uuid('74cd3296-cb58-4984-9750-d077a130ce05'), TRUE);--#!
INSERT INTO CD_TBL VALUES (char_to_uuid('e29fcfad-ec1d-4c60-a055-039a494248ae'), TRUE);--#!
INSERT INTO CD_TBL VALUES (char_to_uuid('fdf8335e-1f12-4de0-8356-f8778ed41c21'), TRUE);--#!
INSERT INTO CD_TBL VALUES (char_to_uuid('8ba5e5c9-693b-49d4-973c-d7010f3a23ee'), TRUE);--#!
INSERT INTO CD_TBL VALUES (char_to_uuid('9025e5c9-693b-49d4-973c-d7010f3a23ee'), TRUE);--#!
INSERT INTO CD_TBL VALUES (char_to_uuid('8a6cb575-cf22-4184-a2b7-d9e99d2cd850'), TRUE);--#!
INSERT INTO CD_TBL VALUES (char_to_uuid('61fcbf42-b5e0-4fb5-9392-108a5c6dbec7'), TRUE);--#!
INSERT INTO CD_TBL VALUES (char_to_uuid('0162f67f-50a6-4743-88b6-edcde354caca'), TRUE);--#!
INSERT INTO CD_TBL VALUES (char_to_uuid('b91f756a-5b37-409e-8cf9-c985d5dba2f1'), TRUE);--#!
INSERT INTO CD_TBL VALUES (char_to_uuid('9de2a846-ddf2-4ebc-902e-84508c5089ea'), TRUE);--#!
INSERT INTO CD_TBL VALUES (char_to_uuid('d39073be-0f8f-440e-b8c8-7034cc138a95'), TRUE);--#!
INSERT INTO CD_TBL VALUES (char_to_uuid('2e9fa332-9391-48c6-9fc8-920a750b25d3'), TRUE);--#!
INSERT INTO CD_TBL VALUES (char_to_uuid('e5a09cc2-5ae5-40c2-8e32-687dba06715d'), TRUE);--#!
INSERT INTO CD_TBL VALUES (char_to_uuid('fafec286-89d5-420b-9085-054aca9d1eef'), TRUE);--#!
INSERT INTO CD_TBL VALUES (char_to_uuid('2452b691-f122-4121-b9df-76d990b43f35'), TRUE);--#!
INSERT INTO CD_TBL VALUES (char_to_uuid('2a7043bc-6cca-447d-b230-8414f790cdb6'), TRUE);--#!
INSERT INTO CD_TBL VALUES (char_to_uuid('a1fa9cd6-1ce7-4f7e-a0c1-7a503f9f1255'), TRUE);--#!
INSERT INTO CD_TBL VALUES (char_to_uuid('7c08bd55-4d42-49cd-92f8-6388d6c4183f'), TRUE);--#!
INSERT INTO CD_TBL VALUES (char_to_uuid('0b3c64f4-220d-44e5-bdc6-4bfad6120963'), TRUE);--#!
INSERT INTO CD_TBL VALUES (char_to_uuid('8cf4b0b0-84e5-4122-85fe-6afa8240c218'), TRUE);--#!
INSERT INTO CD_TBL VALUES (char_to_uuid('c7ace528-277d-4efb-94ee-bfd1278f40f7'), TRUE);--#!
INSERT INTO CD_TBL VALUES (char_to_uuid('21ab7873-8ef3-4d78-9c19-4582b3c40631'), TRUE);--#!
INSERT INTO CD_TBL VALUES (char_to_uuid('79dd4f75-68e8-4722-a7f5-8bc2e08f5cd6'), TRUE);--#!
INSERT INTO CD_TBL VALUES (char_to_uuid('48b2ffb3-07db-47ba-ad73-fc8fb8502471'), TRUE);--#!
INSERT INTO CD_TBL VALUES (char_to_uuid('6eefee7d-dff5-46d3-a6a7-171ef93879c7'), TRUE);--#!
INSERT INTO CD_TBL VALUES (char_to_uuid('4d1a5c28-deb7-411e-b75f-d524f90dfa63'), TRUE);--#!
INSERT INTO CD_TBL VALUES (char_to_uuid('1935aaf6-d487-4c82-ac17-fb917b5b6d71'), TRUE);--#!
INSERT INTO CD_TBL VALUES (char_to_uuid('f29f08de-78a7-4a5e-aeaf-7b545ba19a09'), TRUE);--#!
INSERT INTO CD_TBL VALUES (char_to_uuid('ad28a7ac-a66b-42c4-91b4-de40a2b11980'), TRUE);--#!
INSERT INTO CD_TBL VALUES (char_to_uuid('604cf1b7-8891-49fb-b95f-3e4e875691bc'), TRUE);--#!
INSERT INTO CD_TBL VALUES (char_to_uuid('71651ed8-8c91-4839-b76e-9bfdd2edba43'), TRUE);--#!
INSERT INTO CD_TBL VALUES (char_to_uuid('f0cb3faf-435d-4704-9217-b884f757bc14'), TRUE);--#!
INSERT INTO CD_TBL VALUES (char_to_uuid('f158af2a-d405-4616-a459-50e8494a9a56'), TRUE);--#!
INSERT INTO CD_TBL VALUES (char_to_uuid('cc35ad2b-6699-4946-ae38-76ab08193f41'), TRUE);--#!
INSERT INTO CD_TBL VALUES (char_to_uuid('c50d66d2-e5da-4a34-b2b7-4cd4fe4ef2c4'), TRUE);--#!
INSERT INTO CD_TBL VALUES (char_to_uuid('39604248-7812-4b60-bc54-8cc1fffb1de6'), TRUE);--#!
INSERT INTO CD_TBL VALUES (char_to_uuid('ec8a5482-2059-43fc-a4ce-04f71f64e3d8'), TRUE);--#!
INSERT INTO CD_TBL VALUES (char_to_uuid('d64ed94f-e4a4-49a2-a0d8-1e6f393aab36'), TRUE);--#!
INSERT INTO CD_TBL VALUES (char_to_uuid('196405f1-e07e-494e-a56e-b4b563cd85fc'), TRUE);--#!
INSERT INTO CD_TBL VALUES (char_to_uuid('97ad6a1d-6871-448c-a504-cb82cabc0452'), TRUE);--#!
INSERT INTO CD_TBL VALUES (char_to_uuid('4c503921-1d6e-4149-a3c4-33f6be4646ce'), TRUE);--#!
INSERT INTO CD_TBL VALUES (char_to_uuid('4b8b0a87-7d2e-406d-aeb0-1041c3841b57'), TRUE);--#!
INSERT INTO CD_TBL VALUES (char_to_uuid('61848557-d78d-40e5-954f-0b9c97307a04'), TRUE);--#!
INSERT INTO CD_TBL VALUES (char_to_uuid('455dadf8-c175-45a1-a859-34283a8210f8'), TRUE);--#!
INSERT INTO CD_TBL VALUES (char_to_uuid('a0174216-6439-4351-9483-a241a48029b7'), TRUE);--#!
INSERT INTO CD_TBL VALUES (char_to_uuid('6cbf29ad-ac51-48c9-885a-cfe3026ecf6e'), TRUE);--#!
INSERT INTO CD_TBL VALUES (char_to_uuid('9c4c40ae-2c15-4581-a496-be1abfe4eb66'), TRUE);--#!
INSERT INTO CD_TBL VALUES (char_to_uuid('0a364ad7-f961-4d8a-93f0-1fd4176548b3'), TRUE);--#!
INSERT INTO CD_TBL VALUES (char_to_uuid('d9f63423-ba9b-48d9-ba38-c404b784b670'), TRUE);--#!
INSERT INTO CD_TBL VALUES (char_to_uuid('a2594e6e-e8fe-4c68-82a5-d3a46dbec87d'), TRUE);--#!
INSERT INTO CD_TBL VALUES (char_to_uuid('727a61ed-2f35-4e09-8bb6-6d09e2ba8fec'), TRUE);--#!
INSERT INTO CD_TBL VALUES (char_to_uuid('5a6a6766-8e1d-4d36-ae50-9b7d82d8a182'), TRUE);--#!
INSERT INTO CD_TBL VALUES (char_to_uuid('3a9f0c2f-e322-4639-a8e7-0df67cac761b'), TRUE);--#!
INSERT INTO CD_TBL VALUES (char_to_uuid('9790b291-b8a3-4c85-a240-c2c38885ad5d'), TRUE);--#!
INSERT INTO CD_TBL VALUES (char_to_uuid('c704a23d-86ef-4e11-9050-f8aa10919ff2'), TRUE);--#!
INSERT INTO CD_TBL VALUES (char_to_uuid('5e8e0f8b-bc23-4847-82ab-49b8dd79981e'), TRUE);--#!
INSERT INTO CD_TBL VALUES (char_to_uuid('de3f7527-e3c9-45ef-8574-00ca4495f767'), TRUE);--#!
INSERT INTO CD_TBL VALUES (char_to_uuid('0b82357f-5ae0-4543-ab8e-a33e9b315bab'), TRUE);--#!
INSERT INTO CD_TBL VALUES (char_to_uuid('649d6d69-139c-4006-ae45-aff4649d6079'), TRUE);--#!
INSERT INTO CD_TBL VALUES (char_to_uuid('479896b0-35d5-4842-8109-5fdbee14e8a4'), TRUE);--#!
INSERT INTO CD_TBL VALUES (char_to_uuid('a5cac7f7-e3b7-4dd8-872c-db0e7fcc2d84'), TRUE);--#!
INSERT INTO CD_TBL VALUES (char_to_uuid('6792db6c-fd5c-4ab8-96f5-ace5665bdcb9'), TRUE);--#!
INSERT INTO CD_TBL VALUES (char_to_uuid('76990d3d-3f27-4b39-836b-ba87eeba3328'), TRUE);--#!
INSERT INTO CD_TBL VALUES (char_to_uuid('be1235ee-710a-4732-88fd-6e895de7c56d'), TRUE);--#!
INSERT INTO CD_TBL VALUES (char_to_uuid('ea60a5a9-e971-4f0d-bb5d-dc7a0c74a2c9'), TRUE);--#!
INSERT INTO CD_TBL VALUES (char_to_uuid('ec401b5c-4c33-4229-9c72-428fc5db37ff'), TRUE);--#!
INSERT INTO CD_TBL VALUES (char_to_uuid('cbb6297b-743c-453c-8476-ba4c10a1c965'), TRUE);--#!
INSERT INTO CD_TBL VALUES (char_to_uuid('99e77288-cb09-4050-a8cf-385513f32f0a'), TRUE);--#!
INSERT INTO CD_TBL VALUES (char_to_uuid('03067700-ce37-405f-8ed3-e4965ba2f601'), TRUE);--#!
INSERT INTO CD_TBL VALUES (char_to_uuid('bce17b21-05b2-4f02-bf7a-c6d3561aa948'), TRUE);--#!
INSERT INTO CD_TBL VALUES (char_to_uuid('28c744df-d889-4a44-bc1a-2e9e9d64af13'), TRUE);--#!
INSERT INTO CD_TBL VALUES (char_to_uuid('7f81b83e-0d78-4685-8ba4-224eb315ce54'), TRUE);--#!
INSERT INTO CD_TBL VALUES (char_to_uuid('4b5471d4-e3fe-45f7-85a2-ae2b4f224757'), TRUE);--#!
INSERT INTO CD_TBL VALUES (char_to_uuid('28fb791e-179e-461a-b16c-cac13a04bd0a'), TRUE);--#!
INSERT INTO CD_TBL VALUES (char_to_uuid('3f92dbee-a65e-434f-98ce-841feeb02e3f'), TRUE);--#!
INSERT INTO CD_TBL VALUES (char_to_uuid('53c694b8-27d8-43dd-95a4-bb318431d17c'), TRUE);--#!
INSERT INTO CD_TBL VALUES (char_to_uuid('01b87999-85a7-4f5c-9b7e-892f1195cfe3'), TRUE);--#!
INSERT INTO CD_TBL VALUES (char_to_uuid('02bb7934-76b5-4cc5-bd42-58570f15eb4d'), TRUE);--#!
INSERT INTO CD_TBL VALUES (char_to_uuid('6da3a6ca-2ab0-4d32-9588-e094f277f06d'), TRUE);--#!
INSERT INTO CD_TBL VALUES (char_to_uuid('353f9255-765e-4336-8007-1d61ab09aad6'), TRUE);--#!
INSERT INTO CD_TBL VALUES (char_to_uuid('c3be013a-20c5-4c20-840c-d9dbb15d040e'), TRUE);--#!
INSERT INTO CD_TBL VALUES (char_to_uuid('727b3624-ea62-46bb-a68b-b9e49e302eca'), TRUE);--#!
INSERT INTO CD_TBL VALUES (char_to_uuid('ac05185b-5a80-47a8-b924-060deb6d0eb2'), TRUE);--#!
INSERT INTO CD_TBL VALUES (char_to_uuid('5d175f21-1963-4589-a400-b5ef5f64842c'), TRUE);--#!
INSERT INTO CD_TBL VALUES (char_to_uuid('3c1225de-194e-49ce-a41a-0f9376b04c11'), TRUE);--#!
INSERT INTO CD_TBL VALUES (char_to_uuid('5b0fac74-5ac6-44e6-99a4-6813c0e2f4a9'), TRUE);--#!
INSERT INTO CD_TBL VALUES (char_to_uuid('fa5e70a4-a46e-4665-8a20-94d4d7b86fc8'), TRUE);--#!
INSERT INTO CD_TBL VALUES (char_to_uuid('693f08fa-625a-40d2-b928-6856099c0349'), TRUE);--#!
INSERT INTO CD_TBL VALUES (char_to_uuid('79f6136c-1465-45e8-917e-e7832bc8e3b2'), TRUE);--#!
INSERT INTO CD_TBL VALUES (char_to_uuid('4ff91e06-2e39-44e3-9fbe-0d828fe318fe'), TRUE);--#!
INSERT INTO CD_TBL VALUES (char_to_uuid('64474c12-b978-4bb6-a584-46dadec2d952'), TRUE);--#!
INSERT INTO CD_TBL VALUES (char_to_uuid('f9dc5787-dd4d-42c6-a082-ac7d11956fda'), TRUE);--#!
INSERT INTO CD_TBL VALUES (char_to_uuid('1b2dbf82-a503-4cf4-9ecb-a8e111b4674e'), TRUE);--#!
INSERT INTO CD_TBL VALUES (char_to_uuid('0716a333-cd46-439d-bfd6-bf788f3885fa'), TRUE);--#!
INSERT INTO CD_TBL VALUES (char_to_uuid('8e087135-8c6f-4214-bdd2-448387d3f24c'), TRUE);--#!
INSERT INTO CD_TBL VALUES (char_to_uuid('ced7cc70-12bc-45bb-ac46-ddf41141e64b'), TRUE);--#!
INSERT INTO CD_TBL VALUES (char_to_uuid('6af35d6e-557c-4034-9518-e87bc6cff808'), TRUE);--#!
INSERT INTO CD_TBL VALUES (char_to_uuid('fdda3bd9-a3ee-479c-9b2d-89ba49f09b85'), TRUE);--#!
INSERT INTO CD_TBL VALUES (char_to_uuid('3682b98d-4b14-4e2b-92f5-aa7abf522e28'), TRUE);--#!
INSERT INTO CD_TBL VALUES (char_to_uuid('8de7b5e7-c941-42bd-b735-52d750efc5e6'), TRUE);--#!
INSERT INTO CD_TBL VALUES (char_to_uuid('867fd445-d490-4619-804e-75c04b8a0e57'), TRUE);--#!
INSERT INTO CD_TBL VALUES (char_to_uuid('77b7a04b-c065-4faf-8ec0-2cdad4ae372b'), TRUE);--#!
INSERT INTO CD_TBL VALUES (char_to_uuid('33bd1401-dfdb-40e7-a914-0a695ad5186e'), TRUE);--#!
INSERT INTO CD_TBL VALUES (char_to_uuid('757f98df-14e0-446a-bd50-bb0affb34f09'), TRUE);--#!
INSERT INTO CD_TBL VALUES (char_to_uuid('b1d2148d-bb35-4337-8fe6-021f5a3ac8a3'), TRUE);--#!
INSERT INTO CD_TBL VALUES (char_to_uuid('25985F42-476A-4455-A977-4E97A554D710'), TRUE);--#!
INSERT INTO CD_TBL VALUES (char_to_uuid('1ee4e74f-542d-4544-96f6-266a6247f274'), TRUE);--#!
INSERT INTO CD_TBL VALUES (char_to_uuid('3b8e2334-4ccc-4f24-8aae-37341ea03d3e'), TRUE);--#!
INSERT INTO CD_TBL VALUES (char_to_uuid('35b13152-e43c-4bcb-8649-a9e83bee33a2'), TRUE);--#!
INSERT INTO CD_TBL VALUES (char_to_uuid('d4844672-c0d7-434c-8377-6dd0655b0532'), TRUE);--#!
INSERT INTO CD_TBL VALUES (char_to_uuid('9d256279-f1ac-46b3-a974-dd13e2ad4f72'), TRUE);--#!
INSERT INTO CD_TBL VALUES (char_to_uuid('3d907f37-085c-4c26-b59b-62e40621dafd'), TRUE);--#!
INSERT INTO CD_TBL VALUES (char_to_uuid('f28ed78f-85ab-47a1-ba08-b5051e62d6c3'), TRUE);--#!
INSERT INTO CD_TBL VALUES (char_to_uuid('47049b0f-f189-4e19-9aa8-7c38adb2491a'), TRUE);--#!
INSERT INTO CD_TBL VALUES (char_to_uuid('f31a2a5b-ce13-47e1-a0fb-d704f31547db'), TRUE);--#!
INSERT INTO CD_TBL VALUES (char_to_uuid('cbe2a00c-e1d5-44e9-aae3-d7d03e3c2efa'), TRUE);--#!
INSERT INTO CD_TBL VALUES (char_to_uuid('43ad7bc0-2ed8-4b27-97e5-b3db00a07d17'), TRUE);--#!
INSERT INTO CD_TBL VALUES (char_to_uuid('66c96ae6-c5c4-4d66-9bd0-a00c56e831da'), TRUE);--#!
INSERT INTO CD_TBL VALUES (char_to_uuid('b43c9513-1c1c-4ed0-92db-55a904c122e6'), TRUE);--#!
INSERT INTO CD_TBL VALUES (char_to_uuid('1bcfb08d-c6fa-41dd-98bf-06336a33a3b7'), TRUE);--#!
INSERT INTO CD_TBL VALUES (char_to_uuid('f5b10c57-3ae1-41ea-8649-1cf8d9848ae1'), TRUE);--#!
INSERT INTO CD_TBL VALUES (char_to_uuid('0c522bd1-dfa2-43cb-a98e-f6ff137968ae'), TRUE);--#!
INSERT INTO CD_TBL VALUES (char_to_uuid('d7ad48c0-889d-41e2-99e9-be5e6c5327b2'), TRUE);--#!
INSERT INTO CD_TBL VALUES (char_to_uuid('ef597ffe-d965-4398-b55a-650530ebb997'), TRUE);--#!
INSERT INTO CD_TBL VALUES (char_to_uuid('b9fe057e-7f57-42eb-89d7-67c69646c0c4'), TRUE);--#!
INSERT INTO CD_TBL VALUES (char_to_uuid('f1ef6c46-05eb-4482-baeb-eaf0a8e5ffef'), TRUE);--#!
INSERT INTO CD_TBL VALUES (char_to_uuid('6b04fed8-c164-469c-910b-f824c2bda4f0'), TRUE);--#!
INSERT INTO CD_TBL VALUES (char_to_uuid('bacd9c6f-3fa9-481e-9636-37457962804d'), TRUE);--#!
INSERT INTO CD_TBL VALUES (char_to_uuid('734551e1-2960-4a68-93a2-b277db072a43'), TRUE);--#!
INSERT INTO CD_TBL VALUES (char_to_uuid('07c922d2-12c9-415a-95d4-9b3fed4959d6'), TRUE);--#!
INSERT INTO CD_TBL VALUES (char_to_uuid('cec017ef-4e49-41af-8596-abad1a91c9d0'), TRUE);--#!
INSERT INTO CD_TBL VALUES (char_to_uuid('6521dd09-334b-4fbf-9c89-1ad5a804326c'), TRUE);--#!
INSERT INTO CD_TBL VALUES (char_to_uuid('8ff9d9a5-a206-4566-82cd-67b770d7ce8a'), TRUE);--#!
INSERT INTO CD_TBL VALUES (char_to_uuid('0c157566-d1e9-4976-8542-473caa9ba2a4'), TRUE);--#!
INSERT INTO CD_TBL VALUES (char_to_uuid('a8fcd83f-808b-494b-8a1c-ec2c6dbc3dfa'), TRUE);--#!
INSERT INTO CD_TBL VALUES (char_to_uuid('ddc1b705-c768-4c7a-8f69-76ad4b167b40'), TRUE);--#!
INSERT INTO CD_TBL VALUES (char_to_uuid('b52c7e95-88b8-4c4c-836a-934277afdb92'), TRUE);--#!
INSERT INTO CD_TBL VALUES (char_to_uuid('f3ef7e48-d8b7-4030-b431-aff7e0e1cb76'), TRUE);--#!
INSERT INTO CD_TBL VALUES (char_to_uuid('31b0dfcb-d7ba-452a-98b9-45ebccd30732'), TRUE);--#!
INSERT INTO CD_TBL VALUES (char_to_uuid('9bbe0cfe-faab-4dc9-a28f-c001e3e95e6e'), TRUE);--#!
INSERT INTO CD_TBL VALUES (char_to_uuid('f5547ada-1eb9-40bb-b163-081567d869e7'), TRUE);--#!
INSERT INTO CD_TBL VALUES (char_to_uuid('703df8f4-b124-44c5-9506-1ab74ddfd91d'), TRUE);--#!
INSERT INTO CD_TBL VALUES (char_to_uuid('ab39087c-17d3-421a-a1e3-2de4e0ab9faf'), TRUE);--#!
INSERT INTO CD_TBL VALUES (char_to_uuid('9c02a621-8565-46b4-94ff-a2bd210989b1'), TRUE);--#!
INSERT INTO CD_TBL VALUES (char_to_uuid('5b0f8c93-57c9-4dff-b59a-9564739ef445'), TRUE);--#!
INSERT INTO CD_TBL VALUES (char_to_uuid('c5c8b935-294f-4c90-9d81-cbf914bf5808'), TRUE);--#!
INSERT INTO CD_TBL VALUES (char_to_uuid('6780df3b-afbd-44a3-8627-cbb3dc2f02f6'), TRUE);--#!
INSERT INTO CD_TBL VALUES (char_to_uuid('d6657fdb-4ef3-4131-af79-14e01a21faca'), TRUE);--#!
INSERT INTO CD_TBL VALUES (char_to_uuid('77b6d8cd-05a0-4b1f-9e14-b895203bf40c'), TRUE);--#!
INSERT INTO CD_TBL VALUES (char_to_uuid('117da15c-0864-4f00-a987-9b9854cba44e'), TRUE);--#!
INSERT INTO CD_TBL VALUES (char_to_uuid('abfd3fe8-9526-48fb-b366-35baca9bd170'), TRUE);--#!
INSERT INTO CD_TBL VALUES (char_to_uuid('20e98d17-e24d-4c64-b09e-521a177ccd05'), TRUE);--#!
INSERT INTO CD_TBL VALUES (char_to_uuid('ff34dfa7-c6d3-4f8b-bc9f-14bcdc13ba6c'), TRUE);--#!
INSERT INTO CD_TBL VALUES (char_to_uuid('455f1772-f580-47e8-86bd-b5ce25d351f9'), TRUE);--#!
INSERT INTO CD_TBL VALUES (char_to_uuid('41baf7aa-5ffd-4421-831f-42d4ab3de38a'), TRUE);--#!
INSERT INTO CD_TBL VALUES (char_to_uuid('c6b92576-1d62-4896-8799-6f931f8ab607'), TRUE);--#!
INSERT INTO CD_TBL VALUES (char_to_uuid('08fff7d9-bac7-417b-b026-c9bee52f4a37'), TRUE);--#!
INSERT INTO CD_TBL VALUES (char_to_uuid('639b4b8f-afd3-4963-9e79-ef0d3928796a'), TRUE);--#!
INSERT INTO CD_TBL VALUES (char_to_uuid('845120de-e6f7-4cec-94aa-e6e943c91367'), TRUE);--#!
INSERT INTO CD_TBL VALUES (char_to_uuid('b2feb552-8eaf-45fe-a397-f789d6f4728a'), TRUE);--#!
INSERT INTO CD_TBL VALUES (char_to_uuid('212b1b6b-b074-4a75-862d-e4e194252044'), TRUE);--#!
INSERT INTO CD_TBL VALUES (char_to_uuid('cff670e4-965e-4288-b966-47a44479d2ad'), TRUE);--#!
INSERT INTO CD_TBL VALUES (char_to_uuid('020c28a0-7c52-42f4-a046-db9e329d5a42'), TRUE);--#!
INSERT INTO CD_TBL VALUES (char_to_uuid('ca44a469-81d7-4484-9189-ca1d55afecbc'), TRUE);--#!
INSERT INTO CD_TBL VALUES (char_to_uuid('d874424e-c692-4fd8-b94e-642e1cbf83e9'), TRUE);--#!
INSERT INTO CD_TBL VALUES (char_to_uuid('03eb7808-0851-49e2-b773-663b0ac2bd38'), TRUE);--#!
INSERT INTO CD_TBL VALUES (char_to_uuid('1571297b-86ed-4002-8b40-13403cba68ab'), TRUE);--#!
INSERT INTO CD_TBL VALUES (char_to_uuid('192f1768-d39e-409d-87be-5afd0ee0d1fe'), TRUE);--#!
INSERT INTO CD_TBL VALUES (char_to_uuid('06af93c0-08fc-4df4-b084-190d680331e0'), TRUE);--#!
INSERT INTO CD_TBL VALUES (char_to_uuid('6be8d358-f591-4a3a-9a57-1889b0147c7e'), TRUE);--#!
INSERT INTO CD_TBL VALUES (char_to_uuid('7eae32b1-27ae-4e78-909b-9f7d07e1c446'), TRUE);--#!
INSERT INTO CD_TBL VALUES (char_to_uuid('61677f76-dc05-466d-91de-47efc8e7a3e6'), TRUE);--#!
INSERT INTO CD_TBL VALUES (char_to_uuid('676de278-64aa-44f2-9b69-60d61fc1f5f5'), TRUE);--#!
INSERT INTO CD_TBL VALUES (char_to_uuid('d38091b5-9065-4721-8a1f-bfbb3b4bf447'), TRUE);--#!
INSERT INTO CD_TBL VALUES (char_to_uuid('3b14a426-6337-4f2a-b83b-e6be7dbcd5a5'), TRUE);--#!
INSERT INTO CD_TBL VALUES (char_to_uuid('13925967-e748-4dd6-b562-1e1da3ddfb06'), TRUE);--#!
INSERT INTO CD_TBL VALUES (char_to_uuid('099bcc5e-8e2f-4d50-b509-9f9d5bbeb58e'), TRUE);--#!
INSERT INTO CD_TBL VALUES (char_to_uuid('acf7baf2-221f-4bc2-8116-ceb5165be079'), TRUE);--#!
INSERT INTO CD_TBL VALUES (char_to_uuid('dc3df205-18ef-4854-ac00-68c295c9c744'), TRUE);--#!
INSERT INTO CD_TBL VALUES (char_to_uuid('d1578637-e1cb-415e-b319-4011da033813'), TRUE);--#!
INSERT INTO CD_TBL VALUES (char_to_uuid('db2ae02a-ff12-4c1b-9c5b-ecdd41af8583'), TRUE);--#!
INSERT INTO CD_TBL VALUES (char_to_uuid('81b6a0f8-b86a-495f-9d5d-8a4073fdd882'), TRUE);--#!
INSERT INTO CD_TBL VALUES (char_to_uuid('57d81685-e399-4abd-8744-96454188a9fa'), TRUE);--#!
INSERT INTO CD_TBL VALUES (char_to_uuid('8dbeac94-cccb-4412-a990-09bab26dd048'), TRUE);--#!
INSERT INTO CD_TBL VALUES (char_to_uuid('22918d17-d3dc-4135-a003-4c1c52e57e75'), TRUE);--#!
INSERT INTO CD_TBL VALUES (char_to_uuid('8fce259a-b859-4ae3-8160-0221f6ab1650'), TRUE);--#!
INSERT INTO CD_TBL VALUES (char_to_uuid('55da61a2-7b86-47f3-9b0b-ba47dc99c950'), TRUE);--#!
INSERT INTO CD_TBL VALUES (char_to_uuid('c66d7ca9-c6c2-46b1-9276-ad76baf04b07'), TRUE);--#!
INSERT INTO CD_TBL VALUES (char_to_uuid('3209e3f1-2258-4b63-8182-2c888da66cf0'), TRUE);--#!
INSERT INTO CD_TBL VALUES (char_to_uuid('9871c3bc-b57a-479d-a031-7b56cb06fa84'), TRUE);--#!
INSERT INTO CD_TBL VALUES (char_to_uuid('ffc6e905-161d-4c0b-8cde-a04e9e9d0cd5'), TRUE);--#!
INSERT INTO CD_TBL VALUES (char_to_uuid('ebf9ac10-b5c9-407a-91a4-360bfb7e0fb9'), TRUE);--#!
INSERT INTO CD_TBL VALUES (char_to_uuid('c46eee70-5612-473f-8d24-595ea15c9c39'), TRUE);--#!
INSERT INTO CD_TBL VALUES (char_to_uuid('0395f357-6821-4562-8192-49ac3c94f548'), TRUE);--#!
INSERT INTO CD_TBL VALUES (char_to_uuid('12ff7ad6-0acd-4bba-a624-c7a03d3f8a6b'), TRUE);--#!
INSERT INTO CD_TBL VALUES (char_to_uuid('e5136fdf-ce72-4757-a1cc-24e1cc98f034'), TRUE);--#!
INSERT INTO CD_TBL VALUES (char_to_uuid('baa88534-dc79-4942-90cd-e047ba24f34f'), TRUE);--#!
INSERT INTO CD_TBL VALUES (char_to_uuid('4a287bfc-72ca-46b6-9d34-380eeae9369a'), TRUE);--#!
INSERT INTO CD_TBL VALUES (char_to_uuid('71751e65-cc30-4080-85de-5c19d5201772'), TRUE);--#!
INSERT INTO CD_TBL VALUES (char_to_uuid('7fd001e8-5451-4a48-b5b6-da5928dce03f'), TRUE);--#!
INSERT INTO CD_TBL VALUES (char_to_uuid('8be192e3-971a-4c3c-b795-554b0b5ad672'), TRUE);--#!
INSERT INTO CD_TBL VALUES (char_to_uuid('59e13f51-0cca-433e-8a45-8ec24b332ece'), TRUE);--#!
INSERT INTO CD_TBL VALUES (char_to_uuid('2be66881-87e1-4173-b950-5534334ee08b'), TRUE);--#!
INSERT INTO CD_TBL VALUES (char_to_uuid('04c76563-0e0b-49c4-9664-6eb3cbd771d1'), TRUE);--#!
INSERT INTO CD_TBL VALUES (char_to_uuid('bd98bfb8-c621-48ec-919e-65a65e334d37'), TRUE);--#!
INSERT INTO CD_TBL VALUES (char_to_uuid('2d0d7c33-c3a0-497a-92d8-d27095f1e2e7'), TRUE);--#!
INSERT INTO CD_TBL VALUES (char_to_uuid('3fe3c67e-eb5a-4540-bdcd-5ae2a5ffbbef'), TRUE);--#!
INSERT INTO CD_TBL VALUES (char_to_uuid('a5e71f54-ce6c-48f4-8da5-f8c61b04b7cf'), TRUE);--#!
INSERT INTO CD_TBL VALUES (char_to_uuid('0413798d-4017-487a-9a8f-ddf40a21f48c'), TRUE);--#!
INSERT INTO CD_TBL VALUES (char_to_uuid('231c88d8-2989-48f9-8ad7-df27adce9948'), TRUE);--#!
INSERT INTO CD_TBL VALUES (char_to_uuid('c8581ff7-7699-4788-84dd-d6b28edfa919'), TRUE);--#!
INSERT INTO CD_TBL VALUES (char_to_uuid('0c1af2f0-6162-4758-b532-ecece14d5a24'), TRUE);--#!
INSERT INTO CD_TBL VALUES (char_to_uuid('b83c798b-1b67-47d8-9353-7a8687967a63'), TRUE);--#!
INSERT INTO CD_TBL VALUES (char_to_uuid('a8d497c5-c68c-4bdd-b833-1202735ba0ac'), TRUE);--#!
INSERT INTO CD_TBL VALUES (char_to_uuid('52aa67c9-4589-4d43-99fc-0e3da3b116e9'), TRUE);--#!
INSERT INTO CD_TBL VALUES (char_to_uuid('b2f4bc37-b7f5-4836-86f5-500d72a552d0'), TRUE);--#!
INSERT INTO CD_TBL VALUES (char_to_uuid('8f46d9b3-1a30-4092-b3ed-c1bc0c4189b7'), TRUE);--#!
INSERT INTO CD_TBL VALUES (char_to_uuid('50a89363-3f59-4271-85fd-f79e8ac11f41'), TRUE);--#!
INSERT INTO CD_TBL VALUES (char_to_uuid('dd5a11f6-91f8-44d2-aef1-7ad8f5b690a2'), TRUE);--#!
INSERT INTO CD_TBL VALUES (char_to_uuid('5dc02c7b-88d9-4167-a0c7-3ebbe67ec625'), TRUE);--#!
INSERT INTO CD_TBL VALUES (char_to_uuid('01afa2d5-ef17-4f41-83d4-b166308e998f'), TRUE);--#!
INSERT INTO CD_TBL VALUES (char_to_uuid('401b25e9-6096-4fe0-8fea-d7eb40e37592'), TRUE);--#!
INSERT INTO CD_TBL VALUES (char_to_uuid('ea397b83-59af-4d7a-93f8-71e615072aae'), TRUE);--#!
INSERT INTO CD_TBL VALUES (char_to_uuid('be912792-f637-4373-a48d-6c9f838191e2'), TRUE);--#!
INSERT INTO CD_TBL VALUES (char_to_uuid('ec8a162b-81f7-4388-b695-e998369c2425'), TRUE);--#!
INSERT INTO CD_TBL VALUES (char_to_uuid('69c13f8a-29e2-410b-b5ad-f616f7191b14'), TRUE);--#!
INSERT INTO CD_TBL VALUES (char_to_uuid('41ae57b4-5f5f-49e5-8c77-4ba7969ff469'), TRUE);--#!
INSERT INTO CD_TBL VALUES (char_to_uuid('70797990-396d-4542-90a2-7f5f1abf0ad1'), TRUE);--#!
INSERT INTO CD_TBL VALUES (char_to_uuid('3e0ea001-123e-49a4-b28c-939e5d5ea488'), TRUE);--#!
INSERT INTO CD_TBL VALUES (char_to_uuid('84223e9b-3217-404d-ad47-3ef9bde43dcb'), TRUE);--#!
INSERT INTO CD_TBL VALUES (char_to_uuid('efc391b0-4d74-46e4-91e6-c03f315555e2'), TRUE);--#!
INSERT INTO CD_TBL VALUES (char_to_uuid('2feab4d2-6bd5-4da8-9057-82ff9bf6a1bc'), TRUE);--#!
INSERT INTO CD_TBL VALUES (char_to_uuid('2fb4dfbc-64dd-4668-b2e5-0d5c743c9a9f'), TRUE);--#!
INSERT INTO CD_TBL VALUES (char_to_uuid('4e9dbe60-3e4e-4074-a432-0bb4e47eb62d'), TRUE);--#!
INSERT INTO CD_TBL VALUES (char_to_uuid('958a0b33-c3d7-47ef-9596-59eee434eb2d'), TRUE);--#!
INSERT INTO CD_TBL VALUES (char_to_uuid('17cd1669-5aaf-4960-bd23-988209eba352'), TRUE);--#!
INSERT INTO CD_TBL VALUES (char_to_uuid('e7bde797-deac-4c63-9f61-1ddbd38b98f3'), TRUE);--#!
INSERT INTO CD_TBL VALUES (char_to_uuid('1d570bba-8242-4fdb-bd63-c2e7601a64c6'), TRUE);--#!
INSERT INTO CD_TBL VALUES (char_to_uuid('091780d7-cd81-4c15-a082-fd969b5baf85'), TRUE);--#!
INSERT INTO CD_TBL VALUES (char_to_uuid('ff15da84-64e6-47be-95c2-3c5f4629913a'), TRUE);--#!
INSERT INTO CD_TBL VALUES (char_to_uuid('2beefd30-62af-40e4-83ec-127f3fb6834a'), TRUE);--#!
INSERT INTO CD_TBL VALUES (char_to_uuid('f292cfc1-e4d1-483f-b67b-b2367bb53451'), TRUE);--#!
INSERT INTO CD_TBL VALUES (char_to_uuid('0aac5109-30ae-4b49-a780-735cc77218ee'), TRUE);--#!
INSERT INTO CD_TBL VALUES (char_to_uuid('1969675c-017e-480f-b0a8-33a03d4b4068'), TRUE);--#!
INSERT INTO CD_TBL VALUES (char_to_uuid('2959b0d3-15a1-4672-9d07-4ece0497bdc5'), TRUE);--#!
INSERT INTO CD_TBL VALUES (char_to_uuid('5c04ef87-0ca3-4bd9-9b7f-4c2d41101535'), TRUE);--#!
INSERT INTO CD_TBL VALUES (char_to_uuid('c8d5ab21-0a0a-4e19-9209-d0b23e06c1b1'), TRUE);--#!
INSERT INTO CD_TBL VALUES (char_to_uuid('4d1f6130-c060-4f8c-8eb3-c1dba2b0db81'), TRUE);--#!
INSERT INTO CD_TBL VALUES (char_to_uuid('c3000962-275e-4ccc-9bc9-4dd9525bb9c7'), TRUE);--#!
INSERT INTO CD_TBL VALUES (char_to_uuid('fedc3216-fd31-498f-ae54-d95296a73636'), TRUE);--#!
INSERT INTO CD_TBL VALUES (char_to_uuid('2e34005b-7176-42be-81e1-67b63f68b4cd'), TRUE);--#!
INSERT INTO CD_TBL VALUES (char_to_uuid('0ef206eb-189a-4fd8-965c-6044ac8854b8'), TRUE);--#!
INSERT INTO CD_TBL VALUES (char_to_uuid('ebd2fa4c-a441-4429-aac6-68d46d8c96bf'), TRUE);--#!
INSERT INTO CD_TBL VALUES (char_to_uuid('612d1915-8faf-475d-a190-6902591eb6dc'), TRUE);--#!
INSERT INTO CD_TBL VALUES (char_to_uuid('f8e9f0f1-d321-4638-a3a8-043511eaecfc'), TRUE);--#!
INSERT INTO CD_TBL VALUES (char_to_uuid('cebefd83-e366-4264-ba13-70cfb2b4cdb2'), TRUE);--#!
INSERT INTO CD_TBL VALUES (char_to_uuid('95d190e8-2282-4ac8-a53a-02b49d9d3a8c'), TRUE);--#!
INSERT INTO CD_TBL VALUES (char_to_uuid('4ea572f0-c86d-4839-bd45-344285157c92'), TRUE);--#!
INSERT INTO CD_TBL VALUES (char_to_uuid('86ec6fc5-b952-4e4e-8407-aa3369aa5d51'), TRUE);--#!
INSERT INTO CD_TBL VALUES (char_to_uuid('415d4872-5cd5-4030-b4b8-677959a2dd1a'), TRUE);--#!
INSERT INTO CD_TBL VALUES (char_to_uuid('d4c77cd9-eed8-4462-9a44-2ab5af40b711'), TRUE);--#!
INSERT INTO CD_TBL VALUES (char_to_uuid('3c7d6dbe-3dd0-4dcc-917d-d932375c021e'), TRUE);--#!
INSERT INTO CD_TBL VALUES (char_to_uuid('65d1d69d-892c-4961-8379-91c5aa70d16e'), TRUE);--#!
INSERT INTO CD_TBL VALUES (char_to_uuid('ed267443-26fc-4e5f-9647-0c0ab3ad5696'), TRUE);--#!
INSERT INTO CD_TBL VALUES (char_to_uuid('71f4edb8-ff9f-4136-bb66-efee62ce4a74'), TRUE);--#!
INSERT INTO CD_TBL VALUES (char_to_uuid('6c7c4cbc-5519-463b-b23d-31dc0238b172'), TRUE);--#!
INSERT INTO CD_TBL VALUES (char_to_uuid('caf15d91-dcaf-4201-88bb-1f41d116d01c'), TRUE);--#!
INSERT INTO CD_TBL VALUES (char_to_uuid('d47b92c2-ae09-4d13-bc45-2d545706e731'), TRUE);--#!
INSERT INTO CD_TBL VALUES (char_to_uuid('928da1ae-db55-450f-8129-73e7d1218653'), TRUE);--#!
INSERT INTO CD_TBL VALUES (char_to_uuid('ea99e6e9-ba42-4f8f-b0f7-cfb46b5df629'), TRUE);--#!
INSERT INTO CD_TBL VALUES (char_to_uuid('abb0bfaa-3082-4294-b8f6-5e9ec041b5a0'), TRUE);--#!
INSERT INTO CD_TBL VALUES (char_to_uuid('0b8f2f1c-190b-4596-8912-88d21d367ee1'), TRUE);--#!
INSERT INTO CD_TBL VALUES (char_to_uuid('a54a0e82-a7fa-4a9c-b36f-39e976bbe29a'), TRUE);--#!
INSERT INTO CD_TBL VALUES (char_to_uuid('64813a52-19ec-43e8-aea9-e7527cdea88a'), TRUE);--#!
INSERT INTO CD_TBL VALUES (char_to_uuid('98023485-f85f-4151-8330-c4adfde0b579'), TRUE);--#!
INSERT INTO CD_TBL VALUES (char_to_uuid('eec32656-fa6a-40dc-9145-2487f1e561ef'), TRUE);--#!
INSERT INTO CD_TBL VALUES (char_to_uuid('192eb732-2226-44a8-a802-fe694c581a41'), TRUE);--#!
INSERT INTO CD_TBL VALUES (char_to_uuid('b8b595a7-9c17-4d12-958a-8b098abdc638'), TRUE);--#!
INSERT INTO CD_TBL VALUES (char_to_uuid('bee02da3-a599-4d14-9053-38ce443bc2b8'), TRUE);--#!
INSERT INTO CD_TBL VALUES (char_to_uuid('b6b0854b-948f-47ee-b3c2-688bd722aeac'), TRUE);--#!
INSERT INTO CD_TBL VALUES (char_to_uuid('318ced77-ccd6-48d0-b16f-6ea4be00a586'), TRUE);--#!
INSERT INTO CD_TBL VALUES (char_to_uuid('f193cab3-cffa-4671-99af-6be949ba96aa'), TRUE);--#!
INSERT INTO CD_TBL VALUES (char_to_uuid('2bcbc810-53bc-4337-9c0c-303c52356659'), TRUE);--#!
INSERT INTO CD_TBL VALUES (char_to_uuid('c8763e54-4ea6-4fd4-ae31-5644ba0cbe0c'), TRUE);--#!
INSERT INTO CD_TBL VALUES (char_to_uuid('b2180b59-79b2-4cf5-9ea2-fb36d9ad8c03'), TRUE);--#!
INSERT INTO CD_TBL VALUES (char_to_uuid('ca578e77-bcc2-4305-95d5-ffe559318aea'), TRUE);--#!
INSERT INTO CD_TBL VALUES (char_to_uuid('7c8e0e91-7849-4d05-a9e9-2663f3c738db'), TRUE);--#!
INSERT INTO CD_TBL VALUES (char_to_uuid('f73c6dc1-ddf4-4281-a4cf-2dafb8996b19'), TRUE);--#!
INSERT INTO CD_TBL VALUES (char_to_uuid('439831fb-279b-4c63-a2ca-aa24a95bcecb'), TRUE);--#!
INSERT INTO CD_TBL VALUES (char_to_uuid('4b0cc35d-e05c-46c4-afd8-2a03ecfe6df1'), TRUE);--#!
INSERT INTO CD_TBL VALUES (char_to_uuid('a67d6067-3e58-42cd-99d3-b3b25f9c0b1e'), TRUE);--#!
INSERT INTO CD_TBL VALUES (char_to_uuid('c17d2682-aa2b-421a-a096-f5d634234218'), TRUE);--#!
INSERT INTO CD_TBL VALUES (char_to_uuid('e0cc9b98-2de1-4ca7-9cc9-15cd488ae7ad'), TRUE);--#!
INSERT INTO CD_TBL VALUES (char_to_uuid('c70d0aef-fc5f-48b6-a2ab-940667923dd1'), TRUE);--#!
INSERT INTO CD_TBL VALUES (char_to_uuid('35b73050-b433-4cb4-972a-d8e2cda72c7e'), TRUE);--#!
INSERT INTO CD_TBL VALUES (char_to_uuid('c8bf65bb-a749-4c2c-a841-2e3b3b4b4ca1'), TRUE);--#!
INSERT INTO CD_TBL VALUES (char_to_uuid('38dc64a8-3475-40b1-8621-38673dd243d1'), TRUE);--#!
INSERT INTO CD_TBL VALUES (char_to_uuid('f4723f52-e804-4153-8649-55a8c8cd0263'), TRUE);--#!
INSERT INTO CD_TBL VALUES (char_to_uuid('f99e2f28-49c8-4328-ad66-ec57950c758e'), TRUE);--#!
INSERT INTO CD_TBL VALUES (char_to_uuid('d365c5ab-4ad2-40d7-afc2-0cdc734d2b4f'), TRUE);--#!
INSERT INTO CD_TBL VALUES (char_to_uuid('cd2dd690-9b87-4f5e-a087-7bd0b1cf9248'), TRUE);--#!
INSERT INTO CD_TBL VALUES (char_to_uuid('9c4b1f37-7428-4f8b-84a7-c08e8ff1fce0'), TRUE);--#!
INSERT INTO CD_TBL VALUES (char_to_uuid('87b1e344-5a54-46ce-8668-ff4d2363f61b'), TRUE);--#!
INSERT INTO CD_TBL VALUES (char_to_uuid('0331e13f-f471-4fbd-92dc-66e0a46239d5'), TRUE);--#!
INSERT INTO CD_TBL VALUES (char_to_uuid('7d84a057-1fcc-4054-a51f-b77d230fc6d1'), TRUE);--#!
INSERT INTO CD_TBL VALUES (char_to_uuid('6e7a3521-2967-4c0a-80ec-6c5c197b2178'), TRUE);--#!
INSERT INTO CD_TBL VALUES (char_to_uuid('f3be6b88-bc8f-4263-a779-86f21ea10a47'), TRUE);--#!
INSERT INTO CD_TBL VALUES (char_to_uuid('094941e9-a3db-48b5-862c-bc289bd7f86c'), TRUE);--#!
INSERT INTO CD_TBL VALUES (char_to_uuid('f4e3a6bb-612e-46b2-9f77-ff844d971198'), TRUE);--#!
INSERT INTO CD_TBL VALUES (char_to_uuid('ae94a782-1485-4241-9bca-5b09db2156bf'), TRUE);--#!
INSERT INTO CD_TBL VALUES (char_to_uuid('0ff2ab03-6e0a-40d1-8947-04c4937b4cc4'), TRUE);--#!
INSERT INTO CD_TBL VALUES (char_to_uuid('24380d53-ea22-4820-9f06-8671f774f133'), TRUE);--#!
INSERT INTO CD_TBL VALUES (char_to_uuid('0a4c87e2-16c3-4361-be3c-dd765ee4bc7d'), TRUE);--#!
INSERT INTO CD_TBL VALUES (char_to_uuid('739457d0-835a-4a9c-811c-42b5e92ed1ca'), TRUE);--#!
INSERT INTO CD_TBL VALUES (char_to_uuid('8fa25b69-c9c2-4c40-84c1-0ea9641a12ec'), TRUE);--#!
INSERT INTO CD_TBL VALUES (char_to_uuid('abfe2637-d338-4090-b3a5-3ec19a47be6a'), TRUE);--#!
INSERT INTO CD_TBL VALUES (char_to_uuid('8bf23192-de75-48eb-abee-81a9a15332f8'), TRUE);--#!
INSERT INTO CD_TBL VALUES (char_to_uuid('1c0f931c-9c49-4a52-8fbf-5217c52ea778'), TRUE);--#!
INSERT INTO CD_TBL VALUES (char_to_uuid('6a181a3c-7241-4325-b011-630d3ca6dc4a'), TRUE);--#!
INSERT INTO CD_TBL VALUES (char_to_uuid('2b4b2ed8-f90c-4193-870a-f48bc39657c1'), TRUE);--#!
INSERT INTO CD_TBL VALUES (char_to_uuid('8165b43f-8103-4ed3-bac6-4fc0df8c1a84'), TRUE);--#!
INSERT INTO CD_TBL VALUES (char_to_uuid('e81d6773-97e3-4b2d-b6a3-a4624ba5c6a9'), TRUE);--#!
INSERT INTO CD_TBL VALUES (char_to_uuid('76fdf0e7-cfe0-47b4-9630-c645f254cdfd'), TRUE);--#!
INSERT INTO CD_TBL VALUES (char_to_uuid('3db182e2-653b-4bfd-a300-32f23345d1c0'), TRUE);--#!
INSERT INTO CD_TBL VALUES (char_to_uuid('38d66ec7-0cc8-4609-9675-b6ff91ede605'), TRUE);--#!
INSERT INTO CD_TBL VALUES (char_to_uuid('40d18ecc-8ff8-4e03-8e58-97a980f04060'), TRUE);--#!
INSERT INTO CD_TBL VALUES (char_to_uuid('b401dd81-931c-4aad-8fd8-22a6ac2ea3dc'), TRUE);--#!
INSERT INTO CD_TBL VALUES (char_to_uuid('bfe24b5d-9c32-4df3-ad7b-eaa19e7d4afb'), TRUE);--#!
INSERT INTO CD_TBL VALUES (char_to_uuid('02fbc345-1a25-4f78-aeea-a12584a1eec3'), TRUE);--#!
INSERT INTO CD_TBL VALUES (char_to_uuid('528feb11-ae81-426a-be1f-ce74c83009eb'), TRUE);--#!
INSERT INTO CD_TBL VALUES (char_to_uuid('48c59444-fec0-43b8-aa2c-7aedb70733ad'), TRUE);--#!
INSERT INTO CD_TBL VALUES (char_to_uuid('b630ba2c-8a00-46d8-bf64-870d381d8917'), TRUE);--#!
INSERT INTO CD_TBL VALUES (char_to_uuid('c33adda2-a4ed-4092-8d9c-b8e3fbd5d90b'), TRUE);--#!
INSERT INTO CD_TBL VALUES (char_to_uuid('3cb1993f-3703-453f-87be-21b606db7631'), TRUE);--#!
INSERT INTO CD_TBL VALUES (char_to_uuid('f7a64463-bc75-44d4-a8ca-c9fbc2c87175'), TRUE);--#!
INSERT INTO CD_TBL VALUES (char_to_uuid('fa646df9-7d64-4d1f-ae9a-6261fd5fd6ae'), TRUE);--#!
INSERT INTO CD_TBL VALUES (char_to_uuid('25cae2f2-d1ec-4efe-a92f-d479785f7d8a'), TRUE);--#!
INSERT INTO CD_TBL VALUES (char_to_uuid('8452ecb9-d762-4c4a-96b2-81d130cb729b'), TRUE);--#!
INSERT INTO CD_TBL VALUES (char_to_uuid('ce42c680-a783-4cde-bcd1-e261d6fd68a0'), TRUE);--#!
INSERT INTO CD_TBL VALUES (char_to_uuid('62aca44c-b57c-44fd-9703-fcdff97c04b6'), TRUE);--#!
INSERT INTO CD_TBL VALUES (char_to_uuid('96ea355d-0c68-481f-8b6f-1b00a101ab8f'), TRUE);--#!
INSERT INTO CD_TBL VALUES (char_to_uuid('d874cde5-7d76-4f1d-97e6-db7e82bac958'), TRUE);--#!
INSERT INTO CD_TBL VALUES (char_to_uuid('abe6d0d1-4e37-4b7c-9acc-eedb2c36f9cd'), TRUE);--#!
INSERT INTO CD_TBL VALUES (char_to_uuid('fe4f72e6-84f8-4276-ae64-2ef1f2ff406f'), TRUE);--#!
INSERT INTO CD_TBL VALUES (char_to_uuid('59bc87d3-1618-4f14-81d2-71072c1f37e9'), TRUE);--#!
INSERT INTO CD_TBL VALUES (char_to_uuid('360f6a77-fdb5-4fb6-b223-3cd1047fd08e'), TRUE);--#!
INSERT INTO CD_TBL VALUES (char_to_uuid('ea13832b-2e38-4bb6-b55d-ae749ccaba95'), TRUE);--#!
INSERT INTO CD_TBL VALUES (char_to_uuid('66e0dbd1-9065-4af8-808d-89edd302f264'), TRUE);--#!
INSERT INTO CD_TBL VALUES (char_to_uuid('29ff64e5-b564-411a-92c7-6818c02a9e48'), TRUE);--#!
INSERT INTO CD_TBL VALUES (char_to_uuid('f941988a-1c55-4408-ab57-e9ed35b2a24d'), TRUE);--#!
INSERT INTO CD_TBL VALUES (char_to_uuid('4e299c46-f06f-4efc-b3c0-b7b659a120f2'), TRUE);--#!
INSERT INTO CD_TBL VALUES (char_to_uuid('daf11eb1-fcc2-4521-a1c0-daebaf0a923a'), TRUE);--#!
INSERT INTO CD_TBL VALUES (char_to_uuid('80097e75-a232-4a9f-878f-7e60ec70f921'), TRUE);--#!
INSERT INTO CD_TBL VALUES (char_to_uuid('5c5af1d2-0e6d-458f-9574-3ad61c393a90'), TRUE);--#!
INSERT INTO CD_TBL VALUES (char_to_uuid('233d890b-04ef-4365-99ad-26cb4e1f75f3'), TRUE);--#!
INSERT INTO CD_TBL VALUES (char_to_uuid('8e88debc-d175-46f3-9b48-106f9c151cd2'), TRUE);--#!
INSERT INTO CD_TBL VALUES (char_to_uuid('0a50962a-60b4-44d8-a7f6-1eb2aa5967cc'), TRUE);--#!
INSERT INTO CD_TBL VALUES (char_to_uuid('a907e4d8-d823-478f-9c5a-6facae6b4b5b'), TRUE);--#!
INSERT INTO CD_TBL VALUES (char_to_uuid('059d689a-2392-4ffb-b6ae-682c9ded8da2'), TRUE);--#!
INSERT INTO CD_TBL VALUES (char_to_uuid('e6851b39-a771-4a5e-8aa8-9ba140b3dca3'), TRUE);--#!
INSERT INTO CD_TBL VALUES (char_to_uuid('0b89fb65-ca8e-4a4d-9d25-0bae3f4d7a59'), TRUE);--#!
INSERT INTO CD_TBL VALUES (char_to_uuid('8ea21d7d-6ee9-449b-a1dc-c4aa0ff7f5b9'), TRUE);--#!
INSERT INTO CD_TBL VALUES (char_to_uuid('6a1e9e8b-d0c3-44f0-9906-a6458685e269'), TRUE);--#!
INSERT INTO CD_TBL VALUES (char_to_uuid('60affe56-126d-43ee-9fde-5f117e41c7a8'), TRUE);--#!
INSERT INTO CD_TBL VALUES (char_to_uuid('0aeec758-c20f-43e4-9789-8c44629f5941'), TRUE);--#!
INSERT INTO CD_TBL VALUES (char_to_uuid('0fcba203-1238-4001-beb7-19a667506ade'), TRUE);--#!
INSERT INTO CD_TBL VALUES (char_to_uuid('08a98950-3391-4a66-a1c8-421c6fd82911'), TRUE);--#!
INSERT INTO CD_TBL VALUES (char_to_uuid('2fd5c939-c508-4250-8efb-13b772e56b7f'), TRUE);--#!
INSERT INTO CD_TBL VALUES (char_to_uuid('bfdb07db-9721-4ec3-94e1-4bd9f0d6985c'), TRUE);--#!
INSERT INTO CD_TBL VALUES (char_to_uuid('a3d362a4-4931-4bef-af18-ac59dd092981'), TRUE);--#!
INSERT INTO CD_TBL VALUES (char_to_uuid('bfcbb345-86db-43ba-b47e-e7411276ac7c'), TRUE);--#!
INSERT INTO CD_TBL VALUES (char_to_uuid('5e2b0afe-724e-41cd-9be2-9030646f2529'), TRUE);--#!
INSERT INTO CD_TBL VALUES (char_to_uuid('853c85de-4817-4328-a121-6a3bdafbf82e'), TRUE);--#!
INSERT INTO CD_TBL VALUES (char_to_uuid('bbfac1ed-5464-4100-93c3-8685b052a2cf'), TRUE);--#!
INSERT INTO CD_TBL VALUES (char_to_uuid('685eb506-6b97-41c1-b201-b6b932a3f3aa'), TRUE);--#!
INSERT INTO CD_TBL VALUES (char_to_uuid('fd892cf8-db4f-4e4e-a13b-4eb3bdde5be5'), TRUE);--#!
INSERT INTO CD_TBL VALUES (char_to_uuid('2eab5298-bc83-492c-9004-ed3499246afe'), TRUE);--#!
INSERT INTO CD_TBL VALUES (char_to_uuid('cd1e8904-31dc-4374-902d-c91f1de23c46'), TRUE);--#!
INSERT INTO CD_TBL VALUES (char_to_uuid('dcae9718-ab81-4737-b071-36cf1175804d'), TRUE);--#!
INSERT INTO CD_TBL VALUES (char_to_uuid('9f17d4cf-a67f-4ac6-8c50-718af6e264ee'), TRUE);--#!
INSERT INTO CD_TBL VALUES (char_to_uuid('ce50ba92-cd21-43c4-8582-34e7fbb3170f'), TRUE);--#!
INSERT INTO CD_TBL VALUES (char_to_uuid('f115c204-8485-4cf3-8815-3c6738465e30'), TRUE);--#!
INSERT INTO CD_TBL VALUES (char_to_uuid('decd6250-7e8b-4b77-895d-31953cf1387a'), TRUE);--#!
INSERT INTO CD_TBL VALUES (char_to_uuid('34f7bc11-2288-471a-af38-553ae6b8410c'), TRUE);--#!
INSERT INTO CD_TBL VALUES (char_to_uuid('89bdc57b-d85c-4e85-94e8-c17049540a0d'), TRUE);--#!
INSERT INTO CD_TBL VALUES (char_to_uuid('5951097b-1a13-4bce-bbf2-9abf52f98dc8'), TRUE);--#!
INSERT INTO CD_TBL VALUES (char_to_uuid('4cdef917-4fb0-4cdf-b44d-b73486c41845'), TRUE);--#!
INSERT INTO CD_TBL VALUES (char_to_uuid('f71e193a-0562-46e9-99dd-437d23663ec3'), TRUE);--#!
INSERT INTO CD_TBL VALUES (char_to_uuid('bb437e4d-7472-48c1-a6e7-576545a782fa'), TRUE);--#!
INSERT INTO CD_TBL VALUES (char_to_uuid('5a0539cc-093b-448e-aec6-0d529ed0087f'), TRUE);--#!
INSERT INTO CD_TBL VALUES (char_to_uuid('f172eee7-7f4b-4022-81d0-76393a1200ae'), TRUE);--#!
INSERT INTO CD_TBL VALUES (char_to_uuid('7e6bc25d-5dea-4645-af3d-aa854b7b6f2f'), TRUE);--#!
INSERT INTO CD_TBL VALUES (char_to_uuid('cb73d085-026c-4bc7-a1de-356bfd636246'), TRUE);--#!
INSERT INTO CD_TBL VALUES (char_to_uuid('cfa978f4-140c-430d-82f8-1e6f2d74f48d'), TRUE);--#!
INSERT INTO CD_TBL VALUES (char_to_uuid('cdd99260-107c-4a4e-acaf-d7c9c7e90fdd'), TRUE);--#!
INSERT INTO CD_TBL VALUES (char_to_uuid('a3ff423e-81d5-4571-8edf-03c295189a23'), TRUE);--#!
INSERT INTO CD_TBL VALUES (char_to_uuid('7ee5c1d2-1a21-41b1-8459-cb160fa36c60'), TRUE);--#!
INSERT INTO CD_TBL VALUES (char_to_uuid('71112058-63f9-4b38-97d9-4ccf58574e51'), TRUE);--#!
INSERT INTO CD_TBL VALUES (char_to_uuid('12df3395-b43b-421e-b505-049515c228b1'), TRUE);--#!
INSERT INTO CD_TBL VALUES (char_to_uuid('8b071aec-9063-4398-b242-e561915abb51'), TRUE);--#!
INSERT INTO CD_TBL VALUES (char_to_uuid('04321b6c-5b19-44a2-be7a-4a53a221a456'), TRUE);--#!
INSERT INTO CD_TBL VALUES (char_to_uuid('b32962c3-eafa-4146-bbcd-0e33789de32c'), TRUE);--#!
INSERT INTO CD_TBL VALUES (char_to_uuid('93c93d62-048d-4e64-a0ce-7f2f62a8ec6e'), TRUE);--#!
INSERT INTO CD_TBL VALUES (char_to_uuid('573a7fb8-fead-4bed-b325-c0fe68ce96ce'), TRUE);--#!
INSERT INTO CD_TBL VALUES (char_to_uuid('dc5e8411-cb3f-4b7f-8e0e-fc1d1ff3b084'), TRUE);--#!
INSERT INTO CD_TBL VALUES (char_to_uuid('1071d24e-6fe9-480f-8a20-b1825ae4d707'), TRUE);--#!
INSERT INTO CD_TBL VALUES (char_to_uuid('8cc5ef0d-3911-4d99-937f-6cfdc2a27d55'), TRUE);--#!
INSERT INTO CD_TBL VALUES (char_to_uuid('e658ca72-3b6a-4099-ab6e-7cf6861a5b61'), TRUE);--#!
INSERT INTO CD_TBL VALUES (char_to_uuid('b389dedf-be61-456b-aa70-786e1a5a69e0'), TRUE);--#!
-- CONTAINER CAP CODES
INSERT INTO CD_TBL VALUES (char_to_uuid('5A209555-FB3A-437D-B043-0190685A4284'), TRUE);--#!
INSERT INTO CD_TBL VALUES (char_to_uuid('1E630924-CE10-4A8A-A91D-E319F517A6EC'), TRUE);--#!
INSERT INTO CD_TBL VALUES (char_to_uuid('266A20FE-DFFB-4C8D-9EAD-FDC7CD86C552'), TRUE);--#!
INSERT INTO CD_TBL VALUES (char_to_uuid('EE2B76DB-85E9-412F-90BB-47A94F8E4C30'), TRUE);--#!
INSERT INTO CD_TBL VALUES (char_to_uuid('6470A9BE-FCB4-463D-BB0C-894D0CDDD4C2'), TRUE);--#!
INSERT INTO CD_TBL VALUES (char_to_uuid('47C40DF6-3F69-47CC-A84C-33037E4BFFD9'), TRUE);--#!
INSERT INTO CD_TBL VALUES (char_to_uuid('05695B7C-6BF7-4AF7-A0C9-A5C8B2E63E05'), TRUE);--#!
-- CONTAINER SEPARATOR CODES
INSERT INTO CD_TBL VALUES (char_to_uuid('EE450FF6-9BED-4C47-90D2-671AB3041756'), TRUE);--#!
INSERT INTO CD_TBL VALUES (char_to_uuid('472524EB-C8D4-49F8-862A-EF4BD7CA0395'), TRUE);--#!
-- Concept Classes
INSERT INTO CD_CLS_TBL (CLS_ID, CLS_NAME, MNEMONIC, CRT_PROV_ID)  VALUES (char_to_uuid('17EE5254-8C25-4ABB-B246-083FBE9AFA15'),'Form Concept', 'Form', char_to_uuid('fadca076-3690-4a6e-af9e-f1cd68e8c7e8'));--#!
INSERT INTO CD_CLS_TBL (CLS_ID, CLS_NAME, MNEMONIC, CRT_PROV_ID)  VALUES (char_to_uuid('17FD5254-8C25-4ABB-B246-083FBE9AFA15'),'Classification Concept', 'ClassCode', char_to_uuid('fadca076-3690-4a6e-af9e-f1cd68e8c7e8'));--#!
INSERT INTO CD_CLS_TBL (CLS_ID, CLS_NAME, MNEMONIC, CRT_PROV_ID)  VALUES (char_to_uuid('54B93182-FC19-47A2-82C6-089FD70A4F45'), 'Status', 'Status', char_to_uuid('fadca076-3690-4a6e-af9e-f1cd68e8c7e8'));--#!
INSERT INTO CD_CLS_TBL (CLS_ID, CLS_NAME, MNEMONIC, CRT_PROV_ID)  VALUES (char_to_uuid('BBA99722-23CE-469A-8FA5-10DEBA853D35'), 'Mood', 'Mood', char_to_uuid('fadca076-3690-4a6e-af9e-f1cd68e8c7e8'));--#!
INSERT INTO CD_CLS_TBL (CLS_ID, CLS_NAME, MNEMONIC, CRT_PROV_ID)  VALUES (char_to_uuid('F51DFDCD-039B-4E1F-90BE-3CF56AEF8DA4'), 'Relationship Type', 'Relationship', char_to_uuid('fadca076-3690-4a6e-af9e-f1cd68e8c7e8'));--#!
INSERT INTO CD_CLS_TBL (CLS_ID, CLS_NAME, MNEMONIC, CRT_PROV_ID)  VALUES (char_to_uuid('A8A900D3-A07E-4E02-B45F-580D09BAF047'), 'Route', 'Route', char_to_uuid('fadca076-3690-4a6e-af9e-f1cd68e8c7e8'));--#!
INSERT INTO CD_CLS_TBL (CLS_ID, CLS_NAME, MNEMONIC, CRT_PROV_ID)  VALUES (char_to_uuid('1EF69347-EF03-4FF7-B3C5-6334448845E6'), 'Unit of Measure', 'UnitOfMeasure', char_to_uuid('fadca076-3690-4a6e-af9e-f1cd68e8c7e8'));--#!
INSERT INTO CD_CLS_TBL (CLS_ID, CLS_NAME, MNEMONIC, CRT_PROV_ID)  VALUES (char_to_uuid('92CDEA39-B9A3-4A5B-BC88-A6646C74240D'), 'Diagnosis', 'Diagnosis', char_to_uuid('fadca076-3690-4a6e-af9e-f1cd68e8c7e8'));--#!
INSERT INTO CD_CLS_TBL (CLS_ID, CLS_NAME, MNEMONIC, CRT_PROV_ID)  VALUES (char_to_uuid('E445E207-60A3-401A-9B81-A8AC2479F4A6'), 'Findings', 'Finding', char_to_uuid('fadca076-3690-4a6e-af9e-f1cd68e8c7e8'));--#!
INSERT INTO CD_CLS_TBL (CLS_ID, CLS_NAME, MNEMONIC, CRT_PROV_ID)  VALUES (char_to_uuid('4BD7F8E6-E4B8-4DBC-93A7-CF14FBAF9700'), 'Problem', 'Problem', char_to_uuid('fadca076-3690-4a6e-af9e-f1cd68e8c7e8'));--#!
INSERT INTO CD_CLS_TBL (CLS_ID, CLS_NAME, MNEMONIC, CRT_PROV_ID)  VALUES (char_to_uuid('DC9CBC32-B8EA-4144-BEF1-DC618E28F4D7'), 'Drug or other Material', 'Material', char_to_uuid('fadca076-3690-4a6e-af9e-f1cd68e8c7e8'));--#!
INSERT INTO CD_CLS_TBL (CLS_ID, CLS_NAME, MNEMONIC, CRT_PROV_ID)  VALUES (char_to_uuid('0D6B3439-C9BE-4480-AF39-EEB457C052D0'), 'Other Classification', 'Other', char_to_uuid('fadca076-3690-4a6e-af9e-f1cd68e8c7e8'));--#!
INSERT INTO CD_CLS_TBL (CLS_ID, CLS_NAME, MNEMONIC, CRT_PROV_ID)  VALUES (char_to_uuid('FFD8304A-43EC-4EBC-95FC-FB4A4F2338F0'), 'Stock control codes', 'Stock', char_to_uuid('fadca076-3690-4a6e-af9e-f1cd68e8c7e8'));--#!
INSERT INTO CD_CLS_TBL (CLS_ID, CLS_NAME, MNEMONIC, CRT_PROV_ID)  VALUES (char_to_uuid('05AC7B93-1B1E-47DD-87DD-E56E353ECB94'), 'Null Reason', 'NullReason', char_to_uuid('fadca076-3690-4a6e-af9e-f1cd68e8c7e8'));--#!
INSERT INTO CD_CLS_TBL (CLS_ID, CLS_NAME, MNEMONIC, CRT_PROV_ID)  VALUES (char_to_uuid('ed032625-8139-4bdd-af25-c54a6960f87d'), 'Language', 'Language', char_to_uuid('fadca076-3690-4a6e-af9e-f1cd68e8c7e8'));--#!
-- Concept Sets
INSERT INTO CD_SET_TBL (SET_ID, SET_NAME, MNEMONIC, OID, URL, CRT_PROV_ID) VALUES (char_to_uuid('aae906aa-27b3-4cdb-aff1-f08b0fd31e59'), 'Concept Status', 'ConceptStatus', '1.3.6.1.4.1.33349.3.1.5.9.3.0', 'http://santedb.org/conceptset/concept-status', char_to_uuid('fadca076-3690-4a6e-af9e-f1cd68e8c7e8'));--#!
INSERT INTO CD_SET_TBL (SET_ID, SET_NAME, MNEMONIC, OID, URL, CRT_PROV_ID) VALUES (char_to_uuid('62c5fde0-a3aa-45df-94e9-242f4451644a'), 'Act Class', 'ActClass', '1.3.6.1.4.1.33349.3.1.5.9.3.1', 'http://santedb.org/conceptset/act-class', char_to_uuid('fadca076-3690-4a6e-af9e-f1cd68e8c7e8'));--#!
INSERT INTO CD_SET_TBL (SET_ID, SET_NAME, MNEMONIC, OID, URL, CRT_PROV_ID) VALUES (char_to_uuid('e6a8e44f-0a57-4ebd-80a9-5c53b7a03d76'), 'Act Mood', 'ActMood', '1.3.6.1.4.1.33349.3.1.5.9.3.2', 'http://santedb.org/conceptset/act-mood', char_to_uuid('fadca076-3690-4a6e-af9e-f1cd68e8c7e8'));--#!
INSERT INTO CD_SET_TBL (SET_ID, SET_NAME, MNEMONIC, OID, URL, CRT_PROV_ID) VALUES (char_to_uuid('93a48f6a-6808-4c70-83a2-d02178c2a883'), 'Act Status', 'ActStatus', '1.3.6.1.4.1.33349.3.1.5.9.3.3', 'http://santedb.org/conceptset/act-status', char_to_uuid('fadca076-3690-4a6e-af9e-f1cd68e8c7e8'));--#!
INSERT INTO CD_SET_TBL (SET_ID, SET_NAME, MNEMONIC, OID, URL, CRT_PROV_ID) VALUES (char_to_uuid('cf686a21-86e5-41e7-af07-0016a054227a'), 'Act Relationship Type', 'ActRelationshipType', '1.3.6.1.4.1.33349.3.1.5.9.3.4', 'http://santedb.org/conceptset/act-relationship-type', char_to_uuid('fadca076-3690-4a6e-af9e-f1cd68e8c7e8'));--#!
INSERT INTO CD_SET_TBL (SET_ID, SET_NAME, MNEMONIC, OID, URL, CRT_PROV_ID) VALUES (char_to_uuid('404bf87c-e7a6-4a5a-89cf-02e6804555a0'), 'Act Interpretation', 'ActInterpretation', '1.3.6.1.4.1.33349.3.1.5.3.5', 'http://santedb.org/conceptset/act-interpretation', char_to_uuid('fadca076-3690-4a6e-af9e-f1cd68e8c7e8'));--#!
INSERT INTO CD_SET_TBL (SET_ID, SET_NAME, MNEMONIC, OID, URL, CRT_PROV_ID) VALUES (char_to_uuid('4e6da567-0094-4f23-8555-11da499593af'), 'Entity Class', 'EntityClass', '1.3.6.1.4.1.33349.3.1.5.9.3.6', 'http://santedb.org/conceptset/entity-class', char_to_uuid('fadca076-3690-4a6e-af9e-f1cd68e8c7e8'));--#!
INSERT INTO CD_SET_TBL (SET_ID, SET_NAME, MNEMONIC, OID, URL, CRT_PROV_ID) VALUES (char_to_uuid('c7578340-a8ff-4d7d-8105-581016324e68'), 'Entity Status', 'EntityStatus', '1.3.6.1.4.1.33349.3.1.5.9.3.7', 'http://santedb.org/conceptset/entity-status', char_to_uuid('fadca076-3690-4a6e-af9e-f1cd68e8c7e8'));--#!
INSERT INTO CD_SET_TBL (SET_ID, SET_NAME, MNEMONIC, OID, URL, CRT_PROV_ID) VALUES (char_to_uuid('ee16a667-2085-440a-b1e7-4032d10b9f40'), 'Entity Relationship Type', 'EntityRelationshipType', '1.3.6.1.4.1.33349.3.1.5.9.3.8', 'http://santedb.org/conceptset/entity-relationship-type', char_to_uuid('fadca076-3690-4a6e-af9e-f1cd68e8c7e8'));--#!
INSERT INTO CD_SET_TBL (SET_ID, SET_NAME, MNEMONIC, OID, URL, CRT_PROV_ID) VALUES (char_to_uuid('c68a7690-d78d-4afc-8a36-1ebdfb86f15f'), 'Address Use', 'AddressUse', '1.3.6.1.4.1.33349.3.1.5.9.3.9', 'http://santedb.org/conceptset/address-use', char_to_uuid('fadca076-3690-4a6e-af9e-f1cd68e8c7e8'));--#!
INSERT INTO CD_SET_TBL (SET_ID, SET_NAME, MNEMONIC, OID, URL, CRT_PROV_ID) VALUES (char_to_uuid('5cca5869-8a7b-47a3-83db-041d5af5c9da'), 'Address Component Type', 'AddressComponentType', '1.3.6.1.4.1.33349.3.1.5.9.3.10', 'http://santedb.org/conceptset/address-component-type', char_to_uuid('fadca076-3690-4a6e-af9e-f1cd68e8c7e8'));--#!
INSERT INTO CD_SET_TBL (SET_ID, SET_NAME, MNEMONIC, OID, URL, CRT_PROV_ID) VALUES (char_to_uuid('8df14280-3d05-45a6-bfae-15b63dfc379f'), 'Name Use', 'NameUse', '1.3.6.1.4.1.33349.3.1.5.9.3.11', 'http://santedb.org/conceptset/name-use', char_to_uuid('fadca076-3690-4a6e-af9e-f1cd68e8c7e8'));--#!
INSERT INTO CD_SET_TBL (SET_ID, SET_NAME, MNEMONIC, OID, URL, CRT_PROV_ID) VALUES (char_to_uuid('8df14280-3d05-45a6-bfae-15b63dfc3791'), 'Name Component Type', 'NameComponentType', '1.3.6.1.4.1.33349.3.1.5.9.3.18', 'http://santedb.org/conceptset/name-component-type', char_to_uuid('fadca076-3690-4a6e-af9e-f1cd68e8c7e8'));--#!
INSERT INTO CD_SET_TBL (SET_ID, SET_NAME, MNEMONIC, OID, URL, CRT_PROV_ID) VALUES (char_to_uuid('1dabe3e2-44b8-4c45-9102-25ea147e5710'), 'Telecom Address Use', 'TelecomAddressUse', '1.3.6.1.4.1.33349.3.1.5.9.3.12', 'http://santedb.org/conceptset/telecom-use', char_to_uuid('fadca076-3690-4a6e-af9e-f1cd68e8c7e8'));--#!
INSERT INTO CD_SET_TBL (SET_ID, SET_NAME, MNEMONIC, OID, URL, CRT_PROV_ID) VALUES (char_to_uuid('0d79b02c-6444-40b5-aca4-4009fb03ad54'), 'Telecom Address Type', 'TelecomAddressType', '1.3.6.1.4.1.33349.3.1.5.9.3.13', 'http://santedb.org/conceptset/telecom-type', char_to_uuid('fadca076-3690-4a6e-af9e-f1cd68e8c7e8'));--#!
INSERT INTO CD_SET_TBL (SET_ID, SET_NAME, MNEMONIC, OID, URL, CRT_PROV_ID) VALUES (char_to_uuid('95f9a19a-fa85-4af7-9342-4ba3af0de72a'), 'Service Code', 'ServiceCode', '1.3.6.1.4.1.33349.3.1.5.9.3.14', 'http://santedb.org/conceptset/service-code', char_to_uuid('fadca076-3690-4a6e-af9e-f1cd68e8c7e8'));--#!
INSERT INTO CD_SET_TBL (SET_ID, SET_NAME, MNEMONIC, OID, URL, CRT_PROV_ID) VALUES (char_to_uuid('d1597e50-845a-46e1-b9ae-6f99ff93d9db'), 'Industry Code', 'IndustryCode', '1.3.6.1.4.1.33349.3.1.5.9.3.15', 'http://santedb.org/conceptset/industry-type', char_to_uuid('fadca076-3690-4a6e-af9e-f1cd68e8c7e8'));--#!
INSERT INTO CD_SET_TBL (SET_ID, SET_NAME, MNEMONIC, OID, URL, CRT_PROV_ID) VALUES (char_to_uuid('e9eecd3c-7b80-47f9-9cb6-55c8d3110fb0'), 'Administrative Genders', 'AdministrativeGenderCode', '1.3.6.1.4.1.33349.3.1.5.9.3.16', 'http://santedb.org/conceptset/administrative-gender', char_to_uuid('fadca076-3690-4a6e-af9e-f1cd68e8c7e8'));--#!
INSERT INTO CD_SET_TBL (SET_ID, SET_NAME, MNEMONIC, OID, URL, CRT_PROV_ID) VALUES (char_to_uuid('DE358951-24DC-48DC-8185-F10B7EA4DCD1'), 'Role Status', 'RoleStatus', '1.3.6.1.4.1.33349.3.1.5.9.3.17', 'http://santedb.org/conceptset/role-status', char_to_uuid('fadca076-3690-4a6e-af9e-f1cd68e8c7e8'));--#!
INSERT INTO CD_SET_TBL (SET_ID, SET_NAME, MNEMONIC, OID, URL, CRT_PROV_ID) VALUES (char_to_uuid('3ec943d0-10be-415b-bc3a-dfa459738707'),'ActEncounterCode','ActEncounterCode','2.16.840.1.113883.5.4','http://santedb.org/conceptset/v3-ActEncounterCode', char_to_uuid('fadca076-3690-4a6e-af9e-f1cd68e8c7e8'));--#!
INSERT INTO CD_SET_TBL (SET_ID, SET_NAME, MNEMONIC, OID, URL, CRT_PROV_ID) VALUES (char_to_uuid('b6bc75ad-adf4-4101-b4a1-e9aea74ab257'),'Currency','Currency','2.16.840.1.113883.5.1058','http://santedb.org/conceptset/v3-Currency', char_to_uuid('fadca076-3690-4a6e-af9e-f1cd68e8c7e8'));--#!
INSERT INTO CD_SET_TBL (SET_ID, SET_NAME, MNEMONIC, OID, URL, CRT_PROV_ID) VALUES (char_to_uuid('effc9f86-56e2-4920-a75a-fec310aa1430'),'EntityDeterminer','EntityDeterminer','2.16.840.1.113883.5.30','http://santedb.org/conceptset/v3-EntityDeterminer', char_to_uuid('fadca076-3690-4a6e-af9e-f1cd68e8c7e8'));--#!
INSERT INTO CD_SET_TBL (SET_ID, SET_NAME, MNEMONIC, OID, URL, CRT_PROV_ID) VALUES (char_to_uuid('592431f5-bbbd-44d6-9c63-5a80a410c738'),'ActParticipationType','ActParticipationType','2.16.840.1.113883.5.90','http://santedb.org/conceptset/v3-ActParticipationType', char_to_uuid('fadca076-3690-4a6e-af9e-f1cd68e8c7e8'));--#!
INSERT INTO CD_SET_TBL (SET_ID, SET_NAME, MNEMONIC, OID, URL, CRT_PROV_ID) VALUES (char_to_uuid('5285af4b-e060-41b7-99d9-fd8237e5aecf'),'RoleClass','RoleClass','2.16.840.1.113883.5.110','http://santedb.org/conceptset/v3-RoleClass', char_to_uuid('fadca076-3690-4a6e-af9e-f1cd68e8c7e8'));--#!
INSERT INTO CD_SET_TBL (SET_ID, SET_NAME, MNEMONIC, OID, URL, CRT_PROV_ID) VALUES (char_to_uuid('bc774faf-3893-44e9-b68d-5029077d5120'),'x_DocumentEncounterMood','x_DocumentEncounterMood','2.16.840.1.113883.5.1001','http://santedb.org/conceptset/v3-x_DocumentEncounterMood', char_to_uuid('fadca076-3690-4a6e-af9e-f1cd68e8c7e8'));--#!
INSERT INTO CD_SET_TBL (SET_ID, SET_NAME, MNEMONIC, OID, URL, CRT_PROV_ID) VALUES (char_to_uuid('d3692f40-1033-48ea-94cb-31fc0f352a4e'),'FamilyMember','FamilyMember','2.16.840.1.113883.5.111','http://santedb.org/conceptset/v3-FamilyMember', char_to_uuid('fadca076-3690-4a6e-af9e-f1cd68e8c7e8'));--#!
INSERT INTO CD_SET_TBL (SET_ID, SET_NAME, MNEMONIC, OID, URL, CRT_PROV_ID) VALUES (char_to_uuid('1285EC57-5969-46C7-897D-37C169D34029'),'Family members of children','ChildFamilyMember','1.3.6.1.4.1.33349.3.1.5.9.3.23','http://santedb.org/conceptset/ChildFamilyMember', char_to_uuid('fadca076-3690-4a6e-af9e-f1cd68e8c7e8'));--#!
INSERT INTO CD_SET_TBL (SET_ID, SET_NAME, MNEMONIC, OID, URL, CRT_PROV_ID) VALUES (char_to_uuid('BDFA274A-4192-4612-B6B5-0C67DCF75855'),'Spousal Family Members','SpousalFamilyMember','1.3.6.1.4.1.33349.3.1.5.9.3.24','http://santedb.org/conceptset/SpousalFamilyMember', char_to_uuid('fadca076-3690-4a6e-af9e-f1cd68e8c7e8'));--#!
INSERT INTO CD_SET_TBL (SET_ID, SET_NAME, MNEMONIC, OID, URL, CRT_PROV_ID) VALUES (char_to_uuid('5737CA40-57DC-4590-AB3B-54C9AFCCD55A'), 'Container Cap', 'ContainerCap', '2.16.840.1.113883.5.26', 'http://santedb.org/conceptset/v3-ContainerCap',char_to_uuid('fadca076-3690-4a6e-af9e-f1cd68e8c7e8'));--#!
INSERT INTO CD_SET_TBL (SET_ID, SET_NAME, MNEMONIC, OID, URL, CRT_PROV_ID) VALUES (char_to_uuid('B9AC7826-5D19-421E-A848-61C3C8F563A2'), 'Container Separator', 'ContainerSeparator', '2.16.840.1.113883.5.27', 'http://santedb.org/conceptset/v3-ContainerSeparator',char_to_uuid('fadca076-3690-4a6e-af9e-f1cd68e8c7e8'));--#!
INSERT INTO CD_SET_TBL (SET_ID, SET_NAME, MNEMONIC, OID, URL, CRT_PROV_ID) VALUES (char_to_uuid('08cfff5d-638a-42ae-9099-280732f6a62e'), 'Living Arrangement', 'LivingArrangement', '1.3.6.1.4.1.33349.3.1.5.9.3.60', 'http://santedb.org/conceptset/living-arrangement',char_to_uuid('fadca076-3690-4a6e-af9e-f1cd68e8c7e8'));--#!
INSERT INTO CD_SET_TBL (SET_ID, SET_NAME, MNEMONIC, OID, URL, CRT_PROV_ID) VALUES (char_to_uuid('a2e5d1ca-f7d7-44eb-bcdf-f83829e24929'), 'Marital Status', 'MaritalStatus', '1.3.6.1.4.1.33349.3.1.5.9.3.61', 'http://santedb.org/conceptset/marital-status',char_to_uuid('fadca076-3690-4a6e-af9e-f1cd68e8c7e8'));--#!
INSERT INTO CD_SET_TBL (SET_ID, SET_NAME, MNEMONIC, OID, URL, CRT_PROV_ID) VALUES (char_to_uuid('8953be89-a401-47bf-aa3a-2d6845da9e4a'), 'Ethnicities', 'Ethnicity', '1.3.6.1.4.1.33349.3.1.5.9.3.62', 'http://santedb.org/conceptset/ethnicity',char_to_uuid('fadca076-3690-4a6e-af9e-f1cd68e8c7e8'));--#!
INSERT INTO CD_SET_TBL (SET_ID, SET_NAME, MNEMONIC, OID, URL, CRT_PROV_ID) VALUES (char_to_uuid('2ec8f67f-0245-42ac-b310-566178b603c0'), 'Religions', 'Religion', '1.3.6.1.4.1.33349.3.1.5.9.3.63', 'http://santedb.org/conceptset/religion',char_to_uuid('fadca076-3690-4a6e-af9e-f1cd68e8c7e8'));--#!
INSERT INTO CD_SET_TBL (SET_ID, SET_NAME, MNEMONIC, OID, URL, CRT_PROV_ID) VALUES (char_to_uuid('2ec8f67f-0245-42ac-b310-566178b603fa'), 'Education Levels', 'EducationLevel', '1.3.6.1.4.1.33349.3.1.5.9.3.64', 'http://santedb.org/conceptset/education-level',char_to_uuid('fadca076-3690-4a6e-af9e-f1cd68e8c7e8'));--#!
-- Concept Set Members
INSERT INTO CD_SET_MEM_ASSOC_TBL (CD_ID, SET_ID) VALUES (char_to_uuid('0FF2AB03-6E0A-40D1-8947-04C4937B4CC4'),char_to_uuid('1285EC57-5969-46C7-897D-37C169D34029'));--#!
INSERT INTO CD_SET_MEM_ASSOC_TBL (CD_ID, SET_ID) VALUES (char_to_uuid('1C0F931C-9C49-4A52-8FBF-5217C52EA778'),char_to_uuid('1285EC57-5969-46C7-897D-37C169D34029'));--#!
INSERT INTO CD_SET_MEM_ASSOC_TBL (CD_ID, SET_ID) VALUES (char_to_uuid('FA646DF9-7D64-4D1F-AE9A-6261FD5FD6AE'),char_to_uuid('1285EC57-5969-46C7-897D-37C169D34029'));--#!
INSERT INTO CD_SET_MEM_ASSOC_TBL (CD_ID, SET_ID) VALUES (char_to_uuid('29FF64E5-B564-411A-92C7-6818C02A9E48'),char_to_uuid('1285EC57-5969-46C7-897D-37C169D34029'));--#!
INSERT INTO CD_SET_MEM_ASSOC_TBL (CD_ID, SET_ID) VALUES (char_to_uuid('F172EEE7-7F4B-4022-81D0-76393A1200AE'),char_to_uuid('1285EC57-5969-46C7-897D-37C169D34029'));--#!
INSERT INTO CD_SET_MEM_ASSOC_TBL (CD_ID, SET_ID) VALUES (char_to_uuid('48C59444-FEC0-43B8-AA2C-7AEDB70733AD'),char_to_uuid('1285EC57-5969-46C7-897D-37C169D34029'));--#!
INSERT INTO CD_SET_MEM_ASSOC_TBL (CD_ID, SET_ID) VALUES (char_to_uuid('24380D53-EA22-4820-9F06-8671F774F133'),char_to_uuid('1285EC57-5969-46C7-897D-37C169D34029'));--#!
INSERT INTO CD_SET_MEM_ASSOC_TBL (CD_ID, SET_ID) VALUES (char_to_uuid('B630BA2C-8A00-46D8-BF64-870D381D8917'),char_to_uuid('1285EC57-5969-46C7-897D-37C169D34029'));--#!
INSERT INTO CD_SET_MEM_ASSOC_TBL (CD_ID, SET_ID) VALUES (char_to_uuid('40D18ECC-8FF8-4E03-8E58-97A980F04060'),char_to_uuid('1285EC57-5969-46C7-897D-37C169D34029'));--#!
INSERT INTO CD_SET_MEM_ASSOC_TBL (CD_ID, SET_ID) VALUES (char_to_uuid('38D66EC7-0CC8-4609-9675-B6FF91EDE605'),char_to_uuid('1285EC57-5969-46C7-897D-37C169D34029'));--#!
INSERT INTO CD_SET_MEM_ASSOC_TBL (CD_ID, SET_ID) VALUES (char_to_uuid('CD1E8904-31DC-4374-902D-C91F1DE23C46'),char_to_uuid('1285EC57-5969-46C7-897D-37C169D34029'));--#!
INSERT INTO CD_SET_MEM_ASSOC_TBL (CD_ID, SET_ID) VALUES (char_to_uuid('CDD99260-107C-4A4E-ACAF-D7C9C7E90FDD'),char_to_uuid('1285EC57-5969-46C7-897D-37C169D34029'));--#!
INSERT INTO CD_SET_MEM_ASSOC_TBL (CD_ID, SET_ID) VALUES (char_to_uuid('BFCBB345-86DB-43BA-B47E-E7411276AC7C'),char_to_uuid('1285EC57-5969-46C7-897D-37C169D34029'));--#!
INSERT INTO CD_SET_MEM_ASSOC_TBL (CD_ID, SET_ID) VALUES (char_to_uuid('A3FF423E-81D5-4571-8EDF-03C295189A23'),char_to_uuid('D3692F40-1033-48EA-94CB-31FC0F352A4E'));--#!
INSERT INTO CD_SET_MEM_ASSOC_TBL (CD_ID, SET_ID) VALUES (char_to_uuid('A3FF423E-81D5-4571-8EDF-03C295189A23'),char_to_uuid('BDFA274A-4192-4612-B6B5-0C67DCF75855'));--#!
INSERT INTO CD_SET_MEM_ASSOC_TBL (CD_ID, SET_ID) VALUES (char_to_uuid('89BDC57B-D85C-4E85-94E8-C17049540A0D'),char_to_uuid('BDFA274A-4192-4612-B6B5-0C67DCF75855'));--#!
INSERT INTO CD_SET_MEM_ASSOC_TBL (CD_ID, SET_ID) VALUES (char_to_uuid('2EAB5298-BC83-492C-9004-ED3499246AFE'),char_to_uuid('BDFA274A-4192-4612-B6B5-0C67DCF75855'));--#!
INSERT INTO CD_SET_MEM_ASSOC_TBL (CD_ID, SET_ID) VALUES (char_to_uuid('62ACA44C-B57C-44FD-9703-FCDFF97C04B6'),char_to_uuid('BDFA274A-4192-4612-B6B5-0C67DCF75855'));--#!
INSERT INTO CD_SET_MEM_ASSOC_TBL (CD_ID, SET_ID) VALUES (char_to_uuid('c8064cbd-fa06-4530-b430-1a52f1530c27'), char_to_uuid('aae906aa-27b3-4cdb-aff1-f08b0fd31e59'));--#!
INSERT INTO CD_SET_MEM_ASSOC_TBL (CD_ID, SET_ID) VALUES (char_to_uuid('bdef5f90-5497-4f26-956c-8f818cce2bd2'), char_to_uuid('aae906aa-27b3-4cdb-aff1-f08b0fd31e59'));--#!
INSERT INTO CD_SET_MEM_ASSOC_TBL (CD_ID, SET_ID) VALUES (char_to_uuid('c34fcbf1-e0fe-4989-90fd-0dc49e1b9685'), char_to_uuid('aae906aa-27b3-4cdb-aff1-f08b0fd31e59'));--#!
INSERT INTO CD_SET_MEM_ASSOC_TBL (CD_ID, SET_ID) VALUES (char_to_uuid('cd4aa3c4-02d5-4cc9-9088-ef8f31e321c5'), char_to_uuid('aae906aa-27b3-4cdb-aff1-f08b0fd31e59'));--#!
INSERT INTO CD_SET_MEM_ASSOC_TBL (CD_ID, SET_ID) VALUES (char_to_uuid('c8064cbd-fa06-4530-b430-1a52f1530c27'), char_to_uuid('c7578340-a8ff-4d7d-8105-581016324e68'));--#!
INSERT INTO CD_SET_MEM_ASSOC_TBL (CD_ID, SET_ID) VALUES (char_to_uuid('bdef5f90-5497-4f26-956c-8f818cce2bd2'), char_to_uuid('c7578340-a8ff-4d7d-8105-581016324e68'));--#!
INSERT INTO CD_SET_MEM_ASSOC_TBL (CD_ID, SET_ID) VALUES (char_to_uuid('c34fcbf1-e0fe-4989-90fd-0dc49e1b9685'), char_to_uuid('c7578340-a8ff-4d7d-8105-581016324e68'));--#!
INSERT INTO CD_SET_MEM_ASSOC_TBL (CD_ID, SET_ID) VALUES (char_to_uuid('cd4aa3c4-02d5-4cc9-9088-ef8f31e321c5'), char_to_uuid('c7578340-a8ff-4d7d-8105-581016324e68'));--#!
INSERT INTO CD_SET_MEM_ASSOC_TBL (CD_ID, SET_ID) VALUES (char_to_uuid('c8064cbd-fa06-4530-b430-1a52f1530c27'), char_to_uuid('93a48f6a-6808-4c70-83a2-d02178c2a883'));--#!
INSERT INTO CD_SET_MEM_ASSOC_TBL (CD_ID, SET_ID) VALUES (char_to_uuid('bdef5f90-5497-4f26-956c-8f818cce2bd2'), char_to_uuid('93a48f6a-6808-4c70-83a2-d02178c2a883'));--#!
INSERT INTO CD_SET_MEM_ASSOC_TBL (CD_ID, SET_ID) VALUES (char_to_uuid('c34fcbf1-e0fe-4989-90fd-0dc49e1b9685'), char_to_uuid('93a48f6a-6808-4c70-83a2-d02178c2a883'));--#!
INSERT INTO CD_SET_MEM_ASSOC_TBL (CD_ID, SET_ID) VALUES (char_to_uuid('cd4aa3c4-02d5-4cc9-9088-ef8f31e321c5'), char_to_uuid('93a48f6a-6808-4c70-83a2-d02178c2a883'));--#!
INSERT INTO CD_SET_MEM_ASSOC_TBL (CD_ID, SET_ID) VALUES (char_to_uuid('c8064cbd-fa06-4530-b430-1a52f1530c27'), char_to_uuid('DE358951-24DC-48DC-8185-F10B7EA4DCD1'));--#!
INSERT INTO CD_SET_MEM_ASSOC_TBL (CD_ID, SET_ID) VALUES (char_to_uuid('bdef5f90-5497-4f26-956c-8f818cce2bd2'), char_to_uuid('DE358951-24DC-48DC-8185-F10B7EA4DCD1'));--#!
INSERT INTO CD_SET_MEM_ASSOC_TBL (CD_ID, SET_ID) VALUES (char_to_uuid('c34fcbf1-e0fe-4989-90fd-0dc49e1b9685'), char_to_uuid('DE358951-24DC-48DC-8185-F10B7EA4DCD1'));--#!
INSERT INTO CD_SET_MEM_ASSOC_TBL (CD_ID, SET_ID) VALUES (char_to_uuid('cd4aa3c4-02d5-4cc9-9088-ef8f31e321c5'), char_to_uuid('DE358951-24DC-48DC-8185-F10B7EA4DCD1'));--#!
INSERT INTO CD_SET_MEM_ASSOC_TBL (CD_ID, SET_ID) VALUES (char_to_uuid('bbd960a1-3853-4b13-b62a-d768f93a08c5'), char_to_uuid('62c5fde0-a3aa-45df-94e9-242f4451644a'));--#!
INSERT INTO CD_SET_MEM_ASSOC_TBL (CD_ID, SET_ID) VALUES (char_to_uuid('846c2ccf-5b02-4b3f-beb4-3d69ce7830dd'), char_to_uuid('62c5fde0-a3aa-45df-94e9-242f4451644a'));--#!
INSERT INTO CD_SET_MEM_ASSOC_TBL (CD_ID, SET_ID) VALUES (char_to_uuid('0f4ba634-5107-4eab-9658-25be293cd831'), char_to_uuid('62c5fde0-a3aa-45df-94e9-242f4451644a'));--#!
INSERT INTO CD_SET_MEM_ASSOC_TBL (CD_ID, SET_ID) VALUES (char_to_uuid('2557f7b4-e465-4965-b016-766f192131ab'), char_to_uuid('62c5fde0-a3aa-45df-94e9-242f4451644a'));--#!
INSERT INTO CD_SET_MEM_ASSOC_TBL (CD_ID, SET_ID) VALUES (char_to_uuid('4b98c47f-eaa5-472c-a2c6-97dddc0cb68c'), char_to_uuid('62c5fde0-a3aa-45df-94e9-242f4451644a'));--#!
INSERT INTO CD_SET_MEM_ASSOC_TBL (CD_ID, SET_ID) VALUES (char_to_uuid('54b52119-1709-4098-8911-5df6d6c84140'), char_to_uuid('62c5fde0-a3aa-45df-94e9-242f4451644a'));--#!
INSERT INTO CD_SET_MEM_ASSOC_TBL (CD_ID, SET_ID) VALUES (char_to_uuid('be84b6d3-446d-4e7e-b35d-2925f9f93434'), char_to_uuid('62c5fde0-a3aa-45df-94e9-242f4451644a'));--#!
INSERT INTO CD_SET_MEM_ASSOC_TBL (CD_ID, SET_ID) VALUES (char_to_uuid('1987c53c-7ab8-4461-9ebc-0d428744a8c0'), char_to_uuid('62c5fde0-a3aa-45df-94e9-242f4451644a'));--#!
INSERT INTO CD_SET_MEM_ASSOC_TBL (CD_ID, SET_ID) VALUES (char_to_uuid('43a9642c-a054-45df-9bee-99274b4635cd'), char_to_uuid('62c5fde0-a3aa-45df-94e9-242f4451644a'));--#!
INSERT INTO CD_SET_MEM_ASSOC_TBL (CD_ID, SET_ID) VALUES (char_to_uuid('57619b4a-2c8a-4674-a7fc-8e4f9aeb4903'), char_to_uuid('62c5fde0-a3aa-45df-94e9-242f4451644a'));--#!
INSERT INTO CD_SET_MEM_ASSOC_TBL (CD_ID, SET_ID) VALUES (char_to_uuid('28d022c6-8a8b-47c4-9e6a-2bc67308739e'), char_to_uuid('62c5fde0-a3aa-45df-94e9-242f4451644a'));--#!
INSERT INTO CD_SET_MEM_ASSOC_TBL (CD_ID, SET_ID) VALUES (char_to_uuid('118e2293-0f46-4b78-8252-ab078afb32d3'), char_to_uuid('62c5fde0-a3aa-45df-94e9-242f4451644a'));--#!
INSERT INTO CD_SET_MEM_ASSOC_TBL (CD_ID, SET_ID) VALUES (char_to_uuid('40829e76-33ec-420c-ae79-c9b9dc5a3481'), char_to_uuid('62c5fde0-a3aa-45df-94e9-242f4451644a'));--#!
INSERT INTO CD_SET_MEM_ASSOC_TBL (CD_ID, SET_ID) VALUES (char_to_uuid('0804e3a1-abe6-4bfb-9ad3-5484f170d181'), char_to_uuid('62c5fde0-a3aa-45df-94e9-242f4451644a'));--#!
INSERT INTO CD_SET_MEM_ASSOC_TBL (CD_ID, SET_ID) VALUES (char_to_uuid('80c58da9-917c-450b-843f-de21e4ae41a9'), char_to_uuid('62c5fde0-a3aa-45df-94e9-242f4451644a'));--#!
INSERT INTO CD_SET_MEM_ASSOC_TBL (CD_ID, SET_ID) VALUES (char_to_uuid('22304ab0-b133-494a-ad30-4d9170176f99'), char_to_uuid('62c5fde0-a3aa-45df-94e9-242f4451644a'));--#!
INSERT INTO CD_SET_MEM_ASSOC_TBL (CD_ID, SET_ID) VALUES (char_to_uuid('487e2e90-c2ab-4693-b190-2c4e2f0e7cec'), char_to_uuid('62c5fde0-a3aa-45df-94e9-242f4451644a'));--#!
INSERT INTO CD_SET_MEM_ASSOC_TBL (CD_ID, SET_ID) VALUES (char_to_uuid('7ce22b9d-e062-447c-a921-71e690ebd5cf'), char_to_uuid('62c5fde0-a3aa-45df-94e9-242f4451644a'));--#!
INSERT INTO CD_SET_MEM_ASSOC_TBL (CD_ID, SET_ID) VALUES (char_to_uuid('ec38d31f-a187-4921-9fb6-ff9d227e9e9c'), char_to_uuid('62c5fde0-a3aa-45df-94e9-242f4451644a'));--#!
INSERT INTO CD_SET_MEM_ASSOC_TBL (CD_ID, SET_ID) VALUES (char_to_uuid('bc6b2fc6-6542-4bec-96eb-8573a606dbb4'), char_to_uuid('62c5fde0-a3aa-45df-94e9-242f4451644a'));--#!
INSERT INTO CD_SET_MEM_ASSOC_TBL (CD_ID, SET_ID) VALUES (char_to_uuid('ab94417b-0d1a-4c46-8d55-6c3fba04ed7e'), char_to_uuid('62c5fde0-a3aa-45df-94e9-242f4451644a'));--#!
INSERT INTO CD_SET_MEM_ASSOC_TBL (CD_ID, SET_ID) VALUES (char_to_uuid('82d09e9e-9b12-47dd-acba-0557cc025bd7'), char_to_uuid('62c5fde0-a3aa-45df-94e9-242f4451644a'));--#!
INSERT INTO CD_SET_MEM_ASSOC_TBL (CD_ID, SET_ID) VALUES (char_to_uuid('932a3c7e-ad77-450a-8a1f-030fc2855450'), char_to_uuid('62c5fde0-a3aa-45df-94e9-242f4451644a'));--#!
INSERT INTO CD_SET_MEM_ASSOC_TBL (CD_ID, SET_ID) VALUES (char_to_uuid('a064984f-9847-4480-8bea-dddf64b3c77c'), char_to_uuid('62c5fde0-a3aa-45df-94e9-242f4451644a'));--#!
INSERT INTO CD_SET_MEM_ASSOC_TBL (CD_ID, SET_ID) VALUES (char_to_uuid('73a70eea-06cd-4865-a5f7-f010e33ba4f3'), char_to_uuid('3ec943d0-10be-415b-bc3a-dfa459738707'));--#!
INSERT INTO CD_SET_MEM_ASSOC_TBL (CD_ID, SET_ID) VALUES (char_to_uuid('b47f044d-a9c8-4a65-9f84-d99d913beb97'), char_to_uuid('3ec943d0-10be-415b-bc3a-dfa459738707'));--#!
INSERT INTO CD_SET_MEM_ASSOC_TBL (CD_ID, SET_ID) VALUES (char_to_uuid('21a61f18-1fc5-47c0-a235-721d2f965e33'), char_to_uuid('3ec943d0-10be-415b-bc3a-dfa459738707'));--#!
INSERT INTO CD_SET_MEM_ASSOC_TBL (CD_ID, SET_ID) VALUES (char_to_uuid('f38f409f-3e92-4e6b-b8fd-b2abc7e6c177'), char_to_uuid('3ec943d0-10be-415b-bc3a-dfa459738707'));--#!
INSERT INTO CD_SET_MEM_ASSOC_TBL (CD_ID, SET_ID) VALUES (char_to_uuid('fdae49aa-6fcb-40ae-9653-744e87fdd692'), char_to_uuid('3ec943d0-10be-415b-bc3a-dfa459738707'));--#!
INSERT INTO CD_SET_MEM_ASSOC_TBL (CD_ID, SET_ID) VALUES (char_to_uuid('9613f16a-f962-4c27-8489-b78aebd7e2ec'), char_to_uuid('3ec943d0-10be-415b-bc3a-dfa459738707'));--#!
INSERT INTO CD_SET_MEM_ASSOC_TBL (CD_ID, SET_ID) VALUES (char_to_uuid('90c2f40c-784e-4260-8b91-66bb032d3652'), char_to_uuid('3ec943d0-10be-415b-bc3a-dfa459738707'));--#!
INSERT INTO CD_SET_MEM_ASSOC_TBL (CD_ID, SET_ID) VALUES (char_to_uuid('1a76e650-0242-4b40-9267-bf3a5b386c96'), char_to_uuid('3ec943d0-10be-415b-bc3a-dfa459738707'));--#!
INSERT INTO CD_SET_MEM_ASSOC_TBL (CD_ID, SET_ID) VALUES (char_to_uuid('5a5023c9-9a53-4f4f-a9b2-5938c71041e7'), char_to_uuid('3ec943d0-10be-415b-bc3a-dfa459738707'));--#!
INSERT INTO CD_SET_MEM_ASSOC_TBL (CD_ID, SET_ID) VALUES (char_to_uuid('7a4a0c9c-cf1c-423a-987e-d2a5717ac74e'), char_to_uuid('e6a8e44f-0a57-4ebd-80a9-5c53b7a03d76'));--#!
INSERT INTO CD_SET_MEM_ASSOC_TBL (CD_ID, SET_ID) VALUES (char_to_uuid('ec74541f-87c4-4327-a4b9-97f325501747'), char_to_uuid('e6a8e44f-0a57-4ebd-80a9-5c53b7a03d76'));--#!
INSERT INTO CD_SET_MEM_ASSOC_TBL (CD_ID, SET_ID) VALUES (char_to_uuid('29894070-a76b-47ef-8c16-d84e0acd9ea6'), char_to_uuid('cf686a21-86e5-41e7-af07-0016a054227a'));--#!
INSERT INTO CD_SET_MEM_ASSOC_TBL (CD_ID, SET_ID) VALUES (char_to_uuid('0f4ba634-5107-4eab-9658-25be293cd831'), char_to_uuid('cf686a21-86e5-41e7-af07-0016a054227a'));--#!
INSERT INTO CD_SET_MEM_ASSOC_TBL (CD_ID, SET_ID) VALUES (char_to_uuid('646542bc-72e4-488b-bbf4-865d452e62ec'), char_to_uuid('cf686a21-86e5-41e7-af07-0016a054227a'));--#!
INSERT INTO CD_SET_MEM_ASSOC_TBL (CD_ID, SET_ID) VALUES (char_to_uuid('78b9540f-438b-4b6f-8d83-aaf4979dbc64'), char_to_uuid('cf686a21-86e5-41e7-af07-0016a054227a'));--#!
INSERT INTO CD_SET_MEM_ASSOC_TBL (CD_ID, SET_ID) VALUES (char_to_uuid('26fe590c-3684-4574-9359-057fdd06ba61'), char_to_uuid('cf686a21-86e5-41e7-af07-0016a054227a'));--#!
INSERT INTO CD_SET_MEM_ASSOC_TBL (CD_ID, SET_ID) VALUES (char_to_uuid('85f68168-2a43-4532-bc79-191fa0b47c8b'), char_to_uuid('cf686a21-86e5-41e7-af07-0016a054227a'));--#!
INSERT INTO CD_SET_MEM_ASSOC_TBL (CD_ID, SET_ID) VALUES (char_to_uuid('28c81cdc-ca56-4c92-b691-094e89630642'), char_to_uuid('cf686a21-86e5-41e7-af07-0016a054227a'));--#!
INSERT INTO CD_SET_MEM_ASSOC_TBL (CD_ID, SET_ID) VALUES (char_to_uuid('5a280fc0-8c26-4191-b204-b1b1e4e19462'), char_to_uuid('cf686a21-86e5-41e7-af07-0016a054227a'));--#!
INSERT INTO CD_SET_MEM_ASSOC_TBL (CD_ID, SET_ID) VALUES (char_to_uuid('99488a1d-6d97-4013-8c91-ded6ad3b8e89'), char_to_uuid('cf686a21-86e5-41e7-af07-0016a054227a'));--#!
INSERT INTO CD_SET_MEM_ASSOC_TBL (CD_ID, SET_ID) VALUES (char_to_uuid('07e4d325-63b9-487d-a22c-9b194c09a6ba'), char_to_uuid('b6bc75ad-adf4-4101-b4a1-e9aea74ab257'));--#!
INSERT INTO CD_SET_MEM_ASSOC_TBL (CD_ID, SET_ID) VALUES (char_to_uuid('c3b1a717-74d0-4ae3-830c-efddcc57bb92'), char_to_uuid('b6bc75ad-adf4-4101-b4a1-e9aea74ab257'));--#!
INSERT INTO CD_SET_MEM_ASSOC_TBL (CD_ID, SET_ID) VALUES (char_to_uuid('16d4c8a8-5776-4c34-b189-018d236f1cb6'), char_to_uuid('b6bc75ad-adf4-4101-b4a1-e9aea74ab257'));--#!
INSERT INTO CD_SET_MEM_ASSOC_TBL (CD_ID, SET_ID) VALUES (char_to_uuid('802ae6bb-31b8-401a-9d40-9ce3c3da227c'), char_to_uuid('b6bc75ad-adf4-4101-b4a1-e9aea74ab257'));--#!
INSERT INTO CD_SET_MEM_ASSOC_TBL (CD_ID, SET_ID) VALUES (char_to_uuid('2ca49a5f-af50-402d-9263-7725071c3ed9'), char_to_uuid('b6bc75ad-adf4-4101-b4a1-e9aea74ab257'));--#!
INSERT INTO CD_SET_MEM_ASSOC_TBL (CD_ID, SET_ID) VALUES (char_to_uuid('f81e1097-ed9e-461b-9e1f-52bd7ed47236'), char_to_uuid('b6bc75ad-adf4-4101-b4a1-e9aea74ab257'));--#!
INSERT INTO CD_SET_MEM_ASSOC_TBL (CD_ID, SET_ID) VALUES (char_to_uuid('31a56b8d-b358-453a-a3c8-b1d60ee52578'), char_to_uuid('b6bc75ad-adf4-4101-b4a1-e9aea74ab257'));--#!
INSERT INTO CD_SET_MEM_ASSOC_TBL (CD_ID, SET_ID) VALUES (char_to_uuid('50829a86-6643-423c-bbae-eb3119575349'), char_to_uuid('b6bc75ad-adf4-4101-b4a1-e9aea74ab257'));--#!
INSERT INTO CD_SET_MEM_ASSOC_TBL (CD_ID, SET_ID) VALUES (char_to_uuid('9b3412c0-adb9-41fa-9b23-2557bd0b3348'), char_to_uuid('b6bc75ad-adf4-4101-b4a1-e9aea74ab257'));--#!
INSERT INTO CD_SET_MEM_ASSOC_TBL (CD_ID, SET_ID) VALUES (char_to_uuid('4f509ada-d366-41ac-bd84-e0b3046a0ffc'), char_to_uuid('b6bc75ad-adf4-4101-b4a1-e9aea74ab257'));--#!
INSERT INTO CD_SET_MEM_ASSOC_TBL (CD_ID, SET_ID) VALUES (char_to_uuid('e769140d-195e-4fdf-b64f-0da4ecf74b36'), char_to_uuid('b6bc75ad-adf4-4101-b4a1-e9aea74ab257'));--#!
INSERT INTO CD_SET_MEM_ASSOC_TBL (CD_ID, SET_ID) VALUES (char_to_uuid('221bc06c-27f4-4244-8efe-a7b968fbdbd6'), char_to_uuid('b6bc75ad-adf4-4101-b4a1-e9aea74ab257'));--#!
INSERT INTO CD_SET_MEM_ASSOC_TBL (CD_ID, SET_ID) VALUES (char_to_uuid('d920a941-ec06-4d0d-9f60-631b790f8e0d'), char_to_uuid('b6bc75ad-adf4-4101-b4a1-e9aea74ab257'));--#!
INSERT INTO CD_SET_MEM_ASSOC_TBL (CD_ID, SET_ID) VALUES (char_to_uuid('f730f892-ebcc-43bc-8d39-bda98bc76563'), char_to_uuid('b6bc75ad-adf4-4101-b4a1-e9aea74ab257'));--#!
INSERT INTO CD_SET_MEM_ASSOC_TBL (CD_ID, SET_ID) VALUES (char_to_uuid('e0f40a69-0e09-44e1-bd37-080ac88661e3'), char_to_uuid('b6bc75ad-adf4-4101-b4a1-e9aea74ab257'));--#!
INSERT INTO CD_SET_MEM_ASSOC_TBL (CD_ID, SET_ID) VALUES (char_to_uuid('da22b2fb-bf0b-4aa6-8dcc-cb4c4cad1ca8'), char_to_uuid('b6bc75ad-adf4-4101-b4a1-e9aea74ab257'));--#!
INSERT INTO CD_SET_MEM_ASSOC_TBL (CD_ID, SET_ID) VALUES (char_to_uuid('c898b180-dad0-4115-9200-f48329fd7771'), char_to_uuid('b6bc75ad-adf4-4101-b4a1-e9aea74ab257'));--#!
INSERT INTO CD_SET_MEM_ASSOC_TBL (CD_ID, SET_ID) VALUES (char_to_uuid('cfbed12b-ffb1-48d7-b0ab-68f898a76749'), char_to_uuid('b6bc75ad-adf4-4101-b4a1-e9aea74ab257'));--#!
INSERT INTO CD_SET_MEM_ASSOC_TBL (CD_ID, SET_ID) VALUES (char_to_uuid('a5a71f07-0235-42e8-beab-adefeb357bf5'), char_to_uuid('b6bc75ad-adf4-4101-b4a1-e9aea74ab257'));--#!
INSERT INTO CD_SET_MEM_ASSOC_TBL (CD_ID, SET_ID) VALUES (char_to_uuid('742b318f-8198-4dde-9b43-34d20d0c18e2'), char_to_uuid('b6bc75ad-adf4-4101-b4a1-e9aea74ab257'));--#!
INSERT INTO CD_SET_MEM_ASSOC_TBL (CD_ID, SET_ID) VALUES (char_to_uuid('a0d72d7c-b32f-4619-a943-f40ced704df6'), char_to_uuid('b6bc75ad-adf4-4101-b4a1-e9aea74ab257'));--#!
INSERT INTO CD_SET_MEM_ASSOC_TBL (CD_ID, SET_ID) VALUES (char_to_uuid('c44dd7b3-4e4e-493f-9ace-557ca3c672a7'), char_to_uuid('b6bc75ad-adf4-4101-b4a1-e9aea74ab257'));--#!
INSERT INTO CD_SET_MEM_ASSOC_TBL (CD_ID, SET_ID) VALUES (char_to_uuid('44d04d8c-a81b-47ce-8857-c88cc92e8dfc'), char_to_uuid('b6bc75ad-adf4-4101-b4a1-e9aea74ab257'));--#!
INSERT INTO CD_SET_MEM_ASSOC_TBL (CD_ID, SET_ID) VALUES (char_to_uuid('eb55fb0a-126d-4f97-a7e4-454d600c5c9a'), char_to_uuid('b6bc75ad-adf4-4101-b4a1-e9aea74ab257'));--#!
INSERT INTO CD_SET_MEM_ASSOC_TBL (CD_ID, SET_ID) VALUES (char_to_uuid('d18cc00b-c339-47a5-9ff9-23c77542a5c3'), char_to_uuid('b6bc75ad-adf4-4101-b4a1-e9aea74ab257'));--#!
INSERT INTO CD_SET_MEM_ASSOC_TBL (CD_ID, SET_ID) VALUES (char_to_uuid('65c0a364-b1bf-4b16-8c28-6d1e2fc90ad1'), char_to_uuid('b6bc75ad-adf4-4101-b4a1-e9aea74ab257'));--#!
INSERT INTO CD_SET_MEM_ASSOC_TBL (CD_ID, SET_ID) VALUES (char_to_uuid('69f1fd07-ba26-4e92-8ad0-deac7559e90f'), char_to_uuid('b6bc75ad-adf4-4101-b4a1-e9aea74ab257'));--#!
INSERT INTO CD_SET_MEM_ASSOC_TBL (CD_ID, SET_ID) VALUES (char_to_uuid('1373ff04-a6ef-420a-b1d0-4a07465fe8e8'), char_to_uuid('4e6da567-0094-4f23-8555-11da499593af'));--#!
INSERT INTO CD_SET_MEM_ASSOC_TBL (CD_ID, SET_ID) VALUES (char_to_uuid('b76ff324-b174-40b7-a6ac-d1fdf8e23967'), char_to_uuid('4e6da567-0094-4f23-8555-11da499593af'));--#!
INSERT INTO CD_SET_MEM_ASSOC_TBL (CD_ID, SET_ID) VALUES (char_to_uuid('0b019bcf-c51f-4b8c-bfae-b7232a7dfb59'), char_to_uuid('4e6da567-0094-4f23-8555-11da499593af'));--#!
INSERT INTO CD_SET_MEM_ASSOC_TBL (CD_ID, SET_ID) VALUES (char_to_uuid('4a2de544-f8c9-4e29-b156-df478d5cbe25'), char_to_uuid('4e6da567-0094-4f23-8555-11da499593af'));--#!
INSERT INTO CD_SET_MEM_ASSOC_TBL (CD_ID, SET_ID) VALUES (char_to_uuid('fbf1a25a-b874-4d1b-83a9-da193869ee78'), char_to_uuid('4e6da567-0094-4f23-8555-11da499593af'));--#!
INSERT INTO CD_SET_MEM_ASSOC_TBL (CD_ID, SET_ID) VALUES (char_to_uuid('74cd3296-cb58-4984-9750-d077a130ce05'), char_to_uuid('4e6da567-0094-4f23-8555-11da499593af'));--#!
INSERT INTO CD_SET_MEM_ASSOC_TBL (CD_ID, SET_ID) VALUES (char_to_uuid('e29fcfad-ec1d-4c60-a055-039a494248ae'), char_to_uuid('4e6da567-0094-4f23-8555-11da499593af'));--#!
INSERT INTO CD_SET_MEM_ASSOC_TBL (CD_ID, SET_ID) VALUES (char_to_uuid('fdf8335e-1f12-4de0-8356-f8778ed41c21'), char_to_uuid('4e6da567-0094-4f23-8555-11da499593af'));--#!
INSERT INTO CD_SET_MEM_ASSOC_TBL (CD_ID, SET_ID) VALUES (char_to_uuid('8ba5e5c9-693b-49d4-973c-d7010f3a23ee'), char_to_uuid('4e6da567-0094-4f23-8555-11da499593af'));--#!
INSERT INTO CD_SET_MEM_ASSOC_TBL (CD_ID, SET_ID) VALUES (char_to_uuid('8a6cb575-cf22-4184-a2b7-d9e99d2cd850'), char_to_uuid('4e6da567-0094-4f23-8555-11da499593af'));--#!
INSERT INTO CD_SET_MEM_ASSOC_TBL (CD_ID, SET_ID) VALUES (char_to_uuid('61fcbf42-b5e0-4fb5-9392-108a5c6dbec7'), char_to_uuid('4e6da567-0094-4f23-8555-11da499593af'));--#!
INSERT INTO CD_SET_MEM_ASSOC_TBL (CD_ID, SET_ID) VALUES (char_to_uuid('0162f67f-50a6-4743-88b6-edcde354caca'), char_to_uuid('4e6da567-0094-4f23-8555-11da499593af'));--#!
INSERT INTO CD_SET_MEM_ASSOC_TBL (CD_ID, SET_ID) VALUES (char_to_uuid('b91f756a-5b37-409e-8cf9-c985d5dba2f1'), char_to_uuid('4e6da567-0094-4f23-8555-11da499593af'));--#!
INSERT INTO CD_SET_MEM_ASSOC_TBL (CD_ID, SET_ID) VALUES (char_to_uuid('9de2a846-ddf2-4ebc-902e-84508c5089ea'), char_to_uuid('4e6da567-0094-4f23-8555-11da499593af'));--#!
INSERT INTO CD_SET_MEM_ASSOC_TBL (CD_ID, SET_ID) VALUES (char_to_uuid('d39073be-0f8f-440e-b8c8-7034cc138a95'), char_to_uuid('4e6da567-0094-4f23-8555-11da499593af'));--#!
INSERT INTO CD_SET_MEM_ASSOC_TBL (CD_ID, SET_ID) VALUES (char_to_uuid('2e9fa332-9391-48c6-9fc8-920a750b25d3'), char_to_uuid('4e6da567-0094-4f23-8555-11da499593af'));--#!
INSERT INTO CD_SET_MEM_ASSOC_TBL (CD_ID, SET_ID) VALUES (char_to_uuid('e5a09cc2-5ae5-40c2-8e32-687dba06715d'), char_to_uuid('4e6da567-0094-4f23-8555-11da499593af'));--#!
INSERT INTO CD_SET_MEM_ASSOC_TBL (CD_ID, SET_ID) VALUES (char_to_uuid('fafec286-89d5-420b-9085-054aca9d1eef'), char_to_uuid('4e6da567-0094-4f23-8555-11da499593af'));--#!
INSERT INTO CD_SET_MEM_ASSOC_TBL (CD_ID, SET_ID) VALUES (char_to_uuid('2452b691-f122-4121-b9df-76d990b43f35'), char_to_uuid('4e6da567-0094-4f23-8555-11da499593af'));--#!
INSERT INTO CD_SET_MEM_ASSOC_TBL (CD_ID, SET_ID) VALUES (char_to_uuid('2a7043bc-6cca-447d-b230-8414f790cdb6'), char_to_uuid('4e6da567-0094-4f23-8555-11da499593af'));--#!
INSERT INTO CD_SET_MEM_ASSOC_TBL (CD_ID, SET_ID) VALUES (char_to_uuid('a1fa9cd6-1ce7-4f7e-a0c1-7a503f9f1255'), char_to_uuid('4e6da567-0094-4f23-8555-11da499593af'));--#!
INSERT INTO CD_SET_MEM_ASSOC_TBL (CD_ID, SET_ID) VALUES (char_to_uuid('7c08bd55-4d42-49cd-92f8-6388d6c4183f'), char_to_uuid('4e6da567-0094-4f23-8555-11da499593af'));--#!
INSERT INTO CD_SET_MEM_ASSOC_TBL (CD_ID, SET_ID) VALUES (char_to_uuid('0b3c64f4-220d-44e5-bdc6-4bfad6120963'), char_to_uuid('4e6da567-0094-4f23-8555-11da499593af'));--#!
INSERT INTO CD_SET_MEM_ASSOC_TBL (CD_ID, SET_ID) VALUES (char_to_uuid('8cf4b0b0-84e5-4122-85fe-6afa8240c218'), char_to_uuid('4e6da567-0094-4f23-8555-11da499593af'));--#!
INSERT INTO CD_SET_MEM_ASSOC_TBL (CD_ID, SET_ID) VALUES (char_to_uuid('c7ace528-277d-4efb-94ee-bfd1278f40f7'), char_to_uuid('4e6da567-0094-4f23-8555-11da499593af'));--#!
INSERT INTO CD_SET_MEM_ASSOC_TBL (CD_ID, SET_ID) VALUES (char_to_uuid('21ab7873-8ef3-4d78-9c19-4582b3c40631'), char_to_uuid('4e6da567-0094-4f23-8555-11da499593af'));--#!
INSERT INTO CD_SET_MEM_ASSOC_TBL (CD_ID, SET_ID) VALUES (char_to_uuid('79dd4f75-68e8-4722-a7f5-8bc2e08f5cd6'), char_to_uuid('4e6da567-0094-4f23-8555-11da499593af'));--#!
INSERT INTO CD_SET_MEM_ASSOC_TBL (CD_ID, SET_ID) VALUES (char_to_uuid('48b2ffb3-07db-47ba-ad73-fc8fb8502471'), char_to_uuid('4e6da567-0094-4f23-8555-11da499593af'));--#!
INSERT INTO CD_SET_MEM_ASSOC_TBL (CD_ID, SET_ID) VALUES (char_to_uuid('6eefee7d-dff5-46d3-a6a7-171ef93879c7'), char_to_uuid('4e6da567-0094-4f23-8555-11da499593af'));--#!
INSERT INTO CD_SET_MEM_ASSOC_TBL (CD_ID, SET_ID) VALUES (char_to_uuid('4d1a5c28-deb7-411e-b75f-d524f90dfa63'), char_to_uuid('4e6da567-0094-4f23-8555-11da499593af'));--#!
INSERT INTO CD_SET_MEM_ASSOC_TBL (CD_ID, SET_ID) VALUES (char_to_uuid('1935aaf6-d487-4c82-ac17-fb917b5b6d71'), char_to_uuid('4e6da567-0094-4f23-8555-11da499593af'));--#!
INSERT INTO CD_SET_MEM_ASSOC_TBL (CD_ID, SET_ID) VALUES (char_to_uuid('f29f08de-78a7-4a5e-aeaf-7b545ba19a09'), char_to_uuid('effc9f86-56e2-4920-a75a-fec310aa1430'));--#!
INSERT INTO CD_SET_MEM_ASSOC_TBL (CD_ID, SET_ID) VALUES (char_to_uuid('ad28a7ac-a66b-42c4-91b4-de40a2b11980'), char_to_uuid('effc9f86-56e2-4920-a75a-fec310aa1430'));--#!
INSERT INTO CD_SET_MEM_ASSOC_TBL (CD_ID, SET_ID) VALUES (char_to_uuid('604cf1b7-8891-49fb-b95f-3e4e875691bc'), char_to_uuid('effc9f86-56e2-4920-a75a-fec310aa1430'));--#!
INSERT INTO CD_SET_MEM_ASSOC_TBL (CD_ID, SET_ID) VALUES (char_to_uuid('71651ed8-8c91-4839-b76e-9bfdd2edba43'), char_to_uuid('592431f5-bbbd-44d6-9c63-5a80a410c738'));--#!
INSERT INTO CD_SET_MEM_ASSOC_TBL (CD_ID, SET_ID) VALUES (char_to_uuid('f0cb3faf-435d-4704-9217-b884f757bc14'), char_to_uuid('592431f5-bbbd-44d6-9c63-5a80a410c738'));--#!
INSERT INTO CD_SET_MEM_ASSOC_TBL (CD_ID, SET_ID) VALUES (char_to_uuid('f158af2a-d405-4616-a459-50e8494a9a56'), char_to_uuid('592431f5-bbbd-44d6-9c63-5a80a410c738'));--#!
INSERT INTO CD_SET_MEM_ASSOC_TBL (CD_ID, SET_ID) VALUES (char_to_uuid('cc35ad2b-6699-4946-ae38-76ab08193f41'), char_to_uuid('592431f5-bbbd-44d6-9c63-5a80a410c738'));--#!
INSERT INTO CD_SET_MEM_ASSOC_TBL (CD_ID, SET_ID) VALUES (char_to_uuid('c50d66d2-e5da-4a34-b2b7-4cd4fe4ef2c4'), char_to_uuid('592431f5-bbbd-44d6-9c63-5a80a410c738'));--#!
INSERT INTO CD_SET_MEM_ASSOC_TBL (CD_ID, SET_ID) VALUES (char_to_uuid('39604248-7812-4b60-bc54-8cc1fffb1de6'), char_to_uuid('592431f5-bbbd-44d6-9c63-5a80a410c738'));--#!
INSERT INTO CD_SET_MEM_ASSOC_TBL (CD_ID, SET_ID) VALUES (char_to_uuid('ec8a5482-2059-43fc-a4ce-04f71f64e3d8'), char_to_uuid('592431f5-bbbd-44d6-9c63-5a80a410c738'));--#!
INSERT INTO CD_SET_MEM_ASSOC_TBL (CD_ID, SET_ID) VALUES (char_to_uuid('d64ed94f-e4a4-49a2-a0d8-1e6f393aab36'), char_to_uuid('592431f5-bbbd-44d6-9c63-5a80a410c738'));--#!
INSERT INTO CD_SET_MEM_ASSOC_TBL (CD_ID, SET_ID) VALUES (char_to_uuid('196405f1-e07e-494e-a56e-b4b563cd85fc'), char_to_uuid('592431f5-bbbd-44d6-9c63-5a80a410c738'));--#!
INSERT INTO CD_SET_MEM_ASSOC_TBL (CD_ID, SET_ID) VALUES (char_to_uuid('97ad6a1d-6871-448c-a504-cb82cabc0452'), char_to_uuid('592431f5-bbbd-44d6-9c63-5a80a410c738'));--#!
INSERT INTO CD_SET_MEM_ASSOC_TBL (CD_ID, SET_ID) VALUES (char_to_uuid('4c503921-1d6e-4149-a3c4-33f6be4646ce'), char_to_uuid('592431f5-bbbd-44d6-9c63-5a80a410c738'));--#!
INSERT INTO CD_SET_MEM_ASSOC_TBL (CD_ID, SET_ID) VALUES (char_to_uuid('4b8b0a87-7d2e-406d-aeb0-1041c3841b57'), char_to_uuid('592431f5-bbbd-44d6-9c63-5a80a410c738'));--#!
INSERT INTO CD_SET_MEM_ASSOC_TBL (CD_ID, SET_ID) VALUES (char_to_uuid('61848557-d78d-40e5-954f-0b9c97307a04'), char_to_uuid('592431f5-bbbd-44d6-9c63-5a80a410c738'));--#!
INSERT INTO CD_SET_MEM_ASSOC_TBL (CD_ID, SET_ID) VALUES (char_to_uuid('455dadf8-c175-45a1-a859-34283a8210f8'), char_to_uuid('592431f5-bbbd-44d6-9c63-5a80a410c738'));--#!
INSERT INTO CD_SET_MEM_ASSOC_TBL (CD_ID, SET_ID) VALUES (char_to_uuid('a0174216-6439-4351-9483-a241a48029b7'), char_to_uuid('592431f5-bbbd-44d6-9c63-5a80a410c738'));--#!
INSERT INTO CD_SET_MEM_ASSOC_TBL (CD_ID, SET_ID) VALUES (char_to_uuid('6cbf29ad-ac51-48c9-885a-cfe3026ecf6e'), char_to_uuid('592431f5-bbbd-44d6-9c63-5a80a410c738'));--#!
INSERT INTO CD_SET_MEM_ASSOC_TBL (CD_ID, SET_ID) VALUES (char_to_uuid('9c4c40ae-2c15-4581-a496-be1abfe4eb66'), char_to_uuid('592431f5-bbbd-44d6-9c63-5a80a410c738'));--#!
INSERT INTO CD_SET_MEM_ASSOC_TBL (CD_ID, SET_ID) VALUES (char_to_uuid('0a364ad7-f961-4d8a-93f0-1fd4176548b3'), char_to_uuid('592431f5-bbbd-44d6-9c63-5a80a410c738'));--#!
INSERT INTO CD_SET_MEM_ASSOC_TBL (CD_ID, SET_ID) VALUES (char_to_uuid('1373ff04-a6ef-420a-b1d0-4a07465fe8e8'), char_to_uuid('592431f5-bbbd-44d6-9c63-5a80a410c738'));--#!
INSERT INTO CD_SET_MEM_ASSOC_TBL (CD_ID, SET_ID) VALUES (char_to_uuid('d9f63423-ba9b-48d9-ba38-c404b784b670'), char_to_uuid('592431f5-bbbd-44d6-9c63-5a80a410c738'));--#!
INSERT INTO CD_SET_MEM_ASSOC_TBL (CD_ID, SET_ID) VALUES (char_to_uuid('a2594e6e-e8fe-4c68-82a5-d3a46dbec87d'), char_to_uuid('592431f5-bbbd-44d6-9c63-5a80a410c738'));--#!
INSERT INTO CD_SET_MEM_ASSOC_TBL (CD_ID, SET_ID) VALUES (char_to_uuid('727a61ed-2f35-4e09-8bb6-6d09e2ba8fec'), char_to_uuid('592431f5-bbbd-44d6-9c63-5a80a410c738'));--#!
INSERT INTO CD_SET_MEM_ASSOC_TBL (CD_ID, SET_ID) VALUES (char_to_uuid('5a6a6766-8e1d-4d36-ae50-9b7d82d8a182'), char_to_uuid('592431f5-bbbd-44d6-9c63-5a80a410c738'));--#!
INSERT INTO CD_SET_MEM_ASSOC_TBL (CD_ID, SET_ID) VALUES (char_to_uuid('3a9f0c2f-e322-4639-a8e7-0df67cac761b'), char_to_uuid('592431f5-bbbd-44d6-9c63-5a80a410c738'));--#!
INSERT INTO CD_SET_MEM_ASSOC_TBL (CD_ID, SET_ID) VALUES (char_to_uuid('9790b291-b8a3-4c85-a240-c2c38885ad5d'), char_to_uuid('592431f5-bbbd-44d6-9c63-5a80a410c738'));--#!
INSERT INTO CD_SET_MEM_ASSOC_TBL (CD_ID, SET_ID) VALUES (char_to_uuid('c704a23d-86ef-4e11-9050-f8aa10919ff2'), char_to_uuid('592431f5-bbbd-44d6-9c63-5a80a410c738'));--#!
INSERT INTO CD_SET_MEM_ASSOC_TBL (CD_ID, SET_ID) VALUES (char_to_uuid('5e8e0f8b-bc23-4847-82ab-49b8dd79981e'), char_to_uuid('592431f5-bbbd-44d6-9c63-5a80a410c738'));--#!
INSERT INTO CD_SET_MEM_ASSOC_TBL (CD_ID, SET_ID) VALUES (char_to_uuid('de3f7527-e3c9-45ef-8574-00ca4495f767'), char_to_uuid('592431f5-bbbd-44d6-9c63-5a80a410c738'));--#!
INSERT INTO CD_SET_MEM_ASSOC_TBL (CD_ID, SET_ID) VALUES (char_to_uuid('0b82357f-5ae0-4543-ab8e-a33e9b315bab'), char_to_uuid('592431f5-bbbd-44d6-9c63-5a80a410c738'));--#!
INSERT INTO CD_SET_MEM_ASSOC_TBL (CD_ID, SET_ID) VALUES (char_to_uuid('649d6d69-139c-4006-ae45-aff4649d6079'), char_to_uuid('592431f5-bbbd-44d6-9c63-5a80a410c738'));--#!
INSERT INTO CD_SET_MEM_ASSOC_TBL (CD_ID, SET_ID) VALUES (char_to_uuid('479896b0-35d5-4842-8109-5fdbee14e8a4'), char_to_uuid('592431f5-bbbd-44d6-9c63-5a80a410c738'));--#!
INSERT INTO CD_SET_MEM_ASSOC_TBL (CD_ID, SET_ID) VALUES (char_to_uuid('a5cac7f7-e3b7-4dd8-872c-db0e7fcc2d84'), char_to_uuid('592431f5-bbbd-44d6-9c63-5a80a410c738'));--#!
INSERT INTO CD_SET_MEM_ASSOC_TBL (CD_ID, SET_ID) VALUES (char_to_uuid('6792db6c-fd5c-4ab8-96f5-ace5665bdcb9'), char_to_uuid('592431f5-bbbd-44d6-9c63-5a80a410c738'));--#!
INSERT INTO CD_SET_MEM_ASSOC_TBL (CD_ID, SET_ID) VALUES (char_to_uuid('76990d3d-3f27-4b39-836b-ba87eeba3328'), char_to_uuid('592431f5-bbbd-44d6-9c63-5a80a410c738'));--#!
INSERT INTO CD_SET_MEM_ASSOC_TBL (CD_ID, SET_ID) VALUES (char_to_uuid('be1235ee-710a-4732-88fd-6e895de7c56d'), char_to_uuid('592431f5-bbbd-44d6-9c63-5a80a410c738'));--#!
INSERT INTO CD_SET_MEM_ASSOC_TBL (CD_ID, SET_ID) VALUES (char_to_uuid('ea60a5a9-e971-4f0d-bb5d-dc7a0c74a2c9'), char_to_uuid('592431f5-bbbd-44d6-9c63-5a80a410c738'));--#!
INSERT INTO CD_SET_MEM_ASSOC_TBL (CD_ID, SET_ID) VALUES (char_to_uuid('ec401b5c-4c33-4229-9c72-428fc5db37ff'), char_to_uuid('592431f5-bbbd-44d6-9c63-5a80a410c738'));--#!
INSERT INTO CD_SET_MEM_ASSOC_TBL (CD_ID, SET_ID) VALUES (char_to_uuid('cbb6297b-743c-453c-8476-ba4c10a1c965'), char_to_uuid('592431f5-bbbd-44d6-9c63-5a80a410c738'));--#!
INSERT INTO CD_SET_MEM_ASSOC_TBL (CD_ID, SET_ID) VALUES (char_to_uuid('99e77288-cb09-4050-a8cf-385513f32f0a'), char_to_uuid('592431f5-bbbd-44d6-9c63-5a80a410c738'));--#!
INSERT INTO CD_SET_MEM_ASSOC_TBL (CD_ID, SET_ID) VALUES (char_to_uuid('03067700-ce37-405f-8ed3-e4965ba2f601'), char_to_uuid('592431f5-bbbd-44d6-9c63-5a80a410c738'));--#!
INSERT INTO CD_SET_MEM_ASSOC_TBL (CD_ID, SET_ID) VALUES (char_to_uuid('bce17b21-05b2-4f02-bf7a-c6d3561aa948'), char_to_uuid('592431f5-bbbd-44d6-9c63-5a80a410c738'));--#!
INSERT INTO CD_SET_MEM_ASSOC_TBL (CD_ID, SET_ID) VALUES (char_to_uuid('28c744df-d889-4a44-bc1a-2e9e9d64af13'), char_to_uuid('592431f5-bbbd-44d6-9c63-5a80a410c738'));--#!
INSERT INTO CD_SET_MEM_ASSOC_TBL (CD_ID, SET_ID) VALUES (char_to_uuid('7f81b83e-0d78-4685-8ba4-224eb315ce54'), char_to_uuid('592431f5-bbbd-44d6-9c63-5a80a410c738'));--#!
INSERT INTO CD_SET_MEM_ASSOC_TBL (CD_ID, SET_ID) VALUES (char_to_uuid('4b5471d4-e3fe-45f7-85a2-ae2b4f224757'), char_to_uuid('592431f5-bbbd-44d6-9c63-5a80a410c738'));--#!
INSERT INTO CD_SET_MEM_ASSOC_TBL (CD_ID, SET_ID) VALUES (char_to_uuid('28fb791e-179e-461a-b16c-cac13a04bd0a'), char_to_uuid('592431f5-bbbd-44d6-9c63-5a80a410c738'));--#!
INSERT INTO CD_SET_MEM_ASSOC_TBL (CD_ID, SET_ID) VALUES (char_to_uuid('2452b691-f122-4121-b9df-76d990b43f35'), char_to_uuid('592431f5-bbbd-44d6-9c63-5a80a410c738'));--#!
INSERT INTO CD_SET_MEM_ASSOC_TBL (CD_ID, SET_ID) VALUES (char_to_uuid('3f92dbee-a65e-434f-98ce-841feeb02e3f'), char_to_uuid('592431f5-bbbd-44d6-9c63-5a80a410c738'));--#!
INSERT INTO CD_SET_MEM_ASSOC_TBL (CD_ID, SET_ID) VALUES (char_to_uuid('53c694b8-27d8-43dd-95a4-bb318431d17c'), char_to_uuid('592431f5-bbbd-44d6-9c63-5a80a410c738'));--#!
INSERT INTO CD_SET_MEM_ASSOC_TBL (CD_ID, SET_ID) VALUES (char_to_uuid('01b87999-85a7-4f5c-9b7e-892f1195cfe3'), char_to_uuid('592431f5-bbbd-44d6-9c63-5a80a410c738'));--#!
INSERT INTO CD_SET_MEM_ASSOC_TBL (CD_ID, SET_ID) VALUES (char_to_uuid('02bb7934-76b5-4cc5-bd42-58570f15eb4d'), char_to_uuid('592431f5-bbbd-44d6-9c63-5a80a410c738'));--#!
INSERT INTO CD_SET_MEM_ASSOC_TBL (CD_ID, SET_ID) VALUES (char_to_uuid('6da3a6ca-2ab0-4d32-9588-e094f277f06d'), char_to_uuid('592431f5-bbbd-44d6-9c63-5a80a410c738'));--#!
INSERT INTO CD_SET_MEM_ASSOC_TBL (CD_ID, SET_ID) VALUES (char_to_uuid('353f9255-765e-4336-8007-1d61ab09aad6'), char_to_uuid('592431f5-bbbd-44d6-9c63-5a80a410c738'));--#!
INSERT INTO CD_SET_MEM_ASSOC_TBL (CD_ID, SET_ID) VALUES (char_to_uuid('c3be013a-20c5-4c20-840c-d9dbb15d040e'), char_to_uuid('592431f5-bbbd-44d6-9c63-5a80a410c738'));--#!
INSERT INTO CD_SET_MEM_ASSOC_TBL (CD_ID, SET_ID) VALUES (char_to_uuid('727b3624-ea62-46bb-a68b-b9e49e302eca'), char_to_uuid('592431f5-bbbd-44d6-9c63-5a80a410c738'));--#!
INSERT INTO CD_SET_MEM_ASSOC_TBL (CD_ID, SET_ID) VALUES (char_to_uuid('ac05185b-5a80-47a8-b924-060deb6d0eb2'), char_to_uuid('592431f5-bbbd-44d6-9c63-5a80a410c738'));--#!
INSERT INTO CD_SET_MEM_ASSOC_TBL (CD_ID, SET_ID) VALUES (char_to_uuid('5d175f21-1963-4589-a400-b5ef5f64842c'), char_to_uuid('592431f5-bbbd-44d6-9c63-5a80a410c738'));--#!
INSERT INTO CD_SET_MEM_ASSOC_TBL (CD_ID, SET_ID) VALUES (char_to_uuid('3c1225de-194e-49ce-a41a-0f9376b04c11'), char_to_uuid('592431f5-bbbd-44d6-9c63-5a80a410c738'));--#!
INSERT INTO CD_SET_MEM_ASSOC_TBL (CD_ID, SET_ID) VALUES (char_to_uuid('5b0fac74-5ac6-44e6-99a4-6813c0e2f4a9'), char_to_uuid('592431f5-bbbd-44d6-9c63-5a80a410c738'));--#!
INSERT INTO CD_SET_MEM_ASSOC_TBL (CD_ID, SET_ID) VALUES (char_to_uuid('fa5e70a4-a46e-4665-8a20-94d4d7b86fc8'), char_to_uuid('592431f5-bbbd-44d6-9c63-5a80a410c738'));--#!
INSERT INTO CD_SET_MEM_ASSOC_TBL (CD_ID, SET_ID) VALUES (char_to_uuid('693f08fa-625a-40d2-b928-6856099c0349'), char_to_uuid('592431f5-bbbd-44d6-9c63-5a80a410c738'));--#!
INSERT INTO CD_SET_MEM_ASSOC_TBL (CD_ID, SET_ID) VALUES (char_to_uuid('79f6136c-1465-45e8-917e-e7832bc8e3b2'), char_to_uuid('592431f5-bbbd-44d6-9c63-5a80a410c738'));--#!
INSERT INTO CD_SET_MEM_ASSOC_TBL (CD_ID, SET_ID) VALUES (char_to_uuid('4ff91e06-2e39-44e3-9fbe-0d828fe318fe'), char_to_uuid('592431f5-bbbd-44d6-9c63-5a80a410c738'));--#!
INSERT INTO CD_SET_MEM_ASSOC_TBL (CD_ID, SET_ID) VALUES (char_to_uuid('64474c12-b978-4bb6-a584-46dadec2d952'), char_to_uuid('592431f5-bbbd-44d6-9c63-5a80a410c738'));--#!
INSERT INTO CD_SET_MEM_ASSOC_TBL (CD_ID, SET_ID) VALUES (char_to_uuid('f9dc5787-dd4d-42c6-a082-ac7d11956fda'), char_to_uuid('592431f5-bbbd-44d6-9c63-5a80a410c738'));--#!
INSERT INTO CD_SET_MEM_ASSOC_TBL (CD_ID, SET_ID) VALUES (char_to_uuid('1b2dbf82-a503-4cf4-9ecb-a8e111b4674e'), char_to_uuid('592431f5-bbbd-44d6-9c63-5a80a410c738'));--#!
INSERT INTO CD_SET_MEM_ASSOC_TBL (CD_ID, SET_ID) VALUES (char_to_uuid('0716a333-cd46-439d-bfd6-bf788f3885fa'), char_to_uuid('592431f5-bbbd-44d6-9c63-5a80a410c738'));--#!
INSERT INTO CD_SET_MEM_ASSOC_TBL (CD_ID, SET_ID) VALUES (char_to_uuid('8e087135-8c6f-4214-bdd2-448387d3f24c'), char_to_uuid('3ec943d0-10be-415b-bc3a-dfa459738707'));--#!
INSERT INTO CD_SET_MEM_ASSOC_TBL (CD_ID, SET_ID) VALUES (char_to_uuid('ced7cc70-12bc-45bb-ac46-ddf41141e64b'), char_to_uuid('3ec943d0-10be-415b-bc3a-dfa459738707'));--#!
INSERT INTO CD_SET_MEM_ASSOC_TBL (CD_ID, SET_ID) VALUES (char_to_uuid('6af35d6e-557c-4034-9518-e87bc6cff808'), char_to_uuid('3ec943d0-10be-415b-bc3a-dfa459738707'));--#!
INSERT INTO CD_SET_MEM_ASSOC_TBL (CD_ID, SET_ID) VALUES (char_to_uuid('fdda3bd9-a3ee-479c-9b2d-89ba49f09b85'), char_to_uuid('3ec943d0-10be-415b-bc3a-dfa459738707'));--#!
INSERT INTO CD_SET_MEM_ASSOC_TBL (CD_ID, SET_ID) VALUES (char_to_uuid('A87A6D21-2CA6-4AEA-88F3-6135CCEB58D1'), char_to_uuid('5285af4b-e060-41b7-99d9-fd8237e5aecf'));--#!
 --INSERT INTO CD_SET_MEM_ASSOC_TBL (CD_ID, SET_ID) VALUES (char_to_uuid('A87A6D21-2CA6-4AEA-88F3-6135CCEB58D1'), char_to_uuid('ee16a667-2085-440a-b1e7-4032d10b9f40'));
INSERT INTO CD_SET_MEM_ASSOC_TBL (CD_ID, SET_ID) VALUES (char_to_uuid('3682b98d-4b14-4e2b-92f5-aa7abf522e28'), char_to_uuid('5285af4b-e060-41b7-99d9-fd8237e5aecf'));--#!
 INSERT INTO CD_SET_MEM_ASSOC_TBL (CD_ID, SET_ID) VALUES (char_to_uuid('3682b98d-4b14-4e2b-92f5-aa7abf522e28'), char_to_uuid('ee16a667-2085-440a-b1e7-4032d10b9f40'));--#!
INSERT INTO CD_SET_MEM_ASSOC_TBL (CD_ID, SET_ID) VALUES (char_to_uuid('8de7b5e7-c941-42bd-b735-52d750efc5e6'), char_to_uuid('5285af4b-e060-41b7-99d9-fd8237e5aecf'));--#!
 INSERT INTO CD_SET_MEM_ASSOC_TBL (CD_ID, SET_ID) VALUES (char_to_uuid('8de7b5e7-c941-42bd-b735-52d750efc5e6'), char_to_uuid('ee16a667-2085-440a-b1e7-4032d10b9f40'));--#!
INSERT INTO CD_SET_MEM_ASSOC_TBL (CD_ID, SET_ID) VALUES (char_to_uuid('867fd445-d490-4619-804e-75c04b8a0e57'), char_to_uuid('5285af4b-e060-41b7-99d9-fd8237e5aecf'));--#!
 INSERT INTO CD_SET_MEM_ASSOC_TBL (CD_ID, SET_ID) VALUES (char_to_uuid('867fd445-d490-4619-804e-75c04b8a0e57'), char_to_uuid('ee16a667-2085-440a-b1e7-4032d10b9f40'));--#!
INSERT INTO CD_SET_MEM_ASSOC_TBL (CD_ID, SET_ID) VALUES (char_to_uuid('77b7a04b-c065-4faf-8ec0-2cdad4ae372b'), char_to_uuid('5285af4b-e060-41b7-99d9-fd8237e5aecf'));--#!
 INSERT INTO CD_SET_MEM_ASSOC_TBL (CD_ID, SET_ID) VALUES (char_to_uuid('77b7a04b-c065-4faf-8ec0-2cdad4ae372b'), char_to_uuid('ee16a667-2085-440a-b1e7-4032d10b9f40'));--#!
INSERT INTO CD_SET_MEM_ASSOC_TBL (CD_ID, SET_ID) VALUES (char_to_uuid('33bd1401-dfdb-40e7-a914-0a695ad5186e'), char_to_uuid('5285af4b-e060-41b7-99d9-fd8237e5aecf'));--#!
 INSERT INTO CD_SET_MEM_ASSOC_TBL (CD_ID, SET_ID) VALUES (char_to_uuid('33bd1401-dfdb-40e7-a914-0a695ad5186e'), char_to_uuid('ee16a667-2085-440a-b1e7-4032d10b9f40'));--#!
INSERT INTO CD_SET_MEM_ASSOC_TBL (CD_ID, SET_ID) VALUES (char_to_uuid('757f98df-14e0-446a-bd50-bb0affb34f09'), char_to_uuid('5285af4b-e060-41b7-99d9-fd8237e5aecf'));--#!
 INSERT INTO CD_SET_MEM_ASSOC_TBL (CD_ID, SET_ID) VALUES (char_to_uuid('757f98df-14e0-446a-bd50-bb0affb34f09'), char_to_uuid('ee16a667-2085-440a-b1e7-4032d10b9f40'));--#!
INSERT INTO CD_SET_MEM_ASSOC_TBL (CD_ID, SET_ID) VALUES (char_to_uuid('b1d2148d-bb35-4337-8fe6-021f5a3ac8a3'), char_to_uuid('5285af4b-e060-41b7-99d9-fd8237e5aecf'));--#!
 INSERT INTO CD_SET_MEM_ASSOC_TBL (CD_ID, SET_ID) VALUES (char_to_uuid('b1d2148d-bb35-4337-8fe6-021f5a3ac8a3'), char_to_uuid('ee16a667-2085-440a-b1e7-4032d10b9f40'));--#!
INSERT INTO CD_SET_MEM_ASSOC_TBL (CD_ID, SET_ID) VALUES (char_to_uuid('25985F42-476A-4455-A977-4E97A554D710'), char_to_uuid('5285af4b-e060-41b7-99d9-fd8237e5aecf'));--#!
 INSERT INTO CD_SET_MEM_ASSOC_TBL (CD_ID, SET_ID) VALUES (char_to_uuid('25985F42-476A-4455-A977-4E97A554D710'), char_to_uuid('ee16a667-2085-440a-b1e7-4032d10b9f40'));--#!
INSERT INTO CD_SET_MEM_ASSOC_TBL (CD_ID, SET_ID) VALUES (char_to_uuid('1ee4e74f-542d-4544-96f6-266a6247f274'), char_to_uuid('5285af4b-e060-41b7-99d9-fd8237e5aecf'));--#!
 INSERT INTO CD_SET_MEM_ASSOC_TBL (CD_ID, SET_ID) VALUES (char_to_uuid('1ee4e74f-542d-4544-96f6-266a6247f274'), char_to_uuid('ee16a667-2085-440a-b1e7-4032d10b9f40'));--#!
INSERT INTO CD_SET_MEM_ASSOC_TBL (CD_ID, SET_ID) VALUES (char_to_uuid('3b8e2334-4ccc-4f24-8aae-37341ea03d3e'), char_to_uuid('5285af4b-e060-41b7-99d9-fd8237e5aecf'));--#!
 INSERT INTO CD_SET_MEM_ASSOC_TBL (CD_ID, SET_ID) VALUES (char_to_uuid('3b8e2334-4ccc-4f24-8aae-37341ea03d3e'), char_to_uuid('ee16a667-2085-440a-b1e7-4032d10b9f40'));--#!
INSERT INTO CD_SET_MEM_ASSOC_TBL (CD_ID, SET_ID) VALUES (char_to_uuid('35b13152-e43c-4bcb-8649-a9e83bee33a2'), char_to_uuid('5285af4b-e060-41b7-99d9-fd8237e5aecf'));--#!
 INSERT INTO CD_SET_MEM_ASSOC_TBL (CD_ID, SET_ID) VALUES (char_to_uuid('35b13152-e43c-4bcb-8649-a9e83bee33a2'), char_to_uuid('ee16a667-2085-440a-b1e7-4032d10b9f40'));--#!
INSERT INTO CD_SET_MEM_ASSOC_TBL (CD_ID, SET_ID) VALUES (char_to_uuid('d4844672-c0d7-434c-8377-6dd0655b0532'), char_to_uuid('5285af4b-e060-41b7-99d9-fd8237e5aecf'));--#!
 INSERT INTO CD_SET_MEM_ASSOC_TBL (CD_ID, SET_ID) VALUES (char_to_uuid('d4844672-c0d7-434c-8377-6dd0655b0532'), char_to_uuid('ee16a667-2085-440a-b1e7-4032d10b9f40'));--#!
INSERT INTO CD_SET_MEM_ASSOC_TBL (CD_ID, SET_ID) VALUES (char_to_uuid('9d256279-f1ac-46b3-a974-dd13e2ad4f72'), char_to_uuid('5285af4b-e060-41b7-99d9-fd8237e5aecf'));--#!
 INSERT INTO CD_SET_MEM_ASSOC_TBL (CD_ID, SET_ID) VALUES (char_to_uuid('9d256279-f1ac-46b3-a974-dd13e2ad4f72'), char_to_uuid('ee16a667-2085-440a-b1e7-4032d10b9f40'));--#!
INSERT INTO CD_SET_MEM_ASSOC_TBL (CD_ID, SET_ID) VALUES (char_to_uuid('3d907f37-085c-4c26-b59b-62e40621dafd'), char_to_uuid('5285af4b-e060-41b7-99d9-fd8237e5aecf'));--#!
 INSERT INTO CD_SET_MEM_ASSOC_TBL (CD_ID, SET_ID) VALUES (char_to_uuid('3d907f37-085c-4c26-b59b-62e40621dafd'), char_to_uuid('ee16a667-2085-440a-b1e7-4032d10b9f40'));--#!
INSERT INTO CD_SET_MEM_ASSOC_TBL (CD_ID, SET_ID) VALUES (char_to_uuid('f28ed78f-85ab-47a1-ba08-b5051e62d6c3'), char_to_uuid('5285af4b-e060-41b7-99d9-fd8237e5aecf'));--#!
 INSERT INTO CD_SET_MEM_ASSOC_TBL (CD_ID, SET_ID) VALUES (char_to_uuid('f28ed78f-85ab-47a1-ba08-b5051e62d6c3'), char_to_uuid('ee16a667-2085-440a-b1e7-4032d10b9f40'));--#!
INSERT INTO CD_SET_MEM_ASSOC_TBL (CD_ID, SET_ID) VALUES (char_to_uuid('47049b0f-f189-4e19-9aa8-7c38adb2491a'), char_to_uuid('5285af4b-e060-41b7-99d9-fd8237e5aecf'));--#!
 INSERT INTO CD_SET_MEM_ASSOC_TBL (CD_ID, SET_ID) VALUES (char_to_uuid('47049b0f-f189-4e19-9aa8-7c38adb2491a'), char_to_uuid('ee16a667-2085-440a-b1e7-4032d10b9f40'));--#!
INSERT INTO CD_SET_MEM_ASSOC_TBL (CD_ID, SET_ID) VALUES (char_to_uuid('f31a2a5b-ce13-47e1-a0fb-d704f31547db'), char_to_uuid('5285af4b-e060-41b7-99d9-fd8237e5aecf'));--#!
 INSERT INTO CD_SET_MEM_ASSOC_TBL (CD_ID, SET_ID) VALUES (char_to_uuid('f31a2a5b-ce13-47e1-a0fb-d704f31547db'), char_to_uuid('ee16a667-2085-440a-b1e7-4032d10b9f40'));--#!
INSERT INTO CD_SET_MEM_ASSOC_TBL (CD_ID, SET_ID) VALUES (char_to_uuid('cbe2a00c-e1d5-44e9-aae3-d7d03e3c2efa'), char_to_uuid('5285af4b-e060-41b7-99d9-fd8237e5aecf'));--#!
 INSERT INTO CD_SET_MEM_ASSOC_TBL (CD_ID, SET_ID) VALUES (char_to_uuid('cbe2a00c-e1d5-44e9-aae3-d7d03e3c2efa'), char_to_uuid('ee16a667-2085-440a-b1e7-4032d10b9f40'));--#!
INSERT INTO CD_SET_MEM_ASSOC_TBL (CD_ID, SET_ID) VALUES (char_to_uuid('43ad7bc0-2ed8-4b27-97e5-b3db00a07d17'), char_to_uuid('5285af4b-e060-41b7-99d9-fd8237e5aecf'));--#!
 INSERT INTO CD_SET_MEM_ASSOC_TBL (CD_ID, SET_ID) VALUES (char_to_uuid('43ad7bc0-2ed8-4b27-97e5-b3db00a07d17'), char_to_uuid('ee16a667-2085-440a-b1e7-4032d10b9f40'));--#!
INSERT INTO CD_SET_MEM_ASSOC_TBL (CD_ID, SET_ID) VALUES (char_to_uuid('66c96ae6-c5c4-4d66-9bd0-a00c56e831da'), char_to_uuid('5285af4b-e060-41b7-99d9-fd8237e5aecf'));--#!
 INSERT INTO CD_SET_MEM_ASSOC_TBL (CD_ID, SET_ID) VALUES (char_to_uuid('66c96ae6-c5c4-4d66-9bd0-a00c56e831da'), char_to_uuid('ee16a667-2085-440a-b1e7-4032d10b9f40'));--#!
INSERT INTO CD_SET_MEM_ASSOC_TBL (CD_ID, SET_ID) VALUES (char_to_uuid('b43c9513-1c1c-4ed0-92db-55a904c122e6'), char_to_uuid('5285af4b-e060-41b7-99d9-fd8237e5aecf'));--#!
 INSERT INTO CD_SET_MEM_ASSOC_TBL (CD_ID, SET_ID) VALUES (char_to_uuid('b43c9513-1c1c-4ed0-92db-55a904c122e6'), char_to_uuid('ee16a667-2085-440a-b1e7-4032d10b9f40'));--#!
INSERT INTO CD_SET_MEM_ASSOC_TBL (CD_ID, SET_ID) VALUES (char_to_uuid('1bcfb08d-c6fa-41dd-98bf-06336a33a3b7'), char_to_uuid('5285af4b-e060-41b7-99d9-fd8237e5aecf'));--#!
 INSERT INTO CD_SET_MEM_ASSOC_TBL (CD_ID, SET_ID) VALUES (char_to_uuid('1bcfb08d-c6fa-41dd-98bf-06336a33a3b7'), char_to_uuid('ee16a667-2085-440a-b1e7-4032d10b9f40'));--#!
INSERT INTO CD_SET_MEM_ASSOC_TBL (CD_ID, SET_ID) VALUES (char_to_uuid('f5b10c57-3ae1-41ea-8649-1cf8d9848ae1'), char_to_uuid('5285af4b-e060-41b7-99d9-fd8237e5aecf'));--#!
 INSERT INTO CD_SET_MEM_ASSOC_TBL (CD_ID, SET_ID) VALUES (char_to_uuid('f5b10c57-3ae1-41ea-8649-1cf8d9848ae1'), char_to_uuid('ee16a667-2085-440a-b1e7-4032d10b9f40'));--#!
INSERT INTO CD_SET_MEM_ASSOC_TBL (CD_ID, SET_ID) VALUES (char_to_uuid('0c522bd1-dfa2-43cb-a98e-f6ff137968ae'), char_to_uuid('5285af4b-e060-41b7-99d9-fd8237e5aecf'));--#!
 INSERT INTO CD_SET_MEM_ASSOC_TBL (CD_ID, SET_ID) VALUES (char_to_uuid('0c522bd1-dfa2-43cb-a98e-f6ff137968ae'), char_to_uuid('ee16a667-2085-440a-b1e7-4032d10b9f40'));--#!
INSERT INTO CD_SET_MEM_ASSOC_TBL (CD_ID, SET_ID) VALUES (char_to_uuid('d7ad48c0-889d-41e2-99e9-be5e6c5327b2'), char_to_uuid('5285af4b-e060-41b7-99d9-fd8237e5aecf'));--#!
 INSERT INTO CD_SET_MEM_ASSOC_TBL (CD_ID, SET_ID) VALUES (char_to_uuid('d7ad48c0-889d-41e2-99e9-be5e6c5327b2'), char_to_uuid('ee16a667-2085-440a-b1e7-4032d10b9f40'));--#!
INSERT INTO CD_SET_MEM_ASSOC_TBL (CD_ID, SET_ID) VALUES (char_to_uuid('ef597ffe-d965-4398-b55a-650530ebb997'), char_to_uuid('5285af4b-e060-41b7-99d9-fd8237e5aecf'));--#!
 INSERT INTO CD_SET_MEM_ASSOC_TBL (CD_ID, SET_ID) VALUES (char_to_uuid('ef597ffe-d965-4398-b55a-650530ebb997'), char_to_uuid('ee16a667-2085-440a-b1e7-4032d10b9f40'));--#!
INSERT INTO CD_SET_MEM_ASSOC_TBL (CD_ID, SET_ID) VALUES (char_to_uuid('b9fe057e-7f57-42eb-89d7-67c69646c0c4'), char_to_uuid('5285af4b-e060-41b7-99d9-fd8237e5aecf'));--#!
 INSERT INTO CD_SET_MEM_ASSOC_TBL (CD_ID, SET_ID) VALUES (char_to_uuid('b9fe057e-7f57-42eb-89d7-67c69646c0c4'), char_to_uuid('ee16a667-2085-440a-b1e7-4032d10b9f40'));--#!
INSERT INTO CD_SET_MEM_ASSOC_TBL (CD_ID, SET_ID) VALUES (char_to_uuid('f1ef6c46-05eb-4482-baeb-eaf0a8e5ffef'), char_to_uuid('5285af4b-e060-41b7-99d9-fd8237e5aecf'));--#!
 INSERT INTO CD_SET_MEM_ASSOC_TBL (CD_ID, SET_ID) VALUES (char_to_uuid('f1ef6c46-05eb-4482-baeb-eaf0a8e5ffef'), char_to_uuid('ee16a667-2085-440a-b1e7-4032d10b9f40'));--#!
INSERT INTO CD_SET_MEM_ASSOC_TBL (CD_ID, SET_ID) VALUES (char_to_uuid('6b04fed8-c164-469c-910b-f824c2bda4f0'), char_to_uuid('5285af4b-e060-41b7-99d9-fd8237e5aecf'));--#!
 INSERT INTO CD_SET_MEM_ASSOC_TBL (CD_ID, SET_ID) VALUES (char_to_uuid('6b04fed8-c164-469c-910b-f824c2bda4f0'), char_to_uuid('ee16a667-2085-440a-b1e7-4032d10b9f40'));--#!
INSERT INTO CD_SET_MEM_ASSOC_TBL (CD_ID, SET_ID) VALUES (char_to_uuid('bacd9c6f-3fa9-481e-9636-37457962804d'), char_to_uuid('5285af4b-e060-41b7-99d9-fd8237e5aecf'));--#!
 INSERT INTO CD_SET_MEM_ASSOC_TBL (CD_ID, SET_ID) VALUES (char_to_uuid('bacd9c6f-3fa9-481e-9636-37457962804d'), char_to_uuid('ee16a667-2085-440a-b1e7-4032d10b9f40'));--#!
INSERT INTO CD_SET_MEM_ASSOC_TBL (CD_ID, SET_ID) VALUES (char_to_uuid('734551e1-2960-4a68-93a2-b277db072a43'), char_to_uuid('5285af4b-e060-41b7-99d9-fd8237e5aecf'));--#!
 INSERT INTO CD_SET_MEM_ASSOC_TBL (CD_ID, SET_ID) VALUES (char_to_uuid('734551e1-2960-4a68-93a2-b277db072a43'), char_to_uuid('ee16a667-2085-440a-b1e7-4032d10b9f40'));--#!
INSERT INTO CD_SET_MEM_ASSOC_TBL (CD_ID, SET_ID) VALUES (char_to_uuid('07c922d2-12c9-415a-95d4-9b3fed4959d6'), char_to_uuid('5285af4b-e060-41b7-99d9-fd8237e5aecf'));--#!
 INSERT INTO CD_SET_MEM_ASSOC_TBL (CD_ID, SET_ID) VALUES (char_to_uuid('07c922d2-12c9-415a-95d4-9b3fed4959d6'), char_to_uuid('ee16a667-2085-440a-b1e7-4032d10b9f40'));--#!
INSERT INTO CD_SET_MEM_ASSOC_TBL (CD_ID, SET_ID) VALUES (char_to_uuid('cec017ef-4e49-41af-8596-abad1a91c9d0'), char_to_uuid('5285af4b-e060-41b7-99d9-fd8237e5aecf'));--#!
 INSERT INTO CD_SET_MEM_ASSOC_TBL (CD_ID, SET_ID) VALUES (char_to_uuid('cec017ef-4e49-41af-8596-abad1a91c9d0'), char_to_uuid('ee16a667-2085-440a-b1e7-4032d10b9f40'));--#!
INSERT INTO CD_SET_MEM_ASSOC_TBL (CD_ID, SET_ID) VALUES (char_to_uuid('6521dd09-334b-4fbf-9c89-1ad5a804326c'), char_to_uuid('5285af4b-e060-41b7-99d9-fd8237e5aecf'));--#!
 INSERT INTO CD_SET_MEM_ASSOC_TBL (CD_ID, SET_ID) VALUES (char_to_uuid('6521dd09-334b-4fbf-9c89-1ad5a804326c'), char_to_uuid('ee16a667-2085-440a-b1e7-4032d10b9f40'));--#!
INSERT INTO CD_SET_MEM_ASSOC_TBL (CD_ID, SET_ID) VALUES (char_to_uuid('8ff9d9a5-a206-4566-82cd-67b770d7ce8a'), char_to_uuid('5285af4b-e060-41b7-99d9-fd8237e5aecf'));--#!
 INSERT INTO CD_SET_MEM_ASSOC_TBL (CD_ID, SET_ID) VALUES (char_to_uuid('8ff9d9a5-a206-4566-82cd-67b770d7ce8a'), char_to_uuid('ee16a667-2085-440a-b1e7-4032d10b9f40'));--#!
INSERT INTO CD_SET_MEM_ASSOC_TBL (CD_ID, SET_ID) VALUES (char_to_uuid('0c157566-d1e9-4976-8542-473caa9ba2a4'), char_to_uuid('5285af4b-e060-41b7-99d9-fd8237e5aecf'));--#!
 INSERT INTO CD_SET_MEM_ASSOC_TBL (CD_ID, SET_ID) VALUES (char_to_uuid('0c157566-d1e9-4976-8542-473caa9ba2a4'), char_to_uuid('ee16a667-2085-440a-b1e7-4032d10b9f40'));--#!
INSERT INTO CD_SET_MEM_ASSOC_TBL (CD_ID, SET_ID) VALUES (char_to_uuid('a8fcd83f-808b-494b-8a1c-ec2c6dbc3dfa'), char_to_uuid('5285af4b-e060-41b7-99d9-fd8237e5aecf'));--#!
 INSERT INTO CD_SET_MEM_ASSOC_TBL (CD_ID, SET_ID) VALUES (char_to_uuid('a8fcd83f-808b-494b-8a1c-ec2c6dbc3dfa'), char_to_uuid('ee16a667-2085-440a-b1e7-4032d10b9f40'));--#!
INSERT INTO CD_SET_MEM_ASSOC_TBL (CD_ID, SET_ID) VALUES (char_to_uuid('ddc1b705-c768-4c7a-8f69-76ad4b167b40'), char_to_uuid('5285af4b-e060-41b7-99d9-fd8237e5aecf'));--#!
 INSERT INTO CD_SET_MEM_ASSOC_TBL (CD_ID, SET_ID) VALUES (char_to_uuid('ddc1b705-c768-4c7a-8f69-76ad4b167b40'), char_to_uuid('ee16a667-2085-440a-b1e7-4032d10b9f40'));--#!
INSERT INTO CD_SET_MEM_ASSOC_TBL (CD_ID, SET_ID) VALUES (char_to_uuid('b52c7e95-88b8-4c4c-836a-934277afdb92'), char_to_uuid('5285af4b-e060-41b7-99d9-fd8237e5aecf'));--#!
 INSERT INTO CD_SET_MEM_ASSOC_TBL (CD_ID, SET_ID) VALUES (char_to_uuid('b52c7e95-88b8-4c4c-836a-934277afdb92'), char_to_uuid('ee16a667-2085-440a-b1e7-4032d10b9f40'));--#!
INSERT INTO CD_SET_MEM_ASSOC_TBL (CD_ID, SET_ID) VALUES (char_to_uuid('f3ef7e48-d8b7-4030-b431-aff7e0e1cb76'), char_to_uuid('5285af4b-e060-41b7-99d9-fd8237e5aecf'));--#!
 INSERT INTO CD_SET_MEM_ASSOC_TBL (CD_ID, SET_ID) VALUES (char_to_uuid('f3ef7e48-d8b7-4030-b431-aff7e0e1cb76'), char_to_uuid('ee16a667-2085-440a-b1e7-4032d10b9f40'));--#!
INSERT INTO CD_SET_MEM_ASSOC_TBL (CD_ID, SET_ID) VALUES (char_to_uuid('31b0dfcb-d7ba-452a-98b9-45ebccd30732'), char_to_uuid('5285af4b-e060-41b7-99d9-fd8237e5aecf'));--#!
 INSERT INTO CD_SET_MEM_ASSOC_TBL (CD_ID, SET_ID) VALUES (char_to_uuid('31b0dfcb-d7ba-452a-98b9-45ebccd30732'), char_to_uuid('ee16a667-2085-440a-b1e7-4032d10b9f40'));--#!
INSERT INTO CD_SET_MEM_ASSOC_TBL (CD_ID, SET_ID) VALUES (char_to_uuid('9bbe0cfe-faab-4dc9-a28f-c001e3e95e6e'), char_to_uuid('5285af4b-e060-41b7-99d9-fd8237e5aecf'));--#!
 INSERT INTO CD_SET_MEM_ASSOC_TBL (CD_ID, SET_ID) VALUES (char_to_uuid('9bbe0cfe-faab-4dc9-a28f-c001e3e95e6e'), char_to_uuid('ee16a667-2085-440a-b1e7-4032d10b9f40'));--#!
INSERT INTO CD_SET_MEM_ASSOC_TBL (CD_ID, SET_ID) VALUES (char_to_uuid('f5547ada-1eb9-40bb-b163-081567d869e7'), char_to_uuid('5285af4b-e060-41b7-99d9-fd8237e5aecf'));--#!
 INSERT INTO CD_SET_MEM_ASSOC_TBL (CD_ID, SET_ID) VALUES (char_to_uuid('f5547ada-1eb9-40bb-b163-081567d869e7'), char_to_uuid('ee16a667-2085-440a-b1e7-4032d10b9f40'));--#!
INSERT INTO CD_SET_MEM_ASSOC_TBL (CD_ID, SET_ID) VALUES (char_to_uuid('703df8f4-b124-44c5-9506-1ab74ddfd91d'), char_to_uuid('5285af4b-e060-41b7-99d9-fd8237e5aecf'));--#!
 INSERT INTO CD_SET_MEM_ASSOC_TBL (CD_ID, SET_ID) VALUES (char_to_uuid('703df8f4-b124-44c5-9506-1ab74ddfd91d'), char_to_uuid('ee16a667-2085-440a-b1e7-4032d10b9f40'));--#!
INSERT INTO CD_SET_MEM_ASSOC_TBL (CD_ID, SET_ID) VALUES (char_to_uuid('ab39087c-17d3-421a-a1e3-2de4e0ab9faf'), char_to_uuid('5285af4b-e060-41b7-99d9-fd8237e5aecf'));--#!
 INSERT INTO CD_SET_MEM_ASSOC_TBL (CD_ID, SET_ID) VALUES (char_to_uuid('ab39087c-17d3-421a-a1e3-2de4e0ab9faf'), char_to_uuid('ee16a667-2085-440a-b1e7-4032d10b9f40'));--#!
INSERT INTO CD_SET_MEM_ASSOC_TBL (CD_ID, SET_ID) VALUES (char_to_uuid('9c02a621-8565-46b4-94ff-a2bd210989b1'), char_to_uuid('5285af4b-e060-41b7-99d9-fd8237e5aecf'));--#!
 INSERT INTO CD_SET_MEM_ASSOC_TBL (CD_ID, SET_ID) VALUES (char_to_uuid('9c02a621-8565-46b4-94ff-a2bd210989b1'), char_to_uuid('ee16a667-2085-440a-b1e7-4032d10b9f40'));--#!
INSERT INTO CD_SET_MEM_ASSOC_TBL (CD_ID, SET_ID) VALUES (char_to_uuid('5b0f8c93-57c9-4dff-b59a-9564739ef445'), char_to_uuid('5285af4b-e060-41b7-99d9-fd8237e5aecf'));--#!
 INSERT INTO CD_SET_MEM_ASSOC_TBL (CD_ID, SET_ID) VALUES (char_to_uuid('5b0f8c93-57c9-4dff-b59a-9564739ef445'), char_to_uuid('ee16a667-2085-440a-b1e7-4032d10b9f40'));--#!
INSERT INTO CD_SET_MEM_ASSOC_TBL (CD_ID, SET_ID) VALUES (char_to_uuid('c5c8b935-294f-4c90-9d81-cbf914bf5808'), char_to_uuid('5285af4b-e060-41b7-99d9-fd8237e5aecf'));--#!
 INSERT INTO CD_SET_MEM_ASSOC_TBL (CD_ID, SET_ID) VALUES (char_to_uuid('c5c8b935-294f-4c90-9d81-cbf914bf5808'), char_to_uuid('ee16a667-2085-440a-b1e7-4032d10b9f40'));--#!
INSERT INTO CD_SET_MEM_ASSOC_TBL (CD_ID, SET_ID) VALUES (char_to_uuid('6780df3b-afbd-44a3-8627-cbb3dc2f02f6'), char_to_uuid('5285af4b-e060-41b7-99d9-fd8237e5aecf'));--#!
 INSERT INTO CD_SET_MEM_ASSOC_TBL (CD_ID, SET_ID) VALUES (char_to_uuid('6780df3b-afbd-44a3-8627-cbb3dc2f02f6'), char_to_uuid('ee16a667-2085-440a-b1e7-4032d10b9f40'));--#!
INSERT INTO CD_SET_MEM_ASSOC_TBL (CD_ID, SET_ID) VALUES (char_to_uuid('d6657fdb-4ef3-4131-af79-14e01a21faca'), char_to_uuid('5285af4b-e060-41b7-99d9-fd8237e5aecf'));--#!
 INSERT INTO CD_SET_MEM_ASSOC_TBL (CD_ID, SET_ID) VALUES (char_to_uuid('d6657fdb-4ef3-4131-af79-14e01a21faca'), char_to_uuid('ee16a667-2085-440a-b1e7-4032d10b9f40'));--#!
INSERT INTO CD_SET_MEM_ASSOC_TBL (CD_ID, SET_ID) VALUES (char_to_uuid('77b6d8cd-05a0-4b1f-9e14-b895203bf40c'), char_to_uuid('5285af4b-e060-41b7-99d9-fd8237e5aecf'));--#!
 INSERT INTO CD_SET_MEM_ASSOC_TBL (CD_ID, SET_ID) VALUES (char_to_uuid('77b6d8cd-05a0-4b1f-9e14-b895203bf40c'), char_to_uuid('ee16a667-2085-440a-b1e7-4032d10b9f40'));--#!
INSERT INTO CD_SET_MEM_ASSOC_TBL (CD_ID, SET_ID) VALUES (char_to_uuid('117da15c-0864-4f00-a987-9b9854cba44e'), char_to_uuid('5285af4b-e060-41b7-99d9-fd8237e5aecf'));--#!
 INSERT INTO CD_SET_MEM_ASSOC_TBL (CD_ID, SET_ID) VALUES (char_to_uuid('117da15c-0864-4f00-a987-9b9854cba44e'), char_to_uuid('ee16a667-2085-440a-b1e7-4032d10b9f40'));--#!
INSERT INTO CD_SET_MEM_ASSOC_TBL (CD_ID, SET_ID) VALUES (char_to_uuid('abfd3fe8-9526-48fb-b366-35baca9bd170'), char_to_uuid('5285af4b-e060-41b7-99d9-fd8237e5aecf'));--#!
 INSERT INTO CD_SET_MEM_ASSOC_TBL (CD_ID, SET_ID) VALUES (char_to_uuid('abfd3fe8-9526-48fb-b366-35baca9bd170'), char_to_uuid('ee16a667-2085-440a-b1e7-4032d10b9f40'));--#!
INSERT INTO CD_SET_MEM_ASSOC_TBL (CD_ID, SET_ID) VALUES (char_to_uuid('20e98d17-e24d-4c64-b09e-521a177ccd05'), char_to_uuid('5285af4b-e060-41b7-99d9-fd8237e5aecf'));--#!
 INSERT INTO CD_SET_MEM_ASSOC_TBL (CD_ID, SET_ID) VALUES (char_to_uuid('20e98d17-e24d-4c64-b09e-521a177ccd05'), char_to_uuid('ee16a667-2085-440a-b1e7-4032d10b9f40'));--#!
INSERT INTO CD_SET_MEM_ASSOC_TBL (CD_ID, SET_ID) VALUES (char_to_uuid('ff34dfa7-c6d3-4f8b-bc9f-14bcdc13ba6c'), char_to_uuid('5285af4b-e060-41b7-99d9-fd8237e5aecf'));--#!
 INSERT INTO CD_SET_MEM_ASSOC_TBL (CD_ID, SET_ID) VALUES (char_to_uuid('ff34dfa7-c6d3-4f8b-bc9f-14bcdc13ba6c'), char_to_uuid('ee16a667-2085-440a-b1e7-4032d10b9f40'));--#!
INSERT INTO CD_SET_MEM_ASSOC_TBL (CD_ID, SET_ID) VALUES (char_to_uuid('455f1772-f580-47e8-86bd-b5ce25d351f9'), char_to_uuid('5285af4b-e060-41b7-99d9-fd8237e5aecf'));--#!
 INSERT INTO CD_SET_MEM_ASSOC_TBL (CD_ID, SET_ID) VALUES (char_to_uuid('455f1772-f580-47e8-86bd-b5ce25d351f9'), char_to_uuid('ee16a667-2085-440a-b1e7-4032d10b9f40'));--#!
INSERT INTO CD_SET_MEM_ASSOC_TBL (CD_ID, SET_ID) VALUES (char_to_uuid('41baf7aa-5ffd-4421-831f-42d4ab3de38a'), char_to_uuid('5285af4b-e060-41b7-99d9-fd8237e5aecf'));--#!
 INSERT INTO CD_SET_MEM_ASSOC_TBL (CD_ID, SET_ID) VALUES (char_to_uuid('41baf7aa-5ffd-4421-831f-42d4ab3de38a'), char_to_uuid('ee16a667-2085-440a-b1e7-4032d10b9f40'));--#!
INSERT INTO CD_SET_MEM_ASSOC_TBL (CD_ID, SET_ID) VALUES (char_to_uuid('c6b92576-1d62-4896-8799-6f931f8ab607'), char_to_uuid('5285af4b-e060-41b7-99d9-fd8237e5aecf'));--#!
 INSERT INTO CD_SET_MEM_ASSOC_TBL (CD_ID, SET_ID) VALUES (char_to_uuid('c6b92576-1d62-4896-8799-6f931f8ab607'), char_to_uuid('ee16a667-2085-440a-b1e7-4032d10b9f40'));--#!
INSERT INTO CD_SET_MEM_ASSOC_TBL (CD_ID, SET_ID) VALUES (char_to_uuid('08fff7d9-bac7-417b-b026-c9bee52f4a37'), char_to_uuid('5285af4b-e060-41b7-99d9-fd8237e5aecf'));--#!
 INSERT INTO CD_SET_MEM_ASSOC_TBL (CD_ID, SET_ID) VALUES (char_to_uuid('08fff7d9-bac7-417b-b026-c9bee52f4a37'), char_to_uuid('ee16a667-2085-440a-b1e7-4032d10b9f40'));--#!
INSERT INTO CD_SET_MEM_ASSOC_TBL (CD_ID, SET_ID) VALUES (char_to_uuid('639b4b8f-afd3-4963-9e79-ef0d3928796a'), char_to_uuid('5285af4b-e060-41b7-99d9-fd8237e5aecf'));--#!
 INSERT INTO CD_SET_MEM_ASSOC_TBL (CD_ID, SET_ID) VALUES (char_to_uuid('639b4b8f-afd3-4963-9e79-ef0d3928796a'), char_to_uuid('ee16a667-2085-440a-b1e7-4032d10b9f40'));--#!
INSERT INTO CD_SET_MEM_ASSOC_TBL (CD_ID, SET_ID) VALUES (char_to_uuid('845120de-e6f7-4cec-94aa-e6e943c91367'), char_to_uuid('5285af4b-e060-41b7-99d9-fd8237e5aecf'));--#!
 INSERT INTO CD_SET_MEM_ASSOC_TBL (CD_ID, SET_ID) VALUES (char_to_uuid('845120de-e6f7-4cec-94aa-e6e943c91367'), char_to_uuid('ee16a667-2085-440a-b1e7-4032d10b9f40'));--#!
INSERT INTO CD_SET_MEM_ASSOC_TBL (CD_ID, SET_ID) VALUES (char_to_uuid('b2feb552-8eaf-45fe-a397-f789d6f4728a'), char_to_uuid('5285af4b-e060-41b7-99d9-fd8237e5aecf'));--#!
 INSERT INTO CD_SET_MEM_ASSOC_TBL (CD_ID, SET_ID) VALUES (char_to_uuid('b2feb552-8eaf-45fe-a397-f789d6f4728a'), char_to_uuid('ee16a667-2085-440a-b1e7-4032d10b9f40'));--#!
INSERT INTO CD_SET_MEM_ASSOC_TBL (CD_ID, SET_ID) VALUES (char_to_uuid('212b1b6b-b074-4a75-862d-e4e194252044'), char_to_uuid('5285af4b-e060-41b7-99d9-fd8237e5aecf'));--#!
 INSERT INTO CD_SET_MEM_ASSOC_TBL (CD_ID, SET_ID) VALUES (char_to_uuid('212b1b6b-b074-4a75-862d-e4e194252044'), char_to_uuid('ee16a667-2085-440a-b1e7-4032d10b9f40'));--#!
INSERT INTO CD_SET_MEM_ASSOC_TBL (CD_ID, SET_ID) VALUES (char_to_uuid('bce17b21-05b2-4f02-bf7a-c6d3561aa948'), char_to_uuid('5285af4b-e060-41b7-99d9-fd8237e5aecf'));--#!
 INSERT INTO CD_SET_MEM_ASSOC_TBL (CD_ID, SET_ID) VALUES (char_to_uuid('bce17b21-05b2-4f02-bf7a-c6d3561aa948'), char_to_uuid('ee16a667-2085-440a-b1e7-4032d10b9f40'));--#!
INSERT INTO CD_SET_MEM_ASSOC_TBL (CD_ID, SET_ID) VALUES (char_to_uuid('cff670e4-965e-4288-b966-47a44479d2ad'), char_to_uuid('5285af4b-e060-41b7-99d9-fd8237e5aecf'));--#!
 INSERT INTO CD_SET_MEM_ASSOC_TBL (CD_ID, SET_ID) VALUES (char_to_uuid('cff670e4-965e-4288-b966-47a44479d2ad'), char_to_uuid('ee16a667-2085-440a-b1e7-4032d10b9f40'));--#!
INSERT INTO CD_SET_MEM_ASSOC_TBL (CD_ID, SET_ID) VALUES (char_to_uuid('020c28a0-7c52-42f4-a046-db9e329d5a42'), char_to_uuid('5285af4b-e060-41b7-99d9-fd8237e5aecf'));--#!
 INSERT INTO CD_SET_MEM_ASSOC_TBL (CD_ID, SET_ID) VALUES (char_to_uuid('020c28a0-7c52-42f4-a046-db9e329d5a42'), char_to_uuid('ee16a667-2085-440a-b1e7-4032d10b9f40'));--#!
INSERT INTO CD_SET_MEM_ASSOC_TBL (CD_ID, SET_ID) VALUES (char_to_uuid('ca44a469-81d7-4484-9189-ca1d55afecbc'), char_to_uuid('62c5fde0-a3aa-45df-94e9-242f4451644a'));--#!
INSERT INTO CD_SET_MEM_ASSOC_TBL (CD_ID, SET_ID) VALUES (char_to_uuid('d874424e-c692-4fd8-b94e-642e1cbf83e9'), char_to_uuid('62c5fde0-a3aa-45df-94e9-242f4451644a'));--#!
INSERT INTO CD_SET_MEM_ASSOC_TBL (CD_ID, SET_ID) VALUES (char_to_uuid('03eb7808-0851-49e2-b773-663b0ac2bd38'), char_to_uuid('62c5fde0-a3aa-45df-94e9-242f4451644a'));--#!
INSERT INTO CD_SET_MEM_ASSOC_TBL (CD_ID, SET_ID) VALUES (char_to_uuid('1571297b-86ed-4002-8b40-13403cba68ab'), char_to_uuid('62c5fde0-a3aa-45df-94e9-242f4451644a'));--#!
INSERT INTO CD_SET_MEM_ASSOC_TBL (CD_ID, SET_ID) VALUES (char_to_uuid('192f1768-d39e-409d-87be-5afd0ee0d1fe'), char_to_uuid('62c5fde0-a3aa-45df-94e9-242f4451644a'));--#!
INSERT INTO CD_SET_MEM_ASSOC_TBL (CD_ID, SET_ID) VALUES (char_to_uuid('06af93c0-08fc-4df4-b084-190d680331e0'), char_to_uuid('62c5fde0-a3aa-45df-94e9-242f4451644a'));--#!
INSERT INTO CD_SET_MEM_ASSOC_TBL (CD_ID, SET_ID) VALUES (char_to_uuid('6be8d358-f591-4a3a-9a57-1889b0147c7e'), char_to_uuid('62c5fde0-a3aa-45df-94e9-242f4451644a'));--#!
INSERT INTO CD_SET_MEM_ASSOC_TBL (CD_ID, SET_ID) VALUES (char_to_uuid('7eae32b1-27ae-4e78-909b-9f7d07e1c446'), char_to_uuid('62c5fde0-a3aa-45df-94e9-242f4451644a'));--#!
INSERT INTO CD_SET_MEM_ASSOC_TBL (CD_ID, SET_ID) VALUES (char_to_uuid('61677f76-dc05-466d-91de-47efc8e7a3e6'), char_to_uuid('62c5fde0-a3aa-45df-94e9-242f4451644a'));--#!
INSERT INTO CD_SET_MEM_ASSOC_TBL (CD_ID, SET_ID) VALUES (char_to_uuid('676de278-64aa-44f2-9b69-60d61fc1f5f5'), char_to_uuid('62c5fde0-a3aa-45df-94e9-242f4451644a'));--#!
INSERT INTO CD_SET_MEM_ASSOC_TBL (CD_ID, SET_ID) VALUES (char_to_uuid('d38091b5-9065-4721-8a1f-bfbb3b4bf447'), char_to_uuid('62c5fde0-a3aa-45df-94e9-242f4451644a'));--#!
INSERT INTO CD_SET_MEM_ASSOC_TBL (CD_ID, SET_ID) VALUES (char_to_uuid('3b14a426-6337-4f2a-b83b-e6be7dbcd5a5'), char_to_uuid('e6a8e44f-0a57-4ebd-80a9-5c53b7a03d76'));--#!
INSERT INTO CD_SET_MEM_ASSOC_TBL (CD_ID, SET_ID) VALUES (char_to_uuid('13925967-e748-4dd6-b562-1e1da3ddfb06'), char_to_uuid('e6a8e44f-0a57-4ebd-80a9-5c53b7a03d76'));--#!
INSERT INTO CD_SET_MEM_ASSOC_TBL (CD_ID, SET_ID) VALUES (char_to_uuid('099bcc5e-8e2f-4d50-b509-9f9d5bbeb58e'), char_to_uuid('e6a8e44f-0a57-4ebd-80a9-5c53b7a03d76'));--#!
INSERT INTO CD_SET_MEM_ASSOC_TBL (CD_ID, SET_ID) VALUES (char_to_uuid('acf7baf2-221f-4bc2-8116-ceb5165be079'), char_to_uuid('e6a8e44f-0a57-4ebd-80a9-5c53b7a03d76'));--#!
INSERT INTO CD_SET_MEM_ASSOC_TBL (CD_ID, SET_ID) VALUES (char_to_uuid('dc3df205-18ef-4854-ac00-68c295c9c744'), char_to_uuid('cf686a21-86e5-41e7-af07-0016a054227a'));--#!
INSERT INTO CD_SET_MEM_ASSOC_TBL (CD_ID, SET_ID) VALUES (char_to_uuid('d1578637-e1cb-415e-b319-4011da033813'), char_to_uuid('cf686a21-86e5-41e7-af07-0016a054227a'));--#!
INSERT INTO CD_SET_MEM_ASSOC_TBL (CD_ID, SET_ID) VALUES (char_to_uuid('db2ae02a-ff12-4c1b-9c5b-ecdd41af8583'), char_to_uuid('cf686a21-86e5-41e7-af07-0016a054227a'));--#!
INSERT INTO CD_SET_MEM_ASSOC_TBL (CD_ID, SET_ID) VALUES (char_to_uuid('81b6a0f8-b86a-495f-9d5d-8a4073fdd882'), char_to_uuid('cf686a21-86e5-41e7-af07-0016a054227a'));--#!
INSERT INTO CD_SET_MEM_ASSOC_TBL (CD_ID, SET_ID) VALUES (char_to_uuid('57d81685-e399-4abd-8744-96454188a9fa'), char_to_uuid('cf686a21-86e5-41e7-af07-0016a054227a'));--#!
INSERT INTO CD_SET_MEM_ASSOC_TBL (CD_ID, SET_ID) VALUES (char_to_uuid('8dbeac94-cccb-4412-a990-09bab26dd048'), char_to_uuid('cf686a21-86e5-41e7-af07-0016a054227a'));--#!
INSERT INTO CD_SET_MEM_ASSOC_TBL (CD_ID, SET_ID) VALUES (char_to_uuid('22918d17-d3dc-4135-a003-4c1c52e57e75'), char_to_uuid('cf686a21-86e5-41e7-af07-0016a054227a'));--#!
INSERT INTO CD_SET_MEM_ASSOC_TBL (CD_ID, SET_ID) VALUES (char_to_uuid('8fce259a-b859-4ae3-8160-0221f6ab1650'), char_to_uuid('cf686a21-86e5-41e7-af07-0016a054227a'));--#!
INSERT INTO CD_SET_MEM_ASSOC_TBL (CD_ID, SET_ID) VALUES (char_to_uuid('55da61a2-7b86-47f3-9b0b-ba47dc99c950'), char_to_uuid('cf686a21-86e5-41e7-af07-0016a054227a'));--#!
INSERT INTO CD_SET_MEM_ASSOC_TBL (CD_ID, SET_ID) VALUES (char_to_uuid('c66d7ca9-c6c2-46b1-9276-ad76baf04b07'), char_to_uuid('cf686a21-86e5-41e7-af07-0016a054227a'));--#!
INSERT INTO CD_SET_MEM_ASSOC_TBL (CD_ID, SET_ID) VALUES (char_to_uuid('3209e3f1-2258-4b63-8182-2c888da66cf0'), char_to_uuid('cf686a21-86e5-41e7-af07-0016a054227a'));--#!
INSERT INTO CD_SET_MEM_ASSOC_TBL (CD_ID, SET_ID) VALUES (char_to_uuid('9871c3bc-b57a-479d-a031-7b56cb06fa84'), char_to_uuid('cf686a21-86e5-41e7-af07-0016a054227a'));--#!
INSERT INTO CD_SET_MEM_ASSOC_TBL (CD_ID, SET_ID) VALUES (char_to_uuid('ffc6e905-161d-4c0b-8cde-a04e9e9d0cd5'), char_to_uuid('cf686a21-86e5-41e7-af07-0016a054227a'));--#!
INSERT INTO CD_SET_MEM_ASSOC_TBL (CD_ID, SET_ID) VALUES (char_to_uuid('ebf9ac10-b5c9-407a-91a4-360bfb7e0fb9'), char_to_uuid('cf686a21-86e5-41e7-af07-0016a054227a'));--#!
INSERT INTO CD_SET_MEM_ASSOC_TBL (CD_ID, SET_ID) VALUES (char_to_uuid('c46eee70-5612-473f-8d24-595ea15c9c39'), char_to_uuid('e6a8e44f-0a57-4ebd-80a9-5c53b7a03d76'));--#!
INSERT INTO CD_SET_MEM_ASSOC_TBL (CD_ID, SET_ID) VALUES (char_to_uuid('0395f357-6821-4562-8192-49ac3c94f548'), char_to_uuid('e6a8e44f-0a57-4ebd-80a9-5c53b7a03d76'));--#!
INSERT INTO CD_SET_MEM_ASSOC_TBL (CD_ID, SET_ID) VALUES (char_to_uuid('c46eee70-5612-473f-8d24-595ea15c9c39'), char_to_uuid('bc774faf-3893-44e9-b68d-5029077d5120'));--#!
INSERT INTO CD_SET_MEM_ASSOC_TBL (CD_ID, SET_ID) VALUES (char_to_uuid('0395f357-6821-4562-8192-49ac3c94f548'), char_to_uuid('bc774faf-3893-44e9-b68d-5029077d5120'));--#!
INSERT INTO CD_SET_MEM_ASSOC_TBL (CD_ID, SET_ID) VALUES (char_to_uuid('ec74541f-87c4-4327-a4b9-97f325501747'), char_to_uuid('bc774faf-3893-44e9-b68d-5029077d5120'));--#!
INSERT INTO CD_SET_MEM_ASSOC_TBL (CD_ID, SET_ID) VALUES (char_to_uuid('099bcc5e-8e2f-4d50-b509-9f9d5bbeb58e'), char_to_uuid('bc774faf-3893-44e9-b68d-5029077d5120'));--#!
INSERT INTO CD_SET_MEM_ASSOC_TBL (CD_ID, SET_ID) VALUES (char_to_uuid('acf7baf2-221f-4bc2-8116-ceb5165be079'), char_to_uuid('bc774faf-3893-44e9-b68d-5029077d5120'));--#!
INSERT INTO CD_SET_MEM_ASSOC_TBL (CD_ID, SET_ID) VALUES (char_to_uuid('3b14a426-6337-4f2a-b83b-e6be7dbcd5a5'), char_to_uuid('bc774faf-3893-44e9-b68d-5029077d5120'));--#!
INSERT INTO CD_SET_MEM_ASSOC_TBL (CD_ID, SET_ID) VALUES (char_to_uuid('12ff7ad6-0acd-4bba-a624-c7a03d3f8a6b'), char_to_uuid('592431f5-bbbd-44d6-9c63-5a80a410c738'));--#!
INSERT INTO CD_SET_MEM_ASSOC_TBL (CD_ID, SET_ID) VALUES (char_to_uuid('e5136fdf-ce72-4757-a1cc-24e1cc98f034'), char_to_uuid('592431f5-bbbd-44d6-9c63-5a80a410c738'));--#!
INSERT INTO CD_SET_MEM_ASSOC_TBL (CD_ID, SET_ID) VALUES (char_to_uuid('baa88534-dc79-4942-90cd-e047ba24f34f'), char_to_uuid('592431f5-bbbd-44d6-9c63-5a80a410c738'));--#!
INSERT INTO CD_SET_MEM_ASSOC_TBL (CD_ID, SET_ID) VALUES (char_to_uuid('4a287bfc-72ca-46b6-9d34-380eeae9369a'), char_to_uuid('3ec943d0-10be-415b-bc3a-dfa459738707'));--#!
INSERT INTO CD_SET_MEM_ASSOC_TBL (CD_ID, SET_ID) VALUES (char_to_uuid('71751e65-cc30-4080-85de-5c19d5201772'), char_to_uuid('3ec943d0-10be-415b-bc3a-dfa459738707'));--#!
INSERT INTO CD_SET_MEM_ASSOC_TBL (CD_ID, SET_ID) VALUES (char_to_uuid('7fd001e8-5451-4a48-b5b6-da5928dce03f'), char_to_uuid('3ec943d0-10be-415b-bc3a-dfa459738707'));--#!
INSERT INTO CD_SET_MEM_ASSOC_TBL (CD_ID, SET_ID) VALUES (char_to_uuid('8be192e3-971a-4c3c-b795-554b0b5ad672'), char_to_uuid('3ec943d0-10be-415b-bc3a-dfa459738707'));--#!
INSERT INTO CD_SET_MEM_ASSOC_TBL (CD_ID, SET_ID) VALUES (char_to_uuid('59e13f51-0cca-433e-8a45-8ec24b332ece'), char_to_uuid('3ec943d0-10be-415b-bc3a-dfa459738707'));--#!
INSERT INTO CD_SET_MEM_ASSOC_TBL (CD_ID, SET_ID) VALUES (char_to_uuid('2be66881-87e1-4173-b950-5534334ee08b'), char_to_uuid('3ec943d0-10be-415b-bc3a-dfa459738707'));--#!
INSERT INTO CD_SET_MEM_ASSOC_TBL (CD_ID, SET_ID) VALUES (char_to_uuid('04c76563-0e0b-49c4-9664-6eb3cbd771d1'), char_to_uuid('3ec943d0-10be-415b-bc3a-dfa459738707'));--#!
INSERT INTO CD_SET_MEM_ASSOC_TBL (CD_ID, SET_ID) VALUES (char_to_uuid('bd98bfb8-c621-48ec-919e-65a65e334d37'), char_to_uuid('3ec943d0-10be-415b-bc3a-dfa459738707'));--#!
INSERT INTO CD_SET_MEM_ASSOC_TBL (CD_ID, SET_ID) VALUES (char_to_uuid('2d0d7c33-c3a0-497a-92d8-d27095f1e2e7'), char_to_uuid('3ec943d0-10be-415b-bc3a-dfa459738707'));--#!
INSERT INTO CD_SET_MEM_ASSOC_TBL (CD_ID, SET_ID) VALUES (char_to_uuid('3fe3c67e-eb5a-4540-bdcd-5ae2a5ffbbef'), char_to_uuid('3ec943d0-10be-415b-bc3a-dfa459738707'));--#!
INSERT INTO CD_SET_MEM_ASSOC_TBL (CD_ID, SET_ID) VALUES (char_to_uuid('a5e71f54-ce6c-48f4-8da5-f8c61b04b7cf'), char_to_uuid('3ec943d0-10be-415b-bc3a-dfa459738707'));--#!
INSERT INTO CD_SET_MEM_ASSOC_TBL (CD_ID, SET_ID) VALUES (char_to_uuid('0413798d-4017-487a-9a8f-ddf40a21f48c'), char_to_uuid('3ec943d0-10be-415b-bc3a-dfa459738707'));--#!
INSERT INTO CD_SET_MEM_ASSOC_TBL (CD_ID, SET_ID) VALUES (char_to_uuid('231c88d8-2989-48f9-8ad7-df27adce9948'), char_to_uuid('3ec943d0-10be-415b-bc3a-dfa459738707'));--#!
INSERT INTO CD_SET_MEM_ASSOC_TBL (CD_ID, SET_ID) VALUES (char_to_uuid('c8581ff7-7699-4788-84dd-d6b28edfa919'), char_to_uuid('3ec943d0-10be-415b-bc3a-dfa459738707'));--#!
INSERT INTO CD_SET_MEM_ASSOC_TBL (CD_ID, SET_ID) VALUES (char_to_uuid('0c1af2f0-6162-4758-b532-ecece14d5a24'), char_to_uuid('3ec943d0-10be-415b-bc3a-dfa459738707'));--#!
INSERT INTO CD_SET_MEM_ASSOC_TBL (CD_ID, SET_ID) VALUES (char_to_uuid('b83c798b-1b67-47d8-9353-7a8687967a63'), char_to_uuid('3ec943d0-10be-415b-bc3a-dfa459738707'));--#!
INSERT INTO CD_SET_MEM_ASSOC_TBL (CD_ID, SET_ID) VALUES (char_to_uuid('a8d497c5-c68c-4bdd-b833-1202735ba0ac'), char_to_uuid('3ec943d0-10be-415b-bc3a-dfa459738707'));--#!
INSERT INTO CD_SET_MEM_ASSOC_TBL (CD_ID, SET_ID) VALUES (char_to_uuid('52aa67c9-4589-4d43-99fc-0e3da3b116e9'), char_to_uuid('3ec943d0-10be-415b-bc3a-dfa459738707'));--#!
INSERT INTO CD_SET_MEM_ASSOC_TBL (CD_ID, SET_ID) VALUES (char_to_uuid('b2f4bc37-b7f5-4836-86f5-500d72a552d0'), char_to_uuid('3ec943d0-10be-415b-bc3a-dfa459738707'));--#!
INSERT INTO CD_SET_MEM_ASSOC_TBL (CD_ID, SET_ID) VALUES (char_to_uuid('8f46d9b3-1a30-4092-b3ed-c1bc0c4189b7'), char_to_uuid('3ec943d0-10be-415b-bc3a-dfa459738707'));--#!
INSERT INTO CD_SET_MEM_ASSOC_TBL (CD_ID, SET_ID) VALUES (char_to_uuid('50a89363-3f59-4271-85fd-f79e8ac11f41'), char_to_uuid('3ec943d0-10be-415b-bc3a-dfa459738707'));--#!
INSERT INTO CD_SET_MEM_ASSOC_TBL (CD_ID, SET_ID) VALUES (char_to_uuid('dd5a11f6-91f8-44d2-aef1-7ad8f5b690a2'), char_to_uuid('3ec943d0-10be-415b-bc3a-dfa459738707'));--#!
INSERT INTO CD_SET_MEM_ASSOC_TBL (CD_ID, SET_ID) VALUES (char_to_uuid('5dc02c7b-88d9-4167-a0c7-3ebbe67ec625'), char_to_uuid('3ec943d0-10be-415b-bc3a-dfa459738707'));--#!
INSERT INTO CD_SET_MEM_ASSOC_TBL (CD_ID, SET_ID) VALUES (char_to_uuid('01afa2d5-ef17-4f41-83d4-b166308e998f'), char_to_uuid('3ec943d0-10be-415b-bc3a-dfa459738707'));--#!
INSERT INTO CD_SET_MEM_ASSOC_TBL (CD_ID, SET_ID) VALUES (char_to_uuid('401b25e9-6096-4fe0-8fea-d7eb40e37592'), char_to_uuid('3ec943d0-10be-415b-bc3a-dfa459738707'));--#!
INSERT INTO CD_SET_MEM_ASSOC_TBL (CD_ID, SET_ID) VALUES (char_to_uuid('ea397b83-59af-4d7a-93f8-71e615072aae'), char_to_uuid('3ec943d0-10be-415b-bc3a-dfa459738707'));--#!
INSERT INTO CD_SET_MEM_ASSOC_TBL (CD_ID, SET_ID) VALUES (char_to_uuid('be912792-f637-4373-a48d-6c9f838191e2'), char_to_uuid('3ec943d0-10be-415b-bc3a-dfa459738707'));--#!
INSERT INTO CD_SET_MEM_ASSOC_TBL (CD_ID, SET_ID) VALUES (char_to_uuid('ec8a162b-81f7-4388-b695-e998369c2425'), char_to_uuid('3ec943d0-10be-415b-bc3a-dfa459738707'));--#!
INSERT INTO CD_SET_MEM_ASSOC_TBL (CD_ID, SET_ID) VALUES (char_to_uuid('69c13f8a-29e2-410b-b5ad-f616f7191b14'), char_to_uuid('3ec943d0-10be-415b-bc3a-dfa459738707'));--#!
INSERT INTO CD_SET_MEM_ASSOC_TBL (CD_ID, SET_ID) VALUES (char_to_uuid('41ae57b4-5f5f-49e5-8c77-4ba7969ff469'), char_to_uuid('3ec943d0-10be-415b-bc3a-dfa459738707'));--#!
INSERT INTO CD_SET_MEM_ASSOC_TBL (CD_ID, SET_ID) VALUES (char_to_uuid('70797990-396d-4542-90a2-7f5f1abf0ad1'), char_to_uuid('3ec943d0-10be-415b-bc3a-dfa459738707'));--#!
INSERT INTO CD_SET_MEM_ASSOC_TBL (CD_ID, SET_ID) VALUES (char_to_uuid('3e0ea001-123e-49a4-b28c-939e5d5ea488'), char_to_uuid('3ec943d0-10be-415b-bc3a-dfa459738707'));--#!
INSERT INTO CD_SET_MEM_ASSOC_TBL (CD_ID, SET_ID) VALUES (char_to_uuid('84223e9b-3217-404d-ad47-3ef9bde43dcb'), char_to_uuid('3ec943d0-10be-415b-bc3a-dfa459738707'));--#!
INSERT INTO CD_SET_MEM_ASSOC_TBL (CD_ID, SET_ID) VALUES (char_to_uuid('efc391b0-4d74-46e4-91e6-c03f315555e2'), char_to_uuid('3ec943d0-10be-415b-bc3a-dfa459738707'));--#!
INSERT INTO CD_SET_MEM_ASSOC_TBL (CD_ID, SET_ID) VALUES (char_to_uuid('2feab4d2-6bd5-4da8-9057-82ff9bf6a1bc'), char_to_uuid('3ec943d0-10be-415b-bc3a-dfa459738707'));--#!
INSERT INTO CD_SET_MEM_ASSOC_TBL (CD_ID, SET_ID) VALUES (char_to_uuid('2fb4dfbc-64dd-4668-b2e5-0d5c743c9a9f'), char_to_uuid('3ec943d0-10be-415b-bc3a-dfa459738707'));--#!
INSERT INTO CD_SET_MEM_ASSOC_TBL (CD_ID, SET_ID) VALUES (char_to_uuid('4e9dbe60-3e4e-4074-a432-0bb4e47eb62d'), char_to_uuid('3ec943d0-10be-415b-bc3a-dfa459738707'));--#!
INSERT INTO CD_SET_MEM_ASSOC_TBL (CD_ID, SET_ID) VALUES (char_to_uuid('958a0b33-c3d7-47ef-9596-59eee434eb2d'), char_to_uuid('3ec943d0-10be-415b-bc3a-dfa459738707'));--#!
INSERT INTO CD_SET_MEM_ASSOC_TBL (CD_ID, SET_ID) VALUES (char_to_uuid('17cd1669-5aaf-4960-bd23-988209eba352'), char_to_uuid('3ec943d0-10be-415b-bc3a-dfa459738707'));--#!
INSERT INTO CD_SET_MEM_ASSOC_TBL (CD_ID, SET_ID) VALUES (char_to_uuid('e7bde797-deac-4c63-9f61-1ddbd38b98f3'), char_to_uuid('3ec943d0-10be-415b-bc3a-dfa459738707'));--#!
INSERT INTO CD_SET_MEM_ASSOC_TBL (CD_ID, SET_ID) VALUES (char_to_uuid('1d570bba-8242-4fdb-bd63-c2e7601a64c6'), char_to_uuid('3ec943d0-10be-415b-bc3a-dfa459738707'));--#!
INSERT INTO CD_SET_MEM_ASSOC_TBL (CD_ID, SET_ID) VALUES (char_to_uuid('091780d7-cd81-4c15-a082-fd969b5baf85'), char_to_uuid('3ec943d0-10be-415b-bc3a-dfa459738707'));--#!
INSERT INTO CD_SET_MEM_ASSOC_TBL (CD_ID, SET_ID) VALUES (char_to_uuid('ff15da84-64e6-47be-95c2-3c5f4629913a'), char_to_uuid('3ec943d0-10be-415b-bc3a-dfa459738707'));--#!
INSERT INTO CD_SET_MEM_ASSOC_TBL (CD_ID, SET_ID) VALUES (char_to_uuid('2beefd30-62af-40e4-83ec-127f3fb6834a'), char_to_uuid('3ec943d0-10be-415b-bc3a-dfa459738707'));--#!
INSERT INTO CD_SET_MEM_ASSOC_TBL (CD_ID, SET_ID) VALUES (char_to_uuid('f292cfc1-e4d1-483f-b67b-b2367bb53451'), char_to_uuid('3ec943d0-10be-415b-bc3a-dfa459738707'));--#!
INSERT INTO CD_SET_MEM_ASSOC_TBL (CD_ID, SET_ID) VALUES (char_to_uuid('0aac5109-30ae-4b49-a780-735cc77218ee'), char_to_uuid('3ec943d0-10be-415b-bc3a-dfa459738707'));--#!
INSERT INTO CD_SET_MEM_ASSOC_TBL (CD_ID, SET_ID) VALUES (char_to_uuid('1969675c-017e-480f-b0a8-33a03d4b4068'), char_to_uuid('3ec943d0-10be-415b-bc3a-dfa459738707'));--#!
INSERT INTO CD_SET_MEM_ASSOC_TBL (CD_ID, SET_ID) VALUES (char_to_uuid('2959b0d3-15a1-4672-9d07-4ece0497bdc5'), char_to_uuid('3ec943d0-10be-415b-bc3a-dfa459738707'));--#!
INSERT INTO CD_SET_MEM_ASSOC_TBL (CD_ID, SET_ID) VALUES (char_to_uuid('5c04ef87-0ca3-4bd9-9b7f-4c2d41101535'), char_to_uuid('3ec943d0-10be-415b-bc3a-dfa459738707'));--#!
INSERT INTO CD_SET_MEM_ASSOC_TBL (CD_ID, SET_ID) VALUES (char_to_uuid('c8d5ab21-0a0a-4e19-9209-d0b23e06c1b1'), char_to_uuid('3ec943d0-10be-415b-bc3a-dfa459738707'));--#!
INSERT INTO CD_SET_MEM_ASSOC_TBL (CD_ID, SET_ID) VALUES (char_to_uuid('4d1f6130-c060-4f8c-8eb3-c1dba2b0db81'), char_to_uuid('3ec943d0-10be-415b-bc3a-dfa459738707'));--#!
INSERT INTO CD_SET_MEM_ASSOC_TBL (CD_ID, SET_ID) VALUES (char_to_uuid('c3000962-275e-4ccc-9bc9-4dd9525bb9c7'), char_to_uuid('3ec943d0-10be-415b-bc3a-dfa459738707'));--#!
INSERT INTO CD_SET_MEM_ASSOC_TBL (CD_ID, SET_ID) VALUES (char_to_uuid('fedc3216-fd31-498f-ae54-d95296a73636'), char_to_uuid('3ec943d0-10be-415b-bc3a-dfa459738707'));--#!
INSERT INTO CD_SET_MEM_ASSOC_TBL (CD_ID, SET_ID) VALUES (char_to_uuid('2e34005b-7176-42be-81e1-67b63f68b4cd'), char_to_uuid('3ec943d0-10be-415b-bc3a-dfa459738707'));--#!
INSERT INTO CD_SET_MEM_ASSOC_TBL (CD_ID, SET_ID) VALUES (char_to_uuid('0ef206eb-189a-4fd8-965c-6044ac8854b8'), char_to_uuid('3ec943d0-10be-415b-bc3a-dfa459738707'));--#!
INSERT INTO CD_SET_MEM_ASSOC_TBL (CD_ID, SET_ID) VALUES (char_to_uuid('ebd2fa4c-a441-4429-aac6-68d46d8c96bf'), char_to_uuid('3ec943d0-10be-415b-bc3a-dfa459738707'));--#!
INSERT INTO CD_SET_MEM_ASSOC_TBL (CD_ID, SET_ID) VALUES (char_to_uuid('612d1915-8faf-475d-a190-6902591eb6dc'), char_to_uuid('3ec943d0-10be-415b-bc3a-dfa459738707'));--#!
INSERT INTO CD_SET_MEM_ASSOC_TBL (CD_ID, SET_ID) VALUES (char_to_uuid('f8e9f0f1-d321-4638-a3a8-043511eaecfc'), char_to_uuid('3ec943d0-10be-415b-bc3a-dfa459738707'));--#!
INSERT INTO CD_SET_MEM_ASSOC_TBL (CD_ID, SET_ID) VALUES (char_to_uuid('cebefd83-e366-4264-ba13-70cfb2b4cdb2'), char_to_uuid('3ec943d0-10be-415b-bc3a-dfa459738707'));--#!
INSERT INTO CD_SET_MEM_ASSOC_TBL (CD_ID, SET_ID) VALUES (char_to_uuid('95d190e8-2282-4ac8-a53a-02b49d9d3a8c'), char_to_uuid('3ec943d0-10be-415b-bc3a-dfa459738707'));--#!
INSERT INTO CD_SET_MEM_ASSOC_TBL (CD_ID, SET_ID) VALUES (char_to_uuid('4ea572f0-c86d-4839-bd45-344285157c92'), char_to_uuid('3ec943d0-10be-415b-bc3a-dfa459738707'));--#!
INSERT INTO CD_SET_MEM_ASSOC_TBL (CD_ID, SET_ID) VALUES (char_to_uuid('86ec6fc5-b952-4e4e-8407-aa3369aa5d51'), char_to_uuid('3ec943d0-10be-415b-bc3a-dfa459738707'));--#!
INSERT INTO CD_SET_MEM_ASSOC_TBL (CD_ID, SET_ID) VALUES (char_to_uuid('415d4872-5cd5-4030-b4b8-677959a2dd1a'), char_to_uuid('3ec943d0-10be-415b-bc3a-dfa459738707'));--#!
INSERT INTO CD_SET_MEM_ASSOC_TBL (CD_ID, SET_ID) VALUES (char_to_uuid('d4c77cd9-eed8-4462-9a44-2ab5af40b711'), char_to_uuid('3ec943d0-10be-415b-bc3a-dfa459738707'));--#!
INSERT INTO CD_SET_MEM_ASSOC_TBL (CD_ID, SET_ID) VALUES (char_to_uuid('3c7d6dbe-3dd0-4dcc-917d-d932375c021e'), char_to_uuid('3ec943d0-10be-415b-bc3a-dfa459738707'));--#!
INSERT INTO CD_SET_MEM_ASSOC_TBL (CD_ID, SET_ID) VALUES (char_to_uuid('65d1d69d-892c-4961-8379-91c5aa70d16e'), char_to_uuid('3ec943d0-10be-415b-bc3a-dfa459738707'));--#!
INSERT INTO CD_SET_MEM_ASSOC_TBL (CD_ID, SET_ID) VALUES (char_to_uuid('ed267443-26fc-4e5f-9647-0c0ab3ad5696'), char_to_uuid('3ec943d0-10be-415b-bc3a-dfa459738707'));--#!
INSERT INTO CD_SET_MEM_ASSOC_TBL (CD_ID, SET_ID) VALUES (char_to_uuid('71f4edb8-ff9f-4136-bb66-efee62ce4a74'), char_to_uuid('3ec943d0-10be-415b-bc3a-dfa459738707'));--#!
INSERT INTO CD_SET_MEM_ASSOC_TBL (CD_ID, SET_ID) VALUES (char_to_uuid('6c7c4cbc-5519-463b-b23d-31dc0238b172'), char_to_uuid('3ec943d0-10be-415b-bc3a-dfa459738707'));--#!
INSERT INTO CD_SET_MEM_ASSOC_TBL (CD_ID, SET_ID) VALUES (char_to_uuid('caf15d91-dcaf-4201-88bb-1f41d116d01c'), char_to_uuid('3ec943d0-10be-415b-bc3a-dfa459738707'));--#!
INSERT INTO CD_SET_MEM_ASSOC_TBL (CD_ID, SET_ID) VALUES (char_to_uuid('d47b92c2-ae09-4d13-bc45-2d545706e731'), char_to_uuid('3ec943d0-10be-415b-bc3a-dfa459738707'));--#!
INSERT INTO CD_SET_MEM_ASSOC_TBL (CD_ID, SET_ID) VALUES (char_to_uuid('928da1ae-db55-450f-8129-73e7d1218653'), char_to_uuid('3ec943d0-10be-415b-bc3a-dfa459738707'));--#!
INSERT INTO CD_SET_MEM_ASSOC_TBL (CD_ID, SET_ID) VALUES (char_to_uuid('ea99e6e9-ba42-4f8f-b0f7-cfb46b5df629'), char_to_uuid('3ec943d0-10be-415b-bc3a-dfa459738707'));--#!
INSERT INTO CD_SET_MEM_ASSOC_TBL (CD_ID, SET_ID) VALUES (char_to_uuid('abb0bfaa-3082-4294-b8f6-5e9ec041b5a0'), char_to_uuid('3ec943d0-10be-415b-bc3a-dfa459738707'));--#!
INSERT INTO CD_SET_MEM_ASSOC_TBL (CD_ID, SET_ID) VALUES (char_to_uuid('0b8f2f1c-190b-4596-8912-88d21d367ee1'), char_to_uuid('3ec943d0-10be-415b-bc3a-dfa459738707'));--#!
INSERT INTO CD_SET_MEM_ASSOC_TBL (CD_ID, SET_ID) VALUES (char_to_uuid('a54a0e82-a7fa-4a9c-b36f-39e976bbe29a'), char_to_uuid('3ec943d0-10be-415b-bc3a-dfa459738707'));--#!
INSERT INTO CD_SET_MEM_ASSOC_TBL (CD_ID, SET_ID) VALUES (char_to_uuid('64813a52-19ec-43e8-aea9-e7527cdea88a'), char_to_uuid('3ec943d0-10be-415b-bc3a-dfa459738707'));--#!
INSERT INTO CD_SET_MEM_ASSOC_TBL (CD_ID, SET_ID) VALUES (char_to_uuid('98023485-f85f-4151-8330-c4adfde0b579'), char_to_uuid('3ec943d0-10be-415b-bc3a-dfa459738707'));--#!
INSERT INTO CD_SET_MEM_ASSOC_TBL (CD_ID, SET_ID) VALUES (char_to_uuid('eec32656-fa6a-40dc-9145-2487f1e561ef'), char_to_uuid('3ec943d0-10be-415b-bc3a-dfa459738707'));--#!
INSERT INTO CD_SET_MEM_ASSOC_TBL (CD_ID, SET_ID) VALUES (char_to_uuid('192eb732-2226-44a8-a802-fe694c581a41'), char_to_uuid('3ec943d0-10be-415b-bc3a-dfa459738707'));--#!
INSERT INTO CD_SET_MEM_ASSOC_TBL (CD_ID, SET_ID) VALUES (char_to_uuid('b8b595a7-9c17-4d12-958a-8b098abdc638'), char_to_uuid('3ec943d0-10be-415b-bc3a-dfa459738707'));--#!
INSERT INTO CD_SET_MEM_ASSOC_TBL (CD_ID, SET_ID) VALUES (char_to_uuid('bee02da3-a599-4d14-9053-38ce443bc2b8'), char_to_uuid('3ec943d0-10be-415b-bc3a-dfa459738707'));--#!
INSERT INTO CD_SET_MEM_ASSOC_TBL (CD_ID, SET_ID) VALUES (char_to_uuid('b6b0854b-948f-47ee-b3c2-688bd722aeac'), char_to_uuid('3ec943d0-10be-415b-bc3a-dfa459738707'));--#!
INSERT INTO CD_SET_MEM_ASSOC_TBL (CD_ID, SET_ID) VALUES (char_to_uuid('318ced77-ccd6-48d0-b16f-6ea4be00a586'), char_to_uuid('3ec943d0-10be-415b-bc3a-dfa459738707'));--#!
INSERT INTO CD_SET_MEM_ASSOC_TBL (CD_ID, SET_ID) VALUES (char_to_uuid('f193cab3-cffa-4671-99af-6be949ba96aa'), char_to_uuid('3ec943d0-10be-415b-bc3a-dfa459738707'));--#!
INSERT INTO CD_SET_MEM_ASSOC_TBL (CD_ID, SET_ID) VALUES (char_to_uuid('2bcbc810-53bc-4337-9c0c-303c52356659'), char_to_uuid('3ec943d0-10be-415b-bc3a-dfa459738707'));--#!
INSERT INTO CD_SET_MEM_ASSOC_TBL (CD_ID, SET_ID) VALUES (char_to_uuid('c8763e54-4ea6-4fd4-ae31-5644ba0cbe0c'), char_to_uuid('3ec943d0-10be-415b-bc3a-dfa459738707'));--#!
INSERT INTO CD_SET_MEM_ASSOC_TBL (CD_ID, SET_ID) VALUES (char_to_uuid('b2180b59-79b2-4cf5-9ea2-fb36d9ad8c03'), char_to_uuid('3ec943d0-10be-415b-bc3a-dfa459738707'));--#!
INSERT INTO CD_SET_MEM_ASSOC_TBL (CD_ID, SET_ID) VALUES (char_to_uuid('ca578e77-bcc2-4305-95d5-ffe559318aea'), char_to_uuid('3ec943d0-10be-415b-bc3a-dfa459738707'));--#!
INSERT INTO CD_SET_MEM_ASSOC_TBL (CD_ID, SET_ID) VALUES (char_to_uuid('7c8e0e91-7849-4d05-a9e9-2663f3c738db'), char_to_uuid('3ec943d0-10be-415b-bc3a-dfa459738707'));--#!
INSERT INTO CD_SET_MEM_ASSOC_TBL (CD_ID, SET_ID) VALUES (char_to_uuid('f73c6dc1-ddf4-4281-a4cf-2dafb8996b19'), char_to_uuid('3ec943d0-10be-415b-bc3a-dfa459738707'));--#!
INSERT INTO CD_SET_MEM_ASSOC_TBL (CD_ID, SET_ID) VALUES (char_to_uuid('439831fb-279b-4c63-a2ca-aa24a95bcecb'), char_to_uuid('3ec943d0-10be-415b-bc3a-dfa459738707'));--#!
INSERT INTO CD_SET_MEM_ASSOC_TBL (CD_ID, SET_ID) VALUES (char_to_uuid('4b0cc35d-e05c-46c4-afd8-2a03ecfe6df1'), char_to_uuid('3ec943d0-10be-415b-bc3a-dfa459738707'));--#!
INSERT INTO CD_SET_MEM_ASSOC_TBL (CD_ID, SET_ID) VALUES (char_to_uuid('a67d6067-3e58-42cd-99d3-b3b25f9c0b1e'), char_to_uuid('3ec943d0-10be-415b-bc3a-dfa459738707'));--#!
INSERT INTO CD_SET_MEM_ASSOC_TBL (CD_ID, SET_ID) VALUES (char_to_uuid('c17d2682-aa2b-421a-a096-f5d634234218'), char_to_uuid('3ec943d0-10be-415b-bc3a-dfa459738707'));--#!
INSERT INTO CD_SET_MEM_ASSOC_TBL (CD_ID, SET_ID) VALUES (char_to_uuid('e0cc9b98-2de1-4ca7-9cc9-15cd488ae7ad'), char_to_uuid('3ec943d0-10be-415b-bc3a-dfa459738707'));--#!
INSERT INTO CD_SET_MEM_ASSOC_TBL (CD_ID, SET_ID) VALUES (char_to_uuid('c70d0aef-fc5f-48b6-a2ab-940667923dd1'), char_to_uuid('3ec943d0-10be-415b-bc3a-dfa459738707'));--#!
INSERT INTO CD_SET_MEM_ASSOC_TBL (CD_ID, SET_ID) VALUES (char_to_uuid('35b73050-b433-4cb4-972a-d8e2cda72c7e'), char_to_uuid('3ec943d0-10be-415b-bc3a-dfa459738707'));--#!
INSERT INTO CD_SET_MEM_ASSOC_TBL (CD_ID, SET_ID) VALUES (char_to_uuid('c8bf65bb-a749-4c2c-a841-2e3b3b4b4ca1'), char_to_uuid('3ec943d0-10be-415b-bc3a-dfa459738707'));--#!
INSERT INTO CD_SET_MEM_ASSOC_TBL (CD_ID, SET_ID) VALUES (char_to_uuid('38dc64a8-3475-40b1-8621-38673dd243d1'), char_to_uuid('3ec943d0-10be-415b-bc3a-dfa459738707'));--#!
INSERT INTO CD_SET_MEM_ASSOC_TBL (CD_ID, SET_ID) VALUES (char_to_uuid('f4723f52-e804-4153-8649-55a8c8cd0263'), char_to_uuid('3ec943d0-10be-415b-bc3a-dfa459738707'));--#!
INSERT INTO CD_SET_MEM_ASSOC_TBL (CD_ID, SET_ID) VALUES (char_to_uuid('f99e2f28-49c8-4328-ad66-ec57950c758e'), char_to_uuid('3ec943d0-10be-415b-bc3a-dfa459738707'));--#!
INSERT INTO CD_SET_MEM_ASSOC_TBL (CD_ID, SET_ID) VALUES (char_to_uuid('d365c5ab-4ad2-40d7-afc2-0cdc734d2b4f'), char_to_uuid('3ec943d0-10be-415b-bc3a-dfa459738707'));--#!
INSERT INTO CD_SET_MEM_ASSOC_TBL (CD_ID, SET_ID) VALUES (char_to_uuid('cd2dd690-9b87-4f5e-a087-7bd0b1cf9248'), char_to_uuid('3ec943d0-10be-415b-bc3a-dfa459738707'));--#!
INSERT INTO CD_SET_MEM_ASSOC_TBL (CD_ID, SET_ID) VALUES (char_to_uuid('9c4b1f37-7428-4f8b-84a7-c08e8ff1fce0'), char_to_uuid('3ec943d0-10be-415b-bc3a-dfa459738707'));--#!
INSERT INTO CD_SET_MEM_ASSOC_TBL (CD_ID, SET_ID) VALUES (char_to_uuid('87b1e344-5a54-46ce-8668-ff4d2363f61b'), char_to_uuid('3ec943d0-10be-415b-bc3a-dfa459738707'));--#!
INSERT INTO CD_SET_MEM_ASSOC_TBL (CD_ID, SET_ID) VALUES (char_to_uuid('0331e13f-f471-4fbd-92dc-66e0a46239d5'), char_to_uuid('3ec943d0-10be-415b-bc3a-dfa459738707'));--#!
INSERT INTO CD_SET_MEM_ASSOC_TBL (CD_ID, SET_ID) VALUES (char_to_uuid('7d84a057-1fcc-4054-a51f-b77d230fc6d1'), char_to_uuid('3ec943d0-10be-415b-bc3a-dfa459738707'));--#!
INSERT INTO CD_SET_MEM_ASSOC_TBL (CD_ID, SET_ID) VALUES (char_to_uuid('6e7a3521-2967-4c0a-80ec-6c5c197b2178'), char_to_uuid('3ec943d0-10be-415b-bc3a-dfa459738707'));--#!
INSERT INTO CD_SET_MEM_ASSOC_TBL (CD_ID, SET_ID) VALUES (char_to_uuid('f3be6b88-bc8f-4263-a779-86f21ea10a47'), char_to_uuid('3ec943d0-10be-415b-bc3a-dfa459738707'));--#!
INSERT INTO CD_SET_MEM_ASSOC_TBL (CD_ID, SET_ID) VALUES (char_to_uuid('094941e9-a3db-48b5-862c-bc289bd7f86c'), char_to_uuid('e9eecd3c-7b80-47f9-9cb6-55c8d3110fb0'));--#!
INSERT INTO CD_SET_MEM_ASSOC_TBL (CD_ID, SET_ID) VALUES (char_to_uuid('f4e3a6bb-612e-46b2-9f77-ff844d971198'), char_to_uuid('e9eecd3c-7b80-47f9-9cb6-55c8d3110fb0'));--#!
INSERT INTO CD_SET_MEM_ASSOC_TBL (CD_ID, SET_ID) VALUES (char_to_uuid('ae94a782-1485-4241-9bca-5b09db2156bf'), char_to_uuid('e9eecd3c-7b80-47f9-9cb6-55c8d3110fb0'));--#!
 INSERT INTO CD_SET_MEM_ASSOC_TBL (CD_ID, SET_ID) VALUES (char_to_uuid('0ff2ab03-6e0a-40d1-8947-04c4937b4cc4'), char_to_uuid('ee16a667-2085-440a-b1e7-4032d10b9f40'));--#!
 INSERT INTO CD_SET_MEM_ASSOC_TBL (CD_ID, SET_ID) VALUES (char_to_uuid('24380d53-ea22-4820-9f06-8671f774f133'), char_to_uuid('ee16a667-2085-440a-b1e7-4032d10b9f40'));--#!
 INSERT INTO CD_SET_MEM_ASSOC_TBL (CD_ID, SET_ID) VALUES (char_to_uuid('0a4c87e2-16c3-4361-be3c-dd765ee4bc7d'), char_to_uuid('ee16a667-2085-440a-b1e7-4032d10b9f40'));--#!
 INSERT INTO CD_SET_MEM_ASSOC_TBL (CD_ID, SET_ID) VALUES (char_to_uuid('739457d0-835a-4a9c-811c-42b5e92ed1ca'), char_to_uuid('ee16a667-2085-440a-b1e7-4032d10b9f40'));--#!
 INSERT INTO CD_SET_MEM_ASSOC_TBL (CD_ID, SET_ID) VALUES (char_to_uuid('8fa25b69-c9c2-4c40-84c1-0ea9641a12ec'), char_to_uuid('ee16a667-2085-440a-b1e7-4032d10b9f40'));--#!
 INSERT INTO CD_SET_MEM_ASSOC_TBL (CD_ID, SET_ID) VALUES (char_to_uuid('abfe2637-d338-4090-b3a5-3ec19a47be6a'), char_to_uuid('ee16a667-2085-440a-b1e7-4032d10b9f40'));--#!
 INSERT INTO CD_SET_MEM_ASSOC_TBL (CD_ID, SET_ID) VALUES (char_to_uuid('8bf23192-de75-48eb-abee-81a9a15332f8'), char_to_uuid('ee16a667-2085-440a-b1e7-4032d10b9f40'));--#!
 INSERT INTO CD_SET_MEM_ASSOC_TBL (CD_ID, SET_ID) VALUES (char_to_uuid('1c0f931c-9c49-4a52-8fbf-5217c52ea778'), char_to_uuid('ee16a667-2085-440a-b1e7-4032d10b9f40'));--#!
 INSERT INTO CD_SET_MEM_ASSOC_TBL (CD_ID, SET_ID) VALUES (char_to_uuid('6a181a3c-7241-4325-b011-630d3ca6dc4a'), char_to_uuid('ee16a667-2085-440a-b1e7-4032d10b9f40'));--#!
 INSERT INTO CD_SET_MEM_ASSOC_TBL (CD_ID, SET_ID) VALUES (char_to_uuid('2b4b2ed8-f90c-4193-870a-f48bc39657c1'), char_to_uuid('ee16a667-2085-440a-b1e7-4032d10b9f40'));--#!
 INSERT INTO CD_SET_MEM_ASSOC_TBL (CD_ID, SET_ID) VALUES (char_to_uuid('8165b43f-8103-4ed3-bac6-4fc0df8c1a84'), char_to_uuid('ee16a667-2085-440a-b1e7-4032d10b9f40'));--#!
 INSERT INTO CD_SET_MEM_ASSOC_TBL (CD_ID, SET_ID) VALUES (char_to_uuid('e81d6773-97e3-4b2d-b6a3-a4624ba5c6a9'), char_to_uuid('ee16a667-2085-440a-b1e7-4032d10b9f40'));--#!
 INSERT INTO CD_SET_MEM_ASSOC_TBL (CD_ID, SET_ID) VALUES (char_to_uuid('76fdf0e7-cfe0-47b4-9630-c645f254cdfd'), char_to_uuid('ee16a667-2085-440a-b1e7-4032d10b9f40'));--#!
 INSERT INTO CD_SET_MEM_ASSOC_TBL (CD_ID, SET_ID) VALUES (char_to_uuid('3db182e2-653b-4bfd-a300-32f23345d1c0'), char_to_uuid('ee16a667-2085-440a-b1e7-4032d10b9f40'));--#!
 INSERT INTO CD_SET_MEM_ASSOC_TBL (CD_ID, SET_ID) VALUES (char_to_uuid('38d66ec7-0cc8-4609-9675-b6ff91ede605'), char_to_uuid('ee16a667-2085-440a-b1e7-4032d10b9f40'));--#!
 INSERT INTO CD_SET_MEM_ASSOC_TBL (CD_ID, SET_ID) VALUES (char_to_uuid('40d18ecc-8ff8-4e03-8e58-97a980f04060'), char_to_uuid('ee16a667-2085-440a-b1e7-4032d10b9f40'));--#!
 INSERT INTO CD_SET_MEM_ASSOC_TBL (CD_ID, SET_ID) VALUES (char_to_uuid('b401dd81-931c-4aad-8fd8-22a6ac2ea3dc'), char_to_uuid('ee16a667-2085-440a-b1e7-4032d10b9f40'));--#!
 INSERT INTO CD_SET_MEM_ASSOC_TBL (CD_ID, SET_ID) VALUES (char_to_uuid('bfe24b5d-9c32-4df3-ad7b-eaa19e7d4afb'), char_to_uuid('ee16a667-2085-440a-b1e7-4032d10b9f40'));--#!
 INSERT INTO CD_SET_MEM_ASSOC_TBL (CD_ID, SET_ID) VALUES (char_to_uuid('02fbc345-1a25-4f78-aeea-a12584a1eec3'), char_to_uuid('ee16a667-2085-440a-b1e7-4032d10b9f40'));--#!
 INSERT INTO CD_SET_MEM_ASSOC_TBL (CD_ID, SET_ID) VALUES (char_to_uuid('528feb11-ae81-426a-be1f-ce74c83009eb'), char_to_uuid('ee16a667-2085-440a-b1e7-4032d10b9f40'));--#!
 INSERT INTO CD_SET_MEM_ASSOC_TBL (CD_ID, SET_ID) VALUES (char_to_uuid('48c59444-fec0-43b8-aa2c-7aedb70733ad'), char_to_uuid('ee16a667-2085-440a-b1e7-4032d10b9f40'));--#!
 INSERT INTO CD_SET_MEM_ASSOC_TBL (CD_ID, SET_ID) VALUES (char_to_uuid('b630ba2c-8a00-46d8-bf64-870d381d8917'), char_to_uuid('ee16a667-2085-440a-b1e7-4032d10b9f40'));--#!
 INSERT INTO CD_SET_MEM_ASSOC_TBL (CD_ID, SET_ID) VALUES (char_to_uuid('c33adda2-a4ed-4092-8d9c-b8e3fbd5d90b'), char_to_uuid('ee16a667-2085-440a-b1e7-4032d10b9f40'));--#!
 INSERT INTO CD_SET_MEM_ASSOC_TBL (CD_ID, SET_ID) VALUES (char_to_uuid('3cb1993f-3703-453f-87be-21b606db7631'), char_to_uuid('ee16a667-2085-440a-b1e7-4032d10b9f40'));--#!
 INSERT INTO CD_SET_MEM_ASSOC_TBL (CD_ID, SET_ID) VALUES (char_to_uuid('f7a64463-bc75-44d4-a8ca-c9fbc2c87175'), char_to_uuid('ee16a667-2085-440a-b1e7-4032d10b9f40'));--#!
 INSERT INTO CD_SET_MEM_ASSOC_TBL (CD_ID, SET_ID) VALUES (char_to_uuid('fa646df9-7d64-4d1f-ae9a-6261fd5fd6ae'), char_to_uuid('ee16a667-2085-440a-b1e7-4032d10b9f40'));--#!
 INSERT INTO CD_SET_MEM_ASSOC_TBL (CD_ID, SET_ID) VALUES (char_to_uuid('25cae2f2-d1ec-4efe-a92f-d479785f7d8a'), char_to_uuid('ee16a667-2085-440a-b1e7-4032d10b9f40'));--#!
 INSERT INTO CD_SET_MEM_ASSOC_TBL (CD_ID, SET_ID) VALUES (char_to_uuid('8452ecb9-d762-4c4a-96b2-81d130cb729b'), char_to_uuid('ee16a667-2085-440a-b1e7-4032d10b9f40'));--#!
 INSERT INTO CD_SET_MEM_ASSOC_TBL (CD_ID, SET_ID) VALUES (char_to_uuid('ce42c680-a783-4cde-bcd1-e261d6fd68a0'), char_to_uuid('ee16a667-2085-440a-b1e7-4032d10b9f40'));--#!
 INSERT INTO CD_SET_MEM_ASSOC_TBL (CD_ID, SET_ID) VALUES (char_to_uuid('62aca44c-b57c-44fd-9703-fcdff97c04b6'), char_to_uuid('ee16a667-2085-440a-b1e7-4032d10b9f40'));--#!
 INSERT INTO CD_SET_MEM_ASSOC_TBL (CD_ID, SET_ID) VALUES (char_to_uuid('96ea355d-0c68-481f-8b6f-1b00a101ab8f'), char_to_uuid('ee16a667-2085-440a-b1e7-4032d10b9f40'));--#!
 INSERT INTO CD_SET_MEM_ASSOC_TBL (CD_ID, SET_ID) VALUES (char_to_uuid('d874cde5-7d76-4f1d-97e6-db7e82bac958'), char_to_uuid('ee16a667-2085-440a-b1e7-4032d10b9f40'));--#!
 INSERT INTO CD_SET_MEM_ASSOC_TBL (CD_ID, SET_ID) VALUES (char_to_uuid('abe6d0d1-4e37-4b7c-9acc-eedb2c36f9cd'), char_to_uuid('ee16a667-2085-440a-b1e7-4032d10b9f40'));--#!
 INSERT INTO CD_SET_MEM_ASSOC_TBL (CD_ID, SET_ID) VALUES (char_to_uuid('fe4f72e6-84f8-4276-ae64-2ef1f2ff406f'), char_to_uuid('ee16a667-2085-440a-b1e7-4032d10b9f40'));--#!
 INSERT INTO CD_SET_MEM_ASSOC_TBL (CD_ID, SET_ID) VALUES (char_to_uuid('59bc87d3-1618-4f14-81d2-71072c1f37e9'), char_to_uuid('ee16a667-2085-440a-b1e7-4032d10b9f40'));--#!
 INSERT INTO CD_SET_MEM_ASSOC_TBL (CD_ID, SET_ID) VALUES (char_to_uuid('360f6a77-fdb5-4fb6-b223-3cd1047fd08e'), char_to_uuid('ee16a667-2085-440a-b1e7-4032d10b9f40'));--#!
 INSERT INTO CD_SET_MEM_ASSOC_TBL (CD_ID, SET_ID) VALUES (char_to_uuid('ea13832b-2e38-4bb6-b55d-ae749ccaba95'), char_to_uuid('ee16a667-2085-440a-b1e7-4032d10b9f40'));--#!
 INSERT INTO CD_SET_MEM_ASSOC_TBL (CD_ID, SET_ID) VALUES (char_to_uuid('66e0dbd1-9065-4af8-808d-89edd302f264'), char_to_uuid('ee16a667-2085-440a-b1e7-4032d10b9f40'));--#!
 INSERT INTO CD_SET_MEM_ASSOC_TBL (CD_ID, SET_ID) VALUES (char_to_uuid('29ff64e5-b564-411a-92c7-6818c02a9e48'), char_to_uuid('ee16a667-2085-440a-b1e7-4032d10b9f40'));--#!
 INSERT INTO CD_SET_MEM_ASSOC_TBL (CD_ID, SET_ID) VALUES (char_to_uuid('f941988a-1c55-4408-ab57-e9ed35b2a24d'), char_to_uuid('ee16a667-2085-440a-b1e7-4032d10b9f40'));--#!
 INSERT INTO CD_SET_MEM_ASSOC_TBL (CD_ID, SET_ID) VALUES (char_to_uuid('4e299c46-f06f-4efc-b3c0-b7b659a120f2'), char_to_uuid('ee16a667-2085-440a-b1e7-4032d10b9f40'));--#!
 INSERT INTO CD_SET_MEM_ASSOC_TBL (CD_ID, SET_ID) VALUES (char_to_uuid('daf11eb1-fcc2-4521-a1c0-daebaf0a923a'), char_to_uuid('ee16a667-2085-440a-b1e7-4032d10b9f40'));--#!
 INSERT INTO CD_SET_MEM_ASSOC_TBL (CD_ID, SET_ID) VALUES (char_to_uuid('80097e75-a232-4a9f-878f-7e60ec70f921'), char_to_uuid('ee16a667-2085-440a-b1e7-4032d10b9f40'));--#!
 INSERT INTO CD_SET_MEM_ASSOC_TBL (CD_ID, SET_ID) VALUES (char_to_uuid('5c5af1d2-0e6d-458f-9574-3ad61c393a90'), char_to_uuid('ee16a667-2085-440a-b1e7-4032d10b9f40'));--#!
 INSERT INTO CD_SET_MEM_ASSOC_TBL (CD_ID, SET_ID) VALUES (char_to_uuid('233d890b-04ef-4365-99ad-26cb4e1f75f3'), char_to_uuid('ee16a667-2085-440a-b1e7-4032d10b9f40'));--#!
 INSERT INTO CD_SET_MEM_ASSOC_TBL (CD_ID, SET_ID) VALUES (char_to_uuid('8e88debc-d175-46f3-9b48-106f9c151cd2'), char_to_uuid('ee16a667-2085-440a-b1e7-4032d10b9f40'));--#!
 INSERT INTO CD_SET_MEM_ASSOC_TBL (CD_ID, SET_ID) VALUES (char_to_uuid('0a50962a-60b4-44d8-a7f6-1eb2aa5967cc'), char_to_uuid('ee16a667-2085-440a-b1e7-4032d10b9f40'));--#!
 INSERT INTO CD_SET_MEM_ASSOC_TBL (CD_ID, SET_ID) VALUES (char_to_uuid('a907e4d8-d823-478f-9c5a-6facae6b4b5b'), char_to_uuid('ee16a667-2085-440a-b1e7-4032d10b9f40'));--#!
 INSERT INTO CD_SET_MEM_ASSOC_TBL (CD_ID, SET_ID) VALUES (char_to_uuid('059d689a-2392-4ffb-b6ae-682c9ded8da2'), char_to_uuid('ee16a667-2085-440a-b1e7-4032d10b9f40'));--#!
 INSERT INTO CD_SET_MEM_ASSOC_TBL (CD_ID, SET_ID) VALUES (char_to_uuid('e6851b39-a771-4a5e-8aa8-9ba140b3dca3'), char_to_uuid('ee16a667-2085-440a-b1e7-4032d10b9f40'));--#!
 INSERT INTO CD_SET_MEM_ASSOC_TBL (CD_ID, SET_ID) VALUES (char_to_uuid('0b89fb65-ca8e-4a4d-9d25-0bae3f4d7a59'), char_to_uuid('ee16a667-2085-440a-b1e7-4032d10b9f40'));--#!
 INSERT INTO CD_SET_MEM_ASSOC_TBL (CD_ID, SET_ID) VALUES (char_to_uuid('8ea21d7d-6ee9-449b-a1dc-c4aa0ff7f5b9'), char_to_uuid('ee16a667-2085-440a-b1e7-4032d10b9f40'));--#!
 INSERT INTO CD_SET_MEM_ASSOC_TBL (CD_ID, SET_ID) VALUES (char_to_uuid('6a1e9e8b-d0c3-44f0-9906-a6458685e269'), char_to_uuid('ee16a667-2085-440a-b1e7-4032d10b9f40'));--#!
 INSERT INTO CD_SET_MEM_ASSOC_TBL (CD_ID, SET_ID) VALUES (char_to_uuid('60affe56-126d-43ee-9fde-5f117e41c7a8'), char_to_uuid('ee16a667-2085-440a-b1e7-4032d10b9f40'));--#!
 INSERT INTO CD_SET_MEM_ASSOC_TBL (CD_ID, SET_ID) VALUES (char_to_uuid('0aeec758-c20f-43e4-9789-8c44629f5941'), char_to_uuid('ee16a667-2085-440a-b1e7-4032d10b9f40'));--#!
 INSERT INTO CD_SET_MEM_ASSOC_TBL (CD_ID, SET_ID) VALUES (char_to_uuid('0fcba203-1238-4001-beb7-19a667506ade'), char_to_uuid('ee16a667-2085-440a-b1e7-4032d10b9f40'));--#!
 INSERT INTO CD_SET_MEM_ASSOC_TBL (CD_ID, SET_ID) VALUES (char_to_uuid('08a98950-3391-4a66-a1c8-421c6fd82911'), char_to_uuid('ee16a667-2085-440a-b1e7-4032d10b9f40'));--#!
 INSERT INTO CD_SET_MEM_ASSOC_TBL (CD_ID, SET_ID) VALUES (char_to_uuid('2fd5c939-c508-4250-8efb-13b772e56b7f'), char_to_uuid('ee16a667-2085-440a-b1e7-4032d10b9f40'));--#!
 INSERT INTO CD_SET_MEM_ASSOC_TBL (CD_ID, SET_ID) VALUES (char_to_uuid('bfdb07db-9721-4ec3-94e1-4bd9f0d6985c'), char_to_uuid('ee16a667-2085-440a-b1e7-4032d10b9f40'));--#!
 INSERT INTO CD_SET_MEM_ASSOC_TBL (CD_ID, SET_ID) VALUES (char_to_uuid('a3d362a4-4931-4bef-af18-ac59dd092981'), char_to_uuid('ee16a667-2085-440a-b1e7-4032d10b9f40'));--#!
 INSERT INTO CD_SET_MEM_ASSOC_TBL (CD_ID, SET_ID) VALUES (char_to_uuid('bfcbb345-86db-43ba-b47e-e7411276ac7c'), char_to_uuid('ee16a667-2085-440a-b1e7-4032d10b9f40'));--#!
 INSERT INTO CD_SET_MEM_ASSOC_TBL (CD_ID, SET_ID) VALUES (char_to_uuid('5e2b0afe-724e-41cd-9be2-9030646f2529'), char_to_uuid('ee16a667-2085-440a-b1e7-4032d10b9f40'));--#!
 INSERT INTO CD_SET_MEM_ASSOC_TBL (CD_ID, SET_ID) VALUES (char_to_uuid('853c85de-4817-4328-a121-6a3bdafbf82e'), char_to_uuid('ee16a667-2085-440a-b1e7-4032d10b9f40'));--#!
 INSERT INTO CD_SET_MEM_ASSOC_TBL (CD_ID, SET_ID) VALUES (char_to_uuid('bbfac1ed-5464-4100-93c3-8685b052a2cf'), char_to_uuid('ee16a667-2085-440a-b1e7-4032d10b9f40'));--#!
 INSERT INTO CD_SET_MEM_ASSOC_TBL (CD_ID, SET_ID) VALUES (char_to_uuid('685eb506-6b97-41c1-b201-b6b932a3f3aa'), char_to_uuid('ee16a667-2085-440a-b1e7-4032d10b9f40'));--#!
 INSERT INTO CD_SET_MEM_ASSOC_TBL (CD_ID, SET_ID) VALUES (char_to_uuid('fd892cf8-db4f-4e4e-a13b-4eb3bdde5be5'), char_to_uuid('ee16a667-2085-440a-b1e7-4032d10b9f40'));--#!
 INSERT INTO CD_SET_MEM_ASSOC_TBL (CD_ID, SET_ID) VALUES (char_to_uuid('2eab5298-bc83-492c-9004-ed3499246afe'), char_to_uuid('ee16a667-2085-440a-b1e7-4032d10b9f40'));--#!
 INSERT INTO CD_SET_MEM_ASSOC_TBL (CD_ID, SET_ID) VALUES (char_to_uuid('cd1e8904-31dc-4374-902d-c91f1de23c46'), char_to_uuid('ee16a667-2085-440a-b1e7-4032d10b9f40'));--#!
 INSERT INTO CD_SET_MEM_ASSOC_TBL (CD_ID, SET_ID) VALUES (char_to_uuid('dcae9718-ab81-4737-b071-36cf1175804d'), char_to_uuid('ee16a667-2085-440a-b1e7-4032d10b9f40'));--#!
 INSERT INTO CD_SET_MEM_ASSOC_TBL (CD_ID, SET_ID) VALUES (char_to_uuid('9f17d4cf-a67f-4ac6-8c50-718af6e264ee'), char_to_uuid('ee16a667-2085-440a-b1e7-4032d10b9f40'));--#!
 INSERT INTO CD_SET_MEM_ASSOC_TBL (CD_ID, SET_ID) VALUES (char_to_uuid('ce50ba92-cd21-43c4-8582-34e7fbb3170f'), char_to_uuid('ee16a667-2085-440a-b1e7-4032d10b9f40'));--#!
 INSERT INTO CD_SET_MEM_ASSOC_TBL (CD_ID, SET_ID) VALUES (char_to_uuid('f115c204-8485-4cf3-8815-3c6738465e30'), char_to_uuid('ee16a667-2085-440a-b1e7-4032d10b9f40'));--#!
 INSERT INTO CD_SET_MEM_ASSOC_TBL (CD_ID, SET_ID) VALUES (char_to_uuid('decd6250-7e8b-4b77-895d-31953cf1387a'), char_to_uuid('ee16a667-2085-440a-b1e7-4032d10b9f40'));--#!
 INSERT INTO CD_SET_MEM_ASSOC_TBL (CD_ID, SET_ID) VALUES (char_to_uuid('34f7bc11-2288-471a-af38-553ae6b8410c'), char_to_uuid('ee16a667-2085-440a-b1e7-4032d10b9f40'));--#!
 INSERT INTO CD_SET_MEM_ASSOC_TBL (CD_ID, SET_ID) VALUES (char_to_uuid('89bdc57b-d85c-4e85-94e8-c17049540a0d'), char_to_uuid('ee16a667-2085-440a-b1e7-4032d10b9f40'));--#!
 INSERT INTO CD_SET_MEM_ASSOC_TBL (CD_ID, SET_ID) VALUES (char_to_uuid('5951097b-1a13-4bce-bbf2-9abf52f98dc8'), char_to_uuid('ee16a667-2085-440a-b1e7-4032d10b9f40'));--#!
 INSERT INTO CD_SET_MEM_ASSOC_TBL (CD_ID, SET_ID) VALUES (char_to_uuid('4cdef917-4fb0-4cdf-b44d-b73486c41845'), char_to_uuid('ee16a667-2085-440a-b1e7-4032d10b9f40'));--#!
 INSERT INTO CD_SET_MEM_ASSOC_TBL (CD_ID, SET_ID) VALUES (char_to_uuid('f71e193a-0562-46e9-99dd-437d23663ec3'), char_to_uuid('ee16a667-2085-440a-b1e7-4032d10b9f40'));--#!
 INSERT INTO CD_SET_MEM_ASSOC_TBL (CD_ID, SET_ID) VALUES (char_to_uuid('bb437e4d-7472-48c1-a6e7-576545a782fa'), char_to_uuid('ee16a667-2085-440a-b1e7-4032d10b9f40'));--#!
 INSERT INTO CD_SET_MEM_ASSOC_TBL (CD_ID, SET_ID) VALUES (char_to_uuid('5a0539cc-093b-448e-aec6-0d529ed0087f'), char_to_uuid('ee16a667-2085-440a-b1e7-4032d10b9f40'));--#!
 INSERT INTO CD_SET_MEM_ASSOC_TBL (CD_ID, SET_ID) VALUES (char_to_uuid('f172eee7-7f4b-4022-81d0-76393a1200ae'), char_to_uuid('ee16a667-2085-440a-b1e7-4032d10b9f40'));--#!
 INSERT INTO CD_SET_MEM_ASSOC_TBL (CD_ID, SET_ID) VALUES (char_to_uuid('7e6bc25d-5dea-4645-af3d-aa854b7b6f2f'), char_to_uuid('ee16a667-2085-440a-b1e7-4032d10b9f40'));--#!
 INSERT INTO CD_SET_MEM_ASSOC_TBL (CD_ID, SET_ID) VALUES (char_to_uuid('cb73d085-026c-4bc7-a1de-356bfd636246'), char_to_uuid('ee16a667-2085-440a-b1e7-4032d10b9f40'));--#!
 INSERT INTO CD_SET_MEM_ASSOC_TBL (CD_ID, SET_ID) VALUES (char_to_uuid('cfa978f4-140c-430d-82f8-1e6f2d74f48d'), char_to_uuid('ee16a667-2085-440a-b1e7-4032d10b9f40'));--#!
 INSERT INTO CD_SET_MEM_ASSOC_TBL (CD_ID, SET_ID) VALUES (char_to_uuid('cdd99260-107c-4a4e-acaf-d7c9c7e90fdd'), char_to_uuid('ee16a667-2085-440a-b1e7-4032d10b9f40'));--#!
 INSERT INTO CD_SET_MEM_ASSOC_TBL (CD_ID, SET_ID) VALUES (char_to_uuid('a3ff423e-81d5-4571-8edf-03c295189a23'), char_to_uuid('ee16a667-2085-440a-b1e7-4032d10b9f40'));--#!
 INSERT INTO CD_SET_MEM_ASSOC_TBL (CD_ID, SET_ID) VALUES (char_to_uuid('0FF2AB03-6E0A-40D1-8947-04C4937B4CC4'),char_to_uuid('D3692F40-1033-48EA-94CB-31FC0F352A4E'));--#!
INSERT INTO CD_SET_MEM_ASSOC_TBL (CD_ID, SET_ID) VALUES (char_to_uuid('0A50962A-60B4-44D8-A7F6-1EB2AA5967CC'),char_to_uuid('D3692F40-1033-48EA-94CB-31FC0F352A4E'));--#!
INSERT INTO CD_SET_MEM_ASSOC_TBL (CD_ID, SET_ID) VALUES (char_to_uuid('5C5AF1D2-0E6D-458F-9574-3AD61C393A90'),char_to_uuid('D3692F40-1033-48EA-94CB-31FC0F352A4E'));--#!
INSERT INTO CD_SET_MEM_ASSOC_TBL (CD_ID, SET_ID) VALUES (char_to_uuid('739457D0-835A-4A9C-811C-42B5E92ED1CA'),char_to_uuid('D3692F40-1033-48EA-94CB-31FC0F352A4E'));--#!
INSERT INTO CD_SET_MEM_ASSOC_TBL (CD_ID, SET_ID) VALUES (char_to_uuid('1C0F931C-9C49-4A52-8FBF-5217C52EA778'),char_to_uuid('D3692F40-1033-48EA-94CB-31FC0F352A4E'));--#!
INSERT INTO CD_SET_MEM_ASSOC_TBL (CD_ID, SET_ID) VALUES (char_to_uuid('FA646DF9-7D64-4D1F-AE9A-6261FD5FD6AE'),char_to_uuid('D3692F40-1033-48EA-94CB-31FC0F352A4E'));--#!
INSERT INTO CD_SET_MEM_ASSOC_TBL (CD_ID, SET_ID) VALUES (char_to_uuid('29FF64E5-B564-411A-92C7-6818C02A9E48'),char_to_uuid('D3692F40-1033-48EA-94CB-31FC0F352A4E'));--#!
INSERT INTO CD_SET_MEM_ASSOC_TBL (CD_ID, SET_ID) VALUES (char_to_uuid('F172EEE7-7F4B-4022-81D0-76393A1200AE'),char_to_uuid('D3692F40-1033-48EA-94CB-31FC0F352A4E'));--#!
INSERT INTO CD_SET_MEM_ASSOC_TBL (CD_ID, SET_ID) VALUES (char_to_uuid('48C59444-FEC0-43B8-AA2C-7AEDB70733AD'),char_to_uuid('D3692F40-1033-48EA-94CB-31FC0F352A4E'));--#!
INSERT INTO CD_SET_MEM_ASSOC_TBL (CD_ID, SET_ID) VALUES (char_to_uuid('24380D53-EA22-4820-9F06-8671F774F133'),char_to_uuid('D3692F40-1033-48EA-94CB-31FC0F352A4E'));--#!
INSERT INTO CD_SET_MEM_ASSOC_TBL (CD_ID, SET_ID) VALUES (char_to_uuid('B630BA2C-8A00-46D8-BF64-870D381D8917'),char_to_uuid('D3692F40-1033-48EA-94CB-31FC0F352A4E'));--#!
INSERT INTO CD_SET_MEM_ASSOC_TBL (CD_ID, SET_ID) VALUES (char_to_uuid('40D18ECC-8FF8-4E03-8E58-97A980F04060'),char_to_uuid('D3692F40-1033-48EA-94CB-31FC0F352A4E'));--#!
INSERT INTO CD_SET_MEM_ASSOC_TBL (CD_ID, SET_ID) VALUES (char_to_uuid('38D66EC7-0CC8-4609-9675-B6FF91EDE605'),char_to_uuid('D3692F40-1033-48EA-94CB-31FC0F352A4E'));--#!
INSERT INTO CD_SET_MEM_ASSOC_TBL (CD_ID, SET_ID) VALUES (char_to_uuid('89BDC57B-D85C-4E85-94E8-C17049540A0D'),char_to_uuid('D3692F40-1033-48EA-94CB-31FC0F352A4E'));--#!
INSERT INTO CD_SET_MEM_ASSOC_TBL (CD_ID, SET_ID) VALUES (char_to_uuid('CD1E8904-31DC-4374-902D-C91F1DE23C46'),char_to_uuid('D3692F40-1033-48EA-94CB-31FC0F352A4E'));--#!
INSERT INTO CD_SET_MEM_ASSOC_TBL (CD_ID, SET_ID) VALUES (char_to_uuid('CDD99260-107C-4A4E-ACAF-D7C9C7E90FDD'),char_to_uuid('D3692F40-1033-48EA-94CB-31FC0F352A4E'));--#!
INSERT INTO CD_SET_MEM_ASSOC_TBL (CD_ID, SET_ID) VALUES (char_to_uuid('BFCBB345-86DB-43BA-B47E-E7411276AC7C'),char_to_uuid('D3692F40-1033-48EA-94CB-31FC0F352A4E'));--#!
INSERT INTO CD_SET_MEM_ASSOC_TBL (CD_ID, SET_ID) VALUES (char_to_uuid('2EAB5298-BC83-492C-9004-ED3499246AFE'),char_to_uuid('D3692F40-1033-48EA-94CB-31FC0F352A4E'));--#!
INSERT INTO CD_SET_MEM_ASSOC_TBL (CD_ID, SET_ID) VALUES (char_to_uuid('62ACA44C-B57C-44FD-9703-FCDFF97C04B6'),char_to_uuid('D3692F40-1033-48EA-94CB-31FC0F352A4E'));--#!
INSERT INTO CD_SET_MEM_ASSOC_TBL (CD_ID, SET_ID) VALUES (char_to_uuid('7ee5c1d2-1a21-41b1-8459-cb160fa36c60'), char_to_uuid('3ec943d0-10be-415b-bc3a-dfa459738707'));--#!
INSERT INTO CD_SET_MEM_ASSOC_TBL (CD_ID, SET_ID) VALUES (char_to_uuid('71112058-63f9-4b38-97d9-4ccf58574e51'), char_to_uuid('3ec943d0-10be-415b-bc3a-dfa459738707'));--#!
INSERT INTO CD_SET_MEM_ASSOC_TBL (CD_ID, SET_ID) VALUES (char_to_uuid('12df3395-b43b-421e-b505-049515c228b1'), char_to_uuid('3ec943d0-10be-415b-bc3a-dfa459738707'));--#!
INSERT INTO CD_SET_MEM_ASSOC_TBL (CD_ID, SET_ID) VALUES (char_to_uuid('8b071aec-9063-4398-b242-e561915abb51'), char_to_uuid('3ec943d0-10be-415b-bc3a-dfa459738707'));--#!
INSERT INTO CD_SET_MEM_ASSOC_TBL (CD_ID, SET_ID) VALUES (char_to_uuid('04321b6c-5b19-44a2-be7a-4a53a221a456'), char_to_uuid('3ec943d0-10be-415b-bc3a-dfa459738707'));--#!
INSERT INTO CD_SET_MEM_ASSOC_TBL (CD_ID, SET_ID) VALUES (char_to_uuid('b32962c3-eafa-4146-bbcd-0e33789de32c'), char_to_uuid('3ec943d0-10be-415b-bc3a-dfa459738707'));--#!
INSERT INTO CD_SET_MEM_ASSOC_TBL (CD_ID, SET_ID) VALUES (char_to_uuid('93c93d62-048d-4e64-a0ce-7f2f62a8ec6e'), char_to_uuid('3ec943d0-10be-415b-bc3a-dfa459738707'));--#!
INSERT INTO CD_SET_MEM_ASSOC_TBL (CD_ID, SET_ID) VALUES (char_to_uuid('573a7fb8-fead-4bed-b325-c0fe68ce96ce'), char_to_uuid('3ec943d0-10be-415b-bc3a-dfa459738707'));--#!
INSERT INTO CD_SET_MEM_ASSOC_TBL (CD_ID, SET_ID) VALUES (char_to_uuid('dc5e8411-cb3f-4b7f-8e0e-fc1d1ff3b084'), char_to_uuid('3ec943d0-10be-415b-bc3a-dfa459738707'));--#!
INSERT INTO CD_SET_MEM_ASSOC_TBL (CD_ID, SET_ID) VALUES (char_to_uuid('1071d24e-6fe9-480f-8a20-b1825ae4d707'), char_to_uuid('62c5fde0-a3aa-45df-94e9-242f4451644a'));--#!
INSERT INTO CD_SET_MEM_ASSOC_TBL (CD_ID, SET_ID) VALUES (char_to_uuid('8cc5ef0d-3911-4d99-937f-6cfdc2a27d55'), char_to_uuid('62c5fde0-a3aa-45df-94e9-242f4451644a'));--#!
INSERT INTO CD_SET_MEM_ASSOC_TBL (CD_ID, SET_ID) VALUES (char_to_uuid('e658ca72-3b6a-4099-ab6e-7cf6861a5b61'), char_to_uuid('e6a8e44f-0a57-4ebd-80a9-5c53b7a03d76'));--#!
INSERT INTO CD_SET_MEM_ASSOC_TBL (CD_ID, SET_ID) VALUES (char_to_uuid('b389dedf-be61-456b-aa70-786e1a5a69e0'), char_to_uuid('e6a8e44f-0a57-4ebd-80a9-5c53b7a03d76'));--#!
INSERT INTO CD_SET_MEM_ASSOC_TBL (CD_ID, SET_ID) VALUES (char_to_uuid('BACD9C6F-3FA9-481E-9636-37457962804D'), char_to_uuid('4E6DA567-0094-4F23-8555-11DA499593AF'));--#!
INSERT INTO CD_SET_MEM_ASSOC_TBL (CD_ID, SET_ID) VALUES (char_to_uuid('FF34DFA7-C6D3-4F8B-BC9F-14BCDC13BA6C'), char_to_uuid('4E6DA567-0094-4F23-8555-11DA499593AF'));--#!
INSERT INTO CD_SET_MEM_ASSOC_TBL (CD_ID, SET_ID) VALUES (char_to_uuid('6B04FED8-C164-469C-910B-F824C2BDA4F0'), char_to_uuid('4E6DA567-0094-4F23-8555-11DA499593AF'));--#!
-- CONTAINER CAP ASSOCIATIONS
INSERT INTO CD_SET_MEM_ASSOC_TBL (CD_ID, SET_ID) VALUES (char_to_uuid('5A209555-FB3A-437D-B043-0190685A4284'), char_to_uuid('5737CA40-57DC-4590-AB3B-54C9AFCCD55A'));--#!
INSERT INTO CD_SET_MEM_ASSOC_TBL (CD_ID, SET_ID) VALUES (char_to_uuid('1E630924-CE10-4A8A-A91D-E319F517A6EC'), char_to_uuid('5737CA40-57DC-4590-AB3B-54C9AFCCD55A'));--#!
INSERT INTO CD_SET_MEM_ASSOC_TBL (CD_ID, SET_ID) VALUES (char_to_uuid('266A20FE-DFFB-4C8D-9EAD-FDC7CD86C552'), char_to_uuid('5737CA40-57DC-4590-AB3B-54C9AFCCD55A'));--#!
INSERT INTO CD_SET_MEM_ASSOC_TBL (CD_ID, SET_ID) VALUES (char_to_uuid('EE2B76DB-85E9-412F-90BB-47A94F8E4C30'), char_to_uuid('5737CA40-57DC-4590-AB3B-54C9AFCCD55A'));--#!
INSERT INTO CD_SET_MEM_ASSOC_TBL (CD_ID, SET_ID) VALUES (char_to_uuid('6470A9BE-FCB4-463D-BB0C-894D0CDDD4C2'), char_to_uuid('5737CA40-57DC-4590-AB3B-54C9AFCCD55A'));--#!
INSERT INTO CD_SET_MEM_ASSOC_TBL (CD_ID, SET_ID) VALUES (char_to_uuid('47C40DF6-3F69-47CC-A84C-33037E4BFFD9'), char_to_uuid('5737CA40-57DC-4590-AB3B-54C9AFCCD55A'));--#!
INSERT INTO CD_SET_MEM_ASSOC_TBL (CD_ID, SET_ID) VALUES (char_to_uuid('05695B7C-6BF7-4AF7-A0C9-A5C8B2E63E05'), char_to_uuid('5737CA40-57DC-4590-AB3B-54C9AFCCD55A'));--#!
-- CONTAINER SEPARATOR ASSOCIATIONS
INSERT INTO CD_SET_MEM_ASSOC_TBL (CD_ID, SET_ID) VALUES (char_to_uuid('EE450FF6-9BED-4C47-90D2-671AB3041756'), char_to_uuid('B9AC7826-5D19-421E-A848-61C3C8F563A2'));--#!
INSERT INTO CD_SET_MEM_ASSOC_TBL (CD_ID, SET_ID) VALUES (char_to_uuid('472524EB-C8D4-49F8-862A-EF4BD7CA0395'), char_to_uuid('B9AC7826-5D19-421E-A848-61C3C8F563A2'));--#!
-- Concept Versions

INSERT INTO CD_VRSN_TBL (CD_VRSN_ID, CD_ID, STS_CD_ID, CRT_PROV_ID, MNEMONIC, CLS_ID) VALUES (gen_uuid(), char_to_uuid('c8064cbd-fa06-4530-b430-1a52f1530c27'), char_to_uuid('c8064cbd-fa06-4530-b430-1a52f1530c27'), char_to_uuid('fadca076-3690-4a6e-af9e-f1cd68e8c7e8'), 'ACTIVE', char_to_uuid('54B93182-FC19-47A2-82C6-089FD70A4F45'));--#!
INSERT INTO CD_VRSN_TBL (CD_VRSN_ID, CD_ID, STS_CD_ID, CRT_PROV_ID, MNEMONIC, CLS_ID) VALUES (gen_uuid(), char_to_uuid('bdef5f90-5497-4f26-956c-8f818cce2bd2'), char_to_uuid('c8064cbd-fa06-4530-b430-1a52f1530c27'), char_to_uuid('fadca076-3690-4a6e-af9e-f1cd68e8c7e8'), 'OBSOLETE', char_to_uuid('54B93182-FC19-47A2-82C6-089FD70A4F45'));--#!
INSERT INTO CD_VRSN_TBL (CD_VRSN_ID, CD_ID, STS_CD_ID, CRT_PROV_ID, MNEMONIC, CLS_ID) VALUES (gen_uuid(), char_to_uuid('c34fcbf1-e0fe-4989-90fd-0dc49e1b9685'), char_to_uuid('c8064cbd-fa06-4530-b430-1a52f1530c27'), char_to_uuid('fadca076-3690-4a6e-af9e-f1cd68e8c7e8'), 'NEW', char_to_uuid('54B93182-FC19-47A2-82C6-089FD70A4F45'));--#!
INSERT INTO CD_VRSN_TBL (CD_VRSN_ID, CD_ID, STS_CD_ID, CRT_PROV_ID, MNEMONIC, CLS_ID) VALUES (gen_uuid(), char_to_uuid('cd4aa3c4-02d5-4cc9-9088-ef8f31e321c5'), char_to_uuid('c8064cbd-fa06-4530-b430-1a52f1530c27'), char_to_uuid('fadca076-3690-4a6e-af9e-f1cd68e8c7e8'), 'NULLFIIED', char_to_uuid('54B93182-FC19-47A2-82C6-089FD70A4F45'));--#!
INSERT INTO CD_VRSN_TBL (CD_VRSN_ID, CD_ID, STS_CD_ID, CRT_PROV_ID, MNEMONIC, CLS_ID) VALUES (gen_uuid(), char_to_uuid('bbd960a1-3853-4b13-b62a-d768f93a08c5'), char_to_uuid('c8064cbd-fa06-4530-b430-1a52f1530c27'), char_to_uuid('fadca076-3690-4a6e-af9e-f1cd68e8c7e8'), 'DOCCLIN', char_to_uuid('17fd5254-8c25-4abb-b246-083fbe9afa15'));--#!
INSERT INTO CD_VRSN_TBL (CD_VRSN_ID, CD_ID, STS_CD_ID, CRT_PROV_ID, MNEMONIC, CLS_ID) VALUES (gen_uuid(), char_to_uuid('846c2ccf-5b02-4b3f-beb4-3d69ce7830dd'), char_to_uuid('c8064cbd-fa06-4530-b430-1a52f1530c27'), char_to_uuid('fadca076-3690-4a6e-af9e-f1cd68e8c7e8'), 'CONS', char_to_uuid('17fd5254-8c25-4abb-b246-083fbe9afa15'));--#!
INSERT INTO CD_VRSN_TBL (CD_VRSN_ID, CD_ID, STS_CD_ID, CRT_PROV_ID, MNEMONIC, CLS_ID) VALUES (gen_uuid(), char_to_uuid('0f4ba634-5107-4eab-9658-25be293cd831'), char_to_uuid('c8064cbd-fa06-4530-b430-1a52f1530c27'), char_to_uuid('fadca076-3690-4a6e-af9e-f1cd68e8c7e8'), 'DOC', char_to_uuid('17fd5254-8c25-4abb-b246-083fbe9afa15'));--#!
INSERT INTO CD_VRSN_TBL (CD_VRSN_ID, CD_ID, STS_CD_ID, CRT_PROV_ID, MNEMONIC, CLS_ID) VALUES (gen_uuid(), char_to_uuid('2557f7b4-e465-4965-b016-766f192131ab'), char_to_uuid('c8064cbd-fa06-4530-b430-1a52f1530c27'), char_to_uuid('fadca076-3690-4a6e-af9e-f1cd68e8c7e8'), 'DOCBODY', char_to_uuid('17fd5254-8c25-4abb-b246-083fbe9afa15'));--#!
INSERT INTO CD_VRSN_TBL (CD_VRSN_ID, CD_ID, STS_CD_ID, CRT_PROV_ID, MNEMONIC, CLS_ID) VALUES (gen_uuid(), char_to_uuid('4b98c47f-eaa5-472c-a2c6-97dddc0cb68c'), char_to_uuid('c8064cbd-fa06-4530-b430-1a52f1530c27'), char_to_uuid('fadca076-3690-4a6e-af9e-f1cd68e8c7e8'), 'DOCSECT', char_to_uuid('17fd5254-8c25-4abb-b246-083fbe9afa15'));--#!
INSERT INTO CD_VRSN_TBL (CD_VRSN_ID, CD_ID, STS_CD_ID, CRT_PROV_ID, MNEMONIC, CLS_ID) VALUES (gen_uuid(), char_to_uuid('54b52119-1709-4098-8911-5df6d6c84140'), char_to_uuid('c8064cbd-fa06-4530-b430-1a52f1530c27'), char_to_uuid('fadca076-3690-4a6e-af9e-f1cd68e8c7e8'), 'Encounter', char_to_uuid('17fd5254-8c25-4abb-b246-083fbe9afa15'));--#!
INSERT INTO CD_VRSN_TBL (CD_VRSN_ID, CD_ID, STS_CD_ID, CRT_PROV_ID, MNEMONIC, CLS_ID) VALUES (gen_uuid(), char_to_uuid('be84b6d3-446d-4e7e-b35d-2925f9f93434'), char_to_uuid('c8064cbd-fa06-4530-b430-1a52f1530c27'), char_to_uuid('fadca076-3690-4a6e-af9e-f1cd68e8c7e8'), 'CASE', char_to_uuid('17fd5254-8c25-4abb-b246-083fbe9afa15'));--#!
INSERT INTO CD_VRSN_TBL (CD_VRSN_ID, CD_ID, STS_CD_ID, CRT_PROV_ID, MNEMONIC, CLS_ID) VALUES (gen_uuid(), char_to_uuid('1987c53c-7ab8-4461-9ebc-0d428744a8c0'), char_to_uuid('c8064cbd-fa06-4530-b430-1a52f1530c27'), char_to_uuid('fadca076-3690-4a6e-af9e-f1cd68e8c7e8'), 'Condition', char_to_uuid('17fd5254-8c25-4abb-b246-083fbe9afa15'));--#!
INSERT INTO CD_VRSN_TBL (CD_VRSN_ID, CD_ID, STS_CD_ID, CRT_PROV_ID, MNEMONIC, CLS_ID) VALUES (gen_uuid(), char_to_uuid('43a9642c-a054-45df-9bee-99274b4635cd'), char_to_uuid('c8064cbd-fa06-4530-b430-1a52f1530c27'), char_to_uuid('fadca076-3690-4a6e-af9e-f1cd68e8c7e8'), 'GEN', char_to_uuid('17fd5254-8c25-4abb-b246-083fbe9afa15'));--#!
INSERT INTO CD_VRSN_TBL (CD_VRSN_ID, CD_ID, STS_CD_ID, CRT_PROV_ID, MNEMONIC, CLS_ID) VALUES (gen_uuid(), char_to_uuid('57619b4a-2c8a-4674-a7fc-8e4f9aeb4903'), char_to_uuid('c8064cbd-fa06-4530-b430-1a52f1530c27'), char_to_uuid('fadca076-3690-4a6e-af9e-f1cd68e8c7e8'), 'LeftLateralDecubitus', char_to_uuid('17fd5254-8c25-4abb-b246-083fbe9afa15'));--#!
INSERT INTO CD_VRSN_TBL (CD_VRSN_ID, CD_ID, STS_CD_ID, CRT_PROV_ID, MNEMONIC, CLS_ID) VALUES (gen_uuid(), char_to_uuid('28d022c6-8a8b-47c4-9e6a-2bc67308739e'), char_to_uuid('c8064cbd-fa06-4530-b430-1a52f1530c27'), char_to_uuid('fadca076-3690-4a6e-af9e-f1cd68e8c7e8'), 'Observation', char_to_uuid('17fd5254-8c25-4abb-b246-083fbe9afa15'));--#!
INSERT INTO CD_VRSN_TBL (CD_VRSN_ID, CD_ID, STS_CD_ID, CRT_PROV_ID, MNEMONIC, CLS_ID) VALUES (gen_uuid(), char_to_uuid('118e2293-0f46-4b78-8252-ab078afb32d3'), char_to_uuid('c8064cbd-fa06-4530-b430-1a52f1530c27'), char_to_uuid('fadca076-3690-4a6e-af9e-f1cd68e8c7e8'), 'OBSSER', char_to_uuid('17fd5254-8c25-4abb-b246-083fbe9afa15'));--#!
INSERT INTO CD_VRSN_TBL (CD_VRSN_ID, CD_ID, STS_CD_ID, CRT_PROV_ID, MNEMONIC, CLS_ID) VALUES (gen_uuid(), char_to_uuid('40829e76-33ec-420c-ae79-c9b9dc5a3481'), char_to_uuid('c8064cbd-fa06-4530-b430-1a52f1530c27'), char_to_uuid('fadca076-3690-4a6e-af9e-f1cd68e8c7e8'), 'POS', char_to_uuid('17fd5254-8c25-4abb-b246-083fbe9afa15'));--#!
INSERT INTO CD_VRSN_TBL (CD_VRSN_ID, CD_ID, STS_CD_ID, CRT_PROV_ID, MNEMONIC, CLS_ID) VALUES (gen_uuid(), char_to_uuid('0804e3a1-abe6-4bfb-9ad3-5484f170d181'), char_to_uuid('c8064cbd-fa06-4530-b430-1a52f1530c27'), char_to_uuid('fadca076-3690-4a6e-af9e-f1cd68e8c7e8'), 'Prone', char_to_uuid('17fd5254-8c25-4abb-b246-083fbe9afa15'));--#!
INSERT INTO CD_VRSN_TBL (CD_VRSN_ID, CD_ID, STS_CD_ID, CRT_PROV_ID, MNEMONIC, CLS_ID) VALUES (gen_uuid(), char_to_uuid('80c58da9-917c-450b-843f-de21e4ae41a9'), char_to_uuid('c8064cbd-fa06-4530-b430-1a52f1530c27'), char_to_uuid('fadca076-3690-4a6e-af9e-f1cd68e8c7e8'), 'RightLateralDecubitus', char_to_uuid('17fd5254-8c25-4abb-b246-083fbe9afa15'));--#!
INSERT INTO CD_VRSN_TBL (CD_VRSN_ID, CD_ID, STS_CD_ID, CRT_PROV_ID, MNEMONIC, CLS_ID) VALUES (gen_uuid(), char_to_uuid('22304ab0-b133-494a-ad30-4d9170176f99'), char_to_uuid('c8064cbd-fa06-4530-b430-1a52f1530c27'), char_to_uuid('fadca076-3690-4a6e-af9e-f1cd68e8c7e8'), 'SemiFowlers', char_to_uuid('17fd5254-8c25-4abb-b246-083fbe9afa15'));--#!
INSERT INTO CD_VRSN_TBL (CD_VRSN_ID, CD_ID, STS_CD_ID, CRT_PROV_ID, MNEMONIC, CLS_ID) VALUES (gen_uuid(), char_to_uuid('487e2e90-c2ab-4693-b190-2c4e2f0e7cec'), char_to_uuid('c8064cbd-fa06-4530-b430-1a52f1530c27'), char_to_uuid('fadca076-3690-4a6e-af9e-f1cd68e8c7e8'), 'Sitting', char_to_uuid('17fd5254-8c25-4abb-b246-083fbe9afa15'));--#!
INSERT INTO CD_VRSN_TBL (CD_VRSN_ID, CD_ID, STS_CD_ID, CRT_PROV_ID, MNEMONIC, CLS_ID) VALUES (gen_uuid(), char_to_uuid('7ce22b9d-e062-447c-a921-71e690ebd5cf'), char_to_uuid('c8064cbd-fa06-4530-b430-1a52f1530c27'), char_to_uuid('fadca076-3690-4a6e-af9e-f1cd68e8c7e8'), 'Standing', char_to_uuid('17fd5254-8c25-4abb-b246-083fbe9afa15'));--#!
INSERT INTO CD_VRSN_TBL (CD_VRSN_ID, CD_ID, STS_CD_ID, CRT_PROV_ID, MNEMONIC, CLS_ID) VALUES (gen_uuid(), char_to_uuid('ec38d31f-a187-4921-9fb6-ff9d227e9e9c'), char_to_uuid('c8064cbd-fa06-4530-b430-1a52f1530c27'), char_to_uuid('fadca076-3690-4a6e-af9e-f1cd68e8c7e8'), 'Supine', char_to_uuid('17fd5254-8c25-4abb-b246-083fbe9afa15'));--#!
INSERT INTO CD_VRSN_TBL (CD_VRSN_ID, CD_ID, STS_CD_ID, CRT_PROV_ID, MNEMONIC, CLS_ID) VALUES (gen_uuid(), char_to_uuid('bc6b2fc6-6542-4bec-96eb-8573a606dbb4'), char_to_uuid('c8064cbd-fa06-4530-b430-1a52f1530c27'), char_to_uuid('fadca076-3690-4a6e-af9e-f1cd68e8c7e8'), 'ReverseTrendelenburg', char_to_uuid('17fd5254-8c25-4abb-b246-083fbe9afa15'));--#!
INSERT INTO CD_VRSN_TBL (CD_VRSN_ID, CD_ID, STS_CD_ID, CRT_PROV_ID, MNEMONIC, CLS_ID) VALUES (gen_uuid(), char_to_uuid('ab94417b-0d1a-4c46-8d55-6c3fba04ed7e'), char_to_uuid('c8064cbd-fa06-4530-b430-1a52f1530c27'), char_to_uuid('fadca076-3690-4a6e-af9e-f1cd68e8c7e8'), 'Trendelenburg', char_to_uuid('17fd5254-8c25-4abb-b246-083fbe9afa15'));--#!
INSERT INTO CD_VRSN_TBL (CD_VRSN_ID, CD_ID, STS_CD_ID, CRT_PROV_ID, MNEMONIC, CLS_ID) VALUES (gen_uuid(), char_to_uuid('82d09e9e-9b12-47dd-acba-0557cc025bd7'), char_to_uuid('c8064cbd-fa06-4530-b430-1a52f1530c27'), char_to_uuid('fadca076-3690-4a6e-af9e-f1cd68e8c7e8'), 'OverlayROI', char_to_uuid('17fd5254-8c25-4abb-b246-083fbe9afa15'));--#!
INSERT INTO CD_VRSN_TBL (CD_VRSN_ID, CD_ID, STS_CD_ID, CRT_PROV_ID, MNEMONIC, CLS_ID) VALUES (gen_uuid(), char_to_uuid('932a3c7e-ad77-450a-8a1f-030fc2855450'), char_to_uuid('c8064cbd-fa06-4530-b430-1a52f1530c27'), char_to_uuid('fadca076-3690-4a6e-af9e-f1cd68e8c7e8'), 'SubstanceAdministration', char_to_uuid('17fd5254-8c25-4abb-b246-083fbe9afa15'));--#!
INSERT INTO CD_VRSN_TBL (CD_VRSN_ID, CD_ID, STS_CD_ID, CRT_PROV_ID, MNEMONIC, CLS_ID) VALUES (gen_uuid(), char_to_uuid('a064984f-9847-4480-8bea-dddf64b3c77c'), char_to_uuid('c8064cbd-fa06-4530-b430-1a52f1530c27'), char_to_uuid('fadca076-3690-4a6e-af9e-f1cd68e8c7e8'), 'Supply', char_to_uuid('17fd5254-8c25-4abb-b246-083fbe9afa15'));--#!
INSERT INTO CD_VRSN_TBL (CD_VRSN_ID, CD_ID, STS_CD_ID, CRT_PROV_ID, MNEMONIC, CLS_ID) VALUES (gen_uuid(), char_to_uuid('73a70eea-06cd-4865-a5f7-f010e33ba4f3'), char_to_uuid('c8064cbd-fa06-4530-b430-1a52f1530c27'), char_to_uuid('fadca076-3690-4a6e-af9e-f1cd68e8c7e8'), 'Ambulatory', char_to_uuid('0d6b3439-c9be-4480-af39-eeb457c052d0'));--#!
INSERT INTO CD_VRSN_TBL (CD_VRSN_ID, CD_ID, STS_CD_ID, CRT_PROV_ID, MNEMONIC, CLS_ID) VALUES (gen_uuid(), char_to_uuid('b47f044d-a9c8-4a65-9f84-d99d913beb97'), char_to_uuid('c8064cbd-fa06-4530-b430-1a52f1530c27'), char_to_uuid('fadca076-3690-4a6e-af9e-f1cd68e8c7e8'), 'Emergency', char_to_uuid('0d6b3439-c9be-4480-af39-eeb457c052d0'));--#!
INSERT INTO CD_VRSN_TBL (CD_VRSN_ID, CD_ID, STS_CD_ID, CRT_PROV_ID, MNEMONIC, CLS_ID) VALUES (gen_uuid(), char_to_uuid('21a61f18-1fc5-47c0-a235-721d2f965e33'), char_to_uuid('c8064cbd-fa06-4530-b430-1a52f1530c27'), char_to_uuid('fadca076-3690-4a6e-af9e-f1cd68e8c7e8'), 'Field', char_to_uuid('0d6b3439-c9be-4480-af39-eeb457c052d0'));--#!
INSERT INTO CD_VRSN_TBL (CD_VRSN_ID, CD_ID, STS_CD_ID, CRT_PROV_ID, MNEMONIC, CLS_ID) VALUES (gen_uuid(), char_to_uuid('f38f409f-3e92-4e6b-b8fd-b2abc7e6c177'), char_to_uuid('c8064cbd-fa06-4530-b430-1a52f1530c27'), char_to_uuid('fadca076-3690-4a6e-af9e-f1cd68e8c7e8'), 'HomeHealth', char_to_uuid('0d6b3439-c9be-4480-af39-eeb457c052d0'));--#!
INSERT INTO CD_VRSN_TBL (CD_VRSN_ID, CD_ID, STS_CD_ID, CRT_PROV_ID, MNEMONIC, CLS_ID) VALUES (gen_uuid(), char_to_uuid('fdae49aa-6fcb-40ae-9653-744e87fdd692'), char_to_uuid('c8064cbd-fa06-4530-b430-1a52f1530c27'), char_to_uuid('fadca076-3690-4a6e-af9e-f1cd68e8c7e8'), 'InpatientEncounter', char_to_uuid('0d6b3439-c9be-4480-af39-eeb457c052d0'));--#!
INSERT INTO CD_VRSN_TBL (CD_VRSN_ID, CD_ID, STS_CD_ID, CRT_PROV_ID, MNEMONIC, CLS_ID) VALUES (gen_uuid(), char_to_uuid('9613f16a-f962-4c27-8489-b78aebd7e2ec'), char_to_uuid('c8064cbd-fa06-4530-b430-1a52f1530c27'), char_to_uuid('fadca076-3690-4a6e-af9e-f1cd68e8c7e8'), 'InpatientAcute', char_to_uuid('0d6b3439-c9be-4480-af39-eeb457c052d0'));--#!
INSERT INTO CD_VRSN_TBL (CD_VRSN_ID, CD_ID, STS_CD_ID, CRT_PROV_ID, MNEMONIC, CLS_ID) VALUES (gen_uuid(), char_to_uuid('90c2f40c-784e-4260-8b91-66bb032d3652'), char_to_uuid('c8064cbd-fa06-4530-b430-1a52f1530c27'), char_to_uuid('fadca076-3690-4a6e-af9e-f1cd68e8c7e8'), 'InpatientNonacute', char_to_uuid('0d6b3439-c9be-4480-af39-eeb457c052d0'));--#!
INSERT INTO CD_VRSN_TBL (CD_VRSN_ID, CD_ID, STS_CD_ID, CRT_PROV_ID, MNEMONIC, CLS_ID) VALUES (gen_uuid(), char_to_uuid('1a76e650-0242-4b40-9267-bf3a5b386c96'), char_to_uuid('c8064cbd-fa06-4530-b430-1a52f1530c27'), char_to_uuid('fadca076-3690-4a6e-af9e-f1cd68e8c7e8'), 'ShortStay', char_to_uuid('0d6b3439-c9be-4480-af39-eeb457c052d0'));--#!
INSERT INTO CD_VRSN_TBL (CD_VRSN_ID, CD_ID, STS_CD_ID, CRT_PROV_ID, MNEMONIC, CLS_ID) VALUES (gen_uuid(), char_to_uuid('5a5023c9-9a53-4f4f-a9b2-5938c71041e7'), char_to_uuid('c8064cbd-fa06-4530-b430-1a52f1530c27'), char_to_uuid('fadca076-3690-4a6e-af9e-f1cd68e8c7e8'), 'Virtual', char_to_uuid('0d6b3439-c9be-4480-af39-eeb457c052d0'));--#!
INSERT INTO CD_VRSN_TBL (CD_VRSN_ID, CD_ID, STS_CD_ID, CRT_PROV_ID, MNEMONIC, CLS_ID) VALUES (gen_uuid(), char_to_uuid('7a4a0c9c-cf1c-423a-987e-d2a5717ac74e'), char_to_uuid('c8064cbd-fa06-4530-b430-1a52f1530c27'), char_to_uuid('fadca076-3690-4a6e-af9e-f1cd68e8c7e8'), 'EventCritereon', char_to_uuid('bba99722-23ce-469a-8fa5-10deba853d35'));--#!
INSERT INTO CD_VRSN_TBL (CD_VRSN_ID, CD_ID, STS_CD_ID, CRT_PROV_ID, MNEMONIC, CLS_ID) VALUES (gen_uuid(), char_to_uuid('ec74541f-87c4-4327-a4b9-97f325501747'), char_to_uuid('c8064cbd-fa06-4530-b430-1a52f1530c27'), char_to_uuid('fadca076-3690-4a6e-af9e-f1cd68e8c7e8'), 'Eventoccurrence', char_to_uuid('bba99722-23ce-469a-8fa5-10deba853d35'));--#!
INSERT INTO CD_VRSN_TBL (CD_VRSN_ID, CD_ID, STS_CD_ID, CRT_PROV_ID, MNEMONIC, CLS_ID) VALUES (gen_uuid(), char_to_uuid('29894070-a76b-47ef-8c16-d84e0acd9ea6'), char_to_uuid('c8064cbd-fa06-4530-b430-1a52f1530c27'), char_to_uuid('fadca076-3690-4a6e-af9e-f1cd68e8c7e8'), 'HasAuthorization', char_to_uuid('f51dfdcd-039b-4e1f-90be-3cf56aef8da4'));--#!
INSERT INTO CD_VRSN_TBL (CD_VRSN_ID, CD_ID, STS_CD_ID, CRT_PROV_ID, MNEMONIC, CLS_ID) VALUES (gen_uuid(), char_to_uuid('646542bc-72e4-488b-bbf4-865d452e62ec'), char_to_uuid('c8064cbd-fa06-4530-b430-1a52f1530c27'), char_to_uuid('fadca076-3690-4a6e-af9e-f1cd68e8c7e8'), 'Fulfills', char_to_uuid('f51dfdcd-039b-4e1f-90be-3cf56aef8da4'));--#!
INSERT INTO CD_VRSN_TBL (CD_VRSN_ID, CD_ID, STS_CD_ID, CRT_PROV_ID, MNEMONIC, CLS_ID) VALUES (gen_uuid(), char_to_uuid('78b9540f-438b-4b6f-8d83-aaf4979dbc64'), char_to_uuid('c8064cbd-fa06-4530-b430-1a52f1530c27'), char_to_uuid('fadca076-3690-4a6e-af9e-f1cd68e8c7e8'), 'HasComponent', char_to_uuid('f51dfdcd-039b-4e1f-90be-3cf56aef8da4'));--#!
INSERT INTO CD_VRSN_TBL (CD_VRSN_ID, CD_ID, STS_CD_ID, CRT_PROV_ID, MNEMONIC, CLS_ID) VALUES (gen_uuid(), char_to_uuid('26fe590c-3684-4574-9359-057fdd06ba61'), char_to_uuid('c8064cbd-fa06-4530-b430-1a52f1530c27'), char_to_uuid('fadca076-3690-4a6e-af9e-f1cd68e8c7e8'), 'Arrival', char_to_uuid('f51dfdcd-039b-4e1f-90be-3cf56aef8da4'));--#!
INSERT INTO CD_VRSN_TBL (CD_VRSN_ID, CD_ID, STS_CD_ID, CRT_PROV_ID, MNEMONIC, CLS_ID) VALUES (gen_uuid(), char_to_uuid('85f68168-2a43-4532-bc79-191fa0b47c8b'), char_to_uuid('c8064cbd-fa06-4530-b430-1a52f1530c27'), char_to_uuid('fadca076-3690-4a6e-af9e-f1cd68e8c7e8'), 'HasControlVariable', char_to_uuid('f51dfdcd-039b-4e1f-90be-3cf56aef8da4'));--#!
INSERT INTO CD_VRSN_TBL (CD_VRSN_ID, CD_ID, STS_CD_ID, CRT_PROV_ID, MNEMONIC, CLS_ID) VALUES (gen_uuid(), char_to_uuid('28c81cdc-ca56-4c92-b691-094e89630642'), char_to_uuid('c8064cbd-fa06-4530-b430-1a52f1530c27'), char_to_uuid('fadca076-3690-4a6e-af9e-f1cd68e8c7e8'), 'Departure', char_to_uuid('f51dfdcd-039b-4e1f-90be-3cf56aef8da4'));--#!
INSERT INTO CD_VRSN_TBL (CD_VRSN_ID, CD_ID, STS_CD_ID, CRT_PROV_ID, MNEMONIC, CLS_ID) VALUES (gen_uuid(), char_to_uuid('5a280fc0-8c26-4191-b204-b1b1e4e19462'), char_to_uuid('c8064cbd-fa06-4530-b430-1a52f1530c27'), char_to_uuid('fadca076-3690-4a6e-af9e-f1cd68e8c7e8'), 'HasPrecondition', char_to_uuid('f51dfdcd-039b-4e1f-90be-3cf56aef8da4'));--#!
INSERT INTO CD_VRSN_TBL (CD_VRSN_ID, CD_ID, STS_CD_ID, CRT_PROV_ID, MNEMONIC, CLS_ID) VALUES (gen_uuid(), char_to_uuid('99488a1d-6d97-4013-8c91-ded6ad3b8e89'), char_to_uuid('c8064cbd-fa06-4530-b430-1a52f1530c27'), char_to_uuid('fadca076-3690-4a6e-af9e-f1cd68e8c7e8'), 'HasReferenceValues', char_to_uuid('f51dfdcd-039b-4e1f-90be-3cf56aef8da4'));--#!
INSERT INTO CD_VRSN_TBL (CD_VRSN_ID, CD_ID, STS_CD_ID, CRT_PROV_ID, MNEMONIC, CLS_ID) VALUES (gen_uuid(), char_to_uuid('07e4d325-63b9-487d-a22c-9b194c09a6ba'), char_to_uuid('c8064cbd-fa06-4530-b430-1a52f1530c27'), char_to_uuid('fadca076-3690-4a6e-af9e-f1cd68e8c7e8'), 'ArgentinePeso', char_to_uuid('0d6b3439-c9be-4480-af39-eeb457c052d0'));--#!
INSERT INTO CD_VRSN_TBL (CD_VRSN_ID, CD_ID, STS_CD_ID, CRT_PROV_ID, MNEMONIC, CLS_ID) VALUES (gen_uuid(), char_to_uuid('c3b1a717-74d0-4ae3-830c-efddcc57bb92'), char_to_uuid('c8064cbd-fa06-4530-b430-1a52f1530c27'), char_to_uuid('fadca076-3690-4a6e-af9e-f1cd68e8c7e8'), 'AustralianDollar', char_to_uuid('0d6b3439-c9be-4480-af39-eeb457c052d0'));--#!
INSERT INTO CD_VRSN_TBL (CD_VRSN_ID, CD_ID, STS_CD_ID, CRT_PROV_ID, MNEMONIC, CLS_ID) VALUES (gen_uuid(), char_to_uuid('16d4c8a8-5776-4c34-b189-018d236f1cb6'), char_to_uuid('c8064cbd-fa06-4530-b430-1a52f1530c27'), char_to_uuid('fadca076-3690-4a6e-af9e-f1cd68e8c7e8'), 'BrazilianReal', char_to_uuid('0d6b3439-c9be-4480-af39-eeb457c052d0'));--#!
INSERT INTO CD_VRSN_TBL (CD_VRSN_ID, CD_ID, STS_CD_ID, CRT_PROV_ID, MNEMONIC, CLS_ID) VALUES (gen_uuid(), char_to_uuid('802ae6bb-31b8-401a-9d40-9ce3c3da227c'), char_to_uuid('c8064cbd-fa06-4530-b430-1a52f1530c27'), char_to_uuid('fadca076-3690-4a6e-af9e-f1cd68e8c7e8'), 'CanadianDollar', char_to_uuid('0d6b3439-c9be-4480-af39-eeb457c052d0'));--#!
INSERT INTO CD_VRSN_TBL (CD_VRSN_ID, CD_ID, STS_CD_ID, CRT_PROV_ID, MNEMONIC, CLS_ID) VALUES (gen_uuid(), char_to_uuid('2ca49a5f-af50-402d-9263-7725071c3ed9'), char_to_uuid('c8064cbd-fa06-4530-b430-1a52f1530c27'), char_to_uuid('fadca076-3690-4a6e-af9e-f1cd68e8c7e8'), 'SwissFranc', char_to_uuid('0d6b3439-c9be-4480-af39-eeb457c052d0'));--#!
INSERT INTO CD_VRSN_TBL (CD_VRSN_ID, CD_ID, STS_CD_ID, CRT_PROV_ID, MNEMONIC, CLS_ID) VALUES (gen_uuid(), char_to_uuid('f81e1097-ed9e-461b-9e1f-52bd7ed47236'), char_to_uuid('c8064cbd-fa06-4530-b430-1a52f1530c27'), char_to_uuid('fadca076-3690-4a6e-af9e-f1cd68e8c7e8'), 'UnidadesDeFormento', char_to_uuid('0d6b3439-c9be-4480-af39-eeb457c052d0'));--#!
INSERT INTO CD_VRSN_TBL (CD_VRSN_ID, CD_ID, STS_CD_ID, CRT_PROV_ID, MNEMONIC, CLS_ID) VALUES (gen_uuid(), char_to_uuid('31a56b8d-b358-453a-a3c8-b1d60ee52578'), char_to_uuid('c8064cbd-fa06-4530-b430-1a52f1530c27'), char_to_uuid('fadca076-3690-4a6e-af9e-f1cd68e8c7e8'), 'YuanRenminbi', char_to_uuid('0d6b3439-c9be-4480-af39-eeb457c052d0'));--#!
INSERT INTO CD_VRSN_TBL (CD_VRSN_ID, CD_ID, STS_CD_ID, CRT_PROV_ID, MNEMONIC, CLS_ID) VALUES (gen_uuid(), char_to_uuid('50829a86-6643-423c-bbae-eb3119575349'), char_to_uuid('c8064cbd-fa06-4530-b430-1a52f1530c27'), char_to_uuid('fadca076-3690-4a6e-af9e-f1cd68e8c7e8'), 'DeutscheMark', char_to_uuid('0d6b3439-c9be-4480-af39-eeb457c052d0'));--#!
INSERT INTO CD_VRSN_TBL (CD_VRSN_ID, CD_ID, STS_CD_ID, CRT_PROV_ID, MNEMONIC, CLS_ID) VALUES (gen_uuid(), char_to_uuid('9b3412c0-adb9-41fa-9b23-2557bd0b3348'), char_to_uuid('c8064cbd-fa06-4530-b430-1a52f1530c27'), char_to_uuid('fadca076-3690-4a6e-af9e-f1cd68e8c7e8'), 'SpanishPeseta', char_to_uuid('0d6b3439-c9be-4480-af39-eeb457c052d0'));--#!
INSERT INTO CD_VRSN_TBL (CD_VRSN_ID, CD_ID, STS_CD_ID, CRT_PROV_ID, MNEMONIC, CLS_ID) VALUES (gen_uuid(), char_to_uuid('4f509ada-d366-41ac-bd84-e0b3046a0ffc'), char_to_uuid('c8064cbd-fa06-4530-b430-1a52f1530c27'), char_to_uuid('fadca076-3690-4a6e-af9e-f1cd68e8c7e8'), 'Euro', char_to_uuid('0d6b3439-c9be-4480-af39-eeb457c052d0'));--#!
INSERT INTO CD_VRSN_TBL (CD_VRSN_ID, CD_ID, STS_CD_ID, CRT_PROV_ID, MNEMONIC, CLS_ID) VALUES (gen_uuid(), char_to_uuid('e769140d-195e-4fdf-b64f-0da4ecf74b36'), char_to_uuid('c8064cbd-fa06-4530-b430-1a52f1530c27'), char_to_uuid('fadca076-3690-4a6e-af9e-f1cd68e8c7e8'), 'Markka', char_to_uuid('0d6b3439-c9be-4480-af39-eeb457c052d0'));--#!
INSERT INTO CD_VRSN_TBL (CD_VRSN_ID, CD_ID, STS_CD_ID, CRT_PROV_ID, MNEMONIC, CLS_ID) VALUES (gen_uuid(), char_to_uuid('221bc06c-27f4-4244-8efe-a7b968fbdbd6'), char_to_uuid('c8064cbd-fa06-4530-b430-1a52f1530c27'), char_to_uuid('fadca076-3690-4a6e-af9e-f1cd68e8c7e8'), 'FrenchFranc', char_to_uuid('0d6b3439-c9be-4480-af39-eeb457c052d0'));--#!
INSERT INTO CD_VRSN_TBL (CD_VRSN_ID, CD_ID, STS_CD_ID, CRT_PROV_ID, MNEMONIC, CLS_ID) VALUES (gen_uuid(), char_to_uuid('d920a941-ec06-4d0d-9f60-631b790f8e0d'), char_to_uuid('c8064cbd-fa06-4530-b430-1a52f1530c27'), char_to_uuid('fadca076-3690-4a6e-af9e-f1cd68e8c7e8'), 'PoundSterling', char_to_uuid('0d6b3439-c9be-4480-af39-eeb457c052d0'));--#!
INSERT INTO CD_VRSN_TBL (CD_VRSN_ID, CD_ID, STS_CD_ID, CRT_PROV_ID, MNEMONIC, CLS_ID) VALUES (gen_uuid(), char_to_uuid('f730f892-ebcc-43bc-8d39-bda98bc76563'), char_to_uuid('c8064cbd-fa06-4530-b430-1a52f1530c27'), char_to_uuid('fadca076-3690-4a6e-af9e-f1cd68e8c7e8'), 'Shekel', char_to_uuid('0d6b3439-c9be-4480-af39-eeb457c052d0'));--#!
INSERT INTO CD_VRSN_TBL (CD_VRSN_ID, CD_ID, STS_CD_ID, CRT_PROV_ID, MNEMONIC, CLS_ID) VALUES (gen_uuid(), char_to_uuid('e0f40a69-0e09-44e1-bd37-080ac88661e3'), char_to_uuid('c8064cbd-fa06-4530-b430-1a52f1530c27'), char_to_uuid('fadca076-3690-4a6e-af9e-f1cd68e8c7e8'), 'IndianRupee', char_to_uuid('0d6b3439-c9be-4480-af39-eeb457c052d0'));--#!
INSERT INTO CD_VRSN_TBL (CD_VRSN_ID, CD_ID, STS_CD_ID, CRT_PROV_ID, MNEMONIC, CLS_ID) VALUES (gen_uuid(), char_to_uuid('da22b2fb-bf0b-4aa6-8dcc-cb4c4cad1ca8'), char_to_uuid('c8064cbd-fa06-4530-b430-1a52f1530c27'), char_to_uuid('fadca076-3690-4a6e-af9e-f1cd68e8c7e8'), 'Yen', char_to_uuid('0d6b3439-c9be-4480-af39-eeb457c052d0'));--#!
INSERT INTO CD_VRSN_TBL (CD_VRSN_ID, CD_ID, STS_CD_ID, CRT_PROV_ID, MNEMONIC, CLS_ID) VALUES (gen_uuid(), char_to_uuid('c898b180-dad0-4115-9200-f48329fd7771'), char_to_uuid('c8064cbd-fa06-4530-b430-1a52f1530c27'), char_to_uuid('fadca076-3690-4a6e-af9e-f1cd68e8c7e8'), 'Won', char_to_uuid('0d6b3439-c9be-4480-af39-eeb457c052d0'));--#!
INSERT INTO CD_VRSN_TBL (CD_VRSN_ID, CD_ID, STS_CD_ID, CRT_PROV_ID, MNEMONIC, CLS_ID) VALUES (gen_uuid(), char_to_uuid('cfbed12b-ffb1-48d7-b0ab-68f898a76749'), char_to_uuid('c8064cbd-fa06-4530-b430-1a52f1530c27'), char_to_uuid('fadca076-3690-4a6e-af9e-f1cd68e8c7e8'), 'MexicanNuevoPeso', char_to_uuid('0d6b3439-c9be-4480-af39-eeb457c052d0'));--#!
INSERT INTO CD_VRSN_TBL (CD_VRSN_ID, CD_ID, STS_CD_ID, CRT_PROV_ID, MNEMONIC, CLS_ID) VALUES (gen_uuid(), char_to_uuid('a5a71f07-0235-42e8-beab-adefeb357bf5'), char_to_uuid('c8064cbd-fa06-4530-b430-1a52f1530c27'), char_to_uuid('fadca076-3690-4a6e-af9e-f1cd68e8c7e8'), 'NetherlandsGuilder', char_to_uuid('0d6b3439-c9be-4480-af39-eeb457c052d0'));--#!
INSERT INTO CD_VRSN_TBL (CD_VRSN_ID, CD_ID, STS_CD_ID, CRT_PROV_ID, MNEMONIC, CLS_ID) VALUES (gen_uuid(), char_to_uuid('742b318f-8198-4dde-9b43-34d20d0c18e2'), char_to_uuid('c8064cbd-fa06-4530-b430-1a52f1530c27'), char_to_uuid('fadca076-3690-4a6e-af9e-f1cd68e8c7e8'), 'NewZealandDollar', char_to_uuid('0d6b3439-c9be-4480-af39-eeb457c052d0'));--#!
INSERT INTO CD_VRSN_TBL (CD_VRSN_ID, CD_ID, STS_CD_ID, CRT_PROV_ID, MNEMONIC, CLS_ID) VALUES (gen_uuid(), char_to_uuid('a0d72d7c-b32f-4619-a943-f40ced704df6'), char_to_uuid('c8064cbd-fa06-4530-b430-1a52f1530c27'), char_to_uuid('fadca076-3690-4a6e-af9e-f1cd68e8c7e8'), 'PhilippinePeso', char_to_uuid('0d6b3439-c9be-4480-af39-eeb457c052d0'));--#!
INSERT INTO CD_VRSN_TBL (CD_VRSN_ID, CD_ID, STS_CD_ID, CRT_PROV_ID, MNEMONIC, CLS_ID) VALUES (gen_uuid(), char_to_uuid('c44dd7b3-4e4e-493f-9ace-557ca3c672a7'), char_to_uuid('c8064cbd-fa06-4530-b430-1a52f1530c27'), char_to_uuid('fadca076-3690-4a6e-af9e-f1cd68e8c7e8'), 'RussianRuble', char_to_uuid('0d6b3439-c9be-4480-af39-eeb457c052d0'));--#!
INSERT INTO CD_VRSN_TBL (CD_VRSN_ID, CD_ID, STS_CD_ID, CRT_PROV_ID, MNEMONIC, CLS_ID) VALUES (gen_uuid(), char_to_uuid('44d04d8c-a81b-47ce-8857-c88cc92e8dfc'), char_to_uuid('c8064cbd-fa06-4530-b430-1a52f1530c27'), char_to_uuid('fadca076-3690-4a6e-af9e-f1cd68e8c7e8'), 'Baht', char_to_uuid('0d6b3439-c9be-4480-af39-eeb457c052d0'));--#!
INSERT INTO CD_VRSN_TBL (CD_VRSN_ID, CD_ID, STS_CD_ID, CRT_PROV_ID, MNEMONIC, CLS_ID) VALUES (gen_uuid(), char_to_uuid('eb55fb0a-126d-4f97-a7e4-454d600c5c9a'), char_to_uuid('c8064cbd-fa06-4530-b430-1a52f1530c27'), char_to_uuid('fadca076-3690-4a6e-af9e-f1cd68e8c7e8'), 'Lira', char_to_uuid('0d6b3439-c9be-4480-af39-eeb457c052d0'));--#!
INSERT INTO CD_VRSN_TBL (CD_VRSN_ID, CD_ID, STS_CD_ID, CRT_PROV_ID, MNEMONIC, CLS_ID) VALUES (gen_uuid(), char_to_uuid('d18cc00b-c339-47a5-9ff9-23c77542a5c3'), char_to_uuid('c8064cbd-fa06-4530-b430-1a52f1530c27'), char_to_uuid('fadca076-3690-4a6e-af9e-f1cd68e8c7e8'), 'TaiwanDollar', char_to_uuid('0d6b3439-c9be-4480-af39-eeb457c052d0'));--#!
INSERT INTO CD_VRSN_TBL (CD_VRSN_ID, CD_ID, STS_CD_ID, CRT_PROV_ID, MNEMONIC, CLS_ID) VALUES (gen_uuid(), char_to_uuid('65c0a364-b1bf-4b16-8c28-6d1e2fc90ad1'), char_to_uuid('c8064cbd-fa06-4530-b430-1a52f1530c27'), char_to_uuid('fadca076-3690-4a6e-af9e-f1cd68e8c7e8'), 'USDollar', char_to_uuid('0d6b3439-c9be-4480-af39-eeb457c052d0'));--#!
INSERT INTO CD_VRSN_TBL (CD_VRSN_ID, CD_ID, STS_CD_ID, CRT_PROV_ID, MNEMONIC, CLS_ID) VALUES (gen_uuid(), char_to_uuid('69f1fd07-ba26-4e92-8ad0-deac7559e90f'), char_to_uuid('c8064cbd-fa06-4530-b430-1a52f1530c27'), char_to_uuid('fadca076-3690-4a6e-af9e-f1cd68e8c7e8'), 'Rand', char_to_uuid('0d6b3439-c9be-4480-af39-eeb457c052d0'));--#!
INSERT INTO CD_VRSN_TBL (CD_VRSN_ID, CD_ID, STS_CD_ID, CRT_PROV_ID, MNEMONIC, CLS_ID) VALUES (gen_uuid(), char_to_uuid('1373ff04-a6ef-420a-b1d0-4a07465fe8e8'), char_to_uuid('c8064cbd-fa06-4530-b430-1a52f1530c27'), char_to_uuid('fadca076-3690-4a6e-af9e-f1cd68e8c7e8'), 'DEV', char_to_uuid('17fd5254-8c25-4abb-b246-083fbe9afa15'));--#!
INSERT INTO CD_VRSN_TBL (CD_VRSN_ID, CD_ID, STS_CD_ID, CRT_PROV_ID, MNEMONIC, CLS_ID) VALUES (gen_uuid(), char_to_uuid('b76ff324-b174-40b7-a6ac-d1fdf8e23967'), char_to_uuid('c8064cbd-fa06-4530-b430-1a52f1530c27'), char_to_uuid('fadca076-3690-4a6e-af9e-f1cd68e8c7e8'), 'CONT', char_to_uuid('17fd5254-8c25-4abb-b246-083fbe9afa15'));--#!
INSERT INTO CD_VRSN_TBL (CD_VRSN_ID, CD_ID, STS_CD_ID, CRT_PROV_ID, MNEMONIC, CLS_ID) VALUES (gen_uuid(), char_to_uuid('0b019bcf-c51f-4b8c-bfae-b7232a7dfb59'), char_to_uuid('c8064cbd-fa06-4530-b430-1a52f1530c27'), char_to_uuid('fadca076-3690-4a6e-af9e-f1cd68e8c7e8'), 'MMAT', char_to_uuid('17fd5254-8c25-4abb-b246-083fbe9afa15'));--#!
INSERT INTO CD_VRSN_TBL (CD_VRSN_ID, CD_ID, STS_CD_ID, CRT_PROV_ID, MNEMONIC, CLS_ID) VALUES (gen_uuid(), char_to_uuid('4a2de544-f8c9-4e29-b156-df478d5cbe25'), char_to_uuid('c8064cbd-fa06-4530-b430-1a52f1530c27'), char_to_uuid('fadca076-3690-4a6e-af9e-f1cd68e8c7e8'), 'ORG', char_to_uuid('17fd5254-8c25-4abb-b246-083fbe9afa15'));--#!
INSERT INTO CD_VRSN_TBL (CD_VRSN_ID, CD_ID, STS_CD_ID, CRT_PROV_ID, MNEMONIC, CLS_ID) VALUES (gen_uuid(), char_to_uuid('fbf1a25a-b874-4d1b-83a9-da193869ee78'), char_to_uuid('c8064cbd-fa06-4530-b430-1a52f1530c27'), char_to_uuid('fadca076-3690-4a6e-af9e-f1cd68e8c7e8'), 'PSN', char_to_uuid('17fd5254-8c25-4abb-b246-083fbe9afa15'));--#!
INSERT INTO CD_VRSN_TBL (CD_VRSN_ID, CD_ID, STS_CD_ID, CRT_PROV_ID, MNEMONIC, CLS_ID) VALUES (gen_uuid(), char_to_uuid('74cd3296-cb58-4984-9750-d077a130ce05'), char_to_uuid('c8064cbd-fa06-4530-b430-1a52f1530c27'), char_to_uuid('fadca076-3690-4a6e-af9e-f1cd68e8c7e8'), 'PLC', char_to_uuid('17fd5254-8c25-4abb-b246-083fbe9afa15'));--#!
INSERT INTO CD_VRSN_TBL (CD_VRSN_ID, CD_ID, STS_CD_ID, CRT_PROV_ID, MNEMONIC, CLS_ID) VALUES (gen_uuid(), char_to_uuid('e29fcfad-ec1d-4c60-a055-039a494248ae'), char_to_uuid('c8064cbd-fa06-4530-b430-1a52f1530c27'), char_to_uuid('fadca076-3690-4a6e-af9e-f1cd68e8c7e8'), 'Entity', char_to_uuid('17fd5254-8c25-4abb-b246-083fbe9afa15'));--#!
INSERT INTO CD_VRSN_TBL (CD_VRSN_ID, CD_ID, STS_CD_ID, CRT_PROV_ID, MNEMONIC, CLS_ID) VALUES (gen_uuid(), char_to_uuid('fdf8335e-1f12-4de0-8356-f8778ed41c21'), char_to_uuid('c8064cbd-fa06-4530-b430-1a52f1530c27'), char_to_uuid('fadca076-3690-4a6e-af9e-f1cd68e8c7e8'), 'HealthChartEntity', char_to_uuid('17fd5254-8c25-4abb-b246-083fbe9afa15'));--#!
INSERT INTO CD_VRSN_TBL (CD_VRSN_ID, CD_ID, STS_CD_ID, CRT_PROV_ID, MNEMONIC, CLS_ID) VALUES (gen_uuid(), char_to_uuid('8ba5e5c9-693b-49d4-973c-d7010f3a23ee'), char_to_uuid('c8064cbd-fa06-4530-b430-1a52f1530c27'), char_to_uuid('fadca076-3690-4a6e-af9e-f1cd68e8c7e8'), 'LivingSubject', char_to_uuid('17fd5254-8c25-4abb-b246-083fbe9afa15'));--#!
INSERT INTO CD_VRSN_TBL (CD_VRSN_ID, CD_ID, STS_CD_ID, CRT_PROV_ID, MNEMONIC, CLS_ID) VALUES (gen_uuid(), char_to_uuid('9025e5c9-693b-49d4-973c-d7010f3a23ee'), char_to_uuid('c8064cbd-fa06-4530-b430-1a52f1530c27'), char_to_uuid('fadca076-3690-4a6e-af9e-f1cd68e8c7e8'), 'NonLivingSubject', char_to_uuid('17fd5254-8c25-4abb-b246-083fbe9afa15'));--#!
INSERT INTO CD_VRSN_TBL (CD_VRSN_ID, CD_ID, STS_CD_ID, CRT_PROV_ID, MNEMONIC, CLS_ID) VALUES (gen_uuid(), char_to_uuid('8a6cb575-cf22-4184-a2b7-d9e99d2cd850'), char_to_uuid('c8064cbd-fa06-4530-b430-1a52f1530c27'), char_to_uuid('fadca076-3690-4a6e-af9e-f1cd68e8c7e8'), 'NonpersonLivingSubject', char_to_uuid('17fd5254-8c25-4abb-b246-083fbe9afa15'));--#!
INSERT INTO CD_VRSN_TBL (CD_VRSN_ID, CD_ID, STS_CD_ID, CRT_PROV_ID, MNEMONIC, CLS_ID) VALUES (gen_uuid(), char_to_uuid('61fcbf42-b5e0-4fb5-9392-108a5c6dbec7'), char_to_uuid('c8064cbd-fa06-4530-b430-1a52f1530c27'), char_to_uuid('fadca076-3690-4a6e-af9e-f1cd68e8c7e8'), 'Animal', char_to_uuid('17fd5254-8c25-4abb-b246-083fbe9afa15'));--#!
INSERT INTO CD_VRSN_TBL (CD_VRSN_ID, CD_ID, STS_CD_ID, CRT_PROV_ID, MNEMONIC, CLS_ID) VALUES (gen_uuid(), char_to_uuid('0162f67f-50a6-4743-88b6-edcde354caca'), char_to_uuid('c8064cbd-fa06-4530-b430-1a52f1530c27'), char_to_uuid('fadca076-3690-4a6e-af9e-f1cd68e8c7e8'), 'Microorganism', char_to_uuid('17fd5254-8c25-4abb-b246-083fbe9afa15'));--#!
INSERT INTO CD_VRSN_TBL (CD_VRSN_ID, CD_ID, STS_CD_ID, CRT_PROV_ID, MNEMONIC, CLS_ID) VALUES (gen_uuid(), char_to_uuid('b91f756a-5b37-409e-8cf9-c985d5dba2f1'), char_to_uuid('c8064cbd-fa06-4530-b430-1a52f1530c27'), char_to_uuid('fadca076-3690-4a6e-af9e-f1cd68e8c7e8'), 'Plant', char_to_uuid('17fd5254-8c25-4abb-b246-083fbe9afa15'));--#!
INSERT INTO CD_VRSN_TBL (CD_VRSN_ID, CD_ID, STS_CD_ID, CRT_PROV_ID, MNEMONIC, CLS_ID) VALUES (gen_uuid(), char_to_uuid('9de2a846-ddf2-4ebc-902e-84508c5089ea'), char_to_uuid('c8064cbd-fa06-4530-b430-1a52f1530c27'), char_to_uuid('fadca076-3690-4a6e-af9e-f1cd68e8c7e8'), 'Person', char_to_uuid('17fd5254-8c25-4abb-b246-083fbe9afa15'));--#!
INSERT INTO CD_VRSN_TBL (CD_VRSN_ID, CD_ID, STS_CD_ID, CRT_PROV_ID, MNEMONIC, CLS_ID) VALUES (gen_uuid(), char_to_uuid('d39073be-0f8f-440e-b8c8-7034cc138a95'), char_to_uuid('c8064cbd-fa06-4530-b430-1a52f1530c27'), char_to_uuid('fadca076-3690-4a6e-af9e-f1cd68e8c7e8'), 'Material', char_to_uuid('17fd5254-8c25-4abb-b246-083fbe9afa15'));--#!
INSERT INTO CD_VRSN_TBL (CD_VRSN_ID, CD_ID, STS_CD_ID, CRT_PROV_ID, MNEMONIC, CLS_ID) VALUES (gen_uuid(), char_to_uuid('2e9fa332-9391-48c6-9fc8-920a750b25d3'), char_to_uuid('c8064cbd-fa06-4530-b430-1a52f1530c27'), char_to_uuid('fadca076-3690-4a6e-af9e-f1cd68e8c7e8'), 'ChemicalSubstance', char_to_uuid('17fd5254-8c25-4abb-b246-083fbe9afa15'));--#!
INSERT INTO CD_VRSN_TBL (CD_VRSN_ID, CD_ID, STS_CD_ID, CRT_PROV_ID, MNEMONIC, CLS_ID) VALUES (gen_uuid(), char_to_uuid('e5a09cc2-5ae5-40c2-8e32-687dba06715d'), char_to_uuid('c8064cbd-fa06-4530-b430-1a52f1530c27'), char_to_uuid('fadca076-3690-4a6e-af9e-f1cd68e8c7e8'), 'Food', char_to_uuid('17fd5254-8c25-4abb-b246-083fbe9afa15'));--#!
INSERT INTO CD_VRSN_TBL (CD_VRSN_ID, CD_ID, STS_CD_ID, CRT_PROV_ID, MNEMONIC, CLS_ID) VALUES (gen_uuid(), char_to_uuid('fafec286-89d5-420b-9085-054aca9d1eef'), char_to_uuid('c8064cbd-fa06-4530-b430-1a52f1530c27'), char_to_uuid('fadca076-3690-4a6e-af9e-f1cd68e8c7e8'), 'ManufacturedMaterial', char_to_uuid('17fd5254-8c25-4abb-b246-083fbe9afa15'));--#!
INSERT INTO CD_VRSN_TBL (CD_VRSN_ID, CD_ID, STS_CD_ID, CRT_PROV_ID, MNEMONIC, CLS_ID) VALUES (gen_uuid(), char_to_uuid('2452b691-f122-4121-b9df-76d990b43f35'), char_to_uuid('c8064cbd-fa06-4530-b430-1a52f1530c27'), char_to_uuid('fadca076-3690-4a6e-af9e-f1cd68e8c7e8'), 'Holder', char_to_uuid('17fd5254-8c25-4abb-b246-083fbe9afa15'));--#!
INSERT INTO CD_VRSN_TBL (CD_VRSN_ID, CD_ID, STS_CD_ID, CRT_PROV_ID, MNEMONIC, CLS_ID) VALUES (gen_uuid(), char_to_uuid('2a7043bc-6cca-447d-b230-8414f790cdb6'), char_to_uuid('c8064cbd-fa06-4530-b430-1a52f1530c27'), char_to_uuid('fadca076-3690-4a6e-af9e-f1cd68e8c7e8'), 'CertificateRepresentation', char_to_uuid('17fd5254-8c25-4abb-b246-083fbe9afa15'));--#!
INSERT INTO CD_VRSN_TBL (CD_VRSN_ID, CD_ID, STS_CD_ID, CRT_PROV_ID, MNEMONIC, CLS_ID) VALUES (gen_uuid(), char_to_uuid('a1fa9cd6-1ce7-4f7e-a0c1-7a503f9f1255'), char_to_uuid('c8064cbd-fa06-4530-b430-1a52f1530c27'), char_to_uuid('fadca076-3690-4a6e-af9e-f1cd68e8c7e8'), 'ImagingModality', char_to_uuid('17fd5254-8c25-4abb-b246-083fbe9afa15'));--#!
INSERT INTO CD_VRSN_TBL (CD_VRSN_ID, CD_ID, STS_CD_ID, CRT_PROV_ID, MNEMONIC, CLS_ID) VALUES (gen_uuid(), char_to_uuid('7c08bd55-4d42-49cd-92f8-6388d6c4183f'), char_to_uuid('c8064cbd-fa06-4530-b430-1a52f1530c27'), char_to_uuid('fadca076-3690-4a6e-af9e-f1cd68e8c7e8'), 'Organization', char_to_uuid('17fd5254-8c25-4abb-b246-083fbe9afa15'));--#!
INSERT INTO CD_VRSN_TBL (CD_VRSN_ID, CD_ID, STS_CD_ID, CRT_PROV_ID, MNEMONIC, CLS_ID) VALUES (gen_uuid(), char_to_uuid('0b3c64f4-220d-44e5-bdc6-4bfad6120963'), char_to_uuid('c8064cbd-fa06-4530-b430-1a52f1530c27'), char_to_uuid('fadca076-3690-4a6e-af9e-f1cd68e8c7e8'), 'PublicInstitution', char_to_uuid('17fd5254-8c25-4abb-b246-083fbe9afa15'));--#!
INSERT INTO CD_VRSN_TBL (CD_VRSN_ID, CD_ID, STS_CD_ID, CRT_PROV_ID, MNEMONIC, CLS_ID) VALUES (gen_uuid(), char_to_uuid('8cf4b0b0-84e5-4122-85fe-6afa8240c218'), char_to_uuid('c8064cbd-fa06-4530-b430-1a52f1530c27'), char_to_uuid('fadca076-3690-4a6e-af9e-f1cd68e8c7e8'), 'State', char_to_uuid('17fd5254-8c25-4abb-b246-083fbe9afa15'));--#!
INSERT INTO CD_VRSN_TBL (CD_VRSN_ID, CD_ID, STS_CD_ID, CRT_PROV_ID, MNEMONIC, CLS_ID) VALUES (gen_uuid(), char_to_uuid('c7ace528-277d-4efb-94ee-bfd1278f40f7'), char_to_uuid('c8064cbd-fa06-4530-b430-1a52f1530c27'), char_to_uuid('fadca076-3690-4a6e-af9e-f1cd68e8c7e8'), 'Nation', char_to_uuid('17fd5254-8c25-4abb-b246-083fbe9afa15'));--#!
INSERT INTO CD_VRSN_TBL (CD_VRSN_ID, CD_ID, STS_CD_ID, CRT_PROV_ID, MNEMONIC, CLS_ID) VALUES (gen_uuid(), char_to_uuid('21ab7873-8ef3-4d78-9c19-4582b3c40631'), char_to_uuid('c8064cbd-fa06-4530-b430-1a52f1530c27'), char_to_uuid('fadca076-3690-4a6e-af9e-f1cd68e8c7e8'), 'Place', char_to_uuid('17fd5254-8c25-4abb-b246-083fbe9afa15'));--#!
INSERT INTO CD_VRSN_TBL (CD_VRSN_ID, CD_ID, STS_CD_ID, CRT_PROV_ID, MNEMONIC, CLS_ID) VALUES (gen_uuid(), char_to_uuid('79dd4f75-68e8-4722-a7f5-8bc2e08f5cd6'), char_to_uuid('c8064cbd-fa06-4530-b430-1a52f1530c27'), char_to_uuid('fadca076-3690-4a6e-af9e-f1cd68e8c7e8'), 'CityOrTown', char_to_uuid('17fd5254-8c25-4abb-b246-083fbe9afa15'));--#!
INSERT INTO CD_VRSN_TBL (CD_VRSN_ID, CD_ID, STS_CD_ID, CRT_PROV_ID, MNEMONIC, CLS_ID) VALUES (gen_uuid(), char_to_uuid('48b2ffb3-07db-47ba-ad73-fc8fb8502471'), char_to_uuid('c8064cbd-fa06-4530-b430-1a52f1530c27'), char_to_uuid('fadca076-3690-4a6e-af9e-f1cd68e8c7e8'), 'Country', char_to_uuid('17fd5254-8c25-4abb-b246-083fbe9afa15'));--#!
INSERT INTO CD_VRSN_TBL (CD_VRSN_ID, CD_ID, STS_CD_ID, CRT_PROV_ID, MNEMONIC, CLS_ID) VALUES (gen_uuid(), char_to_uuid('6eefee7d-dff5-46d3-a6a7-171ef93879c7'), char_to_uuid('c8064cbd-fa06-4530-b430-1a52f1530c27'), char_to_uuid('fadca076-3690-4a6e-af9e-f1cd68e8c7e8'), 'CountyOrParish', char_to_uuid('17fd5254-8c25-4abb-b246-083fbe9afa15'));--#!
INSERT INTO CD_VRSN_TBL (CD_VRSN_ID, CD_ID, STS_CD_ID, CRT_PROV_ID, MNEMONIC, CLS_ID) VALUES (gen_uuid(), char_to_uuid('4d1a5c28-deb7-411e-b75f-d524f90dfa63'), char_to_uuid('BDEF5F90-5497-4F26-956C-8F818CCE2BD2'), char_to_uuid('fadca076-3690-4a6e-af9e-f1cd68e8c7e8'), 'StateOrProvince', char_to_uuid('17fd5254-8c25-4abb-b246-083fbe9afa15'));--#!
INSERT INTO CD_VRSN_TBL (CD_VRSN_ID, CD_ID, STS_CD_ID, CRT_PROV_ID, MNEMONIC, CLS_ID) VALUES (gen_uuid(), char_to_uuid('1935aaf6-d487-4c82-ac17-fb917b5b6d71'), char_to_uuid('c8064cbd-fa06-4530-b430-1a52f1530c27'), char_to_uuid('fadca076-3690-4a6e-af9e-f1cd68e8c7e8'), 'Group', char_to_uuid('17fd5254-8c25-4abb-b246-083fbe9afa15'));--#!
INSERT INTO CD_VRSN_TBL (CD_VRSN_ID, CD_ID, STS_CD_ID, CRT_PROV_ID, MNEMONIC, CLS_ID) VALUES (gen_uuid(), char_to_uuid('f29f08de-78a7-4a5e-aeaf-7b545ba19a09'), char_to_uuid('c8064cbd-fa06-4530-b430-1a52f1530c27'), char_to_uuid('fadca076-3690-4a6e-af9e-f1cd68e8c7e8'), 'Specific', char_to_uuid('0d6b3439-c9be-4480-af39-eeb457c052d0'));--#!
INSERT INTO CD_VRSN_TBL (CD_VRSN_ID, CD_ID, STS_CD_ID, CRT_PROV_ID, MNEMONIC, CLS_ID) VALUES (gen_uuid(), char_to_uuid('ad28a7ac-a66b-42c4-91b4-de40a2b11980'), char_to_uuid('c8064cbd-fa06-4530-b430-1a52f1530c27'), char_to_uuid('fadca076-3690-4a6e-af9e-f1cd68e8c7e8'), 'Described', char_to_uuid('0d6b3439-c9be-4480-af39-eeb457c052d0'));--#!
INSERT INTO CD_VRSN_TBL (CD_VRSN_ID, CD_ID, STS_CD_ID, CRT_PROV_ID, MNEMONIC, CLS_ID) VALUES (gen_uuid(), char_to_uuid('604cf1b7-8891-49fb-b95f-3e4e875691bc'), char_to_uuid('c8064cbd-fa06-4530-b430-1a52f1530c27'), char_to_uuid('fadca076-3690-4a6e-af9e-f1cd68e8c7e8'), 'DescribedQuantified', char_to_uuid('0d6b3439-c9be-4480-af39-eeb457c052d0'));--#!
INSERT INTO CD_VRSN_TBL (CD_VRSN_ID, CD_ID, STS_CD_ID, CRT_PROV_ID, MNEMONIC, CLS_ID) VALUES (gen_uuid(), char_to_uuid('71651ed8-8c91-4839-b76e-9bfdd2edba43'), char_to_uuid('c8064cbd-fa06-4530-b430-1a52f1530c27'), char_to_uuid('fadca076-3690-4a6e-af9e-f1cd68e8c7e8'), 'AUTHEN', char_to_uuid('0d6b3439-c9be-4480-af39-eeb457c052d0'));--#!
INSERT INTO CD_VRSN_TBL (CD_VRSN_ID, CD_ID, STS_CD_ID, CRT_PROV_ID, MNEMONIC, CLS_ID) VALUES (gen_uuid(), char_to_uuid('f0cb3faf-435d-4704-9217-b884f757bc14'), char_to_uuid('c8064cbd-fa06-4530-b430-1a52f1530c27'), char_to_uuid('fadca076-3690-4a6e-af9e-f1cd68e8c7e8'), 'Authororiginator', char_to_uuid('0d6b3439-c9be-4480-af39-eeb457c052d0'));--#!
INSERT INTO CD_VRSN_TBL (CD_VRSN_ID, CD_ID, STS_CD_ID, CRT_PROV_ID, MNEMONIC, CLS_ID) VALUES (gen_uuid(), char_to_uuid('f158af2a-d405-4616-a459-50e8494a9a56'), char_to_uuid('c8064cbd-fa06-4530-b430-1a52f1530c27'), char_to_uuid('fadca076-3690-4a6e-af9e-f1cd68e8c7e8'), 'CSM', char_to_uuid('0d6b3439-c9be-4480-af39-eeb457c052d0'));--#!
INSERT INTO CD_VRSN_TBL (CD_VRSN_ID, CD_ID, STS_CD_ID, CRT_PROV_ID, MNEMONIC, CLS_ID) VALUES (gen_uuid(), char_to_uuid('cc35ad2b-6699-4946-ae38-76ab08193f41'), char_to_uuid('c8064cbd-fa06-4530-b430-1a52f1530c27'), char_to_uuid('fadca076-3690-4a6e-af9e-f1cd68e8c7e8'), 'CST', char_to_uuid('0d6b3439-c9be-4480-af39-eeb457c052d0'));--#!
INSERT INTO CD_VRSN_TBL (CD_VRSN_ID, CD_ID, STS_CD_ID, CRT_PROV_ID, MNEMONIC, CLS_ID) VALUES (gen_uuid(), char_to_uuid('c50d66d2-e5da-4a34-b2b7-4cd4fe4ef2c4'), char_to_uuid('c8064cbd-fa06-4530-b430-1a52f1530c27'), char_to_uuid('fadca076-3690-4a6e-af9e-f1cd68e8c7e8'), 'ENT', char_to_uuid('0d6b3439-c9be-4480-af39-eeb457c052d0'));--#!
INSERT INTO CD_VRSN_TBL (CD_VRSN_ID, CD_ID, STS_CD_ID, CRT_PROV_ID, MNEMONIC, CLS_ID) VALUES (gen_uuid(), char_to_uuid('39604248-7812-4b60-bc54-8cc1fffb1de6'), char_to_uuid('c8064cbd-fa06-4530-b430-1a52f1530c27'), char_to_uuid('fadca076-3690-4a6e-af9e-f1cd68e8c7e8'), 'Informant', char_to_uuid('0d6b3439-c9be-4480-af39-eeb457c052d0'));--#!
INSERT INTO CD_VRSN_TBL (CD_VRSN_ID, CD_ID, STS_CD_ID, CRT_PROV_ID, MNEMONIC, CLS_ID) VALUES (gen_uuid(), char_to_uuid('ec8a5482-2059-43fc-a4ce-04f71f64e3d8'), char_to_uuid('c8064cbd-fa06-4530-b430-1a52f1530c27'), char_to_uuid('fadca076-3690-4a6e-af9e-f1cd68e8c7e8'), 'LA', char_to_uuid('0d6b3439-c9be-4480-af39-eeb457c052d0'));--#!
INSERT INTO CD_VRSN_TBL (CD_VRSN_ID, CD_ID, STS_CD_ID, CRT_PROV_ID, MNEMONIC, CLS_ID) VALUES (gen_uuid(), char_to_uuid('d64ed94f-e4a4-49a2-a0d8-1e6f393aab36'), char_to_uuid('c8064cbd-fa06-4530-b430-1a52f1530c27'), char_to_uuid('fadca076-3690-4a6e-af9e-f1cd68e8c7e8'), 'PRF', char_to_uuid('0d6b3439-c9be-4480-af39-eeb457c052d0'));--#!
INSERT INTO CD_VRSN_TBL (CD_VRSN_ID, CD_ID, STS_CD_ID, CRT_PROV_ID, MNEMONIC, CLS_ID) VALUES (gen_uuid(), char_to_uuid('196405f1-e07e-494e-a56e-b4b563cd85fc'), char_to_uuid('c8064cbd-fa06-4530-b430-1a52f1530c27'), char_to_uuid('fadca076-3690-4a6e-af9e-f1cd68e8c7e8'), 'PRD', char_to_uuid('0d6b3439-c9be-4480-af39-eeb457c052d0'));--#!
INSERT INTO CD_VRSN_TBL (CD_VRSN_ID, CD_ID, STS_CD_ID, CRT_PROV_ID, MNEMONIC, CLS_ID) VALUES (gen_uuid(), char_to_uuid('97ad6a1d-6871-448c-a504-cb82cabc0452'), char_to_uuid('c8064cbd-fa06-4530-b430-1a52f1530c27'), char_to_uuid('fadca076-3690-4a6e-af9e-f1cd68e8c7e8'), 'RCT', char_to_uuid('0d6b3439-c9be-4480-af39-eeb457c052d0'));--#!
INSERT INTO CD_VRSN_TBL (CD_VRSN_ID, CD_ID, STS_CD_ID, CRT_PROV_ID, MNEMONIC, CLS_ID) VALUES (gen_uuid(), char_to_uuid('4c503921-1d6e-4149-a3c4-33f6be4646ce'), char_to_uuid('c8064cbd-fa06-4530-b430-1a52f1530c27'), char_to_uuid('fadca076-3690-4a6e-af9e-f1cd68e8c7e8'), 'RESP', char_to_uuid('0d6b3439-c9be-4480-af39-eeb457c052d0'));--#!
INSERT INTO CD_VRSN_TBL (CD_VRSN_ID, CD_ID, STS_CD_ID, CRT_PROV_ID, MNEMONIC, CLS_ID) VALUES (gen_uuid(), char_to_uuid('4b8b0a87-7d2e-406d-aeb0-1041c3841b57'), char_to_uuid('c8064cbd-fa06-4530-b430-1a52f1530c27'), char_to_uuid('fadca076-3690-4a6e-af9e-f1cd68e8c7e8'), 'SPC', char_to_uuid('0d6b3439-c9be-4480-af39-eeb457c052d0'));--#!
INSERT INTO CD_VRSN_TBL (CD_VRSN_ID, CD_ID, STS_CD_ID, CRT_PROV_ID, MNEMONIC, CLS_ID) VALUES (gen_uuid(), char_to_uuid('61848557-d78d-40e5-954f-0b9c97307a04'), char_to_uuid('c8064cbd-fa06-4530-b430-1a52f1530c27'), char_to_uuid('fadca076-3690-4a6e-af9e-f1cd68e8c7e8'), 'Location', char_to_uuid('0d6b3439-c9be-4480-af39-eeb457c052d0'));--#!
INSERT INTO CD_VRSN_TBL (CD_VRSN_ID, CD_ID, STS_CD_ID, CRT_PROV_ID, MNEMONIC, CLS_ID) VALUES (gen_uuid(), char_to_uuid('455dadf8-c175-45a1-a859-34283a8210f8'), char_to_uuid('c8064cbd-fa06-4530-b430-1a52f1530c27'), char_to_uuid('fadca076-3690-4a6e-af9e-f1cd68e8c7e8'), 'SBJ', char_to_uuid('0d6b3439-c9be-4480-af39-eeb457c052d0'));--#!
INSERT INTO CD_VRSN_TBL (CD_VRSN_ID, CD_ID, STS_CD_ID, CRT_PROV_ID, MNEMONIC, CLS_ID) VALUES (gen_uuid(), char_to_uuid('a0174216-6439-4351-9483-a241a48029b7'), char_to_uuid('c8064cbd-fa06-4530-b430-1a52f1530c27'), char_to_uuid('fadca076-3690-4a6e-af9e-f1cd68e8c7e8'), 'Admitter', char_to_uuid('0d6b3439-c9be-4480-af39-eeb457c052d0'));--#!
INSERT INTO CD_VRSN_TBL (CD_VRSN_ID, CD_ID, STS_CD_ID, CRT_PROV_ID, MNEMONIC, CLS_ID) VALUES (gen_uuid(), char_to_uuid('6cbf29ad-ac51-48c9-885a-cfe3026ecf6e'), char_to_uuid('c8064cbd-fa06-4530-b430-1a52f1530c27'), char_to_uuid('fadca076-3690-4a6e-af9e-f1cd68e8c7e8'), 'Attender', char_to_uuid('0d6b3439-c9be-4480-af39-eeb457c052d0'));--#!
INSERT INTO CD_VRSN_TBL (CD_VRSN_ID, CD_ID, STS_CD_ID, CRT_PROV_ID, MNEMONIC, CLS_ID) VALUES (gen_uuid(), char_to_uuid('9c4c40ae-2c15-4581-a496-be1abfe4eb66'), char_to_uuid('c8064cbd-fa06-4530-b430-1a52f1530c27'), char_to_uuid('fadca076-3690-4a6e-af9e-f1cd68e8c7e8'), 'CallbackContact', char_to_uuid('0d6b3439-c9be-4480-af39-eeb457c052d0'));--#!
INSERT INTO CD_VRSN_TBL (CD_VRSN_ID, CD_ID, STS_CD_ID, CRT_PROV_ID, MNEMONIC, CLS_ID) VALUES (gen_uuid(), char_to_uuid('0a364ad7-f961-4d8a-93f0-1fd4176548b3'), char_to_uuid('c8064cbd-fa06-4530-b430-1a52f1530c27'), char_to_uuid('fadca076-3690-4a6e-af9e-f1cd68e8c7e8'), 'Consultant', char_to_uuid('0d6b3439-c9be-4480-af39-eeb457c052d0'));--#!
INSERT INTO CD_VRSN_TBL (CD_VRSN_ID, CD_ID, STS_CD_ID, CRT_PROV_ID, MNEMONIC, CLS_ID) VALUES (gen_uuid(), char_to_uuid('d9f63423-ba9b-48d9-ba38-c404b784b670'), char_to_uuid('c8064cbd-fa06-4530-b430-1a52f1530c27'), char_to_uuid('fadca076-3690-4a6e-af9e-f1cd68e8c7e8'), 'DIR', char_to_uuid('0d6b3439-c9be-4480-af39-eeb457c052d0'));--#!
INSERT INTO CD_VRSN_TBL (CD_VRSN_ID, CD_ID, STS_CD_ID, CRT_PROV_ID, MNEMONIC, CLS_ID) VALUES (gen_uuid(), char_to_uuid('a2594e6e-e8fe-4c68-82a5-d3a46dbec87d'), char_to_uuid('c8064cbd-fa06-4530-b430-1a52f1530c27'), char_to_uuid('fadca076-3690-4a6e-af9e-f1cd68e8c7e8'), 'Discharger', char_to_uuid('0d6b3439-c9be-4480-af39-eeb457c052d0'));--#!
INSERT INTO CD_VRSN_TBL (CD_VRSN_ID, CD_ID, STS_CD_ID, CRT_PROV_ID, MNEMONIC, CLS_ID) VALUES (gen_uuid(), char_to_uuid('727a61ed-2f35-4e09-8bb6-6d09e2ba8fec'), char_to_uuid('c8064cbd-fa06-4530-b430-1a52f1530c27'), char_to_uuid('fadca076-3690-4a6e-af9e-f1cd68e8c7e8'), 'Escort', char_to_uuid('0d6b3439-c9be-4480-af39-eeb457c052d0'));--#!
INSERT INTO CD_VRSN_TBL (CD_VRSN_ID, CD_ID, STS_CD_ID, CRT_PROV_ID, MNEMONIC, CLS_ID) VALUES (gen_uuid(), char_to_uuid('5a6a6766-8e1d-4d36-ae50-9b7d82d8a182'), char_to_uuid('c8064cbd-fa06-4530-b430-1a52f1530c27'), char_to_uuid('fadca076-3690-4a6e-af9e-f1cd68e8c7e8'), 'EXPART', char_to_uuid('0d6b3439-c9be-4480-af39-eeb457c052d0'));--#!
INSERT INTO CD_VRSN_TBL (CD_VRSN_ID, CD_ID, STS_CD_ID, CRT_PROV_ID, MNEMONIC, CLS_ID) VALUES (gen_uuid(), char_to_uuid('3a9f0c2f-e322-4639-a8e7-0df67cac761b'), char_to_uuid('c8064cbd-fa06-4530-b430-1a52f1530c27'), char_to_uuid('fadca076-3690-4a6e-af9e-f1cd68e8c7e8'), 'IND', char_to_uuid('0d6b3439-c9be-4480-af39-eeb457c052d0'));--#!
INSERT INTO CD_VRSN_TBL (CD_VRSN_ID, CD_ID, STS_CD_ID, CRT_PROV_ID, MNEMONIC, CLS_ID) VALUES (gen_uuid(), char_to_uuid('9790b291-b8a3-4c85-a240-c2c38885ad5d'), char_to_uuid('c8064cbd-fa06-4530-b430-1a52f1530c27'), char_to_uuid('fadca076-3690-4a6e-af9e-f1cd68e8c7e8'), 'IRCP', char_to_uuid('0d6b3439-c9be-4480-af39-eeb457c052d0'));--#!
INSERT INTO CD_VRSN_TBL (CD_VRSN_ID, CD_ID, STS_CD_ID, CRT_PROV_ID, MNEMONIC, CLS_ID) VALUES (gen_uuid(), char_to_uuid('c704a23d-86ef-4e11-9050-f8aa10919ff2'), char_to_uuid('c8064cbd-fa06-4530-b430-1a52f1530c27'), char_to_uuid('fadca076-3690-4a6e-af9e-f1cd68e8c7e8'), 'Participation', char_to_uuid('0d6b3439-c9be-4480-af39-eeb457c052d0'));--#!
INSERT INTO CD_VRSN_TBL (CD_VRSN_ID, CD_ID, STS_CD_ID, CRT_PROV_ID, MNEMONIC, CLS_ID) VALUES (gen_uuid(), char_to_uuid('5e8e0f8b-bc23-4847-82ab-49b8dd79981e'), char_to_uuid('c8064cbd-fa06-4530-b430-1a52f1530c27'), char_to_uuid('fadca076-3690-4a6e-af9e-f1cd68e8c7e8'), 'Referrer', char_to_uuid('0d6b3439-c9be-4480-af39-eeb457c052d0'));--#!
INSERT INTO CD_VRSN_TBL (CD_VRSN_ID, CD_ID, STS_CD_ID, CRT_PROV_ID, MNEMONIC, CLS_ID) VALUES (gen_uuid(), char_to_uuid('de3f7527-e3c9-45ef-8574-00ca4495f767'), char_to_uuid('c8064cbd-fa06-4530-b430-1a52f1530c27'), char_to_uuid('fadca076-3690-4a6e-af9e-f1cd68e8c7e8'), 'Transcriber', char_to_uuid('0d6b3439-c9be-4480-af39-eeb457c052d0'));--#!
INSERT INTO CD_VRSN_TBL (CD_VRSN_ID, CD_ID, STS_CD_ID, CRT_PROV_ID, MNEMONIC, CLS_ID) VALUES (gen_uuid(), char_to_uuid('0b82357f-5ae0-4543-ab8e-a33e9b315bab'), char_to_uuid('c8064cbd-fa06-4530-b430-1a52f1530c27'), char_to_uuid('fadca076-3690-4a6e-af9e-f1cd68e8c7e8'), 'Witness', char_to_uuid('0d6b3439-c9be-4480-af39-eeb457c052d0'));--#!
INSERT INTO CD_VRSN_TBL (CD_VRSN_ID, CD_ID, STS_CD_ID, CRT_PROV_ID, MNEMONIC, CLS_ID) VALUES (gen_uuid(), char_to_uuid('649d6d69-139c-4006-ae45-aff4649d6079'), char_to_uuid('c8064cbd-fa06-4530-b430-1a52f1530c27'), char_to_uuid('fadca076-3690-4a6e-af9e-f1cd68e8c7e8'), 'Custodian', char_to_uuid('0d6b3439-c9be-4480-af39-eeb457c052d0'));--#!
INSERT INTO CD_VRSN_TBL (CD_VRSN_ID, CD_ID, STS_CD_ID, CRT_PROV_ID, MNEMONIC, CLS_ID) VALUES (gen_uuid(), char_to_uuid('479896b0-35d5-4842-8109-5fdbee14e8a4'), char_to_uuid('c8064cbd-fa06-4530-b430-1a52f1530c27'), char_to_uuid('fadca076-3690-4a6e-af9e-f1cd68e8c7e8'), 'Baby', char_to_uuid('0d6b3439-c9be-4480-af39-eeb457c052d0'));--#!
INSERT INTO CD_VRSN_TBL (CD_VRSN_ID, CD_ID, STS_CD_ID, CRT_PROV_ID, MNEMONIC, CLS_ID) VALUES (gen_uuid(), char_to_uuid('a5cac7f7-e3b7-4dd8-872c-db0e7fcc2d84'), char_to_uuid('c8064cbd-fa06-4530-b430-1a52f1530c27'), char_to_uuid('fadca076-3690-4a6e-af9e-f1cd68e8c7e8'), 'Consumable', char_to_uuid('0d6b3439-c9be-4480-af39-eeb457c052d0'));--#!
INSERT INTO CD_VRSN_TBL (CD_VRSN_ID, CD_ID, STS_CD_ID, CRT_PROV_ID, MNEMONIC, CLS_ID) VALUES (gen_uuid(), char_to_uuid('6792db6c-fd5c-4ab8-96f5-ace5665bdcb9'), char_to_uuid('c8064cbd-fa06-4530-b430-1a52f1530c27'), char_to_uuid('fadca076-3690-4a6e-af9e-f1cd68e8c7e8'), 'NonreuseableDevice', char_to_uuid('0d6b3439-c9be-4480-af39-eeb457c052d0'));--#!
INSERT INTO CD_VRSN_TBL (CD_VRSN_ID, CD_ID, STS_CD_ID, CRT_PROV_ID, MNEMONIC, CLS_ID) VALUES (gen_uuid(), char_to_uuid('76990d3d-3f27-4b39-836b-ba87eeba3328'), char_to_uuid('c8064cbd-fa06-4530-b430-1a52f1530c27'), char_to_uuid('fadca076-3690-4a6e-af9e-f1cd68e8c7e8'), 'ReusableDevice', char_to_uuid('0d6b3439-c9be-4480-af39-eeb457c052d0'));--#!
INSERT INTO CD_VRSN_TBL (CD_VRSN_ID, CD_ID, STS_CD_ID, CRT_PROV_ID, MNEMONIC, CLS_ID) VALUES (gen_uuid(), char_to_uuid('be1235ee-710a-4732-88fd-6e895de7c56d'), char_to_uuid('c8064cbd-fa06-4530-b430-1a52f1530c27'), char_to_uuid('fadca076-3690-4a6e-af9e-f1cd68e8c7e8'), 'Donor', char_to_uuid('0d6b3439-c9be-4480-af39-eeb457c052d0'));--#!
INSERT INTO CD_VRSN_TBL (CD_VRSN_ID, CD_ID, STS_CD_ID, CRT_PROV_ID, MNEMONIC, CLS_ID) VALUES (gen_uuid(), char_to_uuid('ea60a5a9-e971-4f0d-bb5d-dc7a0c74a2c9'), char_to_uuid('c8064cbd-fa06-4530-b430-1a52f1530c27'), char_to_uuid('fadca076-3690-4a6e-af9e-f1cd68e8c7e8'), 'ExposureAgent', char_to_uuid('0d6b3439-c9be-4480-af39-eeb457c052d0'));--#!
INSERT INTO CD_VRSN_TBL (CD_VRSN_ID, CD_ID, STS_CD_ID, CRT_PROV_ID, MNEMONIC, CLS_ID) VALUES (gen_uuid(), char_to_uuid('ec401b5c-4c33-4229-9c72-428fc5db37ff'), char_to_uuid('c8064cbd-fa06-4530-b430-1a52f1530c27'), char_to_uuid('fadca076-3690-4a6e-af9e-f1cd68e8c7e8'), 'ExposureTarget', char_to_uuid('0d6b3439-c9be-4480-af39-eeb457c052d0'));--#!
INSERT INTO CD_VRSN_TBL (CD_VRSN_ID, CD_ID, STS_CD_ID, CRT_PROV_ID, MNEMONIC, CLS_ID) VALUES (gen_uuid(), char_to_uuid('cbb6297b-743c-453c-8476-ba4c10a1c965'), char_to_uuid('c8064cbd-fa06-4530-b430-1a52f1530c27'), char_to_uuid('fadca076-3690-4a6e-af9e-f1cd68e8c7e8'), 'ExposureSource', char_to_uuid('0d6b3439-c9be-4480-af39-eeb457c052d0'));--#!
INSERT INTO CD_VRSN_TBL (CD_VRSN_ID, CD_ID, STS_CD_ID, CRT_PROV_ID, MNEMONIC, CLS_ID) VALUES (gen_uuid(), char_to_uuid('99e77288-cb09-4050-a8cf-385513f32f0a'), char_to_uuid('c8064cbd-fa06-4530-b430-1a52f1530c27'), char_to_uuid('fadca076-3690-4a6e-af9e-f1cd68e8c7e8'), 'Product', char_to_uuid('0d6b3439-c9be-4480-af39-eeb457c052d0'));--#!
INSERT INTO CD_VRSN_TBL (CD_VRSN_ID, CD_ID, STS_CD_ID, CRT_PROV_ID, MNEMONIC, CLS_ID) VALUES (gen_uuid(), char_to_uuid('03067700-ce37-405f-8ed3-e4965ba2f601'), char_to_uuid('c8064cbd-fa06-4530-b430-1a52f1530c27'), char_to_uuid('fadca076-3690-4a6e-af9e-f1cd68e8c7e8'), 'Subject', char_to_uuid('0d6b3439-c9be-4480-af39-eeb457c052d0'));--#!
INSERT INTO CD_VRSN_TBL (CD_VRSN_ID, CD_ID, STS_CD_ID, CRT_PROV_ID, MNEMONIC, CLS_ID) VALUES (gen_uuid(), char_to_uuid('bce17b21-05b2-4f02-bf7a-c6d3561aa948'), char_to_uuid('c8064cbd-fa06-4530-b430-1a52f1530c27'), char_to_uuid('fadca076-3690-4a6e-af9e-f1cd68e8c7e8'), 'Specimen', char_to_uuid('0d6b3439-c9be-4480-af39-eeb457c052d0'));--#!
INSERT INTO CD_VRSN_TBL (CD_VRSN_ID, CD_ID, STS_CD_ID, CRT_PROV_ID, MNEMONIC, CLS_ID) VALUES (gen_uuid(), char_to_uuid('28c744df-d889-4a44-bc1a-2e9e9d64af13'), char_to_uuid('c8064cbd-fa06-4530-b430-1a52f1530c27'), char_to_uuid('fadca076-3690-4a6e-af9e-f1cd68e8c7e8'), 'Beneficiary', char_to_uuid('0d6b3439-c9be-4480-af39-eeb457c052d0'));--#!
INSERT INTO CD_VRSN_TBL (CD_VRSN_ID, CD_ID, STS_CD_ID, CRT_PROV_ID, MNEMONIC, CLS_ID) VALUES (gen_uuid(), char_to_uuid('7f81b83e-0d78-4685-8ba4-224eb315ce54'), char_to_uuid('c8064cbd-fa06-4530-b430-1a52f1530c27'), char_to_uuid('fadca076-3690-4a6e-af9e-f1cd68e8c7e8'), 'CausativeAgent', char_to_uuid('0d6b3439-c9be-4480-af39-eeb457c052d0'));--#!
INSERT INTO CD_VRSN_TBL (CD_VRSN_ID, CD_ID, STS_CD_ID, CRT_PROV_ID, MNEMONIC, CLS_ID) VALUES (gen_uuid(), char_to_uuid('4b5471d4-e3fe-45f7-85a2-ae2b4f224757'), char_to_uuid('c8064cbd-fa06-4530-b430-1a52f1530c27'), char_to_uuid('fadca076-3690-4a6e-af9e-f1cd68e8c7e8'), 'CoverageTarget', char_to_uuid('0d6b3439-c9be-4480-af39-eeb457c052d0'));--#!
INSERT INTO CD_VRSN_TBL (CD_VRSN_ID, CD_ID, STS_CD_ID, CRT_PROV_ID, MNEMONIC, CLS_ID) VALUES (gen_uuid(), char_to_uuid('28fb791e-179e-461a-b16c-cac13a04bd0a'), char_to_uuid('c8064cbd-fa06-4530-b430-1a52f1530c27'), char_to_uuid('fadca076-3690-4a6e-af9e-f1cd68e8c7e8'), 'GuarantorParty', char_to_uuid('0d6b3439-c9be-4480-af39-eeb457c052d0'));--#!
INSERT INTO CD_VRSN_TBL (CD_VRSN_ID, CD_ID, STS_CD_ID, CRT_PROV_ID, MNEMONIC, CLS_ID) VALUES (gen_uuid(), char_to_uuid('3f92dbee-a65e-434f-98ce-841feeb02e3f'), char_to_uuid('c8064cbd-fa06-4530-b430-1a52f1530c27'), char_to_uuid('fadca076-3690-4a6e-af9e-f1cd68e8c7e8'), 'RecordTarget', char_to_uuid('0d6b3439-c9be-4480-af39-eeb457c052d0'));--#!
INSERT INTO CD_VRSN_TBL (CD_VRSN_ID, CD_ID, STS_CD_ID, CRT_PROV_ID, MNEMONIC, CLS_ID) VALUES (gen_uuid(), char_to_uuid('53c694b8-27d8-43dd-95a4-bb318431d17c'), char_to_uuid('c8064cbd-fa06-4530-b430-1a52f1530c27'), char_to_uuid('fadca076-3690-4a6e-af9e-f1cd68e8c7e8'), 'Receiver', char_to_uuid('0d6b3439-c9be-4480-af39-eeb457c052d0'));--#!
INSERT INTO CD_VRSN_TBL (CD_VRSN_ID, CD_ID, STS_CD_ID, CRT_PROV_ID, MNEMONIC, CLS_ID) VALUES (gen_uuid(), char_to_uuid('01b87999-85a7-4f5c-9b7e-892f1195cfe3'), char_to_uuid('c8064cbd-fa06-4530-b430-1a52f1530c27'), char_to_uuid('fadca076-3690-4a6e-af9e-f1cd68e8c7e8'), 'UgentNotificationContact', char_to_uuid('0d6b3439-c9be-4480-af39-eeb457c052d0'));--#!
INSERT INTO CD_VRSN_TBL (CD_VRSN_ID, CD_ID, STS_CD_ID, CRT_PROV_ID, MNEMONIC, CLS_ID) VALUES (gen_uuid(), char_to_uuid('02bb7934-76b5-4cc5-bd42-58570f15eb4d'), char_to_uuid('c8064cbd-fa06-4530-b430-1a52f1530c27'), char_to_uuid('fadca076-3690-4a6e-af9e-f1cd68e8c7e8'), 'PrimaryInformationRecipient', char_to_uuid('0d6b3439-c9be-4480-af39-eeb457c052d0'));--#!
INSERT INTO CD_VRSN_TBL (CD_VRSN_ID, CD_ID, STS_CD_ID, CRT_PROV_ID, MNEMONIC, CLS_ID) VALUES (gen_uuid(), char_to_uuid('6da3a6ca-2ab0-4d32-9588-e094f277f06d'), char_to_uuid('c8064cbd-fa06-4530-b430-1a52f1530c27'), char_to_uuid('fadca076-3690-4a6e-af9e-f1cd68e8c7e8'), 'ReferredBy', char_to_uuid('0d6b3439-c9be-4480-af39-eeb457c052d0'));--#!
INSERT INTO CD_VRSN_TBL (CD_VRSN_ID, CD_ID, STS_CD_ID, CRT_PROV_ID, MNEMONIC, CLS_ID) VALUES (gen_uuid(), char_to_uuid('353f9255-765e-4336-8007-1d61ab09aad6'), char_to_uuid('c8064cbd-fa06-4530-b430-1a52f1530c27'), char_to_uuid('fadca076-3690-4a6e-af9e-f1cd68e8c7e8'), 'ReferredTo', char_to_uuid('0d6b3439-c9be-4480-af39-eeb457c052d0'));--#!
INSERT INTO CD_VRSN_TBL (CD_VRSN_ID, CD_ID, STS_CD_ID, CRT_PROV_ID, MNEMONIC, CLS_ID) VALUES (gen_uuid(), char_to_uuid('c3be013a-20c5-4c20-840c-d9dbb15d040e'), char_to_uuid('c8064cbd-fa06-4530-b430-1a52f1530c27'), char_to_uuid('fadca076-3690-4a6e-af9e-f1cd68e8c7e8'), 'Tracker', char_to_uuid('0d6b3439-c9be-4480-af39-eeb457c052d0'));--#!
INSERT INTO CD_VRSN_TBL (CD_VRSN_ID, CD_ID, STS_CD_ID, CRT_PROV_ID, MNEMONIC, CLS_ID) VALUES (gen_uuid(), char_to_uuid('727b3624-ea62-46bb-a68b-b9e49e302eca'), char_to_uuid('c8064cbd-fa06-4530-b430-1a52f1530c27'), char_to_uuid('fadca076-3690-4a6e-af9e-f1cd68e8c7e8'), 'Destination', char_to_uuid('0d6b3439-c9be-4480-af39-eeb457c052d0'));--#!
INSERT INTO CD_VRSN_TBL (CD_VRSN_ID, CD_ID, STS_CD_ID, CRT_PROV_ID, MNEMONIC, CLS_ID) VALUES (gen_uuid(), char_to_uuid('ac05185b-5a80-47a8-b924-060deb6d0eb2'), char_to_uuid('c8064cbd-fa06-4530-b430-1a52f1530c27'), char_to_uuid('fadca076-3690-4a6e-af9e-f1cd68e8c7e8'), 'EntryLocation', char_to_uuid('0d6b3439-c9be-4480-af39-eeb457c052d0'));--#!
INSERT INTO CD_VRSN_TBL (CD_VRSN_ID, CD_ID, STS_CD_ID, CRT_PROV_ID, MNEMONIC, CLS_ID) VALUES (gen_uuid(), char_to_uuid('5d175f21-1963-4589-a400-b5ef5f64842c'), char_to_uuid('c8064cbd-fa06-4530-b430-1a52f1530c27'), char_to_uuid('fadca076-3690-4a6e-af9e-f1cd68e8c7e8'), 'Origin', char_to_uuid('0d6b3439-c9be-4480-af39-eeb457c052d0'));--#!
INSERT INTO CD_VRSN_TBL (CD_VRSN_ID, CD_ID, STS_CD_ID, CRT_PROV_ID, MNEMONIC, CLS_ID) VALUES (gen_uuid(), char_to_uuid('3c1225de-194e-49ce-a41a-0f9376b04c11'), char_to_uuid('c8064cbd-fa06-4530-b430-1a52f1530c27'), char_to_uuid('fadca076-3690-4a6e-af9e-f1cd68e8c7e8'), 'Remote', char_to_uuid('0d6b3439-c9be-4480-af39-eeb457c052d0'));--#!
INSERT INTO CD_VRSN_TBL (CD_VRSN_ID, CD_ID, STS_CD_ID, CRT_PROV_ID, MNEMONIC, CLS_ID) VALUES (gen_uuid(), char_to_uuid('5b0fac74-5ac6-44e6-99a4-6813c0e2f4a9'), char_to_uuid('c8064cbd-fa06-4530-b430-1a52f1530c27'), char_to_uuid('fadca076-3690-4a6e-af9e-f1cd68e8c7e8'), 'Via', char_to_uuid('0d6b3439-c9be-4480-af39-eeb457c052d0'));--#!
INSERT INTO CD_VRSN_TBL (CD_VRSN_ID, CD_ID, STS_CD_ID, CRT_PROV_ID, MNEMONIC, CLS_ID) VALUES (gen_uuid(), char_to_uuid('fa5e70a4-a46e-4665-8a20-94d4d7b86fc8'), char_to_uuid('c8064cbd-fa06-4530-b430-1a52f1530c27'), char_to_uuid('fadca076-3690-4a6e-af9e-f1cd68e8c7e8'), 'Performer', char_to_uuid('0d6b3439-c9be-4480-af39-eeb457c052d0'));--#!
INSERT INTO CD_VRSN_TBL (CD_VRSN_ID, CD_ID, STS_CD_ID, CRT_PROV_ID, MNEMONIC, CLS_ID) VALUES (gen_uuid(), char_to_uuid('693f08fa-625a-40d2-b928-6856099c0349'), char_to_uuid('c8064cbd-fa06-4530-b430-1a52f1530c27'), char_to_uuid('fadca076-3690-4a6e-af9e-f1cd68e8c7e8'), 'Distributor', char_to_uuid('0d6b3439-c9be-4480-af39-eeb457c052d0'));--#!
INSERT INTO CD_VRSN_TBL (CD_VRSN_ID, CD_ID, STS_CD_ID, CRT_PROV_ID, MNEMONIC, CLS_ID) VALUES (gen_uuid(), char_to_uuid('79f6136c-1465-45e8-917e-e7832bc8e3b2'), char_to_uuid('c8064cbd-fa06-4530-b430-1a52f1530c27'), char_to_uuid('fadca076-3690-4a6e-af9e-f1cd68e8c7e8'), 'PrimaryPerformer', char_to_uuid('0d6b3439-c9be-4480-af39-eeb457c052d0'));--#!
INSERT INTO CD_VRSN_TBL (CD_VRSN_ID, CD_ID, STS_CD_ID, CRT_PROV_ID, MNEMONIC, CLS_ID) VALUES (gen_uuid(), char_to_uuid('4ff91e06-2e39-44e3-9fbe-0d828fe318fe'), char_to_uuid('c8064cbd-fa06-4530-b430-1a52f1530c27'), char_to_uuid('fadca076-3690-4a6e-af9e-f1cd68e8c7e8'), 'SecondaryPerformer', char_to_uuid('0d6b3439-c9be-4480-af39-eeb457c052d0'));--#!
INSERT INTO CD_VRSN_TBL (CD_VRSN_ID, CD_ID, STS_CD_ID, CRT_PROV_ID, MNEMONIC, CLS_ID) VALUES (gen_uuid(), char_to_uuid('64474c12-b978-4bb6-a584-46dadec2d952'), char_to_uuid('c8064cbd-fa06-4530-b430-1a52f1530c27'), char_to_uuid('fadca076-3690-4a6e-af9e-f1cd68e8c7e8'), 'ResponsibleParty', char_to_uuid('0d6b3439-c9be-4480-af39-eeb457c052d0'));--#!
INSERT INTO CD_VRSN_TBL (CD_VRSN_ID, CD_ID, STS_CD_ID, CRT_PROV_ID, MNEMONIC, CLS_ID) VALUES (gen_uuid(), char_to_uuid('f9dc5787-dd4d-42c6-a082-ac7d11956fda'), char_to_uuid('c8064cbd-fa06-4530-b430-1a52f1530c27'), char_to_uuid('fadca076-3690-4a6e-af9e-f1cd68e8c7e8'), 'Verifier', char_to_uuid('0d6b3439-c9be-4480-af39-eeb457c052d0'));--#!
INSERT INTO CD_VRSN_TBL (CD_VRSN_ID, CD_ID, STS_CD_ID, CRT_PROV_ID, MNEMONIC, CLS_ID) VALUES (gen_uuid(), char_to_uuid('1b2dbf82-a503-4cf4-9ecb-a8e111b4674e'), char_to_uuid('c8064cbd-fa06-4530-b430-1a52f1530c27'), char_to_uuid('fadca076-3690-4a6e-af9e-f1cd68e8c7e8'), 'Authenticator', char_to_uuid('0d6b3439-c9be-4480-af39-eeb457c052d0'));--#!
INSERT INTO CD_VRSN_TBL (CD_VRSN_ID, CD_ID, STS_CD_ID, CRT_PROV_ID, MNEMONIC, CLS_ID) VALUES (gen_uuid(), char_to_uuid('0716a333-cd46-439d-bfd6-bf788f3885fa'), char_to_uuid('c8064cbd-fa06-4530-b430-1a52f1530c27'), char_to_uuid('fadca076-3690-4a6e-af9e-f1cd68e8c7e8'), 'LegalAuthenticator', char_to_uuid('0d6b3439-c9be-4480-af39-eeb457c052d0'));--#!
INSERT INTO CD_VRSN_TBL (CD_VRSN_ID, CD_ID, STS_CD_ID, CRT_PROV_ID, MNEMONIC, CLS_ID) VALUES (gen_uuid(), char_to_uuid('8e087135-8c6f-4214-bdd2-448387d3f24c'), char_to_uuid('c8064cbd-fa06-4530-b430-1a52f1530c27'), char_to_uuid('fadca076-3690-4a6e-af9e-f1cd68e8c7e8'), 'Circle', char_to_uuid('0d6b3439-c9be-4480-af39-eeb457c052d0'));--#!
INSERT INTO CD_VRSN_TBL (CD_VRSN_ID, CD_ID, STS_CD_ID, CRT_PROV_ID, MNEMONIC, CLS_ID) VALUES (gen_uuid(), char_to_uuid('ced7cc70-12bc-45bb-ac46-ddf41141e64b'), char_to_uuid('c8064cbd-fa06-4530-b430-1a52f1530c27'), char_to_uuid('fadca076-3690-4a6e-af9e-f1cd68e8c7e8'), 'Ellipse', char_to_uuid('0d6b3439-c9be-4480-af39-eeb457c052d0'));--#!
INSERT INTO CD_VRSN_TBL (CD_VRSN_ID, CD_ID, STS_CD_ID, CRT_PROV_ID, MNEMONIC, CLS_ID) VALUES (gen_uuid(), char_to_uuid('6af35d6e-557c-4034-9518-e87bc6cff808'), char_to_uuid('c8064cbd-fa06-4530-b430-1a52f1530c27'), char_to_uuid('fadca076-3690-4a6e-af9e-f1cd68e8c7e8'), 'Point', char_to_uuid('0d6b3439-c9be-4480-af39-eeb457c052d0'));--#!
INSERT INTO CD_VRSN_TBL (CD_VRSN_ID, CD_ID, STS_CD_ID, CRT_PROV_ID, MNEMONIC, CLS_ID) VALUES (gen_uuid(), char_to_uuid('fdda3bd9-a3ee-479c-9b2d-89ba49f09b85'), char_to_uuid('c8064cbd-fa06-4530-b430-1a52f1530c27'), char_to_uuid('fadca076-3690-4a6e-af9e-f1cd68e8c7e8'), 'Polyline', char_to_uuid('0d6b3439-c9be-4480-af39-eeb457c052d0'));--#!
INSERT INTO CD_VRSN_TBL (CD_VRSN_ID, CD_ID, STS_CD_ID, CRT_PROV_ID, MNEMONIC, CLS_ID) VALUES (gen_uuid(), char_to_uuid('3682b98d-4b14-4e2b-92f5-aa7abf522e28'), char_to_uuid('c8064cbd-fa06-4530-b430-1a52f1530c27'), char_to_uuid('fadca076-3690-4a6e-af9e-f1cd68e8c7e8'), 'CON', char_to_uuid('17fd5254-8c25-4abb-b246-083fbe9afa15'));--#!
INSERT INTO CD_VRSN_TBL (CD_VRSN_ID, CD_ID, STS_CD_ID, CRT_PROV_ID, MNEMONIC, CLS_ID) VALUES (gen_uuid(), char_to_uuid('8de7b5e7-c941-42bd-b735-52d750efc5e6'), char_to_uuid('c8064cbd-fa06-4530-b430-1a52f1530c27'), char_to_uuid('fadca076-3690-4a6e-af9e-f1cd68e8c7e8'), 'Affiliate', char_to_uuid('17fd5254-8c25-4abb-b246-083fbe9afa15'));--#!
INSERT INTO CD_VRSN_TBL (CD_VRSN_ID, CD_ID, STS_CD_ID, CRT_PROV_ID, MNEMONIC, CLS_ID) VALUES (gen_uuid(), char_to_uuid('867fd445-d490-4619-804e-75c04b8a0e57'), char_to_uuid('c8064cbd-fa06-4530-b430-1a52f1530c27'), char_to_uuid('fadca076-3690-4a6e-af9e-f1cd68e8c7e8'), 'Agent', char_to_uuid('17fd5254-8c25-4abb-b246-083fbe9afa15'));--#!
INSERT INTO CD_VRSN_TBL (CD_VRSN_ID, CD_ID, STS_CD_ID, CRT_PROV_ID, MNEMONIC, CLS_ID) VALUES (gen_uuid(), char_to_uuid('77b7a04b-c065-4faf-8ec0-2cdad4ae372b'), char_to_uuid('c8064cbd-fa06-4530-b430-1a52f1530c27'), char_to_uuid('fadca076-3690-4a6e-af9e-f1cd68e8c7e8'), 'AssignedEntity', char_to_uuid('17fd5254-8c25-4abb-b246-083fbe9afa15'));--#!
INSERT INTO CD_VRSN_TBL (CD_VRSN_ID, CD_ID, STS_CD_ID, CRT_PROV_ID, MNEMONIC, CLS_ID) VALUES (gen_uuid(), char_to_uuid('33bd1401-dfdb-40e7-a914-0a695ad5186e'), char_to_uuid('c8064cbd-fa06-4530-b430-1a52f1530c27'), char_to_uuid('fadca076-3690-4a6e-af9e-f1cd68e8c7e8'), 'CommissioningParty', char_to_uuid('17fd5254-8c25-4abb-b246-083fbe9afa15'));--#!
INSERT INTO CD_VRSN_TBL (CD_VRSN_ID, CD_ID, STS_CD_ID, CRT_PROV_ID, MNEMONIC, CLS_ID) VALUES (gen_uuid(), char_to_uuid('757f98df-14e0-446a-bd50-bb0affb34f09'), char_to_uuid('c8064cbd-fa06-4530-b430-1a52f1530c27'), char_to_uuid('fadca076-3690-4a6e-af9e-f1cd68e8c7e8'), 'SigningAuthorityOrOfficer', char_to_uuid('17fd5254-8c25-4abb-b246-083fbe9afa15'));--#!
INSERT INTO CD_VRSN_TBL (CD_VRSN_ID, CD_ID, STS_CD_ID, CRT_PROV_ID, MNEMONIC, CLS_ID) VALUES (gen_uuid(), char_to_uuid('b1d2148d-bb35-4337-8fe6-021f5a3ac8a3'), char_to_uuid('c8064cbd-fa06-4530-b430-1a52f1530c27'), char_to_uuid('fadca076-3690-4a6e-af9e-f1cd68e8c7e8'), 'Contact', char_to_uuid('17fd5254-8c25-4abb-b246-083fbe9afa15'));--#!
INSERT INTO CD_VRSN_TBL (CD_VRSN_ID, CD_ID, STS_CD_ID, CRT_PROV_ID, MNEMONIC, CLS_ID) VALUES (gen_uuid(), char_to_uuid('25985F42-476A-4455-A977-4E97A554D710'), char_to_uuid('c8064cbd-fa06-4530-b430-1a52f1530c27'), char_to_uuid('fadca076-3690-4a6e-af9e-f1cd68e8c7e8'), 'EmergencyContact', char_to_uuid('17fd5254-8c25-4abb-b246-083fbe9afa15'));--#!
INSERT INTO CD_VRSN_TBL (CD_VRSN_ID, CD_ID, STS_CD_ID, CRT_PROV_ID, MNEMONIC, CLS_ID) VALUES (gen_uuid(), char_to_uuid('1ee4e74f-542d-4544-96f6-266a6247f274'), char_to_uuid('c8064cbd-fa06-4530-b430-1a52f1530c27'), char_to_uuid('fadca076-3690-4a6e-af9e-f1cd68e8c7e8'), 'NextOfKin', char_to_uuid('17fd5254-8c25-4abb-b246-083fbe9afa15'));--#!
INSERT INTO CD_VRSN_TBL (CD_VRSN_ID, CD_ID, STS_CD_ID, CRT_PROV_ID, MNEMONIC, CLS_ID) VALUES (gen_uuid(), char_to_uuid('3b8e2334-4ccc-4f24-8aae-37341ea03d3e'), char_to_uuid('c8064cbd-fa06-4530-b430-1a52f1530c27'), char_to_uuid('fadca076-3690-4a6e-af9e-f1cd68e8c7e8'), 'Guardian', char_to_uuid('17fd5254-8c25-4abb-b246-083fbe9afa15'));--#!
INSERT INTO CD_VRSN_TBL (CD_VRSN_ID, CD_ID, STS_CD_ID, CRT_PROV_ID, MNEMONIC, CLS_ID) VALUES (gen_uuid(), char_to_uuid('35b13152-e43c-4bcb-8649-a9e83bee33a2'), char_to_uuid('c8064cbd-fa06-4530-b430-1a52f1530c27'), char_to_uuid('fadca076-3690-4a6e-af9e-f1cd68e8c7e8'), 'Citizen', char_to_uuid('17fd5254-8c25-4abb-b246-083fbe9afa15'));--#!
INSERT INTO CD_VRSN_TBL (CD_VRSN_ID, CD_ID, STS_CD_ID, CRT_PROV_ID, MNEMONIC, CLS_ID) VALUES (gen_uuid(), char_to_uuid('d4844672-c0d7-434c-8377-6dd0655b0532'), char_to_uuid('c8064cbd-fa06-4530-b430-1a52f1530c27'), char_to_uuid('fadca076-3690-4a6e-af9e-f1cd68e8c7e8'), 'CoveredParty', char_to_uuid('17fd5254-8c25-4abb-b246-083fbe9afa15'));--#!
INSERT INTO CD_VRSN_TBL (CD_VRSN_ID, CD_ID, STS_CD_ID, CRT_PROV_ID, MNEMONIC, CLS_ID) VALUES (gen_uuid(), char_to_uuid('9d256279-f1ac-46b3-a974-dd13e2ad4f72'), char_to_uuid('c8064cbd-fa06-4530-b430-1a52f1530c27'), char_to_uuid('fadca076-3690-4a6e-af9e-f1cd68e8c7e8'), 'Claimant', char_to_uuid('17fd5254-8c25-4abb-b246-083fbe9afa15'));--#!
INSERT INTO CD_VRSN_TBL (CD_VRSN_ID, CD_ID, STS_CD_ID, CRT_PROV_ID, MNEMONIC, CLS_ID) VALUES (gen_uuid(), char_to_uuid('3d907f37-085c-4c26-b59b-62e40621dafd'), char_to_uuid('c8064cbd-fa06-4530-b430-1a52f1530c27'), char_to_uuid('fadca076-3690-4a6e-af9e-f1cd68e8c7e8'), 'NamedInsured', char_to_uuid('17fd5254-8c25-4abb-b246-083fbe9afa15'));--#!
INSERT INTO CD_VRSN_TBL (CD_VRSN_ID, CD_ID, STS_CD_ID, CRT_PROV_ID, MNEMONIC, CLS_ID) VALUES (gen_uuid(), char_to_uuid('f28ed78f-85ab-47a1-ba08-b5051e62d6c3'), char_to_uuid('c8064cbd-fa06-4530-b430-1a52f1530c27'), char_to_uuid('fadca076-3690-4a6e-af9e-f1cd68e8c7e8'), 'Dependent', char_to_uuid('17fd5254-8c25-4abb-b246-083fbe9afa15'));--#!
INSERT INTO CD_VRSN_TBL (CD_VRSN_ID, CD_ID, STS_CD_ID, CRT_PROV_ID, MNEMONIC, CLS_ID) VALUES (gen_uuid(), char_to_uuid('47049b0f-f189-4e19-9aa8-7c38adb2491a'), char_to_uuid('c8064cbd-fa06-4530-b430-1a52f1530c27'), char_to_uuid('fadca076-3690-4a6e-af9e-f1cd68e8c7e8'), 'Individual', char_to_uuid('17fd5254-8c25-4abb-b246-083fbe9afa15'));--#!
INSERT INTO CD_VRSN_TBL (CD_VRSN_ID, CD_ID, STS_CD_ID, CRT_PROV_ID, MNEMONIC, CLS_ID) VALUES (gen_uuid(), char_to_uuid('f31a2a5b-ce13-47e1-a0fb-d704f31547db'), char_to_uuid('c8064cbd-fa06-4530-b430-1a52f1530c27'), char_to_uuid('fadca076-3690-4a6e-af9e-f1cd68e8c7e8'), 'Subscriber', char_to_uuid('17fd5254-8c25-4abb-b246-083fbe9afa15'));--#!
INSERT INTO CD_VRSN_TBL (CD_VRSN_ID, CD_ID, STS_CD_ID, CRT_PROV_ID, MNEMONIC, CLS_ID) VALUES (gen_uuid(), char_to_uuid('cbe2a00c-e1d5-44e9-aae3-d7d03e3c2efa'), char_to_uuid('c8064cbd-fa06-4530-b430-1a52f1530c27'), char_to_uuid('fadca076-3690-4a6e-af9e-f1cd68e8c7e8'), 'ProgramEligible', char_to_uuid('17fd5254-8c25-4abb-b246-083fbe9afa15'));--#!
INSERT INTO CD_VRSN_TBL (CD_VRSN_ID, CD_ID, STS_CD_ID, CRT_PROV_ID, MNEMONIC, CLS_ID) VALUES (gen_uuid(), char_to_uuid('43ad7bc0-2ed8-4b27-97e5-b3db00a07d17'), char_to_uuid('c8064cbd-fa06-4530-b430-1a52f1530c27'), char_to_uuid('fadca076-3690-4a6e-af9e-f1cd68e8c7e8'), 'ClinicalResearchInvestigator', char_to_uuid('17fd5254-8c25-4abb-b246-083fbe9afa15'));--#!
INSERT INTO CD_VRSN_TBL (CD_VRSN_ID, CD_ID, STS_CD_ID, CRT_PROV_ID, MNEMONIC, CLS_ID) VALUES (gen_uuid(), char_to_uuid('66c96ae6-c5c4-4d66-9bd0-a00c56e831da'), char_to_uuid('c8064cbd-fa06-4530-b430-1a52f1530c27'), char_to_uuid('fadca076-3690-4a6e-af9e-f1cd68e8c7e8'), 'ClinicalResearchSponsor', char_to_uuid('17fd5254-8c25-4abb-b246-083fbe9afa15'));--#!
INSERT INTO CD_VRSN_TBL (CD_VRSN_ID, CD_ID, STS_CD_ID, CRT_PROV_ID, MNEMONIC, CLS_ID) VALUES (gen_uuid(), char_to_uuid('b43c9513-1c1c-4ed0-92db-55a904c122e6'), char_to_uuid('c8064cbd-fa06-4530-b430-1a52f1530c27'), char_to_uuid('fadca076-3690-4a6e-af9e-f1cd68e8c7e8'), 'Employee', char_to_uuid('17fd5254-8c25-4abb-b246-083fbe9afa15'));--#!
INSERT INTO CD_VRSN_TBL (CD_VRSN_ID, CD_ID, STS_CD_ID, CRT_PROV_ID, MNEMONIC, CLS_ID) VALUES (gen_uuid(), char_to_uuid('1bcfb08d-c6fa-41dd-98bf-06336a33a3b7'), char_to_uuid('c8064cbd-fa06-4530-b430-1a52f1530c27'), char_to_uuid('fadca076-3690-4a6e-af9e-f1cd68e8c7e8'), 'MilitaryPerson', char_to_uuid('17fd5254-8c25-4abb-b246-083fbe9afa15'));--#!
INSERT INTO CD_VRSN_TBL (CD_VRSN_ID, CD_ID, STS_CD_ID, CRT_PROV_ID, MNEMONIC, CLS_ID) VALUES (gen_uuid(), char_to_uuid('f5b10c57-3ae1-41ea-8649-1cf8d9848ae1'), char_to_uuid('c8064cbd-fa06-4530-b430-1a52f1530c27'), char_to_uuid('fadca076-3690-4a6e-af9e-f1cd68e8c7e8'), 'Guarantor', char_to_uuid('17fd5254-8c25-4abb-b246-083fbe9afa15'));--#!
INSERT INTO CD_VRSN_TBL (CD_VRSN_ID, CD_ID, STS_CD_ID, CRT_PROV_ID, MNEMONIC, CLS_ID) VALUES (gen_uuid(), char_to_uuid('0c522bd1-dfa2-43cb-a98e-f6ff137968ae'), char_to_uuid('c8064cbd-fa06-4530-b430-1a52f1530c27'), char_to_uuid('fadca076-3690-4a6e-af9e-f1cd68e8c7e8'), 'InvestigationSubject', char_to_uuid('17fd5254-8c25-4abb-b246-083fbe9afa15'));--#!
INSERT INTO CD_VRSN_TBL (CD_VRSN_ID, CD_ID, STS_CD_ID, CRT_PROV_ID, MNEMONIC, CLS_ID) VALUES (gen_uuid(), char_to_uuid('d7ad48c0-889d-41e2-99e9-be5e6c5327b2'), char_to_uuid('c8064cbd-fa06-4530-b430-1a52f1530c27'), char_to_uuid('fadca076-3690-4a6e-af9e-f1cd68e8c7e8'), 'CaseSubject', char_to_uuid('17fd5254-8c25-4abb-b246-083fbe9afa15'));--#!
INSERT INTO CD_VRSN_TBL (CD_VRSN_ID, CD_ID, STS_CD_ID, CRT_PROV_ID, MNEMONIC, CLS_ID) VALUES (gen_uuid(), char_to_uuid('ef597ffe-d965-4398-b55a-650530ebb997'), char_to_uuid('c8064cbd-fa06-4530-b430-1a52f1530c27'), char_to_uuid('fadca076-3690-4a6e-af9e-f1cd68e8c7e8'), 'ResearchSubject', char_to_uuid('17fd5254-8c25-4abb-b246-083fbe9afa15'));--#!
INSERT INTO CD_VRSN_TBL (CD_VRSN_ID, CD_ID, STS_CD_ID, CRT_PROV_ID, MNEMONIC, CLS_ID) VALUES (gen_uuid(), char_to_uuid('b9fe057e-7f57-42eb-89d7-67c69646c0c4'), char_to_uuid('c8064cbd-fa06-4530-b430-1a52f1530c27'), char_to_uuid('fadca076-3690-4a6e-af9e-f1cd68e8c7e8'), 'LicensedEntity', char_to_uuid('17fd5254-8c25-4abb-b246-083fbe9afa15'));--#!
INSERT INTO CD_VRSN_TBL (CD_VRSN_ID, CD_ID, STS_CD_ID, CRT_PROV_ID, MNEMONIC, CLS_ID) VALUES (gen_uuid(), char_to_uuid('f1ef6c46-05eb-4482-baeb-eaf0a8e5ffef'), char_to_uuid('c8064cbd-fa06-4530-b430-1a52f1530c27'), char_to_uuid('fadca076-3690-4a6e-af9e-f1cd68e8c7e8'), 'NotaryPublic', char_to_uuid('17fd5254-8c25-4abb-b246-083fbe9afa15'));--#!
INSERT INTO CD_VRSN_TBL (CD_VRSN_ID, CD_ID, STS_CD_ID, CRT_PROV_ID, MNEMONIC, CLS_ID) VALUES (gen_uuid(), char_to_uuid('6b04fed8-c164-469c-910b-f824c2bda4f0'), char_to_uuid('c8064cbd-fa06-4530-b430-1a52f1530c27'), char_to_uuid('fadca076-3690-4a6e-af9e-f1cd68e8c7e8'), 'HealthcareProvider', char_to_uuid('17fd5254-8c25-4abb-b246-083fbe9afa15'));--#!
INSERT INTO CD_VRSN_TBL (CD_VRSN_ID, CD_ID, STS_CD_ID, CRT_PROV_ID, MNEMONIC, CLS_ID) VALUES (gen_uuid(), char_to_uuid('bacd9c6f-3fa9-481e-9636-37457962804d'), char_to_uuid('c8064cbd-fa06-4530-b430-1a52f1530c27'), char_to_uuid('fadca076-3690-4a6e-af9e-f1cd68e8c7e8'), 'Patient', char_to_uuid('17fd5254-8c25-4abb-b246-083fbe9afa15'));--#!
INSERT INTO CD_VRSN_TBL (CD_VRSN_ID, CD_ID, STS_CD_ID, CRT_PROV_ID, MNEMONIC, CLS_ID) VALUES (gen_uuid(), char_to_uuid('734551e1-2960-4a68-93a2-b277db072a43'), char_to_uuid('c8064cbd-fa06-4530-b430-1a52f1530c27'), char_to_uuid('fadca076-3690-4a6e-af9e-f1cd68e8c7e8'), 'Payee', char_to_uuid('17fd5254-8c25-4abb-b246-083fbe9afa15'));--#!
INSERT INTO CD_VRSN_TBL (CD_VRSN_ID, CD_ID, STS_CD_ID, CRT_PROV_ID, MNEMONIC, CLS_ID) VALUES (gen_uuid(), char_to_uuid('07c922d2-12c9-415a-95d4-9b3fed4959d6'), char_to_uuid('c8064cbd-fa06-4530-b430-1a52f1530c27'), char_to_uuid('fadca076-3690-4a6e-af9e-f1cd68e8c7e8'), 'InvoicePayor', char_to_uuid('17fd5254-8c25-4abb-b246-083fbe9afa15'));--#!
INSERT INTO CD_VRSN_TBL (CD_VRSN_ID, CD_ID, STS_CD_ID, CRT_PROV_ID, MNEMONIC, CLS_ID) VALUES (gen_uuid(), char_to_uuid('cec017ef-4e49-41af-8596-abad1a91c9d0'), char_to_uuid('c8064cbd-fa06-4530-b430-1a52f1530c27'), char_to_uuid('fadca076-3690-4a6e-af9e-f1cd68e8c7e8'), 'PolicyHolder', char_to_uuid('17fd5254-8c25-4abb-b246-083fbe9afa15'));--#!
INSERT INTO CD_VRSN_TBL (CD_VRSN_ID, CD_ID, STS_CD_ID, CRT_PROV_ID, MNEMONIC, CLS_ID) VALUES (gen_uuid(), char_to_uuid('6521dd09-334b-4fbf-9c89-1ad5a804326c'), char_to_uuid('c8064cbd-fa06-4530-b430-1a52f1530c27'), char_to_uuid('fadca076-3690-4a6e-af9e-f1cd68e8c7e8'), 'QualifiedEntity', char_to_uuid('17fd5254-8c25-4abb-b246-083fbe9afa15'));--#!
INSERT INTO CD_VRSN_TBL (CD_VRSN_ID, CD_ID, STS_CD_ID, CRT_PROV_ID, MNEMONIC, CLS_ID) VALUES (gen_uuid(), char_to_uuid('8ff9d9a5-a206-4566-82cd-67b770d7ce8a'), char_to_uuid('c8064cbd-fa06-4530-b430-1a52f1530c27'), char_to_uuid('fadca076-3690-4a6e-af9e-f1cd68e8c7e8'), 'CoverageSponsor', char_to_uuid('17fd5254-8c25-4abb-b246-083fbe9afa15'));--#!
INSERT INTO CD_VRSN_TBL (CD_VRSN_ID, CD_ID, STS_CD_ID, CRT_PROV_ID, MNEMONIC, CLS_ID) VALUES (gen_uuid(), char_to_uuid('0c157566-d1e9-4976-8542-473caa9ba2a4'), char_to_uuid('c8064cbd-fa06-4530-b430-1a52f1530c27'), char_to_uuid('fadca076-3690-4a6e-af9e-f1cd68e8c7e8'), 'Student', char_to_uuid('17fd5254-8c25-4abb-b246-083fbe9afa15'));--#!
INSERT INTO CD_VRSN_TBL (CD_VRSN_ID, CD_ID, STS_CD_ID, CRT_PROV_ID, MNEMONIC, CLS_ID) VALUES (gen_uuid(), char_to_uuid('a8fcd83f-808b-494b-8a1c-ec2c6dbc3dfa'), char_to_uuid('c8064cbd-fa06-4530-b430-1a52f1530c27'), char_to_uuid('fadca076-3690-4a6e-af9e-f1cd68e8c7e8'), 'Underwriter', char_to_uuid('17fd5254-8c25-4abb-b246-083fbe9afa15'));--#!
INSERT INTO CD_VRSN_TBL (CD_VRSN_ID, CD_ID, STS_CD_ID, CRT_PROV_ID, MNEMONIC, CLS_ID) VALUES (gen_uuid(), char_to_uuid('ddc1b705-c768-4c7a-8f69-76ad4b167b40'), char_to_uuid('c8064cbd-fa06-4530-b430-1a52f1530c27'), char_to_uuid('fadca076-3690-4a6e-af9e-f1cd68e8c7e8'), 'Access', char_to_uuid('17fd5254-8c25-4abb-b246-083fbe9afa15'));--#!
INSERT INTO CD_VRSN_TBL (CD_VRSN_ID, CD_ID, STS_CD_ID, CRT_PROV_ID, MNEMONIC, CLS_ID) VALUES (gen_uuid(), char_to_uuid('b52c7e95-88b8-4c4c-836a-934277afdb92'), char_to_uuid('c8064cbd-fa06-4530-b430-1a52f1530c27'), char_to_uuid('fadca076-3690-4a6e-af9e-f1cd68e8c7e8'), 'AdministerableMaterial', char_to_uuid('17fd5254-8c25-4abb-b246-083fbe9afa15'));--#!
INSERT INTO CD_VRSN_TBL (CD_VRSN_ID, CD_ID, STS_CD_ID, CRT_PROV_ID, MNEMONIC, CLS_ID) VALUES (gen_uuid(), char_to_uuid('f3ef7e48-d8b7-4030-b431-aff7e0e1cb76'), char_to_uuid('c8064cbd-fa06-4530-b430-1a52f1530c27'), char_to_uuid('fadca076-3690-4a6e-af9e-f1cd68e8c7e8'), 'Birthplace', char_to_uuid('17fd5254-8c25-4abb-b246-083fbe9afa15'));--#!
INSERT INTO CD_VRSN_TBL (CD_VRSN_ID, CD_ID, STS_CD_ID, CRT_PROV_ID, MNEMONIC, CLS_ID) VALUES (gen_uuid(), char_to_uuid('31b0dfcb-d7ba-452a-98b9-45ebccd30732'), char_to_uuid('c8064cbd-fa06-4530-b430-1a52f1530c27'), char_to_uuid('fadca076-3690-4a6e-af9e-f1cd68e8c7e8'), 'Caregiver', char_to_uuid('17fd5254-8c25-4abb-b246-083fbe9afa15'));--#!
INSERT INTO CD_VRSN_TBL (CD_VRSN_ID, CD_ID, STS_CD_ID, CRT_PROV_ID, MNEMONIC, CLS_ID) VALUES (gen_uuid(), char_to_uuid('9bbe0cfe-faab-4dc9-a28f-c001e3e95e6e'), char_to_uuid('c8064cbd-fa06-4530-b430-1a52f1530c27'), char_to_uuid('fadca076-3690-4a6e-af9e-f1cd68e8c7e8'), 'PlaceOfDeath', char_to_uuid('17fd5254-8c25-4abb-b246-083fbe9afa15'));--#!
INSERT INTO CD_VRSN_TBL (CD_VRSN_ID, CD_ID, STS_CD_ID, CRT_PROV_ID, MNEMONIC, CLS_ID) VALUES (gen_uuid(), char_to_uuid('f5547ada-1eb9-40bb-b163-081567d869e7'), char_to_uuid('c8064cbd-fa06-4530-b430-1a52f1530c27'), char_to_uuid('fadca076-3690-4a6e-af9e-f1cd68e8c7e8'), 'DistributedMaterial', char_to_uuid('17fd5254-8c25-4abb-b246-083fbe9afa15'));--#!
INSERT INTO CD_VRSN_TBL (CD_VRSN_ID, CD_ID, STS_CD_ID, CRT_PROV_ID, MNEMONIC, CLS_ID) VALUES (gen_uuid(), char_to_uuid('703df8f4-b124-44c5-9506-1ab74ddfd91d'), char_to_uuid('c8064cbd-fa06-4530-b430-1a52f1530c27'), char_to_uuid('fadca076-3690-4a6e-af9e-f1cd68e8c7e8'), 'RetailedMaterial', char_to_uuid('17fd5254-8c25-4abb-b246-083fbe9afa15'));--#!
INSERT INTO CD_VRSN_TBL (CD_VRSN_ID, CD_ID, STS_CD_ID, CRT_PROV_ID, MNEMONIC, CLS_ID) VALUES (gen_uuid(), char_to_uuid('ab39087c-17d3-421a-a1e3-2de4e0ab9faf'), char_to_uuid('c8064cbd-fa06-4530-b430-1a52f1530c27'), char_to_uuid('fadca076-3690-4a6e-af9e-f1cd68e8c7e8'), 'ExposedEntity', char_to_uuid('17fd5254-8c25-4abb-b246-083fbe9afa15'));--#!
INSERT INTO CD_VRSN_TBL (CD_VRSN_ID, CD_ID, STS_CD_ID, CRT_PROV_ID, MNEMONIC, CLS_ID) VALUES (gen_uuid(), char_to_uuid('9c02a621-8565-46b4-94ff-a2bd210989b1'), char_to_uuid('c8064cbd-fa06-4530-b430-1a52f1530c27'), char_to_uuid('fadca076-3690-4a6e-af9e-f1cd68e8c7e8'), 'HeldEntity', char_to_uuid('17fd5254-8c25-4abb-b246-083fbe9afa15'));--#!
INSERT INTO CD_VRSN_TBL (CD_VRSN_ID, CD_ID, STS_CD_ID, CRT_PROV_ID, MNEMONIC, CLS_ID) VALUES (gen_uuid(), char_to_uuid('5b0f8c93-57c9-4dff-b59a-9564739ef445'), char_to_uuid('c8064cbd-fa06-4530-b430-1a52f1530c27'), char_to_uuid('fadca076-3690-4a6e-af9e-f1cd68e8c7e8'), 'HealthChart', char_to_uuid('17fd5254-8c25-4abb-b246-083fbe9afa15'));--#!
INSERT INTO CD_VRSN_TBL (CD_VRSN_ID, CD_ID, STS_CD_ID, CRT_PROV_ID, MNEMONIC, CLS_ID) VALUES (gen_uuid(), char_to_uuid('c5c8b935-294f-4c90-9d81-cbf914bf5808'), char_to_uuid('c8064cbd-fa06-4530-b430-1a52f1530c27'), char_to_uuid('fadca076-3690-4a6e-af9e-f1cd68e8c7e8'), 'IdentifiedEntity', char_to_uuid('17fd5254-8c25-4abb-b246-083fbe9afa15'));--#!
INSERT INTO CD_VRSN_TBL (CD_VRSN_ID, CD_ID, STS_CD_ID, CRT_PROV_ID, MNEMONIC, CLS_ID) VALUES (gen_uuid(), char_to_uuid('6780df3b-afbd-44a3-8627-cbb3dc2f02f6'), char_to_uuid('c8064cbd-fa06-4530-b430-1a52f1530c27'), char_to_uuid('fadca076-3690-4a6e-af9e-f1cd68e8c7e8'), 'ManufacturedProduct', char_to_uuid('17fd5254-8c25-4abb-b246-083fbe9afa15'));--#!
INSERT INTO CD_VRSN_TBL (CD_VRSN_ID, CD_ID, STS_CD_ID, CRT_PROV_ID, MNEMONIC, CLS_ID) VALUES (gen_uuid(), char_to_uuid('d6657fdb-4ef3-4131-af79-14e01a21faca'), char_to_uuid('c8064cbd-fa06-4530-b430-1a52f1530c27'), char_to_uuid('fadca076-3690-4a6e-af9e-f1cd68e8c7e8'), 'TherapeuticAgent', char_to_uuid('17fd5254-8c25-4abb-b246-083fbe9afa15'));--#!
INSERT INTO CD_VRSN_TBL (CD_VRSN_ID, CD_ID, STS_CD_ID, CRT_PROV_ID, MNEMONIC, CLS_ID) VALUES (gen_uuid(), char_to_uuid('77b6d8cd-05a0-4b1f-9e14-b895203bf40c'), char_to_uuid('c8064cbd-fa06-4530-b430-1a52f1530c27'), char_to_uuid('fadca076-3690-4a6e-af9e-f1cd68e8c7e8'), 'MaintainedEntity', char_to_uuid('17fd5254-8c25-4abb-b246-083fbe9afa15'));--#!
INSERT INTO CD_VRSN_TBL (CD_VRSN_ID, CD_ID, STS_CD_ID, CRT_PROV_ID, MNEMONIC, CLS_ID) VALUES (gen_uuid(), char_to_uuid('117da15c-0864-4f00-a987-9b9854cba44e'), char_to_uuid('c8064cbd-fa06-4530-b430-1a52f1530c27'), char_to_uuid('fadca076-3690-4a6e-af9e-f1cd68e8c7e8'), 'OwnedEntity', char_to_uuid('17fd5254-8c25-4abb-b246-083fbe9afa15'));--#!
INSERT INTO CD_VRSN_TBL (CD_VRSN_ID, CD_ID, STS_CD_ID, CRT_PROV_ID, MNEMONIC, CLS_ID) VALUES (gen_uuid(), char_to_uuid('abfd3fe8-9526-48fb-b366-35baca9bd170'), char_to_uuid('c8064cbd-fa06-4530-b430-1a52f1530c27'), char_to_uuid('fadca076-3690-4a6e-af9e-f1cd68e8c7e8'), 'PersonalRelationship', char_to_uuid('17fd5254-8c25-4abb-b246-083fbe9afa15'));--#!
INSERT INTO CD_VRSN_TBL (CD_VRSN_ID, CD_ID, STS_CD_ID, CRT_PROV_ID, MNEMONIC, CLS_ID) VALUES (gen_uuid(), char_to_uuid('20e98d17-e24d-4c64-b09e-521a177ccd05'), char_to_uuid('c8064cbd-fa06-4530-b430-1a52f1530c27'), char_to_uuid('fadca076-3690-4a6e-af9e-f1cd68e8c7e8'), 'RegulatedProduct', char_to_uuid('17fd5254-8c25-4abb-b246-083fbe9afa15'));--#!
INSERT INTO CD_VRSN_TBL (CD_VRSN_ID, CD_ID, STS_CD_ID, CRT_PROV_ID, MNEMONIC, CLS_ID) VALUES (gen_uuid(), char_to_uuid('ff34dfa7-c6d3-4f8b-bc9f-14bcdc13ba6c'), char_to_uuid('c8064cbd-fa06-4530-b430-1a52f1530c27'), char_to_uuid('fadca076-3690-4a6e-af9e-f1cd68e8c7e8'), 'ServiceDeliveryLocation', char_to_uuid('17fd5254-8c25-4abb-b246-083fbe9afa15'));--#!
INSERT INTO CD_VRSN_TBL (CD_VRSN_ID, CD_ID, STS_CD_ID, CRT_PROV_ID, MNEMONIC, CLS_ID) VALUES (gen_uuid(), char_to_uuid('455f1772-f580-47e8-86bd-b5ce25d351f9'), char_to_uuid('c8064cbd-fa06-4530-b430-1a52f1530c27'), char_to_uuid('fadca076-3690-4a6e-af9e-f1cd68e8c7e8'), 'DedicatedServiceDeliveryLocation', char_to_uuid('17fd5254-8c25-4abb-b246-083fbe9afa15'));--#!
INSERT INTO CD_VRSN_TBL (CD_VRSN_ID, CD_ID, STS_CD_ID, CRT_PROV_ID, MNEMONIC, CLS_ID) VALUES (gen_uuid(), char_to_uuid('41baf7aa-5ffd-4421-831f-42d4ab3de38a'), char_to_uuid('c8064cbd-fa06-4530-b430-1a52f1530c27'), char_to_uuid('fadca076-3690-4a6e-af9e-f1cd68e8c7e8'), 'IncidentalServiceDeliveryLocation', char_to_uuid('17fd5254-8c25-4abb-b246-083fbe9afa15'));--#!
INSERT INTO CD_VRSN_TBL (CD_VRSN_ID, CD_ID, STS_CD_ID, CRT_PROV_ID, MNEMONIC, CLS_ID) VALUES (gen_uuid(), char_to_uuid('c6b92576-1d62-4896-8799-6f931f8ab607'), char_to_uuid('c8064cbd-fa06-4530-b430-1a52f1530c27'), char_to_uuid('fadca076-3690-4a6e-af9e-f1cd68e8c7e8'), 'TerritoryOfAuthority', char_to_uuid('17fd5254-8c25-4abb-b246-083fbe9afa15'));--#!
INSERT INTO CD_VRSN_TBL (CD_VRSN_ID, CD_ID, STS_CD_ID, CRT_PROV_ID, MNEMONIC, CLS_ID) VALUES (gen_uuid(), char_to_uuid('08fff7d9-bac7-417b-b026-c9bee52f4a37'), char_to_uuid('c8064cbd-fa06-4530-b430-1a52f1530c27'), char_to_uuid('fadca076-3690-4a6e-af9e-f1cd68e8c7e8'), 'UsedEntity', char_to_uuid('17fd5254-8c25-4abb-b246-083fbe9afa15'));--#!
INSERT INTO CD_VRSN_TBL (CD_VRSN_ID, CD_ID, STS_CD_ID, CRT_PROV_ID, MNEMONIC, CLS_ID) VALUES (gen_uuid(), char_to_uuid('639b4b8f-afd3-4963-9e79-ef0d3928796a'), char_to_uuid('c8064cbd-fa06-4530-b430-1a52f1530c27'), char_to_uuid('fadca076-3690-4a6e-af9e-f1cd68e8c7e8'), 'WarrantedProduct', char_to_uuid('17fd5254-8c25-4abb-b246-083fbe9afa15'));--#!
INSERT INTO CD_VRSN_TBL (CD_VRSN_ID, CD_ID, STS_CD_ID, CRT_PROV_ID, MNEMONIC, CLS_ID) VALUES (gen_uuid(), char_to_uuid('845120de-e6f7-4cec-94aa-e6e943c91367'), char_to_uuid('c8064cbd-fa06-4530-b430-1a52f1530c27'), char_to_uuid('fadca076-3690-4a6e-af9e-f1cd68e8c7e8'), 'GUARD', char_to_uuid('17fd5254-8c25-4abb-b246-083fbe9afa15'));--#!
INSERT INTO CD_VRSN_TBL (CD_VRSN_ID, CD_ID, STS_CD_ID, CRT_PROV_ID, MNEMONIC, CLS_ID) VALUES (gen_uuid(), char_to_uuid('b2feb552-8eaf-45fe-a397-f789d6f4728a'), char_to_uuid('c8064cbd-fa06-4530-b430-1a52f1530c27'), char_to_uuid('fadca076-3690-4a6e-af9e-f1cd68e8c7e8'), 'Part', char_to_uuid('17fd5254-8c25-4abb-b246-083fbe9afa15'));--#!
INSERT INTO CD_VRSN_TBL (CD_VRSN_ID, CD_ID, STS_CD_ID, CRT_PROV_ID, MNEMONIC, CLS_ID) VALUES (gen_uuid(), char_to_uuid('212b1b6b-b074-4a75-862d-e4e194252044'), char_to_uuid('c8064cbd-fa06-4530-b430-1a52f1530c27'), char_to_uuid('fadca076-3690-4a6e-af9e-f1cd68e8c7e8'), 'ActiveMoiety', char_to_uuid('17fd5254-8c25-4abb-b246-083fbe9afa15'));--#!
INSERT INTO CD_VRSN_TBL (CD_VRSN_ID, CD_ID, STS_CD_ID, CRT_PROV_ID, MNEMONIC, CLS_ID) VALUES (gen_uuid(), char_to_uuid('cff670e4-965e-4288-b966-47a44479d2ad'), char_to_uuid('c8064cbd-fa06-4530-b430-1a52f1530c27'), char_to_uuid('fadca076-3690-4a6e-af9e-f1cd68e8c7e8'), 'Aliquot', char_to_uuid('17fd5254-8c25-4abb-b246-083fbe9afa15'));--#!
INSERT INTO CD_VRSN_TBL (CD_VRSN_ID, CD_ID, STS_CD_ID, CRT_PROV_ID, MNEMONIC, CLS_ID) VALUES (gen_uuid(), char_to_uuid('020c28a0-7c52-42f4-a046-db9e329d5a42'), char_to_uuid('c8064cbd-fa06-4530-b430-1a52f1530c27'), char_to_uuid('fadca076-3690-4a6e-af9e-f1cd68e8c7e8'), 'Isolate', char_to_uuid('17fd5254-8c25-4abb-b246-083fbe9afa15'));--#!
INSERT INTO CD_VRSN_TBL (CD_VRSN_ID, CD_ID, STS_CD_ID, CRT_PROV_ID, MNEMONIC, CLS_ID) VALUES (gen_uuid(), char_to_uuid('ca44a469-81d7-4484-9189-ca1d55afecbc'), char_to_uuid('c8064cbd-fa06-4530-b430-1a52f1530c27'), char_to_uuid('fadca076-3690-4a6e-af9e-f1cd68e8c7e8'), 'AccountManagement', char_to_uuid('17fd5254-8c25-4abb-b246-083fbe9afa15'));--#!
INSERT INTO CD_VRSN_TBL (CD_VRSN_ID, CD_ID, STS_CD_ID, CRT_PROV_ID, MNEMONIC, CLS_ID) VALUES (gen_uuid(), char_to_uuid('d874424e-c692-4fd8-b94e-642e1cbf83e9'), char_to_uuid('c8064cbd-fa06-4530-b430-1a52f1530c27'), char_to_uuid('fadca076-3690-4a6e-af9e-f1cd68e8c7e8'), 'Act', char_to_uuid('17fd5254-8c25-4abb-b246-083fbe9afa15'));--#!
INSERT INTO CD_VRSN_TBL (CD_VRSN_ID, CD_ID, STS_CD_ID, CRT_PROV_ID, MNEMONIC, CLS_ID) VALUES (gen_uuid(), char_to_uuid('03eb7808-0851-49e2-b773-663b0ac2bd38'), char_to_uuid('c8064cbd-fa06-4530-b430-1a52f1530c27'), char_to_uuid('fadca076-3690-4a6e-af9e-f1cd68e8c7e8'), 'CTTEVENT', char_to_uuid('17fd5254-8c25-4abb-b246-083fbe9afa15'));--#!
INSERT INTO CD_VRSN_TBL (CD_VRSN_ID, CD_ID, STS_CD_ID, CRT_PROV_ID, MNEMONIC, CLS_ID) VALUES (gen_uuid(), char_to_uuid('1571297b-86ed-4002-8b40-13403cba68ab'), char_to_uuid('c8064cbd-fa06-4530-b430-1a52f1530c27'), char_to_uuid('fadca076-3690-4a6e-af9e-f1cd68e8c7e8'), 'INC', char_to_uuid('17fd5254-8c25-4abb-b246-083fbe9afa15'));--#!
INSERT INTO CD_VRSN_TBL (CD_VRSN_ID, CD_ID, STS_CD_ID, CRT_PROV_ID, MNEMONIC, CLS_ID) VALUES (gen_uuid(), char_to_uuid('192f1768-d39e-409d-87be-5afd0ee0d1fe'), char_to_uuid('c8064cbd-fa06-4530-b430-1a52f1530c27'), char_to_uuid('fadca076-3690-4a6e-af9e-f1cd68e8c7e8'), 'Inform', char_to_uuid('17fd5254-8c25-4abb-b246-083fbe9afa15'));--#!
INSERT INTO CD_VRSN_TBL (CD_VRSN_ID, CD_ID, STS_CD_ID, CRT_PROV_ID, MNEMONIC, CLS_ID) VALUES (gen_uuid(), char_to_uuid('06af93c0-08fc-4df4-b084-190d680331e0'), char_to_uuid('c8064cbd-fa06-4530-b430-1a52f1530c27'), char_to_uuid('fadca076-3690-4a6e-af9e-f1cd68e8c7e8'), 'PCPR', char_to_uuid('17fd5254-8c25-4abb-b246-083fbe9afa15'));--#!
INSERT INTO CD_VRSN_TBL (CD_VRSN_ID, CD_ID, STS_CD_ID, CRT_PROV_ID, MNEMONIC, CLS_ID) VALUES (gen_uuid(), char_to_uuid('6be8d358-f591-4a3a-9a57-1889b0147c7e'), char_to_uuid('c8064cbd-fa06-4530-b430-1a52f1530c27'), char_to_uuid('fadca076-3690-4a6e-af9e-f1cd68e8c7e8'), 'Registration', char_to_uuid('17fd5254-8c25-4abb-b246-083fbe9afa15'));--#!
INSERT INTO CD_VRSN_TBL (CD_VRSN_ID, CD_ID, STS_CD_ID, CRT_PROV_ID, MNEMONIC, CLS_ID) VALUES (gen_uuid(), char_to_uuid('7eae32b1-27ae-4e78-909b-9f7d07e1c446'), char_to_uuid('c8064cbd-fa06-4530-b430-1a52f1530c27'), char_to_uuid('fadca076-3690-4a6e-af9e-f1cd68e8c7e8'), 'SPCTRT', char_to_uuid('17fd5254-8c25-4abb-b246-083fbe9afa15'));--#!
INSERT INTO CD_VRSN_TBL (CD_VRSN_ID, CD_ID, STS_CD_ID, CRT_PROV_ID, MNEMONIC, CLS_ID) VALUES (gen_uuid(), char_to_uuid('61677f76-dc05-466d-91de-47efc8e7a3e6'), char_to_uuid('c8064cbd-fa06-4530-b430-1a52f1530c27'), char_to_uuid('fadca076-3690-4a6e-af9e-f1cd68e8c7e8'), 'Transport', char_to_uuid('17fd5254-8c25-4abb-b246-083fbe9afa15'));--#!
INSERT INTO CD_VRSN_TBL (CD_VRSN_ID, CD_ID, STS_CD_ID, CRT_PROV_ID, MNEMONIC, CLS_ID) VALUES (gen_uuid(), char_to_uuid('676de278-64aa-44f2-9b69-60d61fc1f5f5'), char_to_uuid('c8064cbd-fa06-4530-b430-1a52f1530c27'), char_to_uuid('fadca076-3690-4a6e-af9e-f1cd68e8c7e8'), 'Battery', char_to_uuid('17fd5254-8c25-4abb-b246-083fbe9afa15'));--#!
INSERT INTO CD_VRSN_TBL (CD_VRSN_ID, CD_ID, STS_CD_ID, CRT_PROV_ID, MNEMONIC, CLS_ID) VALUES (gen_uuid(), char_to_uuid('d38091b5-9065-4721-8a1f-bfbb3b4bf447'), char_to_uuid('c8064cbd-fa06-4530-b430-1a52f1530c27'), char_to_uuid('fadca076-3690-4a6e-af9e-f1cd68e8c7e8'), 'Cluster', char_to_uuid('17fd5254-8c25-4abb-b246-083fbe9afa15'));--#!
INSERT INTO CD_VRSN_TBL (CD_VRSN_ID, CD_ID, STS_CD_ID, CRT_PROV_ID, MNEMONIC, CLS_ID) VALUES (gen_uuid(), char_to_uuid('3b14a426-6337-4f2a-b83b-e6be7dbcd5a5'), char_to_uuid('c8064cbd-fa06-4530-b430-1a52f1530c27'), char_to_uuid('fadca076-3690-4a6e-af9e-f1cd68e8c7e8'), 'Definition', char_to_uuid('bba99722-23ce-469a-8fa5-10deba853d35'));--#!
INSERT INTO CD_VRSN_TBL (CD_VRSN_ID, CD_ID, STS_CD_ID, CRT_PROV_ID, MNEMONIC, CLS_ID) VALUES (gen_uuid(), char_to_uuid('13925967-e748-4dd6-b562-1e1da3ddfb06'), char_to_uuid('c8064cbd-fa06-4530-b430-1a52f1530c27'), char_to_uuid('fadca076-3690-4a6e-af9e-f1cd68e8c7e8'), 'Goal', char_to_uuid('bba99722-23ce-469a-8fa5-10deba853d35'));--#!
INSERT INTO CD_VRSN_TBL (CD_VRSN_ID, CD_ID, STS_CD_ID, CRT_PROV_ID, MNEMONIC, CLS_ID) VALUES (gen_uuid(), char_to_uuid('099bcc5e-8e2f-4d50-b509-9f9d5bbeb58e'), char_to_uuid('c8064cbd-fa06-4530-b430-1a52f1530c27'), char_to_uuid('fadca076-3690-4a6e-af9e-f1cd68e8c7e8'), 'Intent', char_to_uuid('bba99722-23ce-469a-8fa5-10deba853d35'));--#!
INSERT INTO CD_VRSN_TBL (CD_VRSN_ID, CD_ID, STS_CD_ID, CRT_PROV_ID, MNEMONIC, CLS_ID) VALUES (gen_uuid(), char_to_uuid('acf7baf2-221f-4bc2-8116-ceb5165be079'), char_to_uuid('c8064cbd-fa06-4530-b430-1a52f1530c27'), char_to_uuid('fadca076-3690-4a6e-af9e-f1cd68e8c7e8'), 'Propose', char_to_uuid('bba99722-23ce-469a-8fa5-10deba853d35'));--#!
INSERT INTO CD_VRSN_TBL (CD_VRSN_ID, CD_ID, STS_CD_ID, CRT_PROV_ID, MNEMONIC, CLS_ID) VALUES (gen_uuid(), char_to_uuid('dc3df205-18ef-4854-ac00-68c295c9c744'), char_to_uuid('c8064cbd-fa06-4530-b430-1a52f1530c27'), char_to_uuid('fadca076-3690-4a6e-af9e-f1cd68e8c7e8'), 'Appends', char_to_uuid('f51dfdcd-039b-4e1f-90be-3cf56aef8da4'));--#!
INSERT INTO CD_VRSN_TBL (CD_VRSN_ID, CD_ID, STS_CD_ID, CRT_PROV_ID, MNEMONIC, CLS_ID) VALUES (gen_uuid(), char_to_uuid('d1578637-e1cb-415e-b319-4011da033813'), char_to_uuid('c8064cbd-fa06-4530-b430-1a52f1530c27'), char_to_uuid('fadca076-3690-4a6e-af9e-f1cd68e8c7e8'), 'Replaces', char_to_uuid('f51dfdcd-039b-4e1f-90be-3cf56aef8da4'));--#!
INSERT INTO CD_VRSN_TBL (CD_VRSN_ID, CD_ID, STS_CD_ID, CRT_PROV_ID, MNEMONIC, CLS_ID) VALUES (gen_uuid(), char_to_uuid('db2ae02a-ff12-4c1b-9c5b-ecdd41af8583'), char_to_uuid('c8064cbd-fa06-4530-b430-1a52f1530c27'), char_to_uuid('fadca076-3690-4a6e-af9e-f1cd68e8c7e8'), 'Transforms', char_to_uuid('f51dfdcd-039b-4e1f-90be-3cf56aef8da4'));--#!
INSERT INTO CD_VRSN_TBL (CD_VRSN_ID, CD_ID, STS_CD_ID, CRT_PROV_ID, MNEMONIC, CLS_ID) VALUES (gen_uuid(), char_to_uuid('81b6a0f8-b86a-495f-9d5d-8a4073fdd882'), char_to_uuid('c8064cbd-fa06-4530-b430-1a52f1530c27'), char_to_uuid('fadca076-3690-4a6e-af9e-f1cd68e8c7e8'), 'IsDerivedFrom', char_to_uuid('f51dfdcd-039b-4e1f-90be-3cf56aef8da4'));--#!
INSERT INTO CD_VRSN_TBL (CD_VRSN_ID, CD_ID, STS_CD_ID, CRT_PROV_ID, MNEMONIC, CLS_ID) VALUES (gen_uuid(), char_to_uuid('57d81685-e399-4abd-8744-96454188a9fa'), char_to_uuid('c8064cbd-fa06-4530-b430-1a52f1530c27'), char_to_uuid('fadca076-3690-4a6e-af9e-f1cd68e8c7e8'), 'IsCauseOf', char_to_uuid('f51dfdcd-039b-4e1f-90be-3cf56aef8da4'));--#!
INSERT INTO CD_VRSN_TBL (CD_VRSN_ID, CD_ID, STS_CD_ID, CRT_PROV_ID, MNEMONIC, CLS_ID) VALUES (gen_uuid(), char_to_uuid('8dbeac94-cccb-4412-a990-09bab26dd048'), char_to_uuid('c8064cbd-fa06-4530-b430-1a52f1530c27'), char_to_uuid('fadca076-3690-4a6e-af9e-f1cd68e8c7e8'), 'Evaluates', char_to_uuid('f51dfdcd-039b-4e1f-90be-3cf56aef8da4'));--#!
INSERT INTO CD_VRSN_TBL (CD_VRSN_ID, CD_ID, STS_CD_ID, CRT_PROV_ID, MNEMONIC, CLS_ID) VALUES (gen_uuid(), char_to_uuid('22918d17-d3dc-4135-a003-4c1c52e57e75'), char_to_uuid('c8064cbd-fa06-4530-b430-1a52f1530c27'), char_to_uuid('fadca076-3690-4a6e-af9e-f1cd68e8c7e8'), 'HasManifestation', char_to_uuid('f51dfdcd-039b-4e1f-90be-3cf56aef8da4'));--#!
INSERT INTO CD_VRSN_TBL (CD_VRSN_ID, CD_ID, STS_CD_ID, CRT_PROV_ID, MNEMONIC, CLS_ID) VALUES (gen_uuid(), char_to_uuid('8fce259a-b859-4ae3-8160-0221f6ab1650'), char_to_uuid('c8064cbd-fa06-4530-b430-1a52f1530c27'), char_to_uuid('fadca076-3690-4a6e-af9e-f1cd68e8c7e8'), 'RefersTo', char_to_uuid('f51dfdcd-039b-4e1f-90be-3cf56aef8da4'));--#!
INSERT INTO CD_VRSN_TBL (CD_VRSN_ID, CD_ID, STS_CD_ID, CRT_PROV_ID, MNEMONIC, CLS_ID) VALUES (gen_uuid(), char_to_uuid('55da61a2-7b86-47f3-9b0b-ba47dc99c950'), char_to_uuid('c8064cbd-fa06-4530-b430-1a52f1530c27'), char_to_uuid('fadca076-3690-4a6e-af9e-f1cd68e8c7e8'), 'HasReason', char_to_uuid('f51dfdcd-039b-4e1f-90be-3cf56aef8da4'));--#!
INSERT INTO CD_VRSN_TBL (CD_VRSN_ID, CD_ID, STS_CD_ID, CRT_PROV_ID, MNEMONIC, CLS_ID) VALUES (gen_uuid(), char_to_uuid('c66d7ca9-c6c2-46b1-9276-ad76baf04b07'), char_to_uuid('c8064cbd-fa06-4530-b430-1a52f1530c27'), char_to_uuid('fadca076-3690-4a6e-af9e-f1cd68e8c7e8'), 'StartsAfterStartOf', char_to_uuid('f51dfdcd-039b-4e1f-90be-3cf56aef8da4'));--#!
INSERT INTO CD_VRSN_TBL (CD_VRSN_ID, CD_ID, STS_CD_ID, CRT_PROV_ID, MNEMONIC, CLS_ID) VALUES (gen_uuid(), char_to_uuid('3209e3f1-2258-4b63-8182-2c888da66cf0'), char_to_uuid('c8064cbd-fa06-4530-b430-1a52f1530c27'), char_to_uuid('fadca076-3690-4a6e-af9e-f1cd68e8c7e8'), 'SPRT', char_to_uuid('f51dfdcd-039b-4e1f-90be-3cf56aef8da4'));--#!
INSERT INTO CD_VRSN_TBL (CD_VRSN_ID, CD_ID, STS_CD_ID, CRT_PROV_ID, MNEMONIC, CLS_ID) VALUES (gen_uuid(), char_to_uuid('9871c3bc-b57a-479d-a031-7b56cb06fa84'), char_to_uuid('c8064cbd-fa06-4530-b430-1a52f1530c27'), char_to_uuid('fadca076-3690-4a6e-af9e-f1cd68e8c7e8'), 'HasSubject', char_to_uuid('f51dfdcd-039b-4e1f-90be-3cf56aef8da4'));--#!
INSERT INTO CD_VRSN_TBL (CD_VRSN_ID, CD_ID, STS_CD_ID, CRT_PROV_ID, MNEMONIC, CLS_ID) VALUES (gen_uuid(), char_to_uuid('ffc6e905-161d-4c0b-8cde-a04e9e9d0cd5'), char_to_uuid('c8064cbd-fa06-4530-b430-1a52f1530c27'), char_to_uuid('fadca076-3690-4a6e-af9e-f1cd68e8c7e8'), 'IsExcertpOf', char_to_uuid('f51dfdcd-039b-4e1f-90be-3cf56aef8da4'));--#!
INSERT INTO CD_VRSN_TBL (CD_VRSN_ID, CD_ID, STS_CD_ID, CRT_PROV_ID, MNEMONIC, CLS_ID) VALUES (gen_uuid(), char_to_uuid('ebf9ac10-b5c9-407a-91a4-360bfb7e0fb9'), char_to_uuid('c8064cbd-fa06-4530-b430-1a52f1530c27'), char_to_uuid('fadca076-3690-4a6e-af9e-f1cd68e8c7e8'), 'EpisodeLink', char_to_uuid('f51dfdcd-039b-4e1f-90be-3cf56aef8da4'));--#!
INSERT INTO CD_VRSN_TBL (CD_VRSN_ID, CD_ID, STS_CD_ID, CRT_PROV_ID, MNEMONIC, CLS_ID) VALUES (gen_uuid(), char_to_uuid('c46eee70-5612-473f-8d24-595ea15c9c39'), char_to_uuid('c8064cbd-fa06-4530-b430-1a52f1530c27'), char_to_uuid('fadca076-3690-4a6e-af9e-f1cd68e8c7e8'), 'APT', char_to_uuid('bba99722-23ce-469a-8fa5-10deba853d35'));--#!
INSERT INTO CD_VRSN_TBL (CD_VRSN_ID, CD_ID, STS_CD_ID, CRT_PROV_ID, MNEMONIC, CLS_ID) VALUES (gen_uuid(), char_to_uuid('0395f357-6821-4562-8192-49ac3c94f548'), char_to_uuid('c8064cbd-fa06-4530-b430-1a52f1530c27'), char_to_uuid('fadca076-3690-4a6e-af9e-f1cd68e8c7e8'), 'ARQ', char_to_uuid('bba99722-23ce-469a-8fa5-10deba853d35'));--#!
INSERT INTO CD_VRSN_TBL (CD_VRSN_ID, CD_ID, STS_CD_ID, CRT_PROV_ID, MNEMONIC, CLS_ID) VALUES (gen_uuid(), char_to_uuid('12ff7ad6-0acd-4bba-a624-c7a03d3f8a6b'), char_to_uuid('c8064cbd-fa06-4530-b430-1a52f1530c27'), char_to_uuid('fadca076-3690-4a6e-af9e-f1cd68e8c7e8'), 'PRCP', char_to_uuid('0d6b3439-c9be-4480-af39-eeb457c052d0'));--#!
INSERT INTO CD_VRSN_TBL (CD_VRSN_ID, CD_ID, STS_CD_ID, CRT_PROV_ID, MNEMONIC, CLS_ID) VALUES (gen_uuid(), char_to_uuid('e5136fdf-ce72-4757-a1cc-24e1cc98f034'), char_to_uuid('c8064cbd-fa06-4530-b430-1a52f1530c27'), char_to_uuid('fadca076-3690-4a6e-af9e-f1cd68e8c7e8'), 'TRC', char_to_uuid('0d6b3439-c9be-4480-af39-eeb457c052d0'));--#!
INSERT INTO CD_VRSN_TBL (CD_VRSN_ID, CD_ID, STS_CD_ID, CRT_PROV_ID, MNEMONIC, CLS_ID) VALUES (gen_uuid(), char_to_uuid('baa88534-dc79-4942-90cd-e047ba24f34f'), char_to_uuid('c8064cbd-fa06-4530-b430-1a52f1530c27'), char_to_uuid('fadca076-3690-4a6e-af9e-f1cd68e8c7e8'), 'SPRF', char_to_uuid('0d6b3439-c9be-4480-af39-eeb457c052d0'));--#!
INSERT INTO CD_VRSN_TBL (CD_VRSN_ID, CD_ID, STS_CD_ID, CRT_PROV_ID, MNEMONIC, CLS_ID) VALUES (gen_uuid(), char_to_uuid('4a287bfc-72ca-46b6-9d34-380eeae9369a'), char_to_uuid('c8064cbd-fa06-4530-b430-1a52f1530c27'), char_to_uuid('fadca076-3690-4a6e-af9e-f1cd68e8c7e8'), 'AdjudicatedWithAdjustments', char_to_uuid('0d6b3439-c9be-4480-af39-eeb457c052d0'));--#!
INSERT INTO CD_VRSN_TBL (CD_VRSN_ID, CD_ID, STS_CD_ID, CRT_PROV_ID, MNEMONIC, CLS_ID) VALUES (gen_uuid(), char_to_uuid('71751e65-cc30-4080-85de-5c19d5201772'), char_to_uuid('c8064cbd-fa06-4530-b430-1a52f1530c27'), char_to_uuid('fadca076-3690-4a6e-af9e-f1cd68e8c7e8'), 'AdjudicatedWithAdjustmentsAndNoFinancialImpact', char_to_uuid('0d6b3439-c9be-4480-af39-eeb457c052d0'));--#!
INSERT INTO CD_VRSN_TBL (CD_VRSN_ID, CD_ID, STS_CD_ID, CRT_PROV_ID, MNEMONIC, CLS_ID) VALUES (gen_uuid(), char_to_uuid('7fd001e8-5451-4a48-b5b6-da5928dce03f'), char_to_uuid('c8064cbd-fa06-4530-b430-1a52f1530c27'), char_to_uuid('fadca076-3690-4a6e-af9e-f1cd68e8c7e8'), 'AdjudicatedAsRefused', char_to_uuid('0d6b3439-c9be-4480-af39-eeb457c052d0'));--#!
INSERT INTO CD_VRSN_TBL (CD_VRSN_ID, CD_ID, STS_CD_ID, CRT_PROV_ID, MNEMONIC, CLS_ID) VALUES (gen_uuid(), char_to_uuid('8be192e3-971a-4c3c-b795-554b0b5ad672'), char_to_uuid('c8064cbd-fa06-4530-b430-1a52f1530c27'), char_to_uuid('fadca076-3690-4a6e-af9e-f1cd68e8c7e8'), 'AdjudicatedAsSubmitted', char_to_uuid('0d6b3439-c9be-4480-af39-eeb457c052d0'));--#!
INSERT INTO CD_VRSN_TBL (CD_VRSN_ID, CD_ID, STS_CD_ID, CRT_PROV_ID, MNEMONIC, CLS_ID) VALUES (gen_uuid(), char_to_uuid('59e13f51-0cca-433e-8a45-8ec24b332ece'), char_to_uuid('c8064cbd-fa06-4530-b430-1a52f1530c27'), char_to_uuid('fadca076-3690-4a6e-af9e-f1cd68e8c7e8'), 'Display', char_to_uuid('0d6b3439-c9be-4480-af39-eeb457c052d0'));--#!
INSERT INTO CD_VRSN_TBL (CD_VRSN_ID, CD_ID, STS_CD_ID, CRT_PROV_ID, MNEMONIC, CLS_ID) VALUES (gen_uuid(), char_to_uuid('2be66881-87e1-4173-b950-5534334ee08b'), char_to_uuid('c8064cbd-fa06-4530-b430-1a52f1530c27'), char_to_uuid('fadca076-3690-4a6e-af9e-f1cd68e8c7e8'), 'PrintOnForm', char_to_uuid('0d6b3439-c9be-4480-af39-eeb457c052d0'));--#!
INSERT INTO CD_VRSN_TBL (CD_VRSN_ID, CD_ID, STS_CD_ID, CRT_PROV_ID, MNEMONIC, CLS_ID) VALUES (gen_uuid(), char_to_uuid('04c76563-0e0b-49c4-9664-6eb3cbd771d1'), char_to_uuid('c8064cbd-fa06-4530-b430-1a52f1530c27'), char_to_uuid('fadca076-3690-4a6e-af9e-f1cd68e8c7e8'), 'Automobile', char_to_uuid('0d6b3439-c9be-4480-af39-eeb457c052d0'));--#!
INSERT INTO CD_VRSN_TBL (CD_VRSN_ID, CD_ID, STS_CD_ID, CRT_PROV_ID, MNEMONIC, CLS_ID) VALUES (gen_uuid(), char_to_uuid('bd98bfb8-c621-48ec-919e-65a65e334d37'), char_to_uuid('c8064cbd-fa06-4530-b430-1a52f1530c27'), char_to_uuid('fadca076-3690-4a6e-af9e-f1cd68e8c7e8'), 'DiseaseProgram', char_to_uuid('0d6b3439-c9be-4480-af39-eeb457c052d0'));--#!
INSERT INTO CD_VRSN_TBL (CD_VRSN_ID, CD_ID, STS_CD_ID, CRT_PROV_ID, MNEMONIC, CLS_ID) VALUES (gen_uuid(), char_to_uuid('2d0d7c33-c3a0-497a-92d8-d27095f1e2e7'), char_to_uuid('c8064cbd-fa06-4530-b430-1a52f1530c27'), char_to_uuid('fadca076-3690-4a6e-af9e-f1cd68e8c7e8'), 'CollisionCoveragePolicy', char_to_uuid('0d6b3439-c9be-4480-af39-eeb457c052d0'));--#!
INSERT INTO CD_VRSN_TBL (CD_VRSN_ID, CD_ID, STS_CD_ID, CRT_PROV_ID, MNEMONIC, CLS_ID) VALUES (gen_uuid(), char_to_uuid('3fe3c67e-eb5a-4540-bdcd-5ae2a5ffbbef'), char_to_uuid('c8064cbd-fa06-4530-b430-1a52f1530c27'), char_to_uuid('fadca076-3690-4a6e-af9e-f1cd68e8c7e8'), 'DentalProgram', char_to_uuid('0d6b3439-c9be-4480-af39-eeb457c052d0'));--#!
INSERT INTO CD_VRSN_TBL (CD_VRSN_ID, CD_ID, STS_CD_ID, CRT_PROV_ID, MNEMONIC, CLS_ID) VALUES (gen_uuid(), char_to_uuid('a5e71f54-ce6c-48f4-8da5-f8c61b04b7cf'), char_to_uuid('c8064cbd-fa06-4530-b430-1a52f1530c27'), char_to_uuid('fadca076-3690-4a6e-af9e-f1cd68e8c7e8'), 'ExtendedHealthcare', char_to_uuid('0d6b3439-c9be-4480-af39-eeb457c052d0'));--#!
INSERT INTO CD_VRSN_TBL (CD_VRSN_ID, CD_ID, STS_CD_ID, CRT_PROV_ID, MNEMONIC, CLS_ID) VALUES (gen_uuid(), char_to_uuid('0413798d-4017-487a-9a8f-ddf40a21f48c'), char_to_uuid('c8064cbd-fa06-4530-b430-1a52f1530c27'), char_to_uuid('fadca076-3690-4a6e-af9e-f1cd68e8c7e8'), 'EndRenalProgram', char_to_uuid('0d6b3439-c9be-4480-af39-eeb457c052d0'));--#!
INSERT INTO CD_VRSN_TBL (CD_VRSN_ID, CD_ID, STS_CD_ID, CRT_PROV_ID, MNEMONIC, CLS_ID) VALUES (gen_uuid(), char_to_uuid('231c88d8-2989-48f9-8ad7-df27adce9948'), char_to_uuid('c8064cbd-fa06-4530-b430-1a52f1530c27'), char_to_uuid('fadca076-3690-4a6e-af9e-f1cd68e8c7e8'), 'HIVAIDSProgram', char_to_uuid('0d6b3439-c9be-4480-af39-eeb457c052d0'));--#!
INSERT INTO CD_VRSN_TBL (CD_VRSN_ID, CD_ID, STS_CD_ID, CRT_PROV_ID, MNEMONIC, CLS_ID) VALUES (gen_uuid(), char_to_uuid('c8581ff7-7699-4788-84dd-d6b28edfa919'), char_to_uuid('c8064cbd-fa06-4530-b430-1a52f1530c27'), char_to_uuid('fadca076-3690-4a6e-af9e-f1cd68e8c7e8'), 'HealthSpendingAccount', char_to_uuid('0d6b3439-c9be-4480-af39-eeb457c052d0'));--#!
INSERT INTO CD_VRSN_TBL (CD_VRSN_ID, CD_ID, STS_CD_ID, CRT_PROV_ID, MNEMONIC, CLS_ID) VALUES (gen_uuid(), char_to_uuid('0c1af2f0-6162-4758-b532-ecece14d5a24'), char_to_uuid('c8064cbd-fa06-4530-b430-1a52f1530c27'), char_to_uuid('fadca076-3690-4a6e-af9e-f1cd68e8c7e8'), 'MandatoryHealthProgram', char_to_uuid('0d6b3439-c9be-4480-af39-eeb457c052d0'));--#!
INSERT INTO CD_VRSN_TBL (CD_VRSN_ID, CD_ID, STS_CD_ID, CRT_PROV_ID, MNEMONIC, CLS_ID) VALUES (gen_uuid(), char_to_uuid('b83c798b-1b67-47d8-9353-7a8687967a63'), char_to_uuid('c8064cbd-fa06-4530-b430-1a52f1530c27'), char_to_uuid('fadca076-3690-4a6e-af9e-f1cd68e8c7e8'), 'MentalHealthProgram', char_to_uuid('0d6b3439-c9be-4480-af39-eeb457c052d0'));--#!
INSERT INTO CD_VRSN_TBL (CD_VRSN_ID, CD_ID, STS_CD_ID, CRT_PROV_ID, MNEMONIC, CLS_ID) VALUES (gen_uuid(), char_to_uuid('a8d497c5-c68c-4bdd-b833-1202735ba0ac'), char_to_uuid('c8064cbd-fa06-4530-b430-1a52f1530c27'), char_to_uuid('fadca076-3690-4a6e-af9e-f1cd68e8c7e8'), 'PublicHealthcare', char_to_uuid('0d6b3439-c9be-4480-af39-eeb457c052d0'));--#!
INSERT INTO CD_VRSN_TBL (CD_VRSN_ID, CD_ID, STS_CD_ID, CRT_PROV_ID, MNEMONIC, CLS_ID) VALUES (gen_uuid(), char_to_uuid('52aa67c9-4589-4d43-99fc-0e3da3b116e9'), char_to_uuid('c8064cbd-fa06-4530-b430-1a52f1530c27'), char_to_uuid('fadca076-3690-4a6e-af9e-f1cd68e8c7e8'), 'SafetyNetClinicProgram', char_to_uuid('0d6b3439-c9be-4480-af39-eeb457c052d0'));--#!
INSERT INTO CD_VRSN_TBL (CD_VRSN_ID, CD_ID, STS_CD_ID, CRT_PROV_ID, MNEMONIC, CLS_ID) VALUES (gen_uuid(), char_to_uuid('b2f4bc37-b7f5-4836-86f5-500d72a552d0'), char_to_uuid('c8064cbd-fa06-4530-b430-1a52f1530c27'), char_to_uuid('fadca076-3690-4a6e-af9e-f1cd68e8c7e8'), 'SubstanceUseProgram', char_to_uuid('0d6b3439-c9be-4480-af39-eeb457c052d0'));--#!
INSERT INTO CD_VRSN_TBL (CD_VRSN_ID, CD_ID, STS_CD_ID, CRT_PROV_ID, MNEMONIC, CLS_ID) VALUES (gen_uuid(), char_to_uuid('8f46d9b3-1a30-4092-b3ed-c1bc0c4189b7'), char_to_uuid('c8064cbd-fa06-4530-b430-1a52f1530c27'), char_to_uuid('fadca076-3690-4a6e-af9e-f1cd68e8c7e8'), 'SubsidizedHealthProgram', char_to_uuid('0d6b3439-c9be-4480-af39-eeb457c052d0'));--#!
INSERT INTO CD_VRSN_TBL (CD_VRSN_ID, CD_ID, STS_CD_ID, CRT_PROV_ID, MNEMONIC, CLS_ID) VALUES (gen_uuid(), char_to_uuid('50a89363-3f59-4271-85fd-f79e8ac11f41'), char_to_uuid('c8064cbd-fa06-4530-b430-1a52f1530c27'), char_to_uuid('fadca076-3690-4a6e-af9e-f1cd68e8c7e8'), 'SubsidizedManagedCareProgram', char_to_uuid('0d6b3439-c9be-4480-af39-eeb457c052d0'));--#!
INSERT INTO CD_VRSN_TBL (CD_VRSN_ID, CD_ID, STS_CD_ID, CRT_PROV_ID, MNEMONIC, CLS_ID) VALUES (gen_uuid(), char_to_uuid('dd5a11f6-91f8-44d2-aef1-7ad8f5b690a2'), char_to_uuid('c8064cbd-fa06-4530-b430-1a52f1530c27'), char_to_uuid('fadca076-3690-4a6e-af9e-f1cd68e8c7e8'), 'SubsidizedSupplementalHealthProgram', char_to_uuid('0d6b3439-c9be-4480-af39-eeb457c052d0'));--#!
INSERT INTO CD_VRSN_TBL (CD_VRSN_ID, CD_ID, STS_CD_ID, CRT_PROV_ID, MNEMONIC, CLS_ID) VALUES (gen_uuid(), char_to_uuid('5dc02c7b-88d9-4167-a0c7-3ebbe67ec625'), char_to_uuid('c8064cbd-fa06-4530-b430-1a52f1530c27'), char_to_uuid('fadca076-3690-4a6e-af9e-f1cd68e8c7e8'), 'UninsuredMotoristPolicy', char_to_uuid('0d6b3439-c9be-4480-af39-eeb457c052d0'));--#!
INSERT INTO CD_VRSN_TBL (CD_VRSN_ID, CD_ID, STS_CD_ID, CRT_PROV_ID, MNEMONIC, CLS_ID) VALUES (gen_uuid(), char_to_uuid('01afa2d5-ef17-4f41-83d4-b166308e998f'), char_to_uuid('c8064cbd-fa06-4530-b430-1a52f1530c27'), char_to_uuid('fadca076-3690-4a6e-af9e-f1cd68e8c7e8'), 'WorkersCompensation', char_to_uuid('0d6b3439-c9be-4480-af39-eeb457c052d0'));--#!
INSERT INTO CD_VRSN_TBL (CD_VRSN_ID, CD_ID, STS_CD_ID, CRT_PROV_ID, MNEMONIC, CLS_ID) VALUES (gen_uuid(), char_to_uuid('401b25e9-6096-4fe0-8fea-d7eb40e37592'), char_to_uuid('c8064cbd-fa06-4530-b430-1a52f1530c27'), char_to_uuid('fadca076-3690-4a6e-af9e-f1cd68e8c7e8'), 'FederalSalesTax', char_to_uuid('0d6b3439-c9be-4480-af39-eeb457c052d0'));--#!
INSERT INTO CD_VRSN_TBL (CD_VRSN_ID, CD_ID, STS_CD_ID, CRT_PROV_ID, MNEMONIC, CLS_ID) VALUES (gen_uuid(), char_to_uuid('ea397b83-59af-4d7a-93f8-71e615072aae'), char_to_uuid('c8064cbd-fa06-4530-b430-1a52f1530c27'), char_to_uuid('fadca076-3690-4a6e-af9e-f1cd68e8c7e8'), 'HarmonizedSalesTax', char_to_uuid('0d6b3439-c9be-4480-af39-eeb457c052d0'));--#!
INSERT INTO CD_VRSN_TBL (CD_VRSN_ID, CD_ID, STS_CD_ID, CRT_PROV_ID, MNEMONIC, CLS_ID) VALUES (gen_uuid(), char_to_uuid('be912792-f637-4373-a48d-6c9f838191e2'), char_to_uuid('c8064cbd-fa06-4530-b430-1a52f1530c27'), char_to_uuid('fadca076-3690-4a6e-af9e-f1cd68e8c7e8'), 'ProvincialStateSalesTax', char_to_uuid('0d6b3439-c9be-4480-af39-eeb457c052d0'));--#!
INSERT INTO CD_VRSN_TBL (CD_VRSN_ID, CD_ID, STS_CD_ID, CRT_PROV_ID, MNEMONIC, CLS_ID) VALUES (gen_uuid(), char_to_uuid('ec8a162b-81f7-4388-b695-e998369c2425'), char_to_uuid('c8064cbd-fa06-4530-b430-1a52f1530c27'), char_to_uuid('fadca076-3690-4a6e-af9e-f1cd68e8c7e8'), 'AdjudNullifiedPriorperiodElectronicAmount', char_to_uuid('0d6b3439-c9be-4480-af39-eeb457c052d0'));--#!
INSERT INTO CD_VRSN_TBL (CD_VRSN_ID, CD_ID, STS_CD_ID, CRT_PROV_ID, MNEMONIC, CLS_ID) VALUES (gen_uuid(), char_to_uuid('69c13f8a-29e2-410b-b5ad-f616f7191b14'), char_to_uuid('c8064cbd-fa06-4530-b430-1a52f1530c27'), char_to_uuid('fadca076-3690-4a6e-af9e-f1cd68e8c7e8'), 'AdjudNullifiedPriorperiodElectronicCount', char_to_uuid('0d6b3439-c9be-4480-af39-eeb457c052d0'));--#!
INSERT INTO CD_VRSN_TBL (CD_VRSN_ID, CD_ID, STS_CD_ID, CRT_PROV_ID, MNEMONIC, CLS_ID) VALUES (gen_uuid(), char_to_uuid('41ae57b4-5f5f-49e5-8c77-4ba7969ff469'), char_to_uuid('c8064cbd-fa06-4530-b430-1a52f1530c27'), char_to_uuid('fadca076-3690-4a6e-af9e-f1cd68e8c7e8'), 'AdjudNullifiedPriorperiodManualAmount', char_to_uuid('0d6b3439-c9be-4480-af39-eeb457c052d0'));--#!
INSERT INTO CD_VRSN_TBL (CD_VRSN_ID, CD_ID, STS_CD_ID, CRT_PROV_ID, MNEMONIC, CLS_ID) VALUES (gen_uuid(), char_to_uuid('70797990-396d-4542-90a2-7f5f1abf0ad1'), char_to_uuid('c8064cbd-fa06-4530-b430-1a52f1530c27'), char_to_uuid('fadca076-3690-4a6e-af9e-f1cd68e8c7e8'), 'AdjudNullifiedPriorperiodManualCount', char_to_uuid('0d6b3439-c9be-4480-af39-eeb457c052d0'));--#!
INSERT INTO CD_VRSN_TBL (CD_VRSN_ID, CD_ID, STS_CD_ID, CRT_PROV_ID, MNEMONIC, CLS_ID) VALUES (gen_uuid(), char_to_uuid('3e0ea001-123e-49a4-b28c-939e5d5ea488'), char_to_uuid('c8064cbd-fa06-4530-b430-1a52f1530c27'), char_to_uuid('fadca076-3690-4a6e-af9e-f1cd68e8c7e8'), 'AdjudNullifiedSameperiodElectronicAmount', char_to_uuid('0d6b3439-c9be-4480-af39-eeb457c052d0'));--#!
INSERT INTO CD_VRSN_TBL (CD_VRSN_ID, CD_ID, STS_CD_ID, CRT_PROV_ID, MNEMONIC, CLS_ID) VALUES (gen_uuid(), char_to_uuid('84223e9b-3217-404d-ad47-3ef9bde43dcb'), char_to_uuid('c8064cbd-fa06-4530-b430-1a52f1530c27'), char_to_uuid('fadca076-3690-4a6e-af9e-f1cd68e8c7e8'), 'AdjudNullifiedSameperiodElectronicCount', char_to_uuid('0d6b3439-c9be-4480-af39-eeb457c052d0'));--#!
INSERT INTO CD_VRSN_TBL (CD_VRSN_ID, CD_ID, STS_CD_ID, CRT_PROV_ID, MNEMONIC, CLS_ID) VALUES (gen_uuid(), char_to_uuid('efc391b0-4d74-46e4-91e6-c03f315555e2'), char_to_uuid('c8064cbd-fa06-4530-b430-1a52f1530c27'), char_to_uuid('fadca076-3690-4a6e-af9e-f1cd68e8c7e8'), 'AdjudNullifiedSameperiodManualAmount', char_to_uuid('0d6b3439-c9be-4480-af39-eeb457c052d0'));--#!
INSERT INTO CD_VRSN_TBL (CD_VRSN_ID, CD_ID, STS_CD_ID, CRT_PROV_ID, MNEMONIC, CLS_ID) VALUES (gen_uuid(), char_to_uuid('2feab4d2-6bd5-4da8-9057-82ff9bf6a1bc'), char_to_uuid('c8064cbd-fa06-4530-b430-1a52f1530c27'), char_to_uuid('fadca076-3690-4a6e-af9e-f1cd68e8c7e8'), 'AdjudNullifiedSameperiodManualCount', char_to_uuid('0d6b3439-c9be-4480-af39-eeb457c052d0'));--#!
INSERT INTO CD_VRSN_TBL (CD_VRSN_ID, CD_ID, STS_CD_ID, CRT_PROV_ID, MNEMONIC, CLS_ID) VALUES (gen_uuid(), char_to_uuid('2fb4dfbc-64dd-4668-b2e5-0d5c743c9a9f'), char_to_uuid('c8064cbd-fa06-4530-b430-1a52f1530c27'), char_to_uuid('fadca076-3690-4a6e-af9e-f1cd68e8c7e8'), 'AdjudNonpayeePayablePriorperiodElectronicAmount', char_to_uuid('0d6b3439-c9be-4480-af39-eeb457c052d0'));--#!
INSERT INTO CD_VRSN_TBL (CD_VRSN_ID, CD_ID, STS_CD_ID, CRT_PROV_ID, MNEMONIC, CLS_ID) VALUES (gen_uuid(), char_to_uuid('4e9dbe60-3e4e-4074-a432-0bb4e47eb62d'), char_to_uuid('c8064cbd-fa06-4530-b430-1a52f1530c27'), char_to_uuid('fadca076-3690-4a6e-af9e-f1cd68e8c7e8'), 'AdjudNonpayeePayablePriorperiodElectronicCount', char_to_uuid('0d6b3439-c9be-4480-af39-eeb457c052d0'));--#!
INSERT INTO CD_VRSN_TBL (CD_VRSN_ID, CD_ID, STS_CD_ID, CRT_PROV_ID, MNEMONIC, CLS_ID) VALUES (gen_uuid(), char_to_uuid('958a0b33-c3d7-47ef-9596-59eee434eb2d'), char_to_uuid('c8064cbd-fa06-4530-b430-1a52f1530c27'), char_to_uuid('fadca076-3690-4a6e-af9e-f1cd68e8c7e8'), 'AdjudNonpayeePayablePriorperiodManualAmount', char_to_uuid('0d6b3439-c9be-4480-af39-eeb457c052d0'));--#!
INSERT INTO CD_VRSN_TBL (CD_VRSN_ID, CD_ID, STS_CD_ID, CRT_PROV_ID, MNEMONIC, CLS_ID) VALUES (gen_uuid(), char_to_uuid('17cd1669-5aaf-4960-bd23-988209eba352'), char_to_uuid('c8064cbd-fa06-4530-b430-1a52f1530c27'), char_to_uuid('fadca076-3690-4a6e-af9e-f1cd68e8c7e8'), 'AdjudNonpayeePayablePriorperiodManualCount', char_to_uuid('0d6b3439-c9be-4480-af39-eeb457c052d0'));--#!
INSERT INTO CD_VRSN_TBL (CD_VRSN_ID, CD_ID, STS_CD_ID, CRT_PROV_ID, MNEMONIC, CLS_ID) VALUES (gen_uuid(), char_to_uuid('e7bde797-deac-4c63-9f61-1ddbd38b98f3'), char_to_uuid('c8064cbd-fa06-4530-b430-1a52f1530c27'), char_to_uuid('fadca076-3690-4a6e-af9e-f1cd68e8c7e8'), 'AdjudNonpayeePayableSameperiodElectronicAmount', char_to_uuid('0d6b3439-c9be-4480-af39-eeb457c052d0'));--#!
INSERT INTO CD_VRSN_TBL (CD_VRSN_ID, CD_ID, STS_CD_ID, CRT_PROV_ID, MNEMONIC, CLS_ID) VALUES (gen_uuid(), char_to_uuid('1d570bba-8242-4fdb-bd63-c2e7601a64c6'), char_to_uuid('c8064cbd-fa06-4530-b430-1a52f1530c27'), char_to_uuid('fadca076-3690-4a6e-af9e-f1cd68e8c7e8'), 'AdjudNonpayeePayableSameperiodElectronicCount', char_to_uuid('0d6b3439-c9be-4480-af39-eeb457c052d0'));--#!
INSERT INTO CD_VRSN_TBL (CD_VRSN_ID, CD_ID, STS_CD_ID, CRT_PROV_ID, MNEMONIC, CLS_ID) VALUES (gen_uuid(), char_to_uuid('091780d7-cd81-4c15-a082-fd969b5baf85'), char_to_uuid('c8064cbd-fa06-4530-b430-1a52f1530c27'), char_to_uuid('fadca076-3690-4a6e-af9e-f1cd68e8c7e8'), 'AdjudNonpayeePayableSameperiodManualAmount', char_to_uuid('0d6b3439-c9be-4480-af39-eeb457c052d0'));--#!
INSERT INTO CD_VRSN_TBL (CD_VRSN_ID, CD_ID, STS_CD_ID, CRT_PROV_ID, MNEMONIC, CLS_ID) VALUES (gen_uuid(), char_to_uuid('ff15da84-64e6-47be-95c2-3c5f4629913a'), char_to_uuid('c8064cbd-fa06-4530-b430-1a52f1530c27'), char_to_uuid('fadca076-3690-4a6e-af9e-f1cd68e8c7e8'), 'AdjudNonpayeePayableSameperiodManualCount', char_to_uuid('0d6b3439-c9be-4480-af39-eeb457c052d0'));--#!
INSERT INTO CD_VRSN_TBL (CD_VRSN_ID, CD_ID, STS_CD_ID, CRT_PROV_ID, MNEMONIC, CLS_ID) VALUES (gen_uuid(), char_to_uuid('2beefd30-62af-40e4-83ec-127f3fb6834a'), char_to_uuid('c8064cbd-fa06-4530-b430-1a52f1530c27'), char_to_uuid('fadca076-3690-4a6e-af9e-f1cd68e8c7e8'), 'AdjudPayeePayablePriorperiodElectronicAmount', char_to_uuid('0d6b3439-c9be-4480-af39-eeb457c052d0'));--#!
INSERT INTO CD_VRSN_TBL (CD_VRSN_ID, CD_ID, STS_CD_ID, CRT_PROV_ID, MNEMONIC, CLS_ID) VALUES (gen_uuid(), char_to_uuid('f292cfc1-e4d1-483f-b67b-b2367bb53451'), char_to_uuid('c8064cbd-fa06-4530-b430-1a52f1530c27'), char_to_uuid('fadca076-3690-4a6e-af9e-f1cd68e8c7e8'), 'AdjudPayeePayablePriorperiodElectronicCount', char_to_uuid('0d6b3439-c9be-4480-af39-eeb457c052d0'));--#!
INSERT INTO CD_VRSN_TBL (CD_VRSN_ID, CD_ID, STS_CD_ID, CRT_PROV_ID, MNEMONIC, CLS_ID) VALUES (gen_uuid(), char_to_uuid('0aac5109-30ae-4b49-a780-735cc77218ee'), char_to_uuid('c8064cbd-fa06-4530-b430-1a52f1530c27'), char_to_uuid('fadca076-3690-4a6e-af9e-f1cd68e8c7e8'), 'AdjudPayeePayablePriorperiodManualAmout', char_to_uuid('0d6b3439-c9be-4480-af39-eeb457c052d0'));--#!
INSERT INTO CD_VRSN_TBL (CD_VRSN_ID, CD_ID, STS_CD_ID, CRT_PROV_ID, MNEMONIC, CLS_ID) VALUES (gen_uuid(), char_to_uuid('1969675c-017e-480f-b0a8-33a03d4b4068'), char_to_uuid('c8064cbd-fa06-4530-b430-1a52f1530c27'), char_to_uuid('fadca076-3690-4a6e-af9e-f1cd68e8c7e8'), 'AdjudPayeePayablePriorperiodManualCount', char_to_uuid('0d6b3439-c9be-4480-af39-eeb457c052d0'));--#!
INSERT INTO CD_VRSN_TBL (CD_VRSN_ID, CD_ID, STS_CD_ID, CRT_PROV_ID, MNEMONIC, CLS_ID) VALUES (gen_uuid(), char_to_uuid('2959b0d3-15a1-4672-9d07-4ece0497bdc5'), char_to_uuid('c8064cbd-fa06-4530-b430-1a52f1530c27'), char_to_uuid('fadca076-3690-4a6e-af9e-f1cd68e8c7e8'), 'AdjudPayeePayableSameperiodElectronicAmount', char_to_uuid('0d6b3439-c9be-4480-af39-eeb457c052d0'));--#!
INSERT INTO CD_VRSN_TBL (CD_VRSN_ID, CD_ID, STS_CD_ID, CRT_PROV_ID, MNEMONIC, CLS_ID) VALUES (gen_uuid(), char_to_uuid('5c04ef87-0ca3-4bd9-9b7f-4c2d41101535'), char_to_uuid('c8064cbd-fa06-4530-b430-1a52f1530c27'), char_to_uuid('fadca076-3690-4a6e-af9e-f1cd68e8c7e8'), 'AdjudPayeePayableSameperiodElectronicCount', char_to_uuid('0d6b3439-c9be-4480-af39-eeb457c052d0'));--#!
INSERT INTO CD_VRSN_TBL (CD_VRSN_ID, CD_ID, STS_CD_ID, CRT_PROV_ID, MNEMONIC, CLS_ID) VALUES (gen_uuid(), char_to_uuid('c8d5ab21-0a0a-4e19-9209-d0b23e06c1b1'), char_to_uuid('c8064cbd-fa06-4530-b430-1a52f1530c27'), char_to_uuid('fadca076-3690-4a6e-af9e-f1cd68e8c7e8'), 'AdjudPayeePayableSameperiodManualAmount', char_to_uuid('0d6b3439-c9be-4480-af39-eeb457c052d0'));--#!
INSERT INTO CD_VRSN_TBL (CD_VRSN_ID, CD_ID, STS_CD_ID, CRT_PROV_ID, MNEMONIC, CLS_ID) VALUES (gen_uuid(), char_to_uuid('4d1f6130-c060-4f8c-8eb3-c1dba2b0db81'), char_to_uuid('c8064cbd-fa06-4530-b430-1a52f1530c27'), char_to_uuid('fadca076-3690-4a6e-af9e-f1cd68e8c7e8'), 'AdjudPayeePayableSameperiodManualCount', char_to_uuid('0d6b3439-c9be-4480-af39-eeb457c052d0'));--#!
INSERT INTO CD_VRSN_TBL (CD_VRSN_ID, CD_ID, STS_CD_ID, CRT_PROV_ID, MNEMONIC, CLS_ID) VALUES (gen_uuid(), char_to_uuid('c3000962-275e-4ccc-9bc9-4dd9525bb9c7'), char_to_uuid('c8064cbd-fa06-4530-b430-1a52f1530c27'), char_to_uuid('fadca076-3690-4a6e-af9e-f1cd68e8c7e8'), 'AdjudRefusedPriorperiodElectronicAmount', char_to_uuid('0d6b3439-c9be-4480-af39-eeb457c052d0'));--#!
INSERT INTO CD_VRSN_TBL (CD_VRSN_ID, CD_ID, STS_CD_ID, CRT_PROV_ID, MNEMONIC, CLS_ID) VALUES (gen_uuid(), char_to_uuid('fedc3216-fd31-498f-ae54-d95296a73636'), char_to_uuid('c8064cbd-fa06-4530-b430-1a52f1530c27'), char_to_uuid('fadca076-3690-4a6e-af9e-f1cd68e8c7e8'), 'AdjudRefusedPriorperiodElectronicCount', char_to_uuid('0d6b3439-c9be-4480-af39-eeb457c052d0'));--#!
INSERT INTO CD_VRSN_TBL (CD_VRSN_ID, CD_ID, STS_CD_ID, CRT_PROV_ID, MNEMONIC, CLS_ID) VALUES (gen_uuid(), char_to_uuid('2e34005b-7176-42be-81e1-67b63f68b4cd'), char_to_uuid('c8064cbd-fa06-4530-b430-1a52f1530c27'), char_to_uuid('fadca076-3690-4a6e-af9e-f1cd68e8c7e8'), 'AdjudRefusedPriorperiodManualAmount', char_to_uuid('0d6b3439-c9be-4480-af39-eeb457c052d0'));--#!
INSERT INTO CD_VRSN_TBL (CD_VRSN_ID, CD_ID, STS_CD_ID, CRT_PROV_ID, MNEMONIC, CLS_ID) VALUES (gen_uuid(), char_to_uuid('0ef206eb-189a-4fd8-965c-6044ac8854b8'), char_to_uuid('c8064cbd-fa06-4530-b430-1a52f1530c27'), char_to_uuid('fadca076-3690-4a6e-af9e-f1cd68e8c7e8'), 'AdjudRefusedPriorperiodManualCount', char_to_uuid('0d6b3439-c9be-4480-af39-eeb457c052d0'));--#!
INSERT INTO CD_VRSN_TBL (CD_VRSN_ID, CD_ID, STS_CD_ID, CRT_PROV_ID, MNEMONIC, CLS_ID) VALUES (gen_uuid(), char_to_uuid('ebd2fa4c-a441-4429-aac6-68d46d8c96bf'), char_to_uuid('c8064cbd-fa06-4530-b430-1a52f1530c27'), char_to_uuid('fadca076-3690-4a6e-af9e-f1cd68e8c7e8'), 'AdjudRefusedSameperiodElectronicAmount', char_to_uuid('0d6b3439-c9be-4480-af39-eeb457c052d0'));--#!
INSERT INTO CD_VRSN_TBL (CD_VRSN_ID, CD_ID, STS_CD_ID, CRT_PROV_ID, MNEMONIC, CLS_ID) VALUES (gen_uuid(), char_to_uuid('612d1915-8faf-475d-a190-6902591eb6dc'), char_to_uuid('c8064cbd-fa06-4530-b430-1a52f1530c27'), char_to_uuid('fadca076-3690-4a6e-af9e-f1cd68e8c7e8'), 'AdjudRefusedSameperiodElectronicCount', char_to_uuid('0d6b3439-c9be-4480-af39-eeb457c052d0'));--#!
INSERT INTO CD_VRSN_TBL (CD_VRSN_ID, CD_ID, STS_CD_ID, CRT_PROV_ID, MNEMONIC, CLS_ID) VALUES (gen_uuid(), char_to_uuid('f8e9f0f1-d321-4638-a3a8-043511eaecfc'), char_to_uuid('c8064cbd-fa06-4530-b430-1a52f1530c27'), char_to_uuid('fadca076-3690-4a6e-af9e-f1cd68e8c7e8'), 'AdjudRefusedSameperiodManualAmount', char_to_uuid('0d6b3439-c9be-4480-af39-eeb457c052d0'));--#!
INSERT INTO CD_VRSN_TBL (CD_VRSN_ID, CD_ID, STS_CD_ID, CRT_PROV_ID, MNEMONIC, CLS_ID) VALUES (gen_uuid(), char_to_uuid('cebefd83-e366-4264-ba13-70cfb2b4cdb2'), char_to_uuid('c8064cbd-fa06-4530-b430-1a52f1530c27'), char_to_uuid('fadca076-3690-4a6e-af9e-f1cd68e8c7e8'), 'AdjudRefusedSameperiodManualCount', char_to_uuid('0d6b3439-c9be-4480-af39-eeb457c052d0'));--#!
INSERT INTO CD_VRSN_TBL (CD_VRSN_ID, CD_ID, STS_CD_ID, CRT_PROV_ID, MNEMONIC, CLS_ID) VALUES (gen_uuid(), char_to_uuid('95d190e8-2282-4ac8-a53a-02b49d9d3a8c'), char_to_uuid('c8064cbd-fa06-4530-b430-1a52f1530c27'), char_to_uuid('fadca076-3690-4a6e-af9e-f1cd68e8c7e8'), 'PaidNullifiedPriorperiodElectronicAmount', char_to_uuid('0d6b3439-c9be-4480-af39-eeb457c052d0'));--#!
INSERT INTO CD_VRSN_TBL (CD_VRSN_ID, CD_ID, STS_CD_ID, CRT_PROV_ID, MNEMONIC, CLS_ID) VALUES (gen_uuid(), char_to_uuid('4ea572f0-c86d-4839-bd45-344285157c92'), char_to_uuid('c8064cbd-fa06-4530-b430-1a52f1530c27'), char_to_uuid('fadca076-3690-4a6e-af9e-f1cd68e8c7e8'), 'PaidNullifiedPriorperiodElectronicCount', char_to_uuid('0d6b3439-c9be-4480-af39-eeb457c052d0'));--#!
INSERT INTO CD_VRSN_TBL (CD_VRSN_ID, CD_ID, STS_CD_ID, CRT_PROV_ID, MNEMONIC, CLS_ID) VALUES (gen_uuid(), char_to_uuid('86ec6fc5-b952-4e4e-8407-aa3369aa5d51'), char_to_uuid('c8064cbd-fa06-4530-b430-1a52f1530c27'), char_to_uuid('fadca076-3690-4a6e-af9e-f1cd68e8c7e8'), 'PaidNullifiedPriorperiodManualAmount', char_to_uuid('0d6b3439-c9be-4480-af39-eeb457c052d0'));--#!
INSERT INTO CD_VRSN_TBL (CD_VRSN_ID, CD_ID, STS_CD_ID, CRT_PROV_ID, MNEMONIC, CLS_ID) VALUES (gen_uuid(), char_to_uuid('415d4872-5cd5-4030-b4b8-677959a2dd1a'), char_to_uuid('c8064cbd-fa06-4530-b430-1a52f1530c27'), char_to_uuid('fadca076-3690-4a6e-af9e-f1cd68e8c7e8'), 'PaidNullifiedPriorperiodManualCount', char_to_uuid('0d6b3439-c9be-4480-af39-eeb457c052d0'));--#!
INSERT INTO CD_VRSN_TBL (CD_VRSN_ID, CD_ID, STS_CD_ID, CRT_PROV_ID, MNEMONIC, CLS_ID) VALUES (gen_uuid(), char_to_uuid('d4c77cd9-eed8-4462-9a44-2ab5af40b711'), char_to_uuid('c8064cbd-fa06-4530-b430-1a52f1530c27'), char_to_uuid('fadca076-3690-4a6e-af9e-f1cd68e8c7e8'), 'PaidNullifiedSameperiodElectronicAmount', char_to_uuid('0d6b3439-c9be-4480-af39-eeb457c052d0'));--#!
INSERT INTO CD_VRSN_TBL (CD_VRSN_ID, CD_ID, STS_CD_ID, CRT_PROV_ID, MNEMONIC, CLS_ID) VALUES (gen_uuid(), char_to_uuid('3c7d6dbe-3dd0-4dcc-917d-d932375c021e'), char_to_uuid('c8064cbd-fa06-4530-b430-1a52f1530c27'), char_to_uuid('fadca076-3690-4a6e-af9e-f1cd68e8c7e8'), 'PaidNullifiedSameperiodElectronicCount', char_to_uuid('0d6b3439-c9be-4480-af39-eeb457c052d0'));--#!
INSERT INTO CD_VRSN_TBL (CD_VRSN_ID, CD_ID, STS_CD_ID, CRT_PROV_ID, MNEMONIC, CLS_ID) VALUES (gen_uuid(), char_to_uuid('65d1d69d-892c-4961-8379-91c5aa70d16e'), char_to_uuid('c8064cbd-fa06-4530-b430-1a52f1530c27'), char_to_uuid('fadca076-3690-4a6e-af9e-f1cd68e8c7e8'), 'PaidNullifiedSameperiodManualAmount', char_to_uuid('0d6b3439-c9be-4480-af39-eeb457c052d0'));--#!
INSERT INTO CD_VRSN_TBL (CD_VRSN_ID, CD_ID, STS_CD_ID, CRT_PROV_ID, MNEMONIC, CLS_ID) VALUES (gen_uuid(), char_to_uuid('ed267443-26fc-4e5f-9647-0c0ab3ad5696'), char_to_uuid('c8064cbd-fa06-4530-b430-1a52f1530c27'), char_to_uuid('fadca076-3690-4a6e-af9e-f1cd68e8c7e8'), 'PaidNullifiedSameperiodManualCount', char_to_uuid('0d6b3439-c9be-4480-af39-eeb457c052d0'));--#!
INSERT INTO CD_VRSN_TBL (CD_VRSN_ID, CD_ID, STS_CD_ID, CRT_PROV_ID, MNEMONIC, CLS_ID) VALUES (gen_uuid(), char_to_uuid('71f4edb8-ff9f-4136-bb66-efee62ce4a74'), char_to_uuid('c8064cbd-fa06-4530-b430-1a52f1530c27'), char_to_uuid('fadca076-3690-4a6e-af9e-f1cd68e8c7e8'), 'PaidNonpayeePayablePriorperiodElectronicAmount', char_to_uuid('0d6b3439-c9be-4480-af39-eeb457c052d0'));--#!
INSERT INTO CD_VRSN_TBL (CD_VRSN_ID, CD_ID, STS_CD_ID, CRT_PROV_ID, MNEMONIC, CLS_ID) VALUES (gen_uuid(), char_to_uuid('6c7c4cbc-5519-463b-b23d-31dc0238b172'), char_to_uuid('c8064cbd-fa06-4530-b430-1a52f1530c27'), char_to_uuid('fadca076-3690-4a6e-af9e-f1cd68e8c7e8'), 'PaidNonpayeePayablePriorperiodElectronicCount', char_to_uuid('0d6b3439-c9be-4480-af39-eeb457c052d0'));--#!
INSERT INTO CD_VRSN_TBL (CD_VRSN_ID, CD_ID, STS_CD_ID, CRT_PROV_ID, MNEMONIC, CLS_ID) VALUES (gen_uuid(), char_to_uuid('caf15d91-dcaf-4201-88bb-1f41d116d01c'), char_to_uuid('c8064cbd-fa06-4530-b430-1a52f1530c27'), char_to_uuid('fadca076-3690-4a6e-af9e-f1cd68e8c7e8'), 'PaidNonpayeePayablePriorperiodManualAmount', char_to_uuid('0d6b3439-c9be-4480-af39-eeb457c052d0'));--#!
INSERT INTO CD_VRSN_TBL (CD_VRSN_ID, CD_ID, STS_CD_ID, CRT_PROV_ID, MNEMONIC, CLS_ID) VALUES (gen_uuid(), char_to_uuid('d47b92c2-ae09-4d13-bc45-2d545706e731'), char_to_uuid('c8064cbd-fa06-4530-b430-1a52f1530c27'), char_to_uuid('fadca076-3690-4a6e-af9e-f1cd68e8c7e8'), 'PaidNonpayeePayablePriorperiodManualCount', char_to_uuid('0d6b3439-c9be-4480-af39-eeb457c052d0'));--#!
INSERT INTO CD_VRSN_TBL (CD_VRSN_ID, CD_ID, STS_CD_ID, CRT_PROV_ID, MNEMONIC, CLS_ID) VALUES (gen_uuid(), char_to_uuid('928da1ae-db55-450f-8129-73e7d1218653'), char_to_uuid('c8064cbd-fa06-4530-b430-1a52f1530c27'), char_to_uuid('fadca076-3690-4a6e-af9e-f1cd68e8c7e8'), 'PaidNonpayeePayableSameperiodElectronicAmount', char_to_uuid('0d6b3439-c9be-4480-af39-eeb457c052d0'));--#!
INSERT INTO CD_VRSN_TBL (CD_VRSN_ID, CD_ID, STS_CD_ID, CRT_PROV_ID, MNEMONIC, CLS_ID) VALUES (gen_uuid(), char_to_uuid('ea99e6e9-ba42-4f8f-b0f7-cfb46b5df629'), char_to_uuid('c8064cbd-fa06-4530-b430-1a52f1530c27'), char_to_uuid('fadca076-3690-4a6e-af9e-f1cd68e8c7e8'), 'PaidNonpayeePayableSameperiodElectronicCount', char_to_uuid('0d6b3439-c9be-4480-af39-eeb457c052d0'));--#!
INSERT INTO CD_VRSN_TBL (CD_VRSN_ID, CD_ID, STS_CD_ID, CRT_PROV_ID, MNEMONIC, CLS_ID) VALUES (gen_uuid(), char_to_uuid('abb0bfaa-3082-4294-b8f6-5e9ec041b5a0'), char_to_uuid('c8064cbd-fa06-4530-b430-1a52f1530c27'), char_to_uuid('fadca076-3690-4a6e-af9e-f1cd68e8c7e8'), 'PaidNonpayeePayableSameperiodManualAmount', char_to_uuid('0d6b3439-c9be-4480-af39-eeb457c052d0'));--#!
INSERT INTO CD_VRSN_TBL (CD_VRSN_ID, CD_ID, STS_CD_ID, CRT_PROV_ID, MNEMONIC, CLS_ID) VALUES (gen_uuid(), char_to_uuid('0b8f2f1c-190b-4596-8912-88d21d367ee1'), char_to_uuid('c8064cbd-fa06-4530-b430-1a52f1530c27'), char_to_uuid('fadca076-3690-4a6e-af9e-f1cd68e8c7e8'), 'PaidNonpayeePayableSameperiodManualCount', char_to_uuid('0d6b3439-c9be-4480-af39-eeb457c052d0'));--#!
INSERT INTO CD_VRSN_TBL (CD_VRSN_ID, CD_ID, STS_CD_ID, CRT_PROV_ID, MNEMONIC, CLS_ID) VALUES (gen_uuid(), char_to_uuid('a54a0e82-a7fa-4a9c-b36f-39e976bbe29a'), char_to_uuid('c8064cbd-fa06-4530-b430-1a52f1530c27'), char_to_uuid('fadca076-3690-4a6e-af9e-f1cd68e8c7e8'), 'PaidPayeePayablePriorperiodElectronicAmount', char_to_uuid('0d6b3439-c9be-4480-af39-eeb457c052d0'));--#!
INSERT INTO CD_VRSN_TBL (CD_VRSN_ID, CD_ID, STS_CD_ID, CRT_PROV_ID, MNEMONIC, CLS_ID) VALUES (gen_uuid(), char_to_uuid('64813a52-19ec-43e8-aea9-e7527cdea88a'), char_to_uuid('c8064cbd-fa06-4530-b430-1a52f1530c27'), char_to_uuid('fadca076-3690-4a6e-af9e-f1cd68e8c7e8'), 'PaidPayeePayablePriorperiodElectronicCount', char_to_uuid('0d6b3439-c9be-4480-af39-eeb457c052d0'));--#!
INSERT INTO CD_VRSN_TBL (CD_VRSN_ID, CD_ID, STS_CD_ID, CRT_PROV_ID, MNEMONIC, CLS_ID) VALUES (gen_uuid(), char_to_uuid('98023485-f85f-4151-8330-c4adfde0b579'), char_to_uuid('c8064cbd-fa06-4530-b430-1a52f1530c27'), char_to_uuid('fadca076-3690-4a6e-af9e-f1cd68e8c7e8'), 'PaidPayeePayablePriorperiodManualAmount', char_to_uuid('0d6b3439-c9be-4480-af39-eeb457c052d0'));--#!
INSERT INTO CD_VRSN_TBL (CD_VRSN_ID, CD_ID, STS_CD_ID, CRT_PROV_ID, MNEMONIC, CLS_ID) VALUES (gen_uuid(), char_to_uuid('eec32656-fa6a-40dc-9145-2487f1e561ef'), char_to_uuid('c8064cbd-fa06-4530-b430-1a52f1530c27'), char_to_uuid('fadca076-3690-4a6e-af9e-f1cd68e8c7e8'), 'PaidPayeePayablePriorperiodManualCount', char_to_uuid('0d6b3439-c9be-4480-af39-eeb457c052d0'));--#!
INSERT INTO CD_VRSN_TBL (CD_VRSN_ID, CD_ID, STS_CD_ID, CRT_PROV_ID, MNEMONIC, CLS_ID) VALUES (gen_uuid(), char_to_uuid('192eb732-2226-44a8-a802-fe694c581a41'), char_to_uuid('c8064cbd-fa06-4530-b430-1a52f1530c27'), char_to_uuid('fadca076-3690-4a6e-af9e-f1cd68e8c7e8'), 'PaidPayeePayableSameperiodElectronicAmount', char_to_uuid('0d6b3439-c9be-4480-af39-eeb457c052d0'));--#!
INSERT INTO CD_VRSN_TBL (CD_VRSN_ID, CD_ID, STS_CD_ID, CRT_PROV_ID, MNEMONIC, CLS_ID) VALUES (gen_uuid(), char_to_uuid('b8b595a7-9c17-4d12-958a-8b098abdc638'), char_to_uuid('c8064cbd-fa06-4530-b430-1a52f1530c27'), char_to_uuid('fadca076-3690-4a6e-af9e-f1cd68e8c7e8'), 'PaidPayeePayableSameperiodElectronicCount', char_to_uuid('0d6b3439-c9be-4480-af39-eeb457c052d0'));--#!
INSERT INTO CD_VRSN_TBL (CD_VRSN_ID, CD_ID, STS_CD_ID, CRT_PROV_ID, MNEMONIC, CLS_ID) VALUES (gen_uuid(), char_to_uuid('bee02da3-a599-4d14-9053-38ce443bc2b8'), char_to_uuid('c8064cbd-fa06-4530-b430-1a52f1530c27'), char_to_uuid('fadca076-3690-4a6e-af9e-f1cd68e8c7e8'), 'PaidPayeePayableSameperiodManualAmount', char_to_uuid('0d6b3439-c9be-4480-af39-eeb457c052d0'));--#!
INSERT INTO CD_VRSN_TBL (CD_VRSN_ID, CD_ID, STS_CD_ID, CRT_PROV_ID, MNEMONIC, CLS_ID) VALUES (gen_uuid(), char_to_uuid('b6b0854b-948f-47ee-b3c2-688bd722aeac'), char_to_uuid('c8064cbd-fa06-4530-b430-1a52f1530c27'), char_to_uuid('fadca076-3690-4a6e-af9e-f1cd68e8c7e8'), 'PaidPayeePayableSameperiodManualCount', char_to_uuid('0d6b3439-c9be-4480-af39-eeb457c052d0'));--#!
INSERT INTO CD_VRSN_TBL (CD_VRSN_ID, CD_ID, STS_CD_ID, CRT_PROV_ID, MNEMONIC, CLS_ID) VALUES (gen_uuid(), char_to_uuid('318ced77-ccd6-48d0-b16f-6ea4be00a586'), char_to_uuid('c8064cbd-fa06-4530-b430-1a52f1530c27'), char_to_uuid('fadca076-3690-4a6e-af9e-f1cd68e8c7e8'), 'SubmittedBilledElectronicAmount', char_to_uuid('0d6b3439-c9be-4480-af39-eeb457c052d0'));--#!
INSERT INTO CD_VRSN_TBL (CD_VRSN_ID, CD_ID, STS_CD_ID, CRT_PROV_ID, MNEMONIC, CLS_ID) VALUES (gen_uuid(), char_to_uuid('f193cab3-cffa-4671-99af-6be949ba96aa'), char_to_uuid('c8064cbd-fa06-4530-b430-1a52f1530c27'), char_to_uuid('fadca076-3690-4a6e-af9e-f1cd68e8c7e8'), 'SubmittedBilledElectronicCount', char_to_uuid('0d6b3439-c9be-4480-af39-eeb457c052d0'));--#!
INSERT INTO CD_VRSN_TBL (CD_VRSN_ID, CD_ID, STS_CD_ID, CRT_PROV_ID, MNEMONIC, CLS_ID) VALUES (gen_uuid(), char_to_uuid('2bcbc810-53bc-4337-9c0c-303c52356659'), char_to_uuid('c8064cbd-fa06-4530-b430-1a52f1530c27'), char_to_uuid('fadca076-3690-4a6e-af9e-f1cd68e8c7e8'), 'SubmittedNullifiedElectronicAmount', char_to_uuid('0d6b3439-c9be-4480-af39-eeb457c052d0'));--#!
INSERT INTO CD_VRSN_TBL (CD_VRSN_ID, CD_ID, STS_CD_ID, CRT_PROV_ID, MNEMONIC, CLS_ID) VALUES (gen_uuid(), char_to_uuid('c8763e54-4ea6-4fd4-ae31-5644ba0cbe0c'), char_to_uuid('c8064cbd-fa06-4530-b430-1a52f1530c27'), char_to_uuid('fadca076-3690-4a6e-af9e-f1cd68e8c7e8'), 'SubmittedCancelledElectronicCount', char_to_uuid('0d6b3439-c9be-4480-af39-eeb457c052d0'));--#!
INSERT INTO CD_VRSN_TBL (CD_VRSN_ID, CD_ID, STS_CD_ID, CRT_PROV_ID, MNEMONIC, CLS_ID) VALUES (gen_uuid(), char_to_uuid('b2180b59-79b2-4cf5-9ea2-fb36d9ad8c03'), char_to_uuid('c8064cbd-fa06-4530-b430-1a52f1530c27'), char_to_uuid('fadca076-3690-4a6e-af9e-f1cd68e8c7e8'), 'SubmittedPendingElectronicAmount', char_to_uuid('0d6b3439-c9be-4480-af39-eeb457c052d0'));--#!
INSERT INTO CD_VRSN_TBL (CD_VRSN_ID, CD_ID, STS_CD_ID, CRT_PROV_ID, MNEMONIC, CLS_ID) VALUES (gen_uuid(), char_to_uuid('ca578e77-bcc2-4305-95d5-ffe559318aea'), char_to_uuid('c8064cbd-fa06-4530-b430-1a52f1530c27'), char_to_uuid('fadca076-3690-4a6e-af9e-f1cd68e8c7e8'), 'SubmittedPendingElectronicCount', char_to_uuid('0d6b3439-c9be-4480-af39-eeb457c052d0'));--#!
INSERT INTO CD_VRSN_TBL (CD_VRSN_ID, CD_ID, STS_CD_ID, CRT_PROV_ID, MNEMONIC, CLS_ID) VALUES (gen_uuid(), char_to_uuid('7c8e0e91-7849-4d05-a9e9-2663f3c738db'), char_to_uuid('c8064cbd-fa06-4530-b430-1a52f1530c27'), char_to_uuid('fadca076-3690-4a6e-af9e-f1cd68e8c7e8'), 'ClinicalProductInvoice', char_to_uuid('0d6b3439-c9be-4480-af39-eeb457c052d0'));--#!
INSERT INTO CD_VRSN_TBL (CD_VRSN_ID, CD_ID, STS_CD_ID, CRT_PROV_ID, MNEMONIC, CLS_ID) VALUES (gen_uuid(), char_to_uuid('f73c6dc1-ddf4-4281-a4cf-2dafb8996b19'), char_to_uuid('c8064cbd-fa06-4530-b430-1a52f1530c27'), char_to_uuid('fadca076-3690-4a6e-af9e-f1cd68e8c7e8'), 'CompoundDrugInvoiceGroup', char_to_uuid('0d6b3439-c9be-4480-af39-eeb457c052d0'));--#!
INSERT INTO CD_VRSN_TBL (CD_VRSN_ID, CD_ID, STS_CD_ID, CRT_PROV_ID, MNEMONIC, CLS_ID) VALUES (gen_uuid(), char_to_uuid('439831fb-279b-4c63-a2ca-aa24a95bcecb'), char_to_uuid('c8064cbd-fa06-4530-b430-1a52f1530c27'), char_to_uuid('fadca076-3690-4a6e-af9e-f1cd68e8c7e8'), 'CompoundIngredientInvoiceGroup', char_to_uuid('0d6b3439-c9be-4480-af39-eeb457c052d0'));--#!
INSERT INTO CD_VRSN_TBL (CD_VRSN_ID, CD_ID, STS_CD_ID, CRT_PROV_ID, MNEMONIC, CLS_ID) VALUES (gen_uuid(), char_to_uuid('4b0cc35d-e05c-46c4-afd8-2a03ecfe6df1'), char_to_uuid('c8064cbd-fa06-4530-b430-1a52f1530c27'), char_to_uuid('fadca076-3690-4a6e-af9e-f1cd68e8c7e8'), 'CompoundSupplyInvoiceGroup', char_to_uuid('0d6b3439-c9be-4480-af39-eeb457c052d0'));--#!
INSERT INTO CD_VRSN_TBL (CD_VRSN_ID, CD_ID, STS_CD_ID, CRT_PROV_ID, MNEMONIC, CLS_ID) VALUES (gen_uuid(), char_to_uuid('a67d6067-3e58-42cd-99d3-b3b25f9c0b1e'), char_to_uuid('c8064cbd-fa06-4530-b430-1a52f1530c27'), char_to_uuid('fadca076-3690-4a6e-af9e-f1cd68e8c7e8'), 'ClinicalServiceInvoice', char_to_uuid('0d6b3439-c9be-4480-af39-eeb457c052d0'));--#!
INSERT INTO CD_VRSN_TBL (CD_VRSN_ID, CD_ID, STS_CD_ID, CRT_PROV_ID, MNEMONIC, CLS_ID) VALUES (gen_uuid(), char_to_uuid('c17d2682-aa2b-421a-a096-f5d634234218'), char_to_uuid('c8064cbd-fa06-4530-b430-1a52f1530c27'), char_to_uuid('fadca076-3690-4a6e-af9e-f1cd68e8c7e8'), 'ClinicalServiceAndProduct', char_to_uuid('0d6b3439-c9be-4480-af39-eeb457c052d0'));--#!
INSERT INTO CD_VRSN_TBL (CD_VRSN_ID, CD_ID, STS_CD_ID, CRT_PROV_ID, MNEMONIC, CLS_ID) VALUES (gen_uuid(), char_to_uuid('e0cc9b98-2de1-4ca7-9cc9-15cd488ae7ad'), char_to_uuid('c8064cbd-fa06-4530-b430-1a52f1530c27'), char_to_uuid('fadca076-3690-4a6e-af9e-f1cd68e8c7e8'), 'DrugInvoiceGroup', char_to_uuid('0d6b3439-c9be-4480-af39-eeb457c052d0'));--#!
INSERT INTO CD_VRSN_TBL (CD_VRSN_ID, CD_ID, STS_CD_ID, CRT_PROV_ID, MNEMONIC, CLS_ID) VALUES (gen_uuid(), char_to_uuid('c70d0aef-fc5f-48b6-a2ab-940667923dd1'), char_to_uuid('c8064cbd-fa06-4530-b430-1a52f1530c27'), char_to_uuid('fadca076-3690-4a6e-af9e-f1cd68e8c7e8'), 'FinancialInvoice', char_to_uuid('0d6b3439-c9be-4480-af39-eeb457c052d0'));--#!
INSERT INTO CD_VRSN_TBL (CD_VRSN_ID, CD_ID, STS_CD_ID, CRT_PROV_ID, MNEMONIC, CLS_ID) VALUES (gen_uuid(), char_to_uuid('35b73050-b433-4cb4-972a-d8e2cda72c7e'), char_to_uuid('c8064cbd-fa06-4530-b430-1a52f1530c27'), char_to_uuid('fadca076-3690-4a6e-af9e-f1cd68e8c7e8'), 'FrameInvoiceGroup', char_to_uuid('0d6b3439-c9be-4480-af39-eeb457c052d0'));--#!
INSERT INTO CD_VRSN_TBL (CD_VRSN_ID, CD_ID, STS_CD_ID, CRT_PROV_ID, MNEMONIC, CLS_ID) VALUES (gen_uuid(), char_to_uuid('c8bf65bb-a749-4c2c-a841-2e3b3b4b4ca1'), char_to_uuid('c8064cbd-fa06-4530-b430-1a52f1530c27'), char_to_uuid('fadca076-3690-4a6e-af9e-f1cd68e8c7e8'), 'LensInvoiceGroup', char_to_uuid('0d6b3439-c9be-4480-af39-eeb457c052d0'));--#!
INSERT INTO CD_VRSN_TBL (CD_VRSN_ID, CD_ID, STS_CD_ID, CRT_PROV_ID, MNEMONIC, CLS_ID) VALUES (gen_uuid(), char_to_uuid('38dc64a8-3475-40b1-8621-38673dd243d1'), char_to_uuid('c8064cbd-fa06-4530-b430-1a52f1530c27'), char_to_uuid('fadca076-3690-4a6e-af9e-f1cd68e8c7e8'), 'OralHealthService', char_to_uuid('0d6b3439-c9be-4480-af39-eeb457c052d0'));--#!
INSERT INTO CD_VRSN_TBL (CD_VRSN_ID, CD_ID, STS_CD_ID, CRT_PROV_ID, MNEMONIC, CLS_ID) VALUES (gen_uuid(), char_to_uuid('f4723f52-e804-4153-8649-55a8c8cd0263'), char_to_uuid('c8064cbd-fa06-4530-b430-1a52f1530c27'), char_to_uuid('fadca076-3690-4a6e-af9e-f1cd68e8c7e8'), 'PreferredAccommodationInvoice', char_to_uuid('0d6b3439-c9be-4480-af39-eeb457c052d0'));--#!
INSERT INTO CD_VRSN_TBL (CD_VRSN_ID, CD_ID, STS_CD_ID, CRT_PROV_ID, MNEMONIC, CLS_ID) VALUES (gen_uuid(), char_to_uuid('f99e2f28-49c8-4328-ad66-ec57950c758e'), char_to_uuid('c8064cbd-fa06-4530-b430-1a52f1530c27'), char_to_uuid('fadca076-3690-4a6e-af9e-f1cd68e8c7e8'), 'ProductInvoiceGroup', char_to_uuid('0d6b3439-c9be-4480-af39-eeb457c052d0'));--#!
INSERT INTO CD_VRSN_TBL (CD_VRSN_ID, CD_ID, STS_CD_ID, CRT_PROV_ID, MNEMONIC, CLS_ID) VALUES (gen_uuid(), char_to_uuid('d365c5ab-4ad2-40d7-afc2-0cdc734d2b4f'), char_to_uuid('c8064cbd-fa06-4530-b430-1a52f1530c27'), char_to_uuid('fadca076-3690-4a6e-af9e-f1cd68e8c7e8'), 'RxCompoundInvoice', char_to_uuid('0d6b3439-c9be-4480-af39-eeb457c052d0'));--#!
INSERT INTO CD_VRSN_TBL (CD_VRSN_ID, CD_ID, STS_CD_ID, CRT_PROV_ID, MNEMONIC, CLS_ID) VALUES (gen_uuid(), char_to_uuid('cd2dd690-9b87-4f5e-a087-7bd0b1cf9248'), char_to_uuid('c8064cbd-fa06-4530-b430-1a52f1530c27'), char_to_uuid('fadca076-3690-4a6e-af9e-f1cd68e8c7e8'), 'RxDispenseInvoice', char_to_uuid('0d6b3439-c9be-4480-af39-eeb457c052d0'));--#!
INSERT INTO CD_VRSN_TBL (CD_VRSN_ID, CD_ID, STS_CD_ID, CRT_PROV_ID, MNEMONIC, CLS_ID) VALUES (gen_uuid(), char_to_uuid('9c4b1f37-7428-4f8b-84a7-c08e8ff1fce0'), char_to_uuid('c8064cbd-fa06-4530-b430-1a52f1530c27'), char_to_uuid('fadca076-3690-4a6e-af9e-f1cd68e8c7e8'), 'SessionalOrBlockFeeInvoice', char_to_uuid('0d6b3439-c9be-4480-af39-eeb457c052d0'));--#!
INSERT INTO CD_VRSN_TBL (CD_VRSN_ID, CD_ID, STS_CD_ID, CRT_PROV_ID, MNEMONIC, CLS_ID) VALUES (gen_uuid(), char_to_uuid('87b1e344-5a54-46ce-8668-ff4d2363f61b'), char_to_uuid('c8064cbd-fa06-4530-b430-1a52f1530c27'), char_to_uuid('fadca076-3690-4a6e-af9e-f1cd68e8c7e8'), 'VisionDispenseInvoice', char_to_uuid('0d6b3439-c9be-4480-af39-eeb457c052d0'));--#!
INSERT INTO CD_VRSN_TBL (CD_VRSN_ID, CD_ID, STS_CD_ID, CRT_PROV_ID, MNEMONIC, CLS_ID) VALUES (gen_uuid(), char_to_uuid('0331e13f-f471-4fbd-92dc-66e0a46239d5'), char_to_uuid('c8064cbd-fa06-4530-b430-1a52f1530c27'), char_to_uuid('fadca076-3690-4a6e-af9e-f1cd68e8c7e8'), 'BoosterImmunization', char_to_uuid('0d6b3439-c9be-4480-af39-eeb457c052d0'));--#!
INSERT INTO CD_VRSN_TBL (CD_VRSN_ID, CD_ID, STS_CD_ID, CRT_PROV_ID, MNEMONIC, CLS_ID) VALUES (gen_uuid(), char_to_uuid('7d84a057-1fcc-4054-a51f-b77d230fc6d1'), char_to_uuid('c8064cbd-fa06-4530-b430-1a52f1530c27'), char_to_uuid('fadca076-3690-4a6e-af9e-f1cd68e8c7e8'), 'DrugTherapy', char_to_uuid('0d6b3439-c9be-4480-af39-eeb457c052d0'));--#!
INSERT INTO CD_VRSN_TBL (CD_VRSN_ID, CD_ID, STS_CD_ID, CRT_PROV_ID, MNEMONIC, CLS_ID) VALUES (gen_uuid(), char_to_uuid('6e7a3521-2967-4c0a-80ec-6c5c197b2178'), char_to_uuid('c8064cbd-fa06-4530-b430-1a52f1530c27'), char_to_uuid('fadca076-3690-4a6e-af9e-f1cd68e8c7e8'), 'Immunization', char_to_uuid('0d6b3439-c9be-4480-af39-eeb457c052d0'));--#!
INSERT INTO CD_VRSN_TBL (CD_VRSN_ID, CD_ID, STS_CD_ID, CRT_PROV_ID, MNEMONIC, CLS_ID) VALUES (gen_uuid(), char_to_uuid('f3be6b88-bc8f-4263-a779-86f21ea10a47'), char_to_uuid('c8064cbd-fa06-4530-b430-1a52f1530c27'), char_to_uuid('fadca076-3690-4a6e-af9e-f1cd68e8c7e8'), 'InitialImmunization', char_to_uuid('0d6b3439-c9be-4480-af39-eeb457c052d0'));--#!
INSERT INTO CD_VRSN_TBL (CD_VRSN_ID, CD_ID, STS_CD_ID, CRT_PROV_ID, MNEMONIC, CLS_ID) VALUES (gen_uuid(), char_to_uuid('094941e9-a3db-48b5-862c-bc289bd7f86c'), char_to_uuid('c8064cbd-fa06-4530-b430-1a52f1530c27'), char_to_uuid('fadca076-3690-4a6e-af9e-f1cd68e8c7e8'), 'Female', char_to_uuid('0d6b3439-c9be-4480-af39-eeb457c052d0'));--#!
INSERT INTO CD_VRSN_TBL (CD_VRSN_ID, CD_ID, STS_CD_ID, CRT_PROV_ID, MNEMONIC, CLS_ID) VALUES (gen_uuid(), char_to_uuid('f4e3a6bb-612e-46b2-9f77-ff844d971198'), char_to_uuid('c8064cbd-fa06-4530-b430-1a52f1530c27'), char_to_uuid('fadca076-3690-4a6e-af9e-f1cd68e8c7e8'), 'Male', char_to_uuid('0d6b3439-c9be-4480-af39-eeb457c052d0'));--#!
INSERT INTO CD_VRSN_TBL (CD_VRSN_ID, CD_ID, STS_CD_ID, CRT_PROV_ID, MNEMONIC, CLS_ID) VALUES (gen_uuid(), char_to_uuid('ae94a782-1485-4241-9bca-5b09db2156bf'), char_to_uuid('c8064cbd-fa06-4530-b430-1a52f1530c27'), char_to_uuid('fadca076-3690-4a6e-af9e-f1cd68e8c7e8'), 'Undifferentiated', char_to_uuid('0d6b3439-c9be-4480-af39-eeb457c052d0'));--#!
INSERT INTO CD_VRSN_TBL (CD_VRSN_ID, CD_ID, STS_CD_ID, CRT_PROV_ID, MNEMONIC, CLS_ID) VALUES (gen_uuid(), char_to_uuid('0ff2ab03-6e0a-40d1-8947-04c4937b4cc4'), char_to_uuid('c8064cbd-fa06-4530-b430-1a52f1530c27'), char_to_uuid('fadca076-3690-4a6e-af9e-f1cd68e8c7e8'), 'Aunt', char_to_uuid('0d6b3439-c9be-4480-af39-eeb457c052d0'));--#!
INSERT INTO CD_VRSN_TBL (CD_VRSN_ID, CD_ID, STS_CD_ID, CRT_PROV_ID, MNEMONIC, CLS_ID) VALUES (gen_uuid(), char_to_uuid('24380d53-ea22-4820-9f06-8671f774f133'), char_to_uuid('c8064cbd-fa06-4530-b430-1a52f1530c27'), char_to_uuid('fadca076-3690-4a6e-af9e-f1cd68e8c7e8'), 'Brother', char_to_uuid('0d6b3439-c9be-4480-af39-eeb457c052d0'));--#!
INSERT INTO CD_VRSN_TBL (CD_VRSN_ID, CD_ID, STS_CD_ID, CRT_PROV_ID, MNEMONIC, CLS_ID) VALUES (gen_uuid(), char_to_uuid('0a4c87e2-16c3-4361-be3c-dd765ee4bc7d'), char_to_uuid('c8064cbd-fa06-4530-b430-1a52f1530c27'), char_to_uuid('fadca076-3690-4a6e-af9e-f1cd68e8c7e8'), 'Brotherinlaw', char_to_uuid('0d6b3439-c9be-4480-af39-eeb457c052d0'));--#!
INSERT INTO CD_VRSN_TBL (CD_VRSN_ID, CD_ID, STS_CD_ID, CRT_PROV_ID, MNEMONIC, CLS_ID) VALUES (gen_uuid(), char_to_uuid('739457d0-835a-4a9c-811c-42b5e92ed1ca'), char_to_uuid('c8064cbd-fa06-4530-b430-1a52f1530c27'), char_to_uuid('fadca076-3690-4a6e-af9e-f1cd68e8c7e8'), 'Child', char_to_uuid('0d6b3439-c9be-4480-af39-eeb457c052d0'));--#!
INSERT INTO CD_VRSN_TBL (CD_VRSN_ID, CD_ID, STS_CD_ID, CRT_PROV_ID, MNEMONIC, CLS_ID) VALUES (gen_uuid(), char_to_uuid('8fa25b69-c9c2-4c40-84c1-0ea9641a12ec'), char_to_uuid('c8064cbd-fa06-4530-b430-1a52f1530c27'), char_to_uuid('fadca076-3690-4a6e-af9e-f1cd68e8c7e8'), 'AdoptedChild', char_to_uuid('0d6b3439-c9be-4480-af39-eeb457c052d0'));--#!
INSERT INTO CD_VRSN_TBL (CD_VRSN_ID, CD_ID, STS_CD_ID, CRT_PROV_ID, MNEMONIC, CLS_ID) VALUES (gen_uuid(), char_to_uuid('abfe2637-d338-4090-b3a5-3ec19a47be6a'), char_to_uuid('c8064cbd-fa06-4530-b430-1a52f1530c27'), char_to_uuid('fadca076-3690-4a6e-af9e-f1cd68e8c7e8'), 'FosterChild', char_to_uuid('0d6b3439-c9be-4480-af39-eeb457c052d0'));--#!
INSERT INTO CD_VRSN_TBL (CD_VRSN_ID, CD_ID, STS_CD_ID, CRT_PROV_ID, MNEMONIC, CLS_ID) VALUES (gen_uuid(), char_to_uuid('8bf23192-de75-48eb-abee-81a9a15332f8'), char_to_uuid('c8064cbd-fa06-4530-b430-1a52f1530c27'), char_to_uuid('fadca076-3690-4a6e-af9e-f1cd68e8c7e8'), 'ChildInlaw', char_to_uuid('0d6b3439-c9be-4480-af39-eeb457c052d0'));--#!
INSERT INTO CD_VRSN_TBL (CD_VRSN_ID, CD_ID, STS_CD_ID, CRT_PROV_ID, MNEMONIC, CLS_ID) VALUES (gen_uuid(), char_to_uuid('1c0f931c-9c49-4a52-8fbf-5217c52ea778'), char_to_uuid('c8064cbd-fa06-4530-b430-1a52f1530c27'), char_to_uuid('fadca076-3690-4a6e-af9e-f1cd68e8c7e8'), 'Cousin', char_to_uuid('0d6b3439-c9be-4480-af39-eeb457c052d0'));--#!
INSERT INTO CD_VRSN_TBL (CD_VRSN_ID, CD_ID, STS_CD_ID, CRT_PROV_ID, MNEMONIC, CLS_ID) VALUES (gen_uuid(), char_to_uuid('6a181a3c-7241-4325-b011-630d3ca6dc4a'), char_to_uuid('c8064cbd-fa06-4530-b430-1a52f1530c27'), char_to_uuid('fadca076-3690-4a6e-af9e-f1cd68e8c7e8'), 'NaturalDaughter', char_to_uuid('0d6b3439-c9be-4480-af39-eeb457c052d0'));--#!
INSERT INTO CD_VRSN_TBL (CD_VRSN_ID, CD_ID, STS_CD_ID, CRT_PROV_ID, MNEMONIC, CLS_ID) VALUES (gen_uuid(), char_to_uuid('2b4b2ed8-f90c-4193-870a-f48bc39657c1'), char_to_uuid('c8064cbd-fa06-4530-b430-1a52f1530c27'), char_to_uuid('fadca076-3690-4a6e-af9e-f1cd68e8c7e8'), 'AdoptedDaughter', char_to_uuid('0d6b3439-c9be-4480-af39-eeb457c052d0'));--#!
INSERT INTO CD_VRSN_TBL (CD_VRSN_ID, CD_ID, STS_CD_ID, CRT_PROV_ID, MNEMONIC, CLS_ID) VALUES (gen_uuid(), char_to_uuid('8165b43f-8103-4ed3-bac6-4fc0df8c1a84'), char_to_uuid('c8064cbd-fa06-4530-b430-1a52f1530c27'), char_to_uuid('fadca076-3690-4a6e-af9e-f1cd68e8c7e8'), 'Daughter', char_to_uuid('0d6b3439-c9be-4480-af39-eeb457c052d0'));--#!
INSERT INTO CD_VRSN_TBL (CD_VRSN_ID, CD_ID, STS_CD_ID, CRT_PROV_ID, MNEMONIC, CLS_ID) VALUES (gen_uuid(), char_to_uuid('e81d6773-97e3-4b2d-b6a3-a4624ba5c6a9'), char_to_uuid('c8064cbd-fa06-4530-b430-1a52f1530c27'), char_to_uuid('fadca076-3690-4a6e-af9e-f1cd68e8c7e8'), 'FosterDaughter', char_to_uuid('0d6b3439-c9be-4480-af39-eeb457c052d0'));--#!
INSERT INTO CD_VRSN_TBL (CD_VRSN_ID, CD_ID, STS_CD_ID, CRT_PROV_ID, MNEMONIC, CLS_ID) VALUES (gen_uuid(), char_to_uuid('76fdf0e7-cfe0-47b4-9630-c645f254cdfd'), char_to_uuid('c8064cbd-fa06-4530-b430-1a52f1530c27'), char_to_uuid('fadca076-3690-4a6e-af9e-f1cd68e8c7e8'), 'DaughterInlaw', char_to_uuid('0d6b3439-c9be-4480-af39-eeb457c052d0'));--#!
INSERT INTO CD_VRSN_TBL (CD_VRSN_ID, CD_ID, STS_CD_ID, CRT_PROV_ID, MNEMONIC, CLS_ID) VALUES (gen_uuid(), char_to_uuid('3db182e2-653b-4bfd-a300-32f23345d1c0'), char_to_uuid('c8064cbd-fa06-4530-b430-1a52f1530c27'), char_to_uuid('fadca076-3690-4a6e-af9e-f1cd68e8c7e8'), 'DomesticPartner', char_to_uuid('0d6b3439-c9be-4480-af39-eeb457c052d0'));--#!
INSERT INTO CD_VRSN_TBL (CD_VRSN_ID, CD_ID, STS_CD_ID, CRT_PROV_ID, MNEMONIC, CLS_ID) VALUES (gen_uuid(), char_to_uuid('38d66ec7-0cc8-4609-9675-b6ff91ede605'), char_to_uuid('c8064cbd-fa06-4530-b430-1a52f1530c27'), char_to_uuid('fadca076-3690-4a6e-af9e-f1cd68e8c7e8'), 'FamilyMember', char_to_uuid('0d6b3439-c9be-4480-af39-eeb457c052d0'));--#!
INSERT INTO CD_VRSN_TBL (CD_VRSN_ID, CD_ID, STS_CD_ID, CRT_PROV_ID, MNEMONIC, CLS_ID) VALUES (gen_uuid(), char_to_uuid('40d18ecc-8ff8-4e03-8e58-97a980f04060'), char_to_uuid('c8064cbd-fa06-4530-b430-1a52f1530c27'), char_to_uuid('fadca076-3690-4a6e-af9e-f1cd68e8c7e8'), 'Father', char_to_uuid('0d6b3439-c9be-4480-af39-eeb457c052d0'));--#!
INSERT INTO CD_VRSN_TBL (CD_VRSN_ID, CD_ID, STS_CD_ID, CRT_PROV_ID, MNEMONIC, CLS_ID) VALUES (gen_uuid(), char_to_uuid('b401dd81-931c-4aad-8fd8-22a6ac2ea3dc'), char_to_uuid('c8064cbd-fa06-4530-b430-1a52f1530c27'), char_to_uuid('fadca076-3690-4a6e-af9e-f1cd68e8c7e8'), 'Fatherinlaw', char_to_uuid('0d6b3439-c9be-4480-af39-eeb457c052d0'));--#!
INSERT INTO CD_VRSN_TBL (CD_VRSN_ID, CD_ID, STS_CD_ID, CRT_PROV_ID, MNEMONIC, CLS_ID) VALUES (gen_uuid(), char_to_uuid('bfe24b5d-9c32-4df3-ad7b-eaa19e7d4afb'), char_to_uuid('c8064cbd-fa06-4530-b430-1a52f1530c27'), char_to_uuid('fadca076-3690-4a6e-af9e-f1cd68e8c7e8'), 'GreatGrandfather', char_to_uuid('0d6b3439-c9be-4480-af39-eeb457c052d0'));--#!
INSERT INTO CD_VRSN_TBL (CD_VRSN_ID, CD_ID, STS_CD_ID, CRT_PROV_ID, MNEMONIC, CLS_ID) VALUES (gen_uuid(), char_to_uuid('02fbc345-1a25-4f78-aeea-a12584a1eec3'), char_to_uuid('c8064cbd-fa06-4530-b430-1a52f1530c27'), char_to_uuid('fadca076-3690-4a6e-af9e-f1cd68e8c7e8'), 'GreatGrandmother', char_to_uuid('0d6b3439-c9be-4480-af39-eeb457c052d0'));--#!
INSERT INTO CD_VRSN_TBL (CD_VRSN_ID, CD_ID, STS_CD_ID, CRT_PROV_ID, MNEMONIC, CLS_ID) VALUES (gen_uuid(), char_to_uuid('528feb11-ae81-426a-be1f-ce74c83009eb'), char_to_uuid('c8064cbd-fa06-4530-b430-1a52f1530c27'), char_to_uuid('fadca076-3690-4a6e-af9e-f1cd68e8c7e8'), 'GreatGrandparent', char_to_uuid('0d6b3439-c9be-4480-af39-eeb457c052d0'));--#!
INSERT INTO CD_VRSN_TBL (CD_VRSN_ID, CD_ID, STS_CD_ID, CRT_PROV_ID, MNEMONIC, CLS_ID) VALUES (gen_uuid(), char_to_uuid('48c59444-fec0-43b8-aa2c-7aedb70733ad'), char_to_uuid('c8064cbd-fa06-4530-b430-1a52f1530c27'), char_to_uuid('fadca076-3690-4a6e-af9e-f1cd68e8c7e8'), 'Grandfather', char_to_uuid('0d6b3439-c9be-4480-af39-eeb457c052d0'));--#!
INSERT INTO CD_VRSN_TBL (CD_VRSN_ID, CD_ID, STS_CD_ID, CRT_PROV_ID, MNEMONIC, CLS_ID) VALUES (gen_uuid(), char_to_uuid('b630ba2c-8a00-46d8-bf64-870d381d8917'), char_to_uuid('c8064cbd-fa06-4530-b430-1a52f1530c27'), char_to_uuid('fadca076-3690-4a6e-af9e-f1cd68e8c7e8'), 'Grandmother', char_to_uuid('0d6b3439-c9be-4480-af39-eeb457c052d0'));--#!
INSERT INTO CD_VRSN_TBL (CD_VRSN_ID, CD_ID, STS_CD_ID, CRT_PROV_ID, MNEMONIC, CLS_ID) VALUES (gen_uuid(), char_to_uuid('c33adda2-a4ed-4092-8d9c-b8e3fbd5d90b'), char_to_uuid('c8064cbd-fa06-4530-b430-1a52f1530c27'), char_to_uuid('fadca076-3690-4a6e-af9e-f1cd68e8c7e8'), 'Grandchild', char_to_uuid('0d6b3439-c9be-4480-af39-eeb457c052d0'));--#!
INSERT INTO CD_VRSN_TBL (CD_VRSN_ID, CD_ID, STS_CD_ID, CRT_PROV_ID, MNEMONIC, CLS_ID) VALUES (gen_uuid(), char_to_uuid('3cb1993f-3703-453f-87be-21b606db7631'), char_to_uuid('c8064cbd-fa06-4530-b430-1a52f1530c27'), char_to_uuid('fadca076-3690-4a6e-af9e-f1cd68e8c7e8'), 'Granddaughter', char_to_uuid('0d6b3439-c9be-4480-af39-eeb457c052d0'));--#!
INSERT INTO CD_VRSN_TBL (CD_VRSN_ID, CD_ID, STS_CD_ID, CRT_PROV_ID, MNEMONIC, CLS_ID) VALUES (gen_uuid(), char_to_uuid('f7a64463-bc75-44d4-a8ca-c9fbc2c87175'), char_to_uuid('c8064cbd-fa06-4530-b430-1a52f1530c27'), char_to_uuid('fadca076-3690-4a6e-af9e-f1cd68e8c7e8'), 'Grandson', char_to_uuid('0d6b3439-c9be-4480-af39-eeb457c052d0'));--#!
INSERT INTO CD_VRSN_TBL (CD_VRSN_ID, CD_ID, STS_CD_ID, CRT_PROV_ID, MNEMONIC, CLS_ID) VALUES (gen_uuid(), char_to_uuid('fa646df9-7d64-4d1f-ae9a-6261fd5fd6ae'), char_to_uuid('c8064cbd-fa06-4530-b430-1a52f1530c27'), char_to_uuid('fadca076-3690-4a6e-af9e-f1cd68e8c7e8'), 'Grandparent', char_to_uuid('0d6b3439-c9be-4480-af39-eeb457c052d0'));--#!
INSERT INTO CD_VRSN_TBL (CD_VRSN_ID, CD_ID, STS_CD_ID, CRT_PROV_ID, MNEMONIC, CLS_ID) VALUES (gen_uuid(), char_to_uuid('25cae2f2-d1ec-4efe-a92f-d479785f7d8a'), char_to_uuid('c8064cbd-fa06-4530-b430-1a52f1530c27'), char_to_uuid('fadca076-3690-4a6e-af9e-f1cd68e8c7e8'), 'Halfbrother', char_to_uuid('0d6b3439-c9be-4480-af39-eeb457c052d0'));--#!
INSERT INTO CD_VRSN_TBL (CD_VRSN_ID, CD_ID, STS_CD_ID, CRT_PROV_ID, MNEMONIC, CLS_ID) VALUES (gen_uuid(), char_to_uuid('8452ecb9-d762-4c4a-96b2-81d130cb729b'), char_to_uuid('c8064cbd-fa06-4530-b430-1a52f1530c27'), char_to_uuid('fadca076-3690-4a6e-af9e-f1cd68e8c7e8'), 'Halfsibling', char_to_uuid('0d6b3439-c9be-4480-af39-eeb457c052d0'));--#!
INSERT INTO CD_VRSN_TBL (CD_VRSN_ID, CD_ID, STS_CD_ID, CRT_PROV_ID, MNEMONIC, CLS_ID) VALUES (gen_uuid(), char_to_uuid('ce42c680-a783-4cde-bcd1-e261d6fd68a0'), char_to_uuid('c8064cbd-fa06-4530-b430-1a52f1530c27'), char_to_uuid('fadca076-3690-4a6e-af9e-f1cd68e8c7e8'), 'Halfsister', char_to_uuid('0d6b3439-c9be-4480-af39-eeb457c052d0'));--#!
INSERT INTO CD_VRSN_TBL (CD_VRSN_ID, CD_ID, STS_CD_ID, CRT_PROV_ID, MNEMONIC, CLS_ID) VALUES (gen_uuid(), char_to_uuid('62aca44c-b57c-44fd-9703-fcdff97c04b6'), char_to_uuid('c8064cbd-fa06-4530-b430-1a52f1530c27'), char_to_uuid('fadca076-3690-4a6e-af9e-f1cd68e8c7e8'), 'Husband', char_to_uuid('0d6b3439-c9be-4480-af39-eeb457c052d0'));--#!
INSERT INTO CD_VRSN_TBL (CD_VRSN_ID, CD_ID, STS_CD_ID, CRT_PROV_ID, MNEMONIC, CLS_ID) VALUES (gen_uuid(), char_to_uuid('96ea355d-0c68-481f-8b6f-1b00a101ab8f'), char_to_uuid('c8064cbd-fa06-4530-b430-1a52f1530c27'), char_to_uuid('fadca076-3690-4a6e-af9e-f1cd68e8c7e8'), 'MaternalAunt', char_to_uuid('0d6b3439-c9be-4480-af39-eeb457c052d0'));--#!
INSERT INTO CD_VRSN_TBL (CD_VRSN_ID, CD_ID, STS_CD_ID, CRT_PROV_ID, MNEMONIC, CLS_ID) VALUES (gen_uuid(), char_to_uuid('d874cde5-7d76-4f1d-97e6-db7e82bac958'), char_to_uuid('c8064cbd-fa06-4530-b430-1a52f1530c27'), char_to_uuid('fadca076-3690-4a6e-af9e-f1cd68e8c7e8'), 'MaternalCousin', char_to_uuid('0d6b3439-c9be-4480-af39-eeb457c052d0'));--#!
INSERT INTO CD_VRSN_TBL (CD_VRSN_ID, CD_ID, STS_CD_ID, CRT_PROV_ID, MNEMONIC, CLS_ID) VALUES (gen_uuid(), char_to_uuid('abe6d0d1-4e37-4b7c-9acc-eedb2c36f9cd'), char_to_uuid('c8064cbd-fa06-4530-b430-1a52f1530c27'), char_to_uuid('fadca076-3690-4a6e-af9e-f1cd68e8c7e8'), 'MaternalGreatgrandfather', char_to_uuid('0d6b3439-c9be-4480-af39-eeb457c052d0'));--#!
INSERT INTO CD_VRSN_TBL (CD_VRSN_ID, CD_ID, STS_CD_ID, CRT_PROV_ID, MNEMONIC, CLS_ID) VALUES (gen_uuid(), char_to_uuid('fe4f72e6-84f8-4276-ae64-2ef1f2ff406f'), char_to_uuid('c8064cbd-fa06-4530-b430-1a52f1530c27'), char_to_uuid('fadca076-3690-4a6e-af9e-f1cd68e8c7e8'), 'MaternalGreatgrandmother', char_to_uuid('0d6b3439-c9be-4480-af39-eeb457c052d0'));--#!
INSERT INTO CD_VRSN_TBL (CD_VRSN_ID, CD_ID, STS_CD_ID, CRT_PROV_ID, MNEMONIC, CLS_ID) VALUES (gen_uuid(), char_to_uuid('59bc87d3-1618-4f14-81d2-71072c1f37e9'), char_to_uuid('c8064cbd-fa06-4530-b430-1a52f1530c27'), char_to_uuid('fadca076-3690-4a6e-af9e-f1cd68e8c7e8'), 'MaternalGreatgrandparent', char_to_uuid('0d6b3439-c9be-4480-af39-eeb457c052d0'));--#!
INSERT INTO CD_VRSN_TBL (CD_VRSN_ID, CD_ID, STS_CD_ID, CRT_PROV_ID, MNEMONIC, CLS_ID) VALUES (gen_uuid(), char_to_uuid('360f6a77-fdb5-4fb6-b223-3cd1047fd08e'), char_to_uuid('c8064cbd-fa06-4530-b430-1a52f1530c27'), char_to_uuid('fadca076-3690-4a6e-af9e-f1cd68e8c7e8'), 'MaternalGrandfather', char_to_uuid('0d6b3439-c9be-4480-af39-eeb457c052d0'));--#!
INSERT INTO CD_VRSN_TBL (CD_VRSN_ID, CD_ID, STS_CD_ID, CRT_PROV_ID, MNEMONIC, CLS_ID) VALUES (gen_uuid(), char_to_uuid('ea13832b-2e38-4bb6-b55d-ae749ccaba95'), char_to_uuid('c8064cbd-fa06-4530-b430-1a52f1530c27'), char_to_uuid('fadca076-3690-4a6e-af9e-f1cd68e8c7e8'), 'MaternalGrandmother', char_to_uuid('0d6b3439-c9be-4480-af39-eeb457c052d0'));--#!
INSERT INTO CD_VRSN_TBL (CD_VRSN_ID, CD_ID, STS_CD_ID, CRT_PROV_ID, MNEMONIC, CLS_ID) VALUES (gen_uuid(), char_to_uuid('66e0dbd1-9065-4af8-808d-89edd302f264'), char_to_uuid('c8064cbd-fa06-4530-b430-1a52f1530c27'), char_to_uuid('fadca076-3690-4a6e-af9e-f1cd68e8c7e8'), 'MaternalGrandparent', char_to_uuid('0d6b3439-c9be-4480-af39-eeb457c052d0'));--#!
INSERT INTO CD_VRSN_TBL (CD_VRSN_ID, CD_ID, STS_CD_ID, CRT_PROV_ID, MNEMONIC, CLS_ID) VALUES (gen_uuid(), char_to_uuid('29ff64e5-b564-411a-92c7-6818c02a9e48'), char_to_uuid('c8064cbd-fa06-4530-b430-1a52f1530c27'), char_to_uuid('fadca076-3690-4a6e-af9e-f1cd68e8c7e8'), 'Mother', char_to_uuid('0d6b3439-c9be-4480-af39-eeb457c052d0'));--#!
INSERT INTO CD_VRSN_TBL (CD_VRSN_ID, CD_ID, STS_CD_ID, CRT_PROV_ID, MNEMONIC, CLS_ID) VALUES (gen_uuid(), char_to_uuid('f941988a-1c55-4408-ab57-e9ed35b2a24d'), char_to_uuid('c8064cbd-fa06-4530-b430-1a52f1530c27'), char_to_uuid('fadca076-3690-4a6e-af9e-f1cd68e8c7e8'), 'Motherinlaw', char_to_uuid('0d6b3439-c9be-4480-af39-eeb457c052d0'));--#!
INSERT INTO CD_VRSN_TBL (CD_VRSN_ID, CD_ID, STS_CD_ID, CRT_PROV_ID, MNEMONIC, CLS_ID) VALUES (gen_uuid(), char_to_uuid('4e299c46-f06f-4efc-b3c0-b7b659a120f2'), char_to_uuid('c8064cbd-fa06-4530-b430-1a52f1530c27'), char_to_uuid('fadca076-3690-4a6e-af9e-f1cd68e8c7e8'), 'MaternalUncle', char_to_uuid('0d6b3439-c9be-4480-af39-eeb457c052d0'));--#!
INSERT INTO CD_VRSN_TBL (CD_VRSN_ID, CD_ID, STS_CD_ID, CRT_PROV_ID, MNEMONIC, CLS_ID) VALUES (gen_uuid(), char_to_uuid('daf11eb1-fcc2-4521-a1c0-daebaf0a923a'), char_to_uuid('c8064cbd-fa06-4530-b430-1a52f1530c27'), char_to_uuid('fadca076-3690-4a6e-af9e-f1cd68e8c7e8'), 'NaturalBrother', char_to_uuid('0d6b3439-c9be-4480-af39-eeb457c052d0'));--#!
INSERT INTO CD_VRSN_TBL (CD_VRSN_ID, CD_ID, STS_CD_ID, CRT_PROV_ID, MNEMONIC, CLS_ID) VALUES (gen_uuid(), char_to_uuid('80097e75-a232-4a9f-878f-7e60ec70f921'), char_to_uuid('c8064cbd-fa06-4530-b430-1a52f1530c27'), char_to_uuid('fadca076-3690-4a6e-af9e-f1cd68e8c7e8'), 'NaturalChild', char_to_uuid('0d6b3439-c9be-4480-af39-eeb457c052d0'));--#!
INSERT INTO CD_VRSN_TBL (CD_VRSN_ID, CD_ID, STS_CD_ID, CRT_PROV_ID, MNEMONIC, CLS_ID) VALUES (gen_uuid(), char_to_uuid('5c5af1d2-0e6d-458f-9574-3ad61c393a90'), char_to_uuid('c8064cbd-fa06-4530-b430-1a52f1530c27'), char_to_uuid('fadca076-3690-4a6e-af9e-f1cd68e8c7e8'), 'Nephew', char_to_uuid('0d6b3439-c9be-4480-af39-eeb457c052d0'));--#!
INSERT INTO CD_VRSN_TBL (CD_VRSN_ID, CD_ID, STS_CD_ID, CRT_PROV_ID, MNEMONIC, CLS_ID) VALUES (gen_uuid(), char_to_uuid('233d890b-04ef-4365-99ad-26cb4e1f75f3'), char_to_uuid('c8064cbd-fa06-4530-b430-1a52f1530c27'), char_to_uuid('fadca076-3690-4a6e-af9e-f1cd68e8c7e8'), 'NaturalFather', char_to_uuid('0d6b3439-c9be-4480-af39-eeb457c052d0'));--#!
INSERT INTO CD_VRSN_TBL (CD_VRSN_ID, CD_ID, STS_CD_ID, CRT_PROV_ID, MNEMONIC, CLS_ID) VALUES (gen_uuid(), char_to_uuid('8e88debc-d175-46f3-9b48-106f9c151cd2'), char_to_uuid('c8064cbd-fa06-4530-b430-1a52f1530c27'), char_to_uuid('fadca076-3690-4a6e-af9e-f1cd68e8c7e8'), 'NaturalFatherOfFetus', char_to_uuid('0d6b3439-c9be-4480-af39-eeb457c052d0'));--#!
INSERT INTO CD_VRSN_TBL (CD_VRSN_ID, CD_ID, STS_CD_ID, CRT_PROV_ID, MNEMONIC, CLS_ID) VALUES (gen_uuid(), char_to_uuid('0a50962a-60b4-44d8-a7f6-1eb2aa5967cc'), char_to_uuid('c8064cbd-fa06-4530-b430-1a52f1530c27'), char_to_uuid('fadca076-3690-4a6e-af9e-f1cd68e8c7e8'), 'Niece', char_to_uuid('0d6b3439-c9be-4480-af39-eeb457c052d0'));--#!
INSERT INTO CD_VRSN_TBL (CD_VRSN_ID, CD_ID, STS_CD_ID, CRT_PROV_ID, MNEMONIC, CLS_ID) VALUES (gen_uuid(), char_to_uuid('a907e4d8-d823-478f-9c5a-6facae6b4b5b'), char_to_uuid('c8064cbd-fa06-4530-b430-1a52f1530c27'), char_to_uuid('fadca076-3690-4a6e-af9e-f1cd68e8c7e8'), 'NieceNephew', char_to_uuid('0d6b3439-c9be-4480-af39-eeb457c052d0'));--#!
INSERT INTO CD_VRSN_TBL (CD_VRSN_ID, CD_ID, STS_CD_ID, CRT_PROV_ID, MNEMONIC, CLS_ID) VALUES (gen_uuid(), char_to_uuid('059d689a-2392-4ffb-b6ae-682c9ded8da2'), char_to_uuid('c8064cbd-fa06-4530-b430-1a52f1530c27'), char_to_uuid('fadca076-3690-4a6e-af9e-f1cd68e8c7e8'), 'NaturalMother', char_to_uuid('0d6b3439-c9be-4480-af39-eeb457c052d0'));--#!
INSERT INTO CD_VRSN_TBL (CD_VRSN_ID, CD_ID, STS_CD_ID, CRT_PROV_ID, MNEMONIC, CLS_ID) VALUES (gen_uuid(), char_to_uuid('e6851b39-a771-4a5e-8aa8-9ba140b3dca3'), char_to_uuid('c8064cbd-fa06-4530-b430-1a52f1530c27'), char_to_uuid('fadca076-3690-4a6e-af9e-f1cd68e8c7e8'), 'NaturalParent', char_to_uuid('0d6b3439-c9be-4480-af39-eeb457c052d0'));--#!
INSERT INTO CD_VRSN_TBL (CD_VRSN_ID, CD_ID, STS_CD_ID, CRT_PROV_ID, MNEMONIC, CLS_ID) VALUES (gen_uuid(), char_to_uuid('0b89fb65-ca8e-4a4d-9d25-0bae3f4d7a59'), char_to_uuid('c8064cbd-fa06-4530-b430-1a52f1530c27'), char_to_uuid('fadca076-3690-4a6e-af9e-f1cd68e8c7e8'), 'NaturalSibling', char_to_uuid('0d6b3439-c9be-4480-af39-eeb457c052d0'));--#!
INSERT INTO CD_VRSN_TBL (CD_VRSN_ID, CD_ID, STS_CD_ID, CRT_PROV_ID, MNEMONIC, CLS_ID) VALUES (gen_uuid(), char_to_uuid('8ea21d7d-6ee9-449b-a1dc-c4aa0ff7f5b9'), char_to_uuid('c8064cbd-fa06-4530-b430-1a52f1530c27'), char_to_uuid('fadca076-3690-4a6e-af9e-f1cd68e8c7e8'), 'NaturalSister', char_to_uuid('0d6b3439-c9be-4480-af39-eeb457c052d0'));--#!
INSERT INTO CD_VRSN_TBL (CD_VRSN_ID, CD_ID, STS_CD_ID, CRT_PROV_ID, MNEMONIC, CLS_ID) VALUES (gen_uuid(), char_to_uuid('6a1e9e8b-d0c3-44f0-9906-a6458685e269'), char_to_uuid('c8064cbd-fa06-4530-b430-1a52f1530c27'), char_to_uuid('fadca076-3690-4a6e-af9e-f1cd68e8c7e8'), 'PaternalAunt', char_to_uuid('0d6b3439-c9be-4480-af39-eeb457c052d0'));--#!
INSERT INTO CD_VRSN_TBL (CD_VRSN_ID, CD_ID, STS_CD_ID, CRT_PROV_ID, MNEMONIC, CLS_ID) VALUES (gen_uuid(), char_to_uuid('60affe56-126d-43ee-9fde-5f117e41c7a8'), char_to_uuid('c8064cbd-fa06-4530-b430-1a52f1530c27'), char_to_uuid('fadca076-3690-4a6e-af9e-f1cd68e8c7e8'), 'PaternalCousin', char_to_uuid('0d6b3439-c9be-4480-af39-eeb457c052d0'));--#!
INSERT INTO CD_VRSN_TBL (CD_VRSN_ID, CD_ID, STS_CD_ID, CRT_PROV_ID, MNEMONIC, CLS_ID) VALUES (gen_uuid(), char_to_uuid('0aeec758-c20f-43e4-9789-8c44629f5941'), char_to_uuid('c8064cbd-fa06-4530-b430-1a52f1530c27'), char_to_uuid('fadca076-3690-4a6e-af9e-f1cd68e8c7e8'), 'PaternalGreatgrandfather', char_to_uuid('0d6b3439-c9be-4480-af39-eeb457c052d0'));--#!
INSERT INTO CD_VRSN_TBL (CD_VRSN_ID, CD_ID, STS_CD_ID, CRT_PROV_ID, MNEMONIC, CLS_ID) VALUES (gen_uuid(), char_to_uuid('0fcba203-1238-4001-beb7-19a667506ade'), char_to_uuid('c8064cbd-fa06-4530-b430-1a52f1530c27'), char_to_uuid('fadca076-3690-4a6e-af9e-f1cd68e8c7e8'), 'PaternalGreatgrandmother', char_to_uuid('0d6b3439-c9be-4480-af39-eeb457c052d0'));--#!
INSERT INTO CD_VRSN_TBL (CD_VRSN_ID, CD_ID, STS_CD_ID, CRT_PROV_ID, MNEMONIC, CLS_ID) VALUES (gen_uuid(), char_to_uuid('08a98950-3391-4a66-a1c8-421c6fd82911'), char_to_uuid('c8064cbd-fa06-4530-b430-1a52f1530c27'), char_to_uuid('fadca076-3690-4a6e-af9e-f1cd68e8c7e8'), 'PaternalGreatgrandparent', char_to_uuid('0d6b3439-c9be-4480-af39-eeb457c052d0'));--#!
INSERT INTO CD_VRSN_TBL (CD_VRSN_ID, CD_ID, STS_CD_ID, CRT_PROV_ID, MNEMONIC, CLS_ID) VALUES (gen_uuid(), char_to_uuid('2fd5c939-c508-4250-8efb-13b772e56b7f'), char_to_uuid('c8064cbd-fa06-4530-b430-1a52f1530c27'), char_to_uuid('fadca076-3690-4a6e-af9e-f1cd68e8c7e8'), 'PaternalGrandfather', char_to_uuid('0d6b3439-c9be-4480-af39-eeb457c052d0'));--#!
INSERT INTO CD_VRSN_TBL (CD_VRSN_ID, CD_ID, STS_CD_ID, CRT_PROV_ID, MNEMONIC, CLS_ID) VALUES (gen_uuid(), char_to_uuid('bfdb07db-9721-4ec3-94e1-4bd9f0d6985c'), char_to_uuid('c8064cbd-fa06-4530-b430-1a52f1530c27'), char_to_uuid('fadca076-3690-4a6e-af9e-f1cd68e8c7e8'), 'PaternalGrandmother', char_to_uuid('0d6b3439-c9be-4480-af39-eeb457c052d0'));--#!
INSERT INTO CD_VRSN_TBL (CD_VRSN_ID, CD_ID, STS_CD_ID, CRT_PROV_ID, MNEMONIC, CLS_ID) VALUES (gen_uuid(), char_to_uuid('a3d362a4-4931-4bef-af18-ac59dd092981'), char_to_uuid('c8064cbd-fa06-4530-b430-1a52f1530c27'), char_to_uuid('fadca076-3690-4a6e-af9e-f1cd68e8c7e8'), 'PaternalGrandparent', char_to_uuid('0d6b3439-c9be-4480-af39-eeb457c052d0'));--#!
INSERT INTO CD_VRSN_TBL (CD_VRSN_ID, CD_ID, STS_CD_ID, CRT_PROV_ID, MNEMONIC, CLS_ID) VALUES (gen_uuid(), char_to_uuid('bfcbb345-86db-43ba-b47e-e7411276ac7c'), char_to_uuid('c8064cbd-fa06-4530-b430-1a52f1530c27'), char_to_uuid('fadca076-3690-4a6e-af9e-f1cd68e8c7e8'), 'Parent', char_to_uuid('0d6b3439-c9be-4480-af39-eeb457c052d0'));--#!
INSERT INTO CD_VRSN_TBL (CD_VRSN_ID, CD_ID, STS_CD_ID, CRT_PROV_ID, MNEMONIC, CLS_ID) VALUES (gen_uuid(), char_to_uuid('5e2b0afe-724e-41cd-9be2-9030646f2529'), char_to_uuid('c8064cbd-fa06-4530-b430-1a52f1530c27'), char_to_uuid('fadca076-3690-4a6e-af9e-f1cd68e8c7e8'), 'ParentInlaw', char_to_uuid('0d6b3439-c9be-4480-af39-eeb457c052d0'));--#!
INSERT INTO CD_VRSN_TBL (CD_VRSN_ID, CD_ID, STS_CD_ID, CRT_PROV_ID, MNEMONIC, CLS_ID) VALUES (gen_uuid(), char_to_uuid('853c85de-4817-4328-a121-6a3bdafbf82e'), char_to_uuid('c8064cbd-fa06-4530-b430-1a52f1530c27'), char_to_uuid('fadca076-3690-4a6e-af9e-f1cd68e8c7e8'), 'PaternalUncle', char_to_uuid('0d6b3439-c9be-4480-af39-eeb457c052d0'));--#!
INSERT INTO CD_VRSN_TBL (CD_VRSN_ID, CD_ID, STS_CD_ID, CRT_PROV_ID, MNEMONIC, CLS_ID) VALUES (gen_uuid(), char_to_uuid('bbfac1ed-5464-4100-93c3-8685b052a2cf'), char_to_uuid('c8064cbd-fa06-4530-b430-1a52f1530c27'), char_to_uuid('fadca076-3690-4a6e-af9e-f1cd68e8c7e8'), 'Roomate', char_to_uuid('0d6b3439-c9be-4480-af39-eeb457c052d0'));--#!
INSERT INTO CD_VRSN_TBL (CD_VRSN_ID, CD_ID, STS_CD_ID, CRT_PROV_ID, MNEMONIC, CLS_ID) VALUES (gen_uuid(), char_to_uuid('685eb506-6b97-41c1-b201-b6b932a3f3aa'), char_to_uuid('c8064cbd-fa06-4530-b430-1a52f1530c27'), char_to_uuid('fadca076-3690-4a6e-af9e-f1cd68e8c7e8'), 'Sibling', char_to_uuid('0d6b3439-c9be-4480-af39-eeb457c052d0'));--#!
INSERT INTO CD_VRSN_TBL (CD_VRSN_ID, CD_ID, STS_CD_ID, CRT_PROV_ID, MNEMONIC, CLS_ID) VALUES (gen_uuid(), char_to_uuid('fd892cf8-db4f-4e4e-a13b-4eb3bdde5be5'), char_to_uuid('c8064cbd-fa06-4530-b430-1a52f1530c27'), char_to_uuid('fadca076-3690-4a6e-af9e-f1cd68e8c7e8'), 'SiblingInlaw', char_to_uuid('0d6b3439-c9be-4480-af39-eeb457c052d0'));--#!
INSERT INTO CD_VRSN_TBL (CD_VRSN_ID, CD_ID, STS_CD_ID, CRT_PROV_ID, MNEMONIC, CLS_ID) VALUES (gen_uuid(), char_to_uuid('2eab5298-bc83-492c-9004-ed3499246afe'), char_to_uuid('c8064cbd-fa06-4530-b430-1a52f1530c27'), char_to_uuid('fadca076-3690-4a6e-af9e-f1cd68e8c7e8'), 'SignificantOther', char_to_uuid('0d6b3439-c9be-4480-af39-eeb457c052d0'));--#!
INSERT INTO CD_VRSN_TBL (CD_VRSN_ID, CD_ID, STS_CD_ID, CRT_PROV_ID, MNEMONIC, CLS_ID) VALUES (gen_uuid(), char_to_uuid('cd1e8904-31dc-4374-902d-c91f1de23c46'), char_to_uuid('c8064cbd-fa06-4530-b430-1a52f1530c27'), char_to_uuid('fadca076-3690-4a6e-af9e-f1cd68e8c7e8'), 'Sister', char_to_uuid('0d6b3439-c9be-4480-af39-eeb457c052d0'));--#!
INSERT INTO CD_VRSN_TBL (CD_VRSN_ID, CD_ID, STS_CD_ID, CRT_PROV_ID, MNEMONIC, CLS_ID) VALUES (gen_uuid(), char_to_uuid('dcae9718-ab81-4737-b071-36cf1175804d'), char_to_uuid('c8064cbd-fa06-4530-b430-1a52f1530c27'), char_to_uuid('fadca076-3690-4a6e-af9e-f1cd68e8c7e8'), 'Sisterinlaw', char_to_uuid('0d6b3439-c9be-4480-af39-eeb457c052d0'));--#!
INSERT INTO CD_VRSN_TBL (CD_VRSN_ID, CD_ID, STS_CD_ID, CRT_PROV_ID, MNEMONIC, CLS_ID) VALUES (gen_uuid(), char_to_uuid('9f17d4cf-a67f-4ac6-8c50-718af6e264ee'), char_to_uuid('c8064cbd-fa06-4530-b430-1a52f1530c27'), char_to_uuid('fadca076-3690-4a6e-af9e-f1cd68e8c7e8'), 'NaturalSon', char_to_uuid('0d6b3439-c9be-4480-af39-eeb457c052d0'));--#!
INSERT INTO CD_VRSN_TBL (CD_VRSN_ID, CD_ID, STS_CD_ID, CRT_PROV_ID, MNEMONIC, CLS_ID) VALUES (gen_uuid(), char_to_uuid('ce50ba92-cd21-43c4-8582-34e7fbb3170f'), char_to_uuid('c8064cbd-fa06-4530-b430-1a52f1530c27'), char_to_uuid('fadca076-3690-4a6e-af9e-f1cd68e8c7e8'), 'AdoptedSon', char_to_uuid('0d6b3439-c9be-4480-af39-eeb457c052d0'));--#!
INSERT INTO CD_VRSN_TBL (CD_VRSN_ID, CD_ID, STS_CD_ID, CRT_PROV_ID, MNEMONIC, CLS_ID) VALUES (gen_uuid(), char_to_uuid('f115c204-8485-4cf3-8815-3c6738465e30'), char_to_uuid('c8064cbd-fa06-4530-b430-1a52f1530c27'), char_to_uuid('fadca076-3690-4a6e-af9e-f1cd68e8c7e8'), 'Son', char_to_uuid('0d6b3439-c9be-4480-af39-eeb457c052d0'));--#!
INSERT INTO CD_VRSN_TBL (CD_VRSN_ID, CD_ID, STS_CD_ID, CRT_PROV_ID, MNEMONIC, CLS_ID) VALUES (gen_uuid(), char_to_uuid('decd6250-7e8b-4b77-895d-31953cf1387a'), char_to_uuid('c8064cbd-fa06-4530-b430-1a52f1530c27'), char_to_uuid('fadca076-3690-4a6e-af9e-f1cd68e8c7e8'), 'FosterSon', char_to_uuid('0d6b3439-c9be-4480-af39-eeb457c052d0'));--#!
INSERT INTO CD_VRSN_TBL (CD_VRSN_ID, CD_ID, STS_CD_ID, CRT_PROV_ID, MNEMONIC, CLS_ID) VALUES (gen_uuid(), char_to_uuid('34f7bc11-2288-471a-af38-553ae6b8410c'), char_to_uuid('c8064cbd-fa06-4530-b430-1a52f1530c27'), char_to_uuid('fadca076-3690-4a6e-af9e-f1cd68e8c7e8'), 'SonInlaw', char_to_uuid('0d6b3439-c9be-4480-af39-eeb457c052d0'));--#!
INSERT INTO CD_VRSN_TBL (CD_VRSN_ID, CD_ID, STS_CD_ID, CRT_PROV_ID, MNEMONIC, CLS_ID) VALUES (gen_uuid(), char_to_uuid('89bdc57b-d85c-4e85-94e8-c17049540a0d'), char_to_uuid('c8064cbd-fa06-4530-b430-1a52f1530c27'), char_to_uuid('fadca076-3690-4a6e-af9e-f1cd68e8c7e8'), 'Spouse', char_to_uuid('0d6b3439-c9be-4480-af39-eeb457c052d0'));--#!
INSERT INTO CD_VRSN_TBL (CD_VRSN_ID, CD_ID, STS_CD_ID, CRT_PROV_ID, MNEMONIC, CLS_ID) VALUES (gen_uuid(), char_to_uuid('5951097b-1a13-4bce-bbf2-9abf52f98dc8'), char_to_uuid('c8064cbd-fa06-4530-b430-1a52f1530c27'), char_to_uuid('fadca076-3690-4a6e-af9e-f1cd68e8c7e8'), 'Stepbrother', char_to_uuid('0d6b3439-c9be-4480-af39-eeb457c052d0'));--#!
INSERT INTO CD_VRSN_TBL (CD_VRSN_ID, CD_ID, STS_CD_ID, CRT_PROV_ID, MNEMONIC, CLS_ID) VALUES (gen_uuid(), char_to_uuid('4cdef917-4fb0-4cdf-b44d-b73486c41845'), char_to_uuid('c8064cbd-fa06-4530-b430-1a52f1530c27'), char_to_uuid('fadca076-3690-4a6e-af9e-f1cd68e8c7e8'), 'StepChild', char_to_uuid('0d6b3439-c9be-4480-af39-eeb457c052d0'));--#!
INSERT INTO CD_VRSN_TBL (CD_VRSN_ID, CD_ID, STS_CD_ID, CRT_PROV_ID, MNEMONIC, CLS_ID) VALUES (gen_uuid(), char_to_uuid('f71e193a-0562-46e9-99dd-437d23663ec3'), char_to_uuid('c8064cbd-fa06-4530-b430-1a52f1530c27'), char_to_uuid('fadca076-3690-4a6e-af9e-f1cd68e8c7e8'), 'Stepdaughter', char_to_uuid('0d6b3439-c9be-4480-af39-eeb457c052d0'));--#!
INSERT INTO CD_VRSN_TBL (CD_VRSN_ID, CD_ID, STS_CD_ID, CRT_PROV_ID, MNEMONIC, CLS_ID) VALUES (gen_uuid(), char_to_uuid('bb437e4d-7472-48c1-a6e7-576545a782fa'), char_to_uuid('c8064cbd-fa06-4530-b430-1a52f1530c27'), char_to_uuid('fadca076-3690-4a6e-af9e-f1cd68e8c7e8'), 'Stepfather', char_to_uuid('0d6b3439-c9be-4480-af39-eeb457c052d0'));--#!
INSERT INTO CD_VRSN_TBL (CD_VRSN_ID, CD_ID, STS_CD_ID, CRT_PROV_ID, MNEMONIC, CLS_ID) VALUES (gen_uuid(), char_to_uuid('5a0539cc-093b-448e-aec6-0d529ed0087f'), char_to_uuid('c8064cbd-fa06-4530-b430-1a52f1530c27'), char_to_uuid('fadca076-3690-4a6e-af9e-f1cd68e8c7e8'), 'Stepmother', char_to_uuid('0d6b3439-c9be-4480-af39-eeb457c052d0'));--#!
INSERT INTO CD_VRSN_TBL (CD_VRSN_ID, CD_ID, STS_CD_ID, CRT_PROV_ID, MNEMONIC, CLS_ID) VALUES (gen_uuid(), char_to_uuid('f172eee7-7f4b-4022-81d0-76393a1200ae'), char_to_uuid('c8064cbd-fa06-4530-b430-1a52f1530c27'), char_to_uuid('fadca076-3690-4a6e-af9e-f1cd68e8c7e8'), 'StepParent', char_to_uuid('0d6b3439-c9be-4480-af39-eeb457c052d0'));--#!
INSERT INTO CD_VRSN_TBL (CD_VRSN_ID, CD_ID, STS_CD_ID, CRT_PROV_ID, MNEMONIC, CLS_ID) VALUES (gen_uuid(), char_to_uuid('7e6bc25d-5dea-4645-af3d-aa854b7b6f2f'), char_to_uuid('c8064cbd-fa06-4530-b430-1a52f1530c27'), char_to_uuid('fadca076-3690-4a6e-af9e-f1cd68e8c7e8'), 'StepSibling', char_to_uuid('0d6b3439-c9be-4480-af39-eeb457c052d0'));--#!
INSERT INTO CD_VRSN_TBL (CD_VRSN_ID, CD_ID, STS_CD_ID, CRT_PROV_ID, MNEMONIC, CLS_ID) VALUES (gen_uuid(), char_to_uuid('cb73d085-026c-4bc7-a1de-356bfd636246'), char_to_uuid('c8064cbd-fa06-4530-b430-1a52f1530c27'), char_to_uuid('fadca076-3690-4a6e-af9e-f1cd68e8c7e8'), 'Stepsister', char_to_uuid('0d6b3439-c9be-4480-af39-eeb457c052d0'));--#!
INSERT INTO CD_VRSN_TBL (CD_VRSN_ID, CD_ID, STS_CD_ID, CRT_PROV_ID, MNEMONIC, CLS_ID) VALUES (gen_uuid(), char_to_uuid('cfa978f4-140c-430d-82f8-1e6f2d74f48d'), char_to_uuid('c8064cbd-fa06-4530-b430-1a52f1530c27'), char_to_uuid('fadca076-3690-4a6e-af9e-f1cd68e8c7e8'), 'Stepson', char_to_uuid('0d6b3439-c9be-4480-af39-eeb457c052d0'));--#!
INSERT INTO CD_VRSN_TBL (CD_VRSN_ID, CD_ID, STS_CD_ID, CRT_PROV_ID, MNEMONIC, CLS_ID) VALUES (gen_uuid(), char_to_uuid('cdd99260-107c-4a4e-acaf-d7c9c7e90fdd'), char_to_uuid('c8064cbd-fa06-4530-b430-1a52f1530c27'), char_to_uuid('fadca076-3690-4a6e-af9e-f1cd68e8c7e8'), 'Uncle', char_to_uuid('0d6b3439-c9be-4480-af39-eeb457c052d0'));--#!
INSERT INTO CD_VRSN_TBL (CD_VRSN_ID, CD_ID, STS_CD_ID, CRT_PROV_ID, MNEMONIC, CLS_ID) VALUES (gen_uuid(), char_to_uuid('a3ff423e-81d5-4571-8edf-03c295189a23'), char_to_uuid('c8064cbd-fa06-4530-b430-1a52f1530c27'), char_to_uuid('fadca076-3690-4a6e-af9e-f1cd68e8c7e8'), 'Wife', char_to_uuid('0d6b3439-c9be-4480-af39-eeb457c052d0'));--#!
INSERT INTO CD_VRSN_TBL (CD_VRSN_ID, CD_ID, STS_CD_ID, CRT_PROV_ID, MNEMONIC, CLS_ID) VALUES (gen_uuid(), char_to_uuid('7ee5c1d2-1a21-41b1-8459-cb160fa36c60'), char_to_uuid('c8064cbd-fa06-4530-b430-1a52f1530c27'), char_to_uuid('fadca076-3690-4a6e-af9e-f1cd68e8c7e8'), 'RepresentativeHalflife', char_to_uuid('0d6b3439-c9be-4480-af39-eeb457c052d0'));--#!
INSERT INTO CD_VRSN_TBL (CD_VRSN_ID, CD_ID, STS_CD_ID, CRT_PROV_ID, MNEMONIC, CLS_ID) VALUES (gen_uuid(), char_to_uuid('71112058-63f9-4b38-97d9-4ccf58574e51'), char_to_uuid('c8064cbd-fa06-4530-b430-1a52f1530c27'), char_to_uuid('fadca076-3690-4a6e-af9e-f1cd68e8c7e8'), 'Coating', char_to_uuid('0d6b3439-c9be-4480-af39-eeb457c052d0'));--#!
INSERT INTO CD_VRSN_TBL (CD_VRSN_ID, CD_ID, STS_CD_ID, CRT_PROV_ID, MNEMONIC, CLS_ID) VALUES (gen_uuid(), char_to_uuid('12df3395-b43b-421e-b505-049515c228b1'), char_to_uuid('c8064cbd-fa06-4530-b430-1a52f1530c27'), char_to_uuid('fadca076-3690-4a6e-af9e-f1cd68e8c7e8'), 'Color', char_to_uuid('0d6b3439-c9be-4480-af39-eeb457c052d0'));--#!
INSERT INTO CD_VRSN_TBL (CD_VRSN_ID, CD_ID, STS_CD_ID, CRT_PROV_ID, MNEMONIC, CLS_ID) VALUES (gen_uuid(), char_to_uuid('8b071aec-9063-4398-b242-e561915abb51'), char_to_uuid('c8064cbd-fa06-4530-b430-1a52f1530c27'), char_to_uuid('fadca076-3690-4a6e-af9e-f1cd68e8c7e8'), 'Image', char_to_uuid('0d6b3439-c9be-4480-af39-eeb457c052d0'));--#!
INSERT INTO CD_VRSN_TBL (CD_VRSN_ID, CD_ID, STS_CD_ID, CRT_PROV_ID, MNEMONIC, CLS_ID) VALUES (gen_uuid(), char_to_uuid('04321b6c-5b19-44a2-be7a-4a53a221a456'), char_to_uuid('c8064cbd-fa06-4530-b430-1a52f1530c27'), char_to_uuid('fadca076-3690-4a6e-af9e-f1cd68e8c7e8'), 'ImprintCode', char_to_uuid('0d6b3439-c9be-4480-af39-eeb457c052d0'));--#!
INSERT INTO CD_VRSN_TBL (CD_VRSN_ID, CD_ID, STS_CD_ID, CRT_PROV_ID, MNEMONIC, CLS_ID) VALUES (gen_uuid(), char_to_uuid('b32962c3-eafa-4146-bbcd-0e33789de32c'), char_to_uuid('c8064cbd-fa06-4530-b430-1a52f1530c27'), char_to_uuid('fadca076-3690-4a6e-af9e-f1cd68e8c7e8'), 'Scoring', char_to_uuid('0d6b3439-c9be-4480-af39-eeb457c052d0'));--#!
INSERT INTO CD_VRSN_TBL (CD_VRSN_ID, CD_ID, STS_CD_ID, CRT_PROV_ID, MNEMONIC, CLS_ID) VALUES (gen_uuid(), char_to_uuid('93c93d62-048d-4e64-a0ce-7f2f62a8ec6e'), char_to_uuid('c8064cbd-fa06-4530-b430-1a52f1530c27'), char_to_uuid('fadca076-3690-4a6e-af9e-f1cd68e8c7e8'), 'Shape', char_to_uuid('0d6b3439-c9be-4480-af39-eeb457c052d0'));--#!
INSERT INTO CD_VRSN_TBL (CD_VRSN_ID, CD_ID, STS_CD_ID, CRT_PROV_ID, MNEMONIC, CLS_ID) VALUES (gen_uuid(), char_to_uuid('573a7fb8-fead-4bed-b325-c0fe68ce96ce'), char_to_uuid('c8064cbd-fa06-4530-b430-1a52f1530c27'), char_to_uuid('fadca076-3690-4a6e-af9e-f1cd68e8c7e8'), 'Size', char_to_uuid('0d6b3439-c9be-4480-af39-eeb457c052d0'));--#!
INSERT INTO CD_VRSN_TBL (CD_VRSN_ID, CD_ID, STS_CD_ID, CRT_PROV_ID, MNEMONIC, CLS_ID) VALUES (gen_uuid(), char_to_uuid('dc5e8411-cb3f-4b7f-8e0e-fc1d1ff3b084'), char_to_uuid('c8064cbd-fa06-4530-b430-1a52f1530c27'), char_to_uuid('fadca076-3690-4a6e-af9e-f1cd68e8c7e8'), 'Symbol', char_to_uuid('0d6b3439-c9be-4480-af39-eeb457c052d0'));--#!
INSERT INTO CD_VRSN_TBL (CD_VRSN_ID, CD_ID, STS_CD_ID, CRT_PROV_ID, MNEMONIC, CLS_ID) VALUES (gen_uuid(), char_to_uuid('1071d24e-6fe9-480f-8a20-b1825ae4d707'), char_to_uuid('c8064cbd-fa06-4530-b430-1a52f1530c27'), char_to_uuid('fadca076-3690-4a6e-af9e-f1cd68e8c7e8'), 'CareProvision', char_to_uuid('17fd5254-8c25-4abb-b246-083fbe9afa15'));--#!
INSERT INTO CD_VRSN_TBL (CD_VRSN_ID, CD_ID, STS_CD_ID, CRT_PROV_ID, MNEMONIC, CLS_ID) VALUES (gen_uuid(), char_to_uuid('8cc5ef0d-3911-4d99-937f-6cfdc2a27d55'), char_to_uuid('c8064cbd-fa06-4530-b430-1a52f1530c27'), char_to_uuid('fadca076-3690-4a6e-af9e-f1cd68e8c7e8'), 'Procedure', char_to_uuid('17fd5254-8c25-4abb-b246-083fbe9afa15'));--#!
INSERT INTO CD_VRSN_TBL (CD_VRSN_ID, CD_ID, STS_CD_ID, CRT_PROV_ID, MNEMONIC, CLS_ID) VALUES (gen_uuid(), char_to_uuid('e658ca72-3b6a-4099-ab6e-7cf6861a5b61'), char_to_uuid('c8064cbd-fa06-4530-b430-1a52f1530c27'), char_to_uuid('fadca076-3690-4a6e-af9e-f1cd68e8c7e8'), 'Request', char_to_uuid('bba99722-23ce-469a-8fa5-10deba853d35'));--#!
INSERT INTO CD_VRSN_TBL (CD_VRSN_ID, CD_ID, STS_CD_ID, CRT_PROV_ID, MNEMONIC, CLS_ID) VALUES (gen_uuid(), char_to_uuid('b389dedf-be61-456b-aa70-786e1a5a69e0'), char_to_uuid('c8064cbd-fa06-4530-b430-1a52f1530c27'), char_to_uuid('fadca076-3690-4a6e-af9e-f1cd68e8c7e8'), 'Promise', char_to_uuid('bba99722-23ce-469a-8fa5-10deba853d35'));--#!
INSERT INTO CD_VRSN_TBL (CD_VRSN_ID, CD_ID, STS_CD_ID, CRT_PROV_ID, MNEMONIC, CLS_ID) VALUES (gen_uuid(), char_to_uuid('5A209555-FB3A-437D-B043-0190685A4284'), char_to_uuid('c8064cbd-fa06-4530-b430-1a52f1530c27'), char_to_uuid('fadca076-3690-4a6e-af9e-f1cd68e8c7e8'), 'ChildProof', char_to_uuid('DC9CBC32-B8EA-4144-BEF1-DC618E28F4D7'));--#!
INSERT INTO CD_VRSN_TBL (CD_VRSN_ID, CD_ID, STS_CD_ID, CRT_PROV_ID, MNEMONIC, CLS_ID) VALUES (gen_uuid(), char_to_uuid('1E630924-CE10-4A8A-A91D-E319F517A6EC'), char_to_uuid('c8064cbd-fa06-4530-b430-1a52f1530c27'), char_to_uuid('fadca076-3690-4a6e-af9e-f1cd68e8c7e8'), 'EasyOpen', char_to_uuid('DC9CBC32-B8EA-4144-BEF1-DC618E28F4D7'));--#!
INSERT INTO CD_VRSN_TBL (CD_VRSN_ID, CD_ID, STS_CD_ID, CRT_PROV_ID, MNEMONIC, CLS_ID) VALUES (gen_uuid(), char_to_uuid('266A20FE-DFFB-4C8D-9EAD-FDC7CD86C552'), char_to_uuid('c8064cbd-fa06-4530-b430-1a52f1530c27'), char_to_uuid('fadca076-3690-4a6e-af9e-f1cd68e8c7e8'), 'Film', char_to_uuid('DC9CBC32-B8EA-4144-BEF1-DC618E28F4D7'));--#!
INSERT INTO CD_VRSN_TBL (CD_VRSN_ID, CD_ID, STS_CD_ID, CRT_PROV_ID, MNEMONIC, CLS_ID) VALUES (gen_uuid(), char_to_uuid('EE2B76DB-85E9-412F-90BB-47A94F8E4C30'), char_to_uuid('c8064cbd-fa06-4530-b430-1a52f1530c27'), char_to_uuid('fadca076-3690-4a6e-af9e-f1cd68e8c7e8'), 'Foil', char_to_uuid('DC9CBC32-B8EA-4144-BEF1-DC618E28F4D7'));--#!
INSERT INTO CD_VRSN_TBL (CD_VRSN_ID, CD_ID, STS_CD_ID, CRT_PROV_ID, MNEMONIC, CLS_ID) VALUES (gen_uuid(), char_to_uuid('6470A9BE-FCB4-463D-BB0C-894D0CDDD4C2'), char_to_uuid('c8064cbd-fa06-4530-b430-1a52f1530c27'), char_to_uuid('fadca076-3690-4a6e-af9e-f1cd68e8c7e8'), 'PushCap', char_to_uuid('DC9CBC32-B8EA-4144-BEF1-DC618E28F4D7'));--#!
INSERT INTO CD_VRSN_TBL (CD_VRSN_ID, CD_ID, STS_CD_ID, CRT_PROV_ID, MNEMONIC, CLS_ID) VALUES (gen_uuid(), char_to_uuid('47C40DF6-3F69-47CC-A84C-33037E4BFFD9'), char_to_uuid('c8064cbd-fa06-4530-b430-1a52f1530c27'), char_to_uuid('fadca076-3690-4a6e-af9e-f1cd68e8c7e8'), 'MedicationCap', char_to_uuid('DC9CBC32-B8EA-4144-BEF1-DC618E28F4D7'));--#!
INSERT INTO CD_VRSN_TBL (CD_VRSN_ID, CD_ID, STS_CD_ID, CRT_PROV_ID, MNEMONIC, CLS_ID) VALUES (gen_uuid(), char_to_uuid('05695B7C-6BF7-4AF7-A0C9-A5C8B2E63E05'), char_to_uuid('c8064cbd-fa06-4530-b430-1a52f1530c27'), char_to_uuid('fadca076-3690-4a6e-af9e-f1cd68e8c7e8'), 'ScrewCap', char_to_uuid('DC9CBC32-B8EA-4144-BEF1-DC618E28F4D7'));--#!
INSERT INTO CD_VRSN_TBL (CD_VRSN_ID, CD_ID, STS_CD_ID, CRT_PROV_ID, MNEMONIC, CLS_ID) VALUES (gen_uuid(), char_to_uuid('EE450FF6-9BED-4C47-90D2-671AB3041756'), char_to_uuid('c8064cbd-fa06-4530-b430-1a52f1530c27'), char_to_uuid('fadca076-3690-4a6e-af9e-f1cd68e8c7e8'), 'Gel', char_to_uuid('DC9CBC32-B8EA-4144-BEF1-DC618E28F4D7'));--#!
INSERT INTO CD_VRSN_TBL (CD_VRSN_ID, CD_ID, STS_CD_ID, CRT_PROV_ID, MNEMONIC, CLS_ID) VALUES (gen_uuid(), char_to_uuid('472524EB-C8D4-49F8-862A-EF4BD7CA0395'), char_to_uuid('c8064cbd-fa06-4530-b430-1a52f1530c27'), char_to_uuid('fadca076-3690-4a6e-af9e-f1cd68e8c7e8'), 'None', char_to_uuid('DC9CBC32-B8EA-4144-BEF1-DC618E28F4D7'));--#!
-- Code Systems
INSERT INTO CD_SYS_TBL (CS_ID, CS_NAME, OID, DOMAIN, CRT_PROV_ID, URL) VALUES (char_to_uuid('f7a5cbd8-5425-415e-8308-d14b94f56917'), 'ICD10', '2.16.840.1.113883.6.3', 'I10', char_to_uuid('fadca076-3690-4a6e-af9e-f1cd68e8c7e8'), 'http://hl7.org/fhir/sid/icd-10');--#!
INSERT INTO CD_SYS_TBL (CS_ID, CS_NAME, OID, DOMAIN, CRT_PROV_ID, URL) VALUES (char_to_uuid('ed9742e5-fa5b-4644-9fb5-2f935ed08b1e'), 'ICD10CM', '2.16.840.1.113883.6.90' ,'I10C', char_to_uuid('fadca076-3690-4a6e-af9e-f1cd68e8c7e8'), 'http://santedb.org/codesystem/icd-10-cm');--#!
INSERT INTO CD_SYS_TBL (CS_ID, CS_NAME, OID, DOMAIN, CRT_PROV_ID, URL) VALUES (char_to_uuid('51ea1e1b-edc0-455a-a72b-9076860e284d'), 'ICD9', '2.16.840.1.113883.6.2', 'I9', char_to_uuid('fadca076-3690-4a6e-af9e-f1cd68e8c7e8'), 'http://hl7.org/fhir/sid/icd-9');--#!
INSERT INTO CD_SYS_TBL (CS_ID, CS_NAME, OID, DOMAIN, CRT_PROV_ID, URL) VALUES (char_to_uuid('eb04fe20-bbbc-4c70-9eef-045bc4f70982'), 'ISO639-1', '2.16.840.1.113883.6.99', 'ISO639-1', char_to_uuid('fadca076-3690-4a6e-af9e-f1cd68e8c7e8'), 'http://hl7.org/fhir/sid/iso-639-1');--#!
INSERT INTO CD_SYS_TBL (CS_ID, CS_NAME, OID, DOMAIN, CRT_PROV_ID, URL) VALUES (char_to_uuid('089044ea-dd41-4258-a497-e6247dd364f6'), 'ISO639-2', '2.16.840.1.113883.6.100', 'ISO639-2', char_to_uuid('fadca076-3690-4a6e-af9e-f1cd68e8c7e8'),'http://santedb.org/codesystem/iso639-2');--#!
INSERT INTO CD_SYS_TBL (CS_ID, CS_NAME, OID, DOMAIN, CRT_PROV_ID, URL) VALUES (char_to_uuid('08c59397-706b-456a-aeb1-9e7d5a2adc94'), 'LOINC', '2.16.840.1.113883.6.1', 'LN', char_to_uuid('fadca076-3690-4a6e-af9e-f1cd68e8c7e8'),'http://hl7.org/fhir/sid/loinc');--#!
INSERT INTO CD_SYS_TBL (CS_ID, CS_NAME, OID, DOMAIN, CRT_PROV_ID, URL) VALUES (char_to_uuid('4853a702-fff3-4efb-8dd7-54aacca53664'), 'UCUM', '2.16.840.1.113883.6.8', 'UCUM', char_to_uuid('fadca076-3690-4a6e-af9e-f1cd68e8c7e8'),'http://hl7.org/fhir/sid/ucum');--#!
INSERT INTO CD_SYS_TBL (CS_ID, CS_NAME, OID, DOMAIN, CRT_PROV_ID, URL) VALUES (char_to_uuid('b3030751-d4db-420b-b765-e837607820cd'), 'SNOMED CT', '2.16.840.1.113883.6.96', 'SNM', char_to_uuid('fadca076-3690-4a6e-af9e-f1cd68e8c7e8'),'http://snomed.info');--#!
INSERT INTO CD_SYS_TBL (CS_ID, CS_NAME, OID, DOMAIN, CRT_PROV_ID, URL) VALUES (char_to_uuid('eba4f94a-2cad-4bb3-aca7-f4e54eaac4bd'), 'CVX Vaccine Codes', '2.16.840.1.113883.3.88.12.80.22', 'CVX', char_to_uuid('fadca076-3690-4a6e-af9e-f1cd68e8c7e8'),'http://hl7.org/fhir/conceptset/vaccine-code');--#!
INSERT INTO CD_SYS_TBL (CS_ID, DOMAIN, OID, CRT_PROV_ID, URL)  VALUES (char_to_uuid('bab1d66a-1e98-4bfd-9b4a-7c4be88f35d1'),'ActClassClinicalDocument','2.16.840.1.113883.5.6',char_to_uuid('fadca076-3690-4a6e-af9e-f1cd68e8c7e8'),'http://santedb.org/conceptset/v3-ActClassClinicalDocument');--#!
INSERT INTO CD_SYS_TBL (CS_ID, DOMAIN, OID, CRT_PROV_ID, URL)  VALUES (char_to_uuid('02823b47-c315-4366-8883-442e646d34be'),'ActEncounterCode','2.16.840.1.113883.5.4',char_to_uuid('fadca076-3690-4a6e-af9e-f1cd68e8c7e8'),'http://santedb.org/conceptset/v3-ActEncounterCode');--#!
INSERT INTO CD_SYS_TBL (CS_ID, DOMAIN, OID, CRT_PROV_ID, URL)  VALUES (char_to_uuid('bde8358f-7f9f-46e0-b326-3491429c2183'),'ActMoodEventCriterion','2.16.840.1.113883.5.1001',char_to_uuid('fadca076-3690-4a6e-af9e-f1cd68e8c7e8'),'http://santedb.org/conceptset/v3-ActMoodEventCriterion');--#!
INSERT INTO CD_SYS_TBL (CS_ID, DOMAIN, OID, CRT_PROV_ID, URL)  VALUES (char_to_uuid('92104605-20dc-42f9-9cde-acef7fb19ef0'),'ActRelationshipAuthorizedBy','2.16.840.1.113883.5.1002',char_to_uuid('fadca076-3690-4a6e-af9e-f1cd68e8c7e8'),'http://santedb.org/conceptset/v3-ActRelationshipAuthorizedBy');--#!
INSERT INTO CD_SYS_TBL (CS_ID, DOMAIN, OID, CRT_PROV_ID, URL)  VALUES (char_to_uuid('11288dc4-081a-4704-ad5c-e90e7da30c63'),'Currency','2.16.840.1.113883.5.1058',char_to_uuid('fadca076-3690-4a6e-af9e-f1cd68e8c7e8'),'http://santedb.org/conceptset/v3-Currency');--#!
INSERT INTO CD_SYS_TBL (CS_ID, DOMAIN, OID, CRT_PROV_ID, URL)  VALUES (char_to_uuid('986a9fee-5aca-4978-a2f6-4ca0902b891c'),'EntityClassDevice','2.16.840.1.113883.5.41',char_to_uuid('fadca076-3690-4a6e-af9e-f1cd68e8c7e8'),'http://santedb.org/conceptset/v3-EntityClassDevice');--#!
INSERT INTO CD_SYS_TBL (CS_ID, DOMAIN, OID, CRT_PROV_ID, URL)  VALUES (char_to_uuid('675987ce-ded2-43ff-8401-e124ffe82589'),'EntityDeterminer','2.16.840.1.113883.5.30',char_to_uuid('fadca076-3690-4a6e-af9e-f1cd68e8c7e8'),'http://santedb.org/conceptset/v3-EntityDeterminer');--#!
INSERT INTO CD_SYS_TBL (CS_ID, DOMAIN, OID, CRT_PROV_ID, URL)  VALUES (char_to_uuid('eb9d55f8-3328-49a4-ba10-775c931d0a42'),'ActParticipationType','2.16.840.1.113883.5.90',char_to_uuid('fadca076-3690-4a6e-af9e-f1cd68e8c7e8'),'http://santedb.org/conceptset/v3-ActParticipationType');--#!
INSERT INTO CD_SYS_TBL (CS_ID, DOMAIN, OID, CRT_PROV_ID, URL)  VALUES (char_to_uuid('ff12d77b-625d-497a-8794-c3726942b113'),'RoleClass','2.16.840.1.113883.5.110',char_to_uuid('fadca076-3690-4a6e-af9e-f1cd68e8c7e8'),'http://santedb.org/conceptset/v3-RoleClass');--#!
INSERT INTO CD_SYS_TBL (CS_ID, DOMAIN, OID, CRT_PROV_ID, URL)  VALUES (char_to_uuid('7a3a7139-b93e-4a99-bd54-749e30fe712a'),'AdministrativeGender','2.16.840.1.113883.5.1',char_to_uuid('fadca076-3690-4a6e-af9e-f1cd68e8c7e8'),'http://santedb.org/conceptset/v3-AdministrativeGender');--#!
INSERT INTO CD_SYS_TBL (CS_ID, DOMAIN, OID, CRT_PROV_ID, URL)  VALUES (char_to_uuid('9a4718fe-43f4-4b5b-9997-1d1fae894bb9'),'FamilyMember','2.16.840.1.113883.5.111',char_to_uuid('fadca076-3690-4a6e-af9e-f1cd68e8c7e8'), 'http://santedb.org/conceptset/v3-FamilyMember');--#!
INSERT INTO CD_SYS_TBL (CS_ID, DOMAIN, OID, CRT_PROV_ID, URL)  VALUES (char_to_uuid('5541093D-BCCA-4613-88B2-10F96A4765F7'),'ContainerCap','2.16.840.1.113883.5.26',char_to_uuid('fadca076-3690-4a6e-af9e-f1cd68e8c7e8'),'http://santedb.org/conceptset/v3-ContainerCap');--#!
INSERT INTO CD_SYS_TBL (CS_ID, DOMAIN, OID, CRT_PROV_ID, URL)  VALUES (char_to_uuid('98F068A8-0E48-4298-820F-34E00FC50953'),'ContainerSeparator','2.16.840.1.113883.5.27',char_to_uuid('fadca076-3690-4a6e-af9e-f1cd68e8c7e8'),'http://santedb.org/conceptset/v3-ContainerSeparator');--#!
-- Reference Terms
INSERT INTO REF_TERM_TBL (REF_TERM_ID, CS_ID, MNEMONIC, CRT_PROV_ID)  VALUES(char_to_uuid('80242f45-c915-47f9-a90c-1b80f7d6af71'),char_to_uuid('bab1d66a-1e98-4bfd-9b4a-7c4be88f35d1'),'DOCCLIN', char_to_uuid('fadca076-3690-4a6e-af9e-f1cd68e8c7e8'));--#!
INSERT INTO REF_TERM_TBL (REF_TERM_ID, CS_ID, MNEMONIC, CRT_PROV_ID)  VALUES(char_to_uuid('34ef1f74-40b1-432c-9c86-5b77d3cd23c0'),char_to_uuid('bab1d66a-1e98-4bfd-9b4a-7c4be88f35d1'),'CONS', char_to_uuid('fadca076-3690-4a6e-af9e-f1cd68e8c7e8'));--#!
INSERT INTO REF_TERM_TBL (REF_TERM_ID, CS_ID, MNEMONIC, CRT_PROV_ID)  VALUES(char_to_uuid('00f157f5-0a56-4bc9-95e3-ba64827b8852'),char_to_uuid('bab1d66a-1e98-4bfd-9b4a-7c4be88f35d1'),'DOC', char_to_uuid('fadca076-3690-4a6e-af9e-f1cd68e8c7e8'));--#!
INSERT INTO REF_TERM_TBL (REF_TERM_ID, CS_ID, MNEMONIC, CRT_PROV_ID)  VALUES(char_to_uuid('e3782171-f043-4510-b986-c7adc3fca593'),char_to_uuid('bab1d66a-1e98-4bfd-9b4a-7c4be88f35d1'),'DOCBODY', char_to_uuid('fadca076-3690-4a6e-af9e-f1cd68e8c7e8'));--#!
INSERT INTO REF_TERM_TBL (REF_TERM_ID, CS_ID, MNEMONIC, CRT_PROV_ID)  VALUES(char_to_uuid('08f44c29-1348-48dc-b426-c9fb2826a895'),char_to_uuid('bab1d66a-1e98-4bfd-9b4a-7c4be88f35d1'),'DOCSECT', char_to_uuid('fadca076-3690-4a6e-af9e-f1cd68e8c7e8'));--#!
INSERT INTO REF_TERM_TBL (REF_TERM_ID, CS_ID, MNEMONIC, CRT_PROV_ID)  VALUES(char_to_uuid('8139ad2d-29f7-456c-9290-a7dbb67c92fd'),char_to_uuid('bab1d66a-1e98-4bfd-9b4a-7c4be88f35d1'),'ENC', char_to_uuid('fadca076-3690-4a6e-af9e-f1cd68e8c7e8'));--#!
INSERT INTO REF_TERM_TBL (REF_TERM_ID, CS_ID, MNEMONIC, CRT_PROV_ID)  VALUES(char_to_uuid('bde21943-a344-477c-adda-af40bee4e177'),char_to_uuid('bab1d66a-1e98-4bfd-9b4a-7c4be88f35d1'),'CASE', char_to_uuid('fadca076-3690-4a6e-af9e-f1cd68e8c7e8'));--#!
INSERT INTO REF_TERM_TBL (REF_TERM_ID, CS_ID, MNEMONIC, CRT_PROV_ID)  VALUES(char_to_uuid('c3b7eac5-48a9-4895-9440-6acc15445ccb'),char_to_uuid('bab1d66a-1e98-4bfd-9b4a-7c4be88f35d1'),'COND', char_to_uuid('fadca076-3690-4a6e-af9e-f1cd68e8c7e8'));--#!
INSERT INTO REF_TERM_TBL (REF_TERM_ID, CS_ID, MNEMONIC, CRT_PROV_ID)  VALUES(char_to_uuid('c5b1b254-ba34-4e45-a604-24e02f34a36b'),char_to_uuid('bab1d66a-1e98-4bfd-9b4a-7c4be88f35d1'),'GEN', char_to_uuid('fadca076-3690-4a6e-af9e-f1cd68e8c7e8'));--#!
INSERT INTO REF_TERM_TBL (REF_TERM_ID, CS_ID, MNEMONIC, CRT_PROV_ID)  VALUES(char_to_uuid('83aac30c-0df1-4fd0-abd7-d7fceb00e04c'),char_to_uuid('bab1d66a-1e98-4bfd-9b4a-7c4be88f35d1'),'LLD', char_to_uuid('fadca076-3690-4a6e-af9e-f1cd68e8c7e8'));--#!
INSERT INTO REF_TERM_TBL (REF_TERM_ID, CS_ID, MNEMONIC, CRT_PROV_ID)  VALUES(char_to_uuid('9046a12d-4c54-460e-ba46-c92893f74f87'),char_to_uuid('bab1d66a-1e98-4bfd-9b4a-7c4be88f35d1'),'OBS', char_to_uuid('fadca076-3690-4a6e-af9e-f1cd68e8c7e8'));--#!
INSERT INTO REF_TERM_TBL (REF_TERM_ID, CS_ID, MNEMONIC, CRT_PROV_ID)  VALUES(char_to_uuid('32836d3b-0a29-4ab5-ad1f-6cb3dbd5df9a'),char_to_uuid('bab1d66a-1e98-4bfd-9b4a-7c4be88f35d1'),'OBSSER', char_to_uuid('fadca076-3690-4a6e-af9e-f1cd68e8c7e8'));--#!
INSERT INTO REF_TERM_TBL (REF_TERM_ID, CS_ID, MNEMONIC, CRT_PROV_ID)  VALUES(char_to_uuid('932d4fc2-35db-4938-9b0d-25bfce8e3121'),char_to_uuid('bab1d66a-1e98-4bfd-9b4a-7c4be88f35d1'),'POS', char_to_uuid('fadca076-3690-4a6e-af9e-f1cd68e8c7e8'));--#!
INSERT INTO REF_TERM_TBL (REF_TERM_ID, CS_ID, MNEMONIC, CRT_PROV_ID)  VALUES(char_to_uuid('8b48fe39-c489-42a8-8800-f2a97480c6af'),char_to_uuid('bab1d66a-1e98-4bfd-9b4a-7c4be88f35d1'),'PRN', char_to_uuid('fadca076-3690-4a6e-af9e-f1cd68e8c7e8'));--#!
INSERT INTO REF_TERM_TBL (REF_TERM_ID, CS_ID, MNEMONIC, CRT_PROV_ID)  VALUES(char_to_uuid('36ae7fc5-f2ad-4f66-a00d-e4bce99cd4e1'),char_to_uuid('bab1d66a-1e98-4bfd-9b4a-7c4be88f35d1'),'RLD', char_to_uuid('fadca076-3690-4a6e-af9e-f1cd68e8c7e8'));--#!
INSERT INTO REF_TERM_TBL (REF_TERM_ID, CS_ID, MNEMONIC, CRT_PROV_ID)  VALUES(char_to_uuid('2df19451-c5a3-415b-95e8-f1724bd840fb'),char_to_uuid('bab1d66a-1e98-4bfd-9b4a-7c4be88f35d1'),'SFWL', char_to_uuid('fadca076-3690-4a6e-af9e-f1cd68e8c7e8'));--#!
INSERT INTO REF_TERM_TBL (REF_TERM_ID, CS_ID, MNEMONIC, CRT_PROV_ID)  VALUES(char_to_uuid('d19c93b5-5364-4426-8171-081f7efcf115'),char_to_uuid('bab1d66a-1e98-4bfd-9b4a-7c4be88f35d1'),'SIT', char_to_uuid('fadca076-3690-4a6e-af9e-f1cd68e8c7e8'));--#!
INSERT INTO REF_TERM_TBL (REF_TERM_ID, CS_ID, MNEMONIC, CRT_PROV_ID)  VALUES(char_to_uuid('2630f5a3-649a-43d1-b039-20b06f55a222'),char_to_uuid('bab1d66a-1e98-4bfd-9b4a-7c4be88f35d1'),'STN', char_to_uuid('fadca076-3690-4a6e-af9e-f1cd68e8c7e8'));--#!
INSERT INTO REF_TERM_TBL (REF_TERM_ID, CS_ID, MNEMONIC, CRT_PROV_ID)  VALUES(char_to_uuid('fce8bdf3-12cd-4f04-a250-7e69f553347a'),char_to_uuid('bab1d66a-1e98-4bfd-9b4a-7c4be88f35d1'),'SUP', char_to_uuid('fadca076-3690-4a6e-af9e-f1cd68e8c7e8'));--#!
INSERT INTO REF_TERM_TBL (REF_TERM_ID, CS_ID, MNEMONIC, CRT_PROV_ID)  VALUES(char_to_uuid('2adccb38-6ecf-4c42-8221-4dcff3ce4c69'),char_to_uuid('bab1d66a-1e98-4bfd-9b4a-7c4be88f35d1'),'RTRD', char_to_uuid('fadca076-3690-4a6e-af9e-f1cd68e8c7e8'));--#!
INSERT INTO REF_TERM_TBL (REF_TERM_ID, CS_ID, MNEMONIC, CRT_PROV_ID)  VALUES(char_to_uuid('955cddc3-d4db-46be-9b04-1114fd41e424'),char_to_uuid('bab1d66a-1e98-4bfd-9b4a-7c4be88f35d1'),'TRD', char_to_uuid('fadca076-3690-4a6e-af9e-f1cd68e8c7e8'));--#!
INSERT INTO REF_TERM_TBL (REF_TERM_ID, CS_ID, MNEMONIC, CRT_PROV_ID)  VALUES(char_to_uuid('de69f5eb-3ed9-46dd-b516-cd034085d7c5'),char_to_uuid('bab1d66a-1e98-4bfd-9b4a-7c4be88f35d1'),'ROIOVL', char_to_uuid('fadca076-3690-4a6e-af9e-f1cd68e8c7e8'));--#!
INSERT INTO REF_TERM_TBL (REF_TERM_ID, CS_ID, MNEMONIC, CRT_PROV_ID)  VALUES(char_to_uuid('1bc2a587-a9d8-4577-81ce-9afa65921a19'),char_to_uuid('bab1d66a-1e98-4bfd-9b4a-7c4be88f35d1'),'PROC', char_to_uuid('fadca076-3690-4a6e-af9e-f1cd68e8c7e8'));--#!
INSERT INTO REF_TERM_TBL (REF_TERM_ID, CS_ID, MNEMONIC, CRT_PROV_ID)  VALUES(char_to_uuid('b8c0f2b0-01ca-477c-8f5b-c9c3aabc7f98'),char_to_uuid('bab1d66a-1e98-4bfd-9b4a-7c4be88f35d1'),'SBADM', char_to_uuid('fadca076-3690-4a6e-af9e-f1cd68e8c7e8'));--#!
INSERT INTO REF_TERM_TBL (REF_TERM_ID, CS_ID, MNEMONIC, CRT_PROV_ID)  VALUES(char_to_uuid('7d9d883e-37c6-4065-a5cf-3b0f09a162f3'),char_to_uuid('bab1d66a-1e98-4bfd-9b4a-7c4be88f35d1'),'SPLY', char_to_uuid('fadca076-3690-4a6e-af9e-f1cd68e8c7e8'));--#!
INSERT INTO REF_TERM_TBL (REF_TERM_ID, CS_ID, MNEMONIC, CRT_PROV_ID)  VALUES(char_to_uuid('cdb7f4cf-91fb-4af7-86b9-9d0d5363245b'),char_to_uuid('02823b47-c315-4366-8883-442e646d34be'),'AMB', char_to_uuid('fadca076-3690-4a6e-af9e-f1cd68e8c7e8'));--#!
INSERT INTO REF_TERM_TBL (REF_TERM_ID, CS_ID, MNEMONIC, CRT_PROV_ID)  VALUES(char_to_uuid('b7d419d0-f64a-4ab8-b0ec-94e961bcc7cb'),char_to_uuid('02823b47-c315-4366-8883-442e646d34be'),'EMER', char_to_uuid('fadca076-3690-4a6e-af9e-f1cd68e8c7e8'));--#!
INSERT INTO REF_TERM_TBL (REF_TERM_ID, CS_ID, MNEMONIC, CRT_PROV_ID)  VALUES(char_to_uuid('2da49834-3c58-45c6-9528-e0598cc692a3'),char_to_uuid('02823b47-c315-4366-8883-442e646d34be'),'FLD', char_to_uuid('fadca076-3690-4a6e-af9e-f1cd68e8c7e8'));--#!
INSERT INTO REF_TERM_TBL (REF_TERM_ID, CS_ID, MNEMONIC, CRT_PROV_ID)  VALUES(char_to_uuid('7cd92207-8263-43e0-b910-b660e1b0b111'),char_to_uuid('02823b47-c315-4366-8883-442e646d34be'),'HH', char_to_uuid('fadca076-3690-4a6e-af9e-f1cd68e8c7e8'));--#!
INSERT INTO REF_TERM_TBL (REF_TERM_ID, CS_ID, MNEMONIC, CRT_PROV_ID)  VALUES(char_to_uuid('64c4c372-d4d9-4bcc-9838-479e4bc14e96'),char_to_uuid('02823b47-c315-4366-8883-442e646d34be'),'IMP', char_to_uuid('fadca076-3690-4a6e-af9e-f1cd68e8c7e8'));--#!
INSERT INTO REF_TERM_TBL (REF_TERM_ID, CS_ID, MNEMONIC, CRT_PROV_ID)  VALUES(char_to_uuid('1121942c-5ca4-466f-8bf4-d060d1b13a7e'),char_to_uuid('02823b47-c315-4366-8883-442e646d34be'),'ACUTE', char_to_uuid('fadca076-3690-4a6e-af9e-f1cd68e8c7e8'));--#!
INSERT INTO REF_TERM_TBL (REF_TERM_ID, CS_ID, MNEMONIC, CRT_PROV_ID)  VALUES(char_to_uuid('0cc77549-2e56-44bc-9c7e-e41119e2fc6e'),char_to_uuid('02823b47-c315-4366-8883-442e646d34be'),'NONAC', char_to_uuid('fadca076-3690-4a6e-af9e-f1cd68e8c7e8'));--#!
INSERT INTO REF_TERM_TBL (REF_TERM_ID, CS_ID, MNEMONIC, CRT_PROV_ID)  VALUES(char_to_uuid('baf12ffd-24d1-4d44-8bf8-888115e13e32'),char_to_uuid('02823b47-c315-4366-8883-442e646d34be'),'SS', char_to_uuid('fadca076-3690-4a6e-af9e-f1cd68e8c7e8'));--#!
INSERT INTO REF_TERM_TBL (REF_TERM_ID, CS_ID, MNEMONIC, CRT_PROV_ID)  VALUES(char_to_uuid('15772372-5a16-4a89-95d9-19c710493c3f'),char_to_uuid('02823b47-c315-4366-8883-442e646d34be'),'VR', char_to_uuid('fadca076-3690-4a6e-af9e-f1cd68e8c7e8'));--#!
INSERT INTO REF_TERM_TBL (REF_TERM_ID, CS_ID, MNEMONIC, CRT_PROV_ID)  VALUES(char_to_uuid('f87e06d4-03e7-4afa-a382-980db142cf95'),char_to_uuid('bde8358f-7f9f-46e0-b326-3491429c2183'),'EVN.CRT', char_to_uuid('fadca076-3690-4a6e-af9e-f1cd68e8c7e8'));--#!
INSERT INTO REF_TERM_TBL (REF_TERM_ID, CS_ID, MNEMONIC, CRT_PROV_ID)  VALUES(char_to_uuid('eb93e8af-e880-4684-a553-7651364cee4f'),char_to_uuid('bde8358f-7f9f-46e0-b326-3491429c2183'),'EVN', char_to_uuid('fadca076-3690-4a6e-af9e-f1cd68e8c7e8'));--#!
INSERT INTO REF_TERM_TBL (REF_TERM_ID, CS_ID, MNEMONIC, CRT_PROV_ID)  VALUES(char_to_uuid('259cc454-a9ca-4032-89f5-af11a6c89653'),char_to_uuid('bde8358f-7f9f-46e0-b326-3491429c2183'),'RQO', char_to_uuid('fadca076-3690-4a6e-af9e-f1cd68e8c7e8'));--#!
INSERT INTO REF_TERM_TBL (REF_TERM_ID, CS_ID, MNEMONIC, CRT_PROV_ID)  VALUES(char_to_uuid('cd5b0ff1-da93-4bf8-8fdd-73a5268fe10e'),char_to_uuid('92104605-20dc-42f9-9cde-acef7fb19ef0'),'AUTH', char_to_uuid('fadca076-3690-4a6e-af9e-f1cd68e8c7e8'));--#!
INSERT INTO REF_TERM_TBL (REF_TERM_ID, CS_ID, MNEMONIC, CRT_PROV_ID)  VALUES(char_to_uuid('80a748fa-b226-4ae2-a503-3fe4dfa654df'),char_to_uuid('92104605-20dc-42f9-9cde-acef7fb19ef0'),'DOC', char_to_uuid('fadca076-3690-4a6e-af9e-f1cd68e8c7e8'));--#!
INSERT INTO REF_TERM_TBL (REF_TERM_ID, CS_ID, MNEMONIC, CRT_PROV_ID)  VALUES(char_to_uuid('6d057d15-69fa-4d26-99f1-3ab90990cb95'),char_to_uuid('92104605-20dc-42f9-9cde-acef7fb19ef0'),'FLFS', char_to_uuid('fadca076-3690-4a6e-af9e-f1cd68e8c7e8'));--#!
INSERT INTO REF_TERM_TBL (REF_TERM_ID, CS_ID, MNEMONIC, CRT_PROV_ID)  VALUES(char_to_uuid('a6f1b2c4-0b3f-49fa-87b3-cd9d3e2865e1'),char_to_uuid('92104605-20dc-42f9-9cde-acef7fb19ef0'),'COMP', char_to_uuid('fadca076-3690-4a6e-af9e-f1cd68e8c7e8'));--#!
INSERT INTO REF_TERM_TBL (REF_TERM_ID, CS_ID, MNEMONIC, CRT_PROV_ID)  VALUES(char_to_uuid('16ac17df-955e-4c1e-a1e7-77d60da3e5fd'),char_to_uuid('92104605-20dc-42f9-9cde-acef7fb19ef0'),'ARR', char_to_uuid('fadca076-3690-4a6e-af9e-f1cd68e8c7e8'));--#!
INSERT INTO REF_TERM_TBL (REF_TERM_ID, CS_ID, MNEMONIC, CRT_PROV_ID)  VALUES(char_to_uuid('efba2a18-2a51-411f-a69c-ef6fcd86a8f4'),char_to_uuid('92104605-20dc-42f9-9cde-acef7fb19ef0'),'CTRLV', char_to_uuid('fadca076-3690-4a6e-af9e-f1cd68e8c7e8'));--#!
INSERT INTO REF_TERM_TBL (REF_TERM_ID, CS_ID, MNEMONIC, CRT_PROV_ID)  VALUES(char_to_uuid('22c7f32c-30e7-4e39-b027-be18d56c0d69'),char_to_uuid('92104605-20dc-42f9-9cde-acef7fb19ef0'),'DEP', char_to_uuid('fadca076-3690-4a6e-af9e-f1cd68e8c7e8'));--#!
INSERT INTO REF_TERM_TBL (REF_TERM_ID, CS_ID, MNEMONIC, CRT_PROV_ID)  VALUES(char_to_uuid('a41b04aa-21a2-4dc3-a1b0-63b6c1abb638'),char_to_uuid('92104605-20dc-42f9-9cde-acef7fb19ef0'),'PRCN', char_to_uuid('fadca076-3690-4a6e-af9e-f1cd68e8c7e8'));--#!
INSERT INTO REF_TERM_TBL (REF_TERM_ID, CS_ID, MNEMONIC, CRT_PROV_ID)  VALUES(char_to_uuid('d820400c-d81c-42bc-8880-2bd8c96bb84c'),char_to_uuid('92104605-20dc-42f9-9cde-acef7fb19ef0'),'REFV', char_to_uuid('fadca076-3690-4a6e-af9e-f1cd68e8c7e8'));--#!
INSERT INTO REF_TERM_TBL (REF_TERM_ID, CS_ID, MNEMONIC, CRT_PROV_ID)  VALUES(char_to_uuid('7e2a582a-6e75-440a-89a0-34762981052e'),char_to_uuid('11288dc4-081a-4704-ad5c-e90e7da30c63'),'ARS', char_to_uuid('fadca076-3690-4a6e-af9e-f1cd68e8c7e8'));--#!
INSERT INTO REF_TERM_TBL (REF_TERM_ID, CS_ID, MNEMONIC, CRT_PROV_ID)  VALUES(char_to_uuid('c5883d98-e0e7-4dca-9a5d-0ec3b3f6cf62'),char_to_uuid('11288dc4-081a-4704-ad5c-e90e7da30c63'),'AUD', char_to_uuid('fadca076-3690-4a6e-af9e-f1cd68e8c7e8'));--#!
INSERT INTO REF_TERM_TBL (REF_TERM_ID, CS_ID, MNEMONIC, CRT_PROV_ID)  VALUES(char_to_uuid('57312fe4-0ffc-4935-b957-da64de9c1f41'),char_to_uuid('11288dc4-081a-4704-ad5c-e90e7da30c63'),'BRL', char_to_uuid('fadca076-3690-4a6e-af9e-f1cd68e8c7e8'));--#!
INSERT INTO REF_TERM_TBL (REF_TERM_ID, CS_ID, MNEMONIC, CRT_PROV_ID)  VALUES(char_to_uuid('c888fc8b-a2b5-405a-b6f5-997b92737cb0'),char_to_uuid('11288dc4-081a-4704-ad5c-e90e7da30c63'),'CAD', char_to_uuid('fadca076-3690-4a6e-af9e-f1cd68e8c7e8'));--#!
INSERT INTO REF_TERM_TBL (REF_TERM_ID, CS_ID, MNEMONIC, CRT_PROV_ID)  VALUES(char_to_uuid('02c89413-02df-4b0d-99a9-32ad4e8c6a36'),char_to_uuid('11288dc4-081a-4704-ad5c-e90e7da30c63'),'CHF', char_to_uuid('fadca076-3690-4a6e-af9e-f1cd68e8c7e8'));--#!
INSERT INTO REF_TERM_TBL (REF_TERM_ID, CS_ID, MNEMONIC, CRT_PROV_ID)  VALUES(char_to_uuid('a65ac557-6bf0-4ca9-970c-97ffd1399800'),char_to_uuid('11288dc4-081a-4704-ad5c-e90e7da30c63'),'CLF', char_to_uuid('fadca076-3690-4a6e-af9e-f1cd68e8c7e8'));--#!
INSERT INTO REF_TERM_TBL (REF_TERM_ID, CS_ID, MNEMONIC, CRT_PROV_ID)  VALUES(char_to_uuid('94e95780-1911-4f67-98c3-1536e561962f'),char_to_uuid('11288dc4-081a-4704-ad5c-e90e7da30c63'),'CNY', char_to_uuid('fadca076-3690-4a6e-af9e-f1cd68e8c7e8'));--#!
INSERT INTO REF_TERM_TBL (REF_TERM_ID, CS_ID, MNEMONIC, CRT_PROV_ID)  VALUES(char_to_uuid('08fd8ad2-d974-4179-8718-342341b0f498'),char_to_uuid('11288dc4-081a-4704-ad5c-e90e7da30c63'),'DEM', char_to_uuid('fadca076-3690-4a6e-af9e-f1cd68e8c7e8'));--#!
INSERT INTO REF_TERM_TBL (REF_TERM_ID, CS_ID, MNEMONIC, CRT_PROV_ID)  VALUES(char_to_uuid('cfcccba3-aad1-4685-9e0b-39f53b8da4bb'),char_to_uuid('11288dc4-081a-4704-ad5c-e90e7da30c63'),'ESP', char_to_uuid('fadca076-3690-4a6e-af9e-f1cd68e8c7e8'));--#!
INSERT INTO REF_TERM_TBL (REF_TERM_ID, CS_ID, MNEMONIC, CRT_PROV_ID)  VALUES(char_to_uuid('a74279d6-96f0-4cda-94a9-a3e233c58036'),char_to_uuid('11288dc4-081a-4704-ad5c-e90e7da30c63'),'EUR', char_to_uuid('fadca076-3690-4a6e-af9e-f1cd68e8c7e8'));--#!
INSERT INTO REF_TERM_TBL (REF_TERM_ID, CS_ID, MNEMONIC, CRT_PROV_ID)  VALUES(char_to_uuid('230a62a1-05f1-4f83-8450-48dda67dcd69'),char_to_uuid('11288dc4-081a-4704-ad5c-e90e7da30c63'),'FIM', char_to_uuid('fadca076-3690-4a6e-af9e-f1cd68e8c7e8'));--#!
INSERT INTO REF_TERM_TBL (REF_TERM_ID, CS_ID, MNEMONIC, CRT_PROV_ID)  VALUES(char_to_uuid('59b90a5a-a72a-4e1f-ae45-2073c357c5be'),char_to_uuid('11288dc4-081a-4704-ad5c-e90e7da30c63'),'FRF', char_to_uuid('fadca076-3690-4a6e-af9e-f1cd68e8c7e8'));--#!
INSERT INTO REF_TERM_TBL (REF_TERM_ID, CS_ID, MNEMONIC, CRT_PROV_ID)  VALUES(char_to_uuid('8ccd6a0d-4e2a-4b54-8045-2786eda31b46'),char_to_uuid('11288dc4-081a-4704-ad5c-e90e7da30c63'),'GBP', char_to_uuid('fadca076-3690-4a6e-af9e-f1cd68e8c7e8'));--#!
INSERT INTO REF_TERM_TBL (REF_TERM_ID, CS_ID, MNEMONIC, CRT_PROV_ID)  VALUES(char_to_uuid('9da2deff-231f-41d4-a64a-0f4ca0d4e407'),char_to_uuid('11288dc4-081a-4704-ad5c-e90e7da30c63'),'ILS', char_to_uuid('fadca076-3690-4a6e-af9e-f1cd68e8c7e8'));--#!
INSERT INTO REF_TERM_TBL (REF_TERM_ID, CS_ID, MNEMONIC, CRT_PROV_ID)  VALUES(char_to_uuid('15fc312c-cb80-40e7-92ab-83a4ee511de4'),char_to_uuid('11288dc4-081a-4704-ad5c-e90e7da30c63'),'INR', char_to_uuid('fadca076-3690-4a6e-af9e-f1cd68e8c7e8'));--#!
INSERT INTO REF_TERM_TBL (REF_TERM_ID, CS_ID, MNEMONIC, CRT_PROV_ID)  VALUES(char_to_uuid('9333fcc0-fecd-413d-8007-5fcf555ede1a'),char_to_uuid('11288dc4-081a-4704-ad5c-e90e7da30c63'),'JPY', char_to_uuid('fadca076-3690-4a6e-af9e-f1cd68e8c7e8'));--#!
INSERT INTO REF_TERM_TBL (REF_TERM_ID, CS_ID, MNEMONIC, CRT_PROV_ID)  VALUES(char_to_uuid('2cde2dbe-3f75-4549-9bd1-316b133428d9'),char_to_uuid('11288dc4-081a-4704-ad5c-e90e7da30c63'),'KRW', char_to_uuid('fadca076-3690-4a6e-af9e-f1cd68e8c7e8'));--#!
INSERT INTO REF_TERM_TBL (REF_TERM_ID, CS_ID, MNEMONIC, CRT_PROV_ID)  VALUES(char_to_uuid('24a617a5-a5eb-4c6a-8b91-90ba50366082'),char_to_uuid('11288dc4-081a-4704-ad5c-e90e7da30c63'),'MXN', char_to_uuid('fadca076-3690-4a6e-af9e-f1cd68e8c7e8'));--#!
INSERT INTO REF_TERM_TBL (REF_TERM_ID, CS_ID, MNEMONIC, CRT_PROV_ID)  VALUES(char_to_uuid('999c31b1-e279-4281-a2f0-48bb69af48d6'),char_to_uuid('11288dc4-081a-4704-ad5c-e90e7da30c63'),'NLG', char_to_uuid('fadca076-3690-4a6e-af9e-f1cd68e8c7e8'));--#!
INSERT INTO REF_TERM_TBL (REF_TERM_ID, CS_ID, MNEMONIC, CRT_PROV_ID)  VALUES(char_to_uuid('22292ed4-8f63-46fb-94fb-eb028fc26282'),char_to_uuid('11288dc4-081a-4704-ad5c-e90e7da30c63'),'NZD', char_to_uuid('fadca076-3690-4a6e-af9e-f1cd68e8c7e8'));--#!
INSERT INTO REF_TERM_TBL (REF_TERM_ID, CS_ID, MNEMONIC, CRT_PROV_ID)  VALUES(char_to_uuid('113236d8-e96c-49c1-8aba-e1ae73042287'),char_to_uuid('11288dc4-081a-4704-ad5c-e90e7da30c63'),'PHP', char_to_uuid('fadca076-3690-4a6e-af9e-f1cd68e8c7e8'));--#!
INSERT INTO REF_TERM_TBL (REF_TERM_ID, CS_ID, MNEMONIC, CRT_PROV_ID)  VALUES(char_to_uuid('c2e7306d-2aea-436a-a36e-c74ec266b39b'),char_to_uuid('11288dc4-081a-4704-ad5c-e90e7da30c63'),'RUR', char_to_uuid('fadca076-3690-4a6e-af9e-f1cd68e8c7e8'));--#!
INSERT INTO REF_TERM_TBL (REF_TERM_ID, CS_ID, MNEMONIC, CRT_PROV_ID)  VALUES(char_to_uuid('e202e081-5d3c-42a1-8efd-9f3e068eb87e'),char_to_uuid('11288dc4-081a-4704-ad5c-e90e7da30c63'),'THB', char_to_uuid('fadca076-3690-4a6e-af9e-f1cd68e8c7e8'));--#!
INSERT INTO REF_TERM_TBL (REF_TERM_ID, CS_ID, MNEMONIC, CRT_PROV_ID)  VALUES(char_to_uuid('4269be06-e554-4714-8381-287a0edbadbb'),char_to_uuid('11288dc4-081a-4704-ad5c-e90e7da30c63'),'TRL', char_to_uuid('fadca076-3690-4a6e-af9e-f1cd68e8c7e8'));--#!
INSERT INTO REF_TERM_TBL (REF_TERM_ID, CS_ID, MNEMONIC, CRT_PROV_ID)  VALUES(char_to_uuid('4609e1fb-df75-4209-ac1e-70e14eb18c1e'),char_to_uuid('11288dc4-081a-4704-ad5c-e90e7da30c63'),'TWD', char_to_uuid('fadca076-3690-4a6e-af9e-f1cd68e8c7e8'));--#!
INSERT INTO REF_TERM_TBL (REF_TERM_ID, CS_ID, MNEMONIC, CRT_PROV_ID)  VALUES(char_to_uuid('2018e5f4-fee1-40ec-a368-350da5fbf212'),char_to_uuid('11288dc4-081a-4704-ad5c-e90e7da30c63'),'USD', char_to_uuid('fadca076-3690-4a6e-af9e-f1cd68e8c7e8'));--#!
INSERT INTO REF_TERM_TBL (REF_TERM_ID, CS_ID, MNEMONIC, CRT_PROV_ID)  VALUES(char_to_uuid('73f4abdf-9d2a-491b-982e-8e683ff0abdc'),char_to_uuid('11288dc4-081a-4704-ad5c-e90e7da30c63'),'ZAR', char_to_uuid('fadca076-3690-4a6e-af9e-f1cd68e8c7e8'));--#!
INSERT INTO REF_TERM_TBL (REF_TERM_ID, CS_ID, MNEMONIC, CRT_PROV_ID)  VALUES(char_to_uuid('2077af57-8085-48c6-8a95-3a2bb50af477'),char_to_uuid('986a9fee-5aca-4978-a2f6-4ca0902b891c'),'DEV', char_to_uuid('fadca076-3690-4a6e-af9e-f1cd68e8c7e8'));--#!
INSERT INTO REF_TERM_TBL (REF_TERM_ID, CS_ID, MNEMONIC, CRT_PROV_ID)  VALUES(char_to_uuid('f996c8be-bd96-4320-a8e9-5410eacde7ef'),char_to_uuid('986a9fee-5aca-4978-a2f6-4ca0902b891c'),'CONT', char_to_uuid('fadca076-3690-4a6e-af9e-f1cd68e8c7e8'));--#!
INSERT INTO REF_TERM_TBL (REF_TERM_ID, CS_ID, MNEMONIC, CRT_PROV_ID)  VALUES(char_to_uuid('e1ac4c12-8903-4a1f-b712-052371f7c26b'),char_to_uuid('986a9fee-5aca-4978-a2f6-4ca0902b891c'),'MMAT', char_to_uuid('fadca076-3690-4a6e-af9e-f1cd68e8c7e8'));--#!
INSERT INTO REF_TERM_TBL (REF_TERM_ID, CS_ID, MNEMONIC, CRT_PROV_ID)  VALUES(char_to_uuid('caf7fd76-d92d-4e3f-a17c-9b35cb8a1cb6'),char_to_uuid('986a9fee-5aca-4978-a2f6-4ca0902b891c'),'ORG', char_to_uuid('fadca076-3690-4a6e-af9e-f1cd68e8c7e8'));--#!
INSERT INTO REF_TERM_TBL (REF_TERM_ID, CS_ID, MNEMONIC, CRT_PROV_ID)  VALUES(char_to_uuid('9c0a580e-0396-4e23-a2bf-12006e95e006'),char_to_uuid('986a9fee-5aca-4978-a2f6-4ca0902b891c'),'STATE', char_to_uuid('fadca076-3690-4a6e-af9e-f1cd68e8c7e8'));--#!
INSERT INTO REF_TERM_TBL (REF_TERM_ID, CS_ID, MNEMONIC, CRT_PROV_ID)  VALUES(char_to_uuid('5854e6a6-d581-42ad-91e8-16ef03c4070b'),char_to_uuid('986a9fee-5aca-4978-a2f6-4ca0902b891c'),'PSN', char_to_uuid('fadca076-3690-4a6e-af9e-f1cd68e8c7e8'));--#!
INSERT INTO REF_TERM_TBL (REF_TERM_ID, CS_ID, MNEMONIC, CRT_PROV_ID)  VALUES(char_to_uuid('f1a94de5-55e8-4f35-bde6-f043887b2ed7'),char_to_uuid('986a9fee-5aca-4978-a2f6-4ca0902b891c'),'PLC', char_to_uuid('fadca076-3690-4a6e-af9e-f1cd68e8c7e8'));--#!
INSERT INTO REF_TERM_TBL (REF_TERM_ID, CS_ID, MNEMONIC, CRT_PROV_ID)  VALUES(char_to_uuid('134b5597-e21a-4e98-8f44-97c5df2d4bd9'),char_to_uuid('986a9fee-5aca-4978-a2f6-4ca0902b891c'),'ENT', char_to_uuid('fadca076-3690-4a6e-af9e-f1cd68e8c7e8'));--#!
INSERT INTO REF_TERM_TBL (REF_TERM_ID, CS_ID, MNEMONIC, CRT_PROV_ID)  VALUES(char_to_uuid('87f88600-45fe-4cd6-be2f-d52c69a33a42'),char_to_uuid('986a9fee-5aca-4978-a2f6-4ca0902b891c'),'HCE', char_to_uuid('fadca076-3690-4a6e-af9e-f1cd68e8c7e8'));--#!
INSERT INTO REF_TERM_TBL (REF_TERM_ID, CS_ID, MNEMONIC, CRT_PROV_ID)  VALUES(char_to_uuid('b2f28b5c-2f30-453f-971c-e0c55a15b3f5'),char_to_uuid('986a9fee-5aca-4978-a2f6-4ca0902b891c'),'LIV', char_to_uuid('fadca076-3690-4a6e-af9e-f1cd68e8c7e8'));--#!
INSERT INTO REF_TERM_TBL (REF_TERM_ID, CS_ID, MNEMONIC, CRT_PROV_ID)  VALUES(char_to_uuid('a12235e5-2361-45c5-8e4a-ab5947d7354d'),char_to_uuid('986a9fee-5aca-4978-a2f6-4ca0902b891c'),'NLIV', char_to_uuid('fadca076-3690-4a6e-af9e-f1cd68e8c7e8'));--#!
INSERT INTO REF_TERM_TBL (REF_TERM_ID, CS_ID, MNEMONIC, CRT_PROV_ID)  VALUES(char_to_uuid('47a3eb04-9f55-44ee-abb8-920649ec70cc'),char_to_uuid('986a9fee-5aca-4978-a2f6-4ca0902b891c'),'ANM', char_to_uuid('fadca076-3690-4a6e-af9e-f1cd68e8c7e8'));--#!
INSERT INTO REF_TERM_TBL (REF_TERM_ID, CS_ID, MNEMONIC, CRT_PROV_ID)  VALUES(char_to_uuid('064be6eb-73c0-4df4-834b-5e40e4d8de55'),char_to_uuid('986a9fee-5aca-4978-a2f6-4ca0902b891c'),'MIC', char_to_uuid('fadca076-3690-4a6e-af9e-f1cd68e8c7e8'));--#!
INSERT INTO REF_TERM_TBL (REF_TERM_ID, CS_ID, MNEMONIC, CRT_PROV_ID)  VALUES(char_to_uuid('13b395a2-7f2c-42a8-bf32-234429ffb424'),char_to_uuid('986a9fee-5aca-4978-a2f6-4ca0902b891c'),'PLNT', char_to_uuid('fadca076-3690-4a6e-af9e-f1cd68e8c7e8'));--#!
INSERT INTO REF_TERM_TBL (REF_TERM_ID, CS_ID, MNEMONIC, CRT_PROV_ID)  VALUES(char_to_uuid('381eac72-38a6-4904-9e6d-a5dcd499ed72'),char_to_uuid('986a9fee-5aca-4978-a2f6-4ca0902b891c'),'MAT', char_to_uuid('fadca076-3690-4a6e-af9e-f1cd68e8c7e8'));--#!
INSERT INTO REF_TERM_TBL (REF_TERM_ID, CS_ID, MNEMONIC, CRT_PROV_ID)  VALUES(char_to_uuid('187d4148-d9d8-4a0f-b642-ce17dbd9b8a4'),char_to_uuid('986a9fee-5aca-4978-a2f6-4ca0902b891c'),'CHEM', char_to_uuid('fadca076-3690-4a6e-af9e-f1cd68e8c7e8'));--#!
INSERT INTO REF_TERM_TBL (REF_TERM_ID, CS_ID, MNEMONIC, CRT_PROV_ID)  VALUES(char_to_uuid('c0b026c0-e65f-47c8-8e05-2812a54516af'),char_to_uuid('986a9fee-5aca-4978-a2f6-4ca0902b891c'),'FOOD', char_to_uuid('fadca076-3690-4a6e-af9e-f1cd68e8c7e8'));--#!
INSERT INTO REF_TERM_TBL (REF_TERM_ID, CS_ID, MNEMONIC, CRT_PROV_ID)  VALUES(char_to_uuid('a1d6f704-6f54-4ccf-a189-385b9014b4a9'),char_to_uuid('986a9fee-5aca-4978-a2f6-4ca0902b891c'),'HOLD', char_to_uuid('fadca076-3690-4a6e-af9e-f1cd68e8c7e8'));--#!
INSERT INTO REF_TERM_TBL (REF_TERM_ID, CS_ID, MNEMONIC, CRT_PROV_ID)  VALUES(char_to_uuid('763f65ac-9735-403d-8826-2d974ac0b371'),char_to_uuid('986a9fee-5aca-4978-a2f6-4ca0902b891c'),'CER', char_to_uuid('fadca076-3690-4a6e-af9e-f1cd68e8c7e8'));--#!
INSERT INTO REF_TERM_TBL (REF_TERM_ID, CS_ID, MNEMONIC, CRT_PROV_ID)  VALUES(char_to_uuid('69bf72cc-d383-45c3-8335-eb8d709e8e58'),char_to_uuid('986a9fee-5aca-4978-a2f6-4ca0902b891c'),'MODDV', char_to_uuid('fadca076-3690-4a6e-af9e-f1cd68e8c7e8'));--#!
INSERT INTO REF_TERM_TBL (REF_TERM_ID, CS_ID, MNEMONIC, CRT_PROV_ID)  VALUES(char_to_uuid('a05812c1-137b-449c-ad42-ec079cd353da'),char_to_uuid('986a9fee-5aca-4978-a2f6-4ca0902b891c'),'PUB', char_to_uuid('fadca076-3690-4a6e-af9e-f1cd68e8c7e8'));--#!
INSERT INTO REF_TERM_TBL (REF_TERM_ID, CS_ID, MNEMONIC, CRT_PROV_ID)  VALUES(char_to_uuid('53d79a52-fd69-4e10-8a90-7244299ca595'),char_to_uuid('986a9fee-5aca-4978-a2f6-4ca0902b891c'),'NAT', char_to_uuid('fadca076-3690-4a6e-af9e-f1cd68e8c7e8'));--#!
INSERT INTO REF_TERM_TBL (REF_TERM_ID, CS_ID, MNEMONIC, CRT_PROV_ID)  VALUES(char_to_uuid('b7c9f62d-54db-4b6e-8e55-dec103d4aa75'),char_to_uuid('986a9fee-5aca-4978-a2f6-4ca0902b891c'),'CITY', char_to_uuid('fadca076-3690-4a6e-af9e-f1cd68e8c7e8'));--#!
INSERT INTO REF_TERM_TBL (REF_TERM_ID, CS_ID, MNEMONIC, CRT_PROV_ID)  VALUES(char_to_uuid('3fe3ebc2-d0e2-49ea-bd2e-28b4bc4982b1'),char_to_uuid('986a9fee-5aca-4978-a2f6-4ca0902b891c'),'COUNTRY', char_to_uuid('fadca076-3690-4a6e-af9e-f1cd68e8c7e8'));--#!
INSERT INTO REF_TERM_TBL (REF_TERM_ID, CS_ID, MNEMONIC, CRT_PROV_ID)  VALUES(char_to_uuid('78a9d9f6-b9c3-4ea7-8c74-2d689fca8f2a'),char_to_uuid('986a9fee-5aca-4978-a2f6-4ca0902b891c'),'COUNTY', char_to_uuid('fadca076-3690-4a6e-af9e-f1cd68e8c7e8'));--#!
INSERT INTO REF_TERM_TBL (REF_TERM_ID, CS_ID, MNEMONIC, CRT_PROV_ID)  VALUES(char_to_uuid('e9d0f10e-6a79-4104-b5fc-e9d21ef1f9fd'),char_to_uuid('986a9fee-5aca-4978-a2f6-4ca0902b891c'),'PROVINCE', char_to_uuid('fadca076-3690-4a6e-af9e-f1cd68e8c7e8'));--#!
INSERT INTO REF_TERM_TBL (REF_TERM_ID, CS_ID, MNEMONIC, CRT_PROV_ID)  VALUES(char_to_uuid('b8c01e74-19b1-4489-bd96-9e8c2ad44913'),char_to_uuid('986a9fee-5aca-4978-a2f6-4ca0902b891c'),'RGRP', char_to_uuid('fadca076-3690-4a6e-af9e-f1cd68e8c7e8'));--#!
INSERT INTO REF_TERM_TBL (REF_TERM_ID, CS_ID, MNEMONIC, CRT_PROV_ID)  VALUES(char_to_uuid('d5204acd-3bf5-46b3-9ca2-f4fe64034311'),char_to_uuid('675987ce-ded2-43ff-8401-e124ffe82589'),'INSTANCE', char_to_uuid('fadca076-3690-4a6e-af9e-f1cd68e8c7e8'));--#!
INSERT INTO REF_TERM_TBL (REF_TERM_ID, CS_ID, MNEMONIC, CRT_PROV_ID)  VALUES(char_to_uuid('25bc74a7-7ab1-4744-aedd-a08962d40021'),char_to_uuid('675987ce-ded2-43ff-8401-e124ffe82589'),'KIND', char_to_uuid('fadca076-3690-4a6e-af9e-f1cd68e8c7e8'));--#!
INSERT INTO REF_TERM_TBL (REF_TERM_ID, CS_ID, MNEMONIC, CRT_PROV_ID)  VALUES(char_to_uuid('22e3932d-2df5-4313-a6f5-9a47c65075b1'),char_to_uuid('675987ce-ded2-43ff-8401-e124ffe82589'),'QUANTIFIED_KIND', char_to_uuid('fadca076-3690-4a6e-af9e-f1cd68e8c7e8'));--#!
INSERT INTO REF_TERM_TBL (REF_TERM_ID, CS_ID, MNEMONIC, CRT_PROV_ID)  VALUES(char_to_uuid('f42287f1-c8a6-4586-a463-548e0e3ac3cc'),char_to_uuid('eb9d55f8-3328-49a4-ba10-775c931d0a42'),'AUTHEN', char_to_uuid('fadca076-3690-4a6e-af9e-f1cd68e8c7e8'));--#!
INSERT INTO REF_TERM_TBL (REF_TERM_ID, CS_ID, MNEMONIC, CRT_PROV_ID)  VALUES(char_to_uuid('c7358a21-d2cc-46d8-8fe9-87c794f72571'),char_to_uuid('eb9d55f8-3328-49a4-ba10-775c931d0a42'),'AUT', char_to_uuid('fadca076-3690-4a6e-af9e-f1cd68e8c7e8'));--#!
INSERT INTO REF_TERM_TBL (REF_TERM_ID, CS_ID, MNEMONIC, CRT_PROV_ID)  VALUES(char_to_uuid('a879a666-d7e3-423a-8592-dbe1ffe1ace3'),char_to_uuid('eb9d55f8-3328-49a4-ba10-775c931d0a42'),'CSM', char_to_uuid('fadca076-3690-4a6e-af9e-f1cd68e8c7e8'));--#!
INSERT INTO REF_TERM_TBL (REF_TERM_ID, CS_ID, MNEMONIC, CRT_PROV_ID)  VALUES(char_to_uuid('5251021f-38e2-4b9f-bf13-68460a24fc8f'),char_to_uuid('eb9d55f8-3328-49a4-ba10-775c931d0a42'),'CST', char_to_uuid('fadca076-3690-4a6e-af9e-f1cd68e8c7e8'));--#!
INSERT INTO REF_TERM_TBL (REF_TERM_ID, CS_ID, MNEMONIC, CRT_PROV_ID)  VALUES(char_to_uuid('9a0222c7-02a7-4734-9991-f3ff7dd6a47e'),char_to_uuid('eb9d55f8-3328-49a4-ba10-775c931d0a42'),'ENT', char_to_uuid('fadca076-3690-4a6e-af9e-f1cd68e8c7e8'));--#!
INSERT INTO REF_TERM_TBL (REF_TERM_ID, CS_ID, MNEMONIC, CRT_PROV_ID)  VALUES(char_to_uuid('11b99d82-95c7-4534-b22b-2201848e128b'),char_to_uuid('eb9d55f8-3328-49a4-ba10-775c931d0a42'),'INF', char_to_uuid('fadca076-3690-4a6e-af9e-f1cd68e8c7e8'));--#!
INSERT INTO REF_TERM_TBL (REF_TERM_ID, CS_ID, MNEMONIC, CRT_PROV_ID)  VALUES(char_to_uuid('ca2e5a2d-4c67-4249-a95a-db8c8be67523'),char_to_uuid('eb9d55f8-3328-49a4-ba10-775c931d0a42'),'LA', char_to_uuid('fadca076-3690-4a6e-af9e-f1cd68e8c7e8'));--#!
INSERT INTO REF_TERM_TBL (REF_TERM_ID, CS_ID, MNEMONIC, CRT_PROV_ID)  VALUES(char_to_uuid('1807ae4a-7d7e-4fb5-91d4-49e7841483f7'),char_to_uuid('eb9d55f8-3328-49a4-ba10-775c931d0a42'),'PRF', char_to_uuid('fadca076-3690-4a6e-af9e-f1cd68e8c7e8'));--#!
INSERT INTO REF_TERM_TBL (REF_TERM_ID, CS_ID, MNEMONIC, CRT_PROV_ID)  VALUES(char_to_uuid('a7462566-c30f-4b9b-8306-2244c2ce737f'),char_to_uuid('eb9d55f8-3328-49a4-ba10-775c931d0a42'),'PRD', char_to_uuid('fadca076-3690-4a6e-af9e-f1cd68e8c7e8'));--#!
INSERT INTO REF_TERM_TBL (REF_TERM_ID, CS_ID, MNEMONIC, CRT_PROV_ID)  VALUES(char_to_uuid('e8b20fdd-6ac7-4caa-9de5-9c93bf2ab33f'),char_to_uuid('eb9d55f8-3328-49a4-ba10-775c931d0a42'),'RCT', char_to_uuid('fadca076-3690-4a6e-af9e-f1cd68e8c7e8'));--#!
INSERT INTO REF_TERM_TBL (REF_TERM_ID, CS_ID, MNEMONIC, CRT_PROV_ID)  VALUES(char_to_uuid('d33bc7f5-4a41-429c-befa-cdb79452095b'),char_to_uuid('eb9d55f8-3328-49a4-ba10-775c931d0a42'),'RESP', char_to_uuid('fadca076-3690-4a6e-af9e-f1cd68e8c7e8'));--#!
INSERT INTO REF_TERM_TBL (REF_TERM_ID, CS_ID, MNEMONIC, CRT_PROV_ID)  VALUES(char_to_uuid('1cb6874e-51c9-4361-9747-c688f14475ff'),char_to_uuid('eb9d55f8-3328-49a4-ba10-775c931d0a42'),'SPC', char_to_uuid('fadca076-3690-4a6e-af9e-f1cd68e8c7e8'));--#!
INSERT INTO REF_TERM_TBL (REF_TERM_ID, CS_ID, MNEMONIC, CRT_PROV_ID)  VALUES(char_to_uuid('e4aae703-94a2-49e1-b923-c637e698c983'),char_to_uuid('eb9d55f8-3328-49a4-ba10-775c931d0a42'),'LOC', char_to_uuid('fadca076-3690-4a6e-af9e-f1cd68e8c7e8'));--#!
INSERT INTO REF_TERM_TBL (REF_TERM_ID, CS_ID, MNEMONIC, CRT_PROV_ID)  VALUES(char_to_uuid('42f9b574-a7a6-4bc8-ae71-c208a70365a6'),char_to_uuid('eb9d55f8-3328-49a4-ba10-775c931d0a42'),'SBJ', char_to_uuid('fadca076-3690-4a6e-af9e-f1cd68e8c7e8'));--#!
INSERT INTO REF_TERM_TBL (REF_TERM_ID, CS_ID, MNEMONIC, CRT_PROV_ID)  VALUES(char_to_uuid('2f18c510-1493-4764-b102-7881671586ed'),char_to_uuid('eb9d55f8-3328-49a4-ba10-775c931d0a42'),'ADM', char_to_uuid('fadca076-3690-4a6e-af9e-f1cd68e8c7e8'));--#!
INSERT INTO REF_TERM_TBL (REF_TERM_ID, CS_ID, MNEMONIC, CRT_PROV_ID)  VALUES(char_to_uuid('332f68b4-ab20-443d-a37d-f7d0ec5e44f5'),char_to_uuid('eb9d55f8-3328-49a4-ba10-775c931d0a42'),'ATND', char_to_uuid('fadca076-3690-4a6e-af9e-f1cd68e8c7e8'));--#!
INSERT INTO REF_TERM_TBL (REF_TERM_ID, CS_ID, MNEMONIC, CRT_PROV_ID)  VALUES(char_to_uuid('1827607d-80b0-4ea1-9cf5-a4e4d57ee02a'),char_to_uuid('eb9d55f8-3328-49a4-ba10-775c931d0a42'),'CALLBCK', char_to_uuid('fadca076-3690-4a6e-af9e-f1cd68e8c7e8'));--#!
INSERT INTO REF_TERM_TBL (REF_TERM_ID, CS_ID, MNEMONIC, CRT_PROV_ID)  VALUES(char_to_uuid('33d57233-b119-4925-8235-170e30060ed7'),char_to_uuid('eb9d55f8-3328-49a4-ba10-775c931d0a42'),'CON', char_to_uuid('fadca076-3690-4a6e-af9e-f1cd68e8c7e8'));--#!
INSERT INTO REF_TERM_TBL (REF_TERM_ID, CS_ID, MNEMONIC, CRT_PROV_ID)  VALUES(char_to_uuid('5f1b5be2-bcf7-40a8-bd4e-20ca20091c42'),char_to_uuid('eb9d55f8-3328-49a4-ba10-775c931d0a42'),'DEV', char_to_uuid('fadca076-3690-4a6e-af9e-f1cd68e8c7e8'));--#!
INSERT INTO REF_TERM_TBL (REF_TERM_ID, CS_ID, MNEMONIC, CRT_PROV_ID)  VALUES(char_to_uuid('7e5277ce-7d4c-4558-aa90-e0d7e00857e4'),char_to_uuid('eb9d55f8-3328-49a4-ba10-775c931d0a42'),'DIR', char_to_uuid('fadca076-3690-4a6e-af9e-f1cd68e8c7e8'));--#!
INSERT INTO REF_TERM_TBL (REF_TERM_ID, CS_ID, MNEMONIC, CRT_PROV_ID)  VALUES(char_to_uuid('85721308-da99-4d46-aaa3-054f4576f15e'),char_to_uuid('eb9d55f8-3328-49a4-ba10-775c931d0a42'),'DIS', char_to_uuid('fadca076-3690-4a6e-af9e-f1cd68e8c7e8'));--#!
INSERT INTO REF_TERM_TBL (REF_TERM_ID, CS_ID, MNEMONIC, CRT_PROV_ID)  VALUES(char_to_uuid('eaba31f4-f772-447d-8e67-082e64cdc64f'),char_to_uuid('eb9d55f8-3328-49a4-ba10-775c931d0a42'),'ESC', char_to_uuid('fadca076-3690-4a6e-af9e-f1cd68e8c7e8'));--#!
INSERT INTO REF_TERM_TBL (REF_TERM_ID, CS_ID, MNEMONIC, CRT_PROV_ID)  VALUES(char_to_uuid('854471f9-dc36-4a54-b880-497348e8825a'),char_to_uuid('eb9d55f8-3328-49a4-ba10-775c931d0a42'),'EXPART', char_to_uuid('fadca076-3690-4a6e-af9e-f1cd68e8c7e8'));--#!
INSERT INTO REF_TERM_TBL (REF_TERM_ID, CS_ID, MNEMONIC, CRT_PROV_ID)  VALUES(char_to_uuid('decb3f70-b32f-4294-88e0-e51c597083e4'),char_to_uuid('eb9d55f8-3328-49a4-ba10-775c931d0a42'),'IND', char_to_uuid('fadca076-3690-4a6e-af9e-f1cd68e8c7e8'));--#!
INSERT INTO REF_TERM_TBL (REF_TERM_ID, CS_ID, MNEMONIC, CRT_PROV_ID)  VALUES(char_to_uuid('7910c92f-e9f8-46e5-bc2f-3e3737f840ed'),char_to_uuid('eb9d55f8-3328-49a4-ba10-775c931d0a42'),'IRCP', char_to_uuid('fadca076-3690-4a6e-af9e-f1cd68e8c7e8'));--#!
INSERT INTO REF_TERM_TBL (REF_TERM_ID, CS_ID, MNEMONIC, CRT_PROV_ID)  VALUES(char_to_uuid('ee1645a8-1d36-4a6a-a0b0-f262a4b1dff3'),char_to_uuid('eb9d55f8-3328-49a4-ba10-775c931d0a42'),'PART', char_to_uuid('fadca076-3690-4a6e-af9e-f1cd68e8c7e8'));--#!
INSERT INTO REF_TERM_TBL (REF_TERM_ID, CS_ID, MNEMONIC, CRT_PROV_ID)  VALUES(char_to_uuid('d5977dd7-6ce5-4319-843d-870b83497029'),char_to_uuid('eb9d55f8-3328-49a4-ba10-775c931d0a42'),'REF', char_to_uuid('fadca076-3690-4a6e-af9e-f1cd68e8c7e8'));--#!
INSERT INTO REF_TERM_TBL (REF_TERM_ID, CS_ID, MNEMONIC, CRT_PROV_ID)  VALUES(char_to_uuid('6d6392ac-cc7b-4bcf-af2f-49534dbd4d63'),char_to_uuid('eb9d55f8-3328-49a4-ba10-775c931d0a42'),'TRANS', char_to_uuid('fadca076-3690-4a6e-af9e-f1cd68e8c7e8'));--#!
INSERT INTO REF_TERM_TBL (REF_TERM_ID, CS_ID, MNEMONIC, CRT_PROV_ID)  VALUES(char_to_uuid('4242797c-19a5-4ead-8987-54891b80ed26'),char_to_uuid('eb9d55f8-3328-49a4-ba10-775c931d0a42'),'WIT', char_to_uuid('fadca076-3690-4a6e-af9e-f1cd68e8c7e8'));--#!
INSERT INTO REF_TERM_TBL (REF_TERM_ID, CS_ID, MNEMONIC, CRT_PROV_ID)  VALUES(char_to_uuid('f7ce8e5b-aa68-4458-a8ec-25d2b7cb26fb'),char_to_uuid('eb9d55f8-3328-49a4-ba10-775c931d0a42'),'BBY', char_to_uuid('fadca076-3690-4a6e-af9e-f1cd68e8c7e8'));--#!
INSERT INTO REF_TERM_TBL (REF_TERM_ID, CS_ID, MNEMONIC, CRT_PROV_ID)  VALUES(char_to_uuid('e271da88-767b-4779-8534-4416029faed6'),char_to_uuid('eb9d55f8-3328-49a4-ba10-775c931d0a42'),'NRD', char_to_uuid('fadca076-3690-4a6e-af9e-f1cd68e8c7e8'));--#!
INSERT INTO REF_TERM_TBL (REF_TERM_ID, CS_ID, MNEMONIC, CRT_PROV_ID)  VALUES(char_to_uuid('95ecfb32-090b-40f8-b7d8-231525b4214f'),char_to_uuid('eb9d55f8-3328-49a4-ba10-775c931d0a42'),'RDV', char_to_uuid('fadca076-3690-4a6e-af9e-f1cd68e8c7e8'));--#!
INSERT INTO REF_TERM_TBL (REF_TERM_ID, CS_ID, MNEMONIC, CRT_PROV_ID)  VALUES(char_to_uuid('41e9042a-f8e0-4bc9-89cc-64fa7cb0db7d'),char_to_uuid('eb9d55f8-3328-49a4-ba10-775c931d0a42'),'DON', char_to_uuid('fadca076-3690-4a6e-af9e-f1cd68e8c7e8'));--#!
INSERT INTO REF_TERM_TBL (REF_TERM_ID, CS_ID, MNEMONIC, CRT_PROV_ID)  VALUES(char_to_uuid('278988c2-bec3-4ad1-98a9-f66a3a38f6c9'),char_to_uuid('eb9d55f8-3328-49a4-ba10-775c931d0a42'),'EXPAGNT', char_to_uuid('fadca076-3690-4a6e-af9e-f1cd68e8c7e8'));--#!
INSERT INTO REF_TERM_TBL (REF_TERM_ID, CS_ID, MNEMONIC, CRT_PROV_ID)  VALUES(char_to_uuid('cdd00b51-3223-49f8-b8e2-31f213addc87'),char_to_uuid('eb9d55f8-3328-49a4-ba10-775c931d0a42'),'EXPTRGT', char_to_uuid('fadca076-3690-4a6e-af9e-f1cd68e8c7e8'));--#!
INSERT INTO REF_TERM_TBL (REF_TERM_ID, CS_ID, MNEMONIC, CRT_PROV_ID)  VALUES(char_to_uuid('6779b1f1-4e45-4aab-a5dc-cc746e953d73'),char_to_uuid('eb9d55f8-3328-49a4-ba10-775c931d0a42'),'EXSRC', char_to_uuid('fadca076-3690-4a6e-af9e-f1cd68e8c7e8'));--#!
INSERT INTO REF_TERM_TBL (REF_TERM_ID, CS_ID, MNEMONIC, CRT_PROV_ID)  VALUES(char_to_uuid('0cf19f58-5bd8-4e54-a6ed-c261a3e0d322'),char_to_uuid('eb9d55f8-3328-49a4-ba10-775c931d0a42'),'BEN', char_to_uuid('fadca076-3690-4a6e-af9e-f1cd68e8c7e8'));--#!
INSERT INTO REF_TERM_TBL (REF_TERM_ID, CS_ID, MNEMONIC, CRT_PROV_ID)  VALUES(char_to_uuid('5eaafdf9-0d21-4074-9323-6ec92718dd84'),char_to_uuid('eb9d55f8-3328-49a4-ba10-775c931d0a42'),'CAGNT', char_to_uuid('fadca076-3690-4a6e-af9e-f1cd68e8c7e8'));--#!
INSERT INTO REF_TERM_TBL (REF_TERM_ID, CS_ID, MNEMONIC, CRT_PROV_ID)  VALUES(char_to_uuid('18490620-c230-4ae4-a0b3-b680c1984ff3'),char_to_uuid('eb9d55f8-3328-49a4-ba10-775c931d0a42'),'COV', char_to_uuid('fadca076-3690-4a6e-af9e-f1cd68e8c7e8'));--#!
INSERT INTO REF_TERM_TBL (REF_TERM_ID, CS_ID, MNEMONIC, CRT_PROV_ID)  VALUES(char_to_uuid('4c82cc9e-b292-48a4-91c7-dac3df5e547c'),char_to_uuid('eb9d55f8-3328-49a4-ba10-775c931d0a42'),'GUAR', char_to_uuid('fadca076-3690-4a6e-af9e-f1cd68e8c7e8'));--#!
INSERT INTO REF_TERM_TBL (REF_TERM_ID, CS_ID, MNEMONIC, CRT_PROV_ID)  VALUES(char_to_uuid('ca0124e4-dbd5-4756-a0bf-f7d84002570e'),char_to_uuid('eb9d55f8-3328-49a4-ba10-775c931d0a42'),'HLD', char_to_uuid('fadca076-3690-4a6e-af9e-f1cd68e8c7e8'));--#!
INSERT INTO REF_TERM_TBL (REF_TERM_ID, CS_ID, MNEMONIC, CRT_PROV_ID)  VALUES(char_to_uuid('bdf6fee7-efd1-445b-bfbc-ba192be966d3'),char_to_uuid('eb9d55f8-3328-49a4-ba10-775c931d0a42'),'RCV', char_to_uuid('fadca076-3690-4a6e-af9e-f1cd68e8c7e8'));--#!
INSERT INTO REF_TERM_TBL (REF_TERM_ID, CS_ID, MNEMONIC, CRT_PROV_ID)  VALUES(char_to_uuid('1edfe367-b9d1-4e9c-bb95-83df6e2c20bc'),char_to_uuid('eb9d55f8-3328-49a4-ba10-775c931d0a42'),'NOT', char_to_uuid('fadca076-3690-4a6e-af9e-f1cd68e8c7e8'));--#!
INSERT INTO REF_TERM_TBL (REF_TERM_ID, CS_ID, MNEMONIC, CRT_PROV_ID)  VALUES(char_to_uuid('8856afda-0386-47d3-82a8-5c3f2cef89c7'),char_to_uuid('eb9d55f8-3328-49a4-ba10-775c931d0a42'),'PRCP', char_to_uuid('fadca076-3690-4a6e-af9e-f1cd68e8c7e8'));--#!
INSERT INTO REF_TERM_TBL (REF_TERM_ID, CS_ID, MNEMONIC, CRT_PROV_ID)  VALUES(char_to_uuid('4734e169-33e1-484d-81a4-125acbb701d3'),char_to_uuid('eb9d55f8-3328-49a4-ba10-775c931d0a42'),'REFB', char_to_uuid('fadca076-3690-4a6e-af9e-f1cd68e8c7e8'));--#!
INSERT INTO REF_TERM_TBL (REF_TERM_ID, CS_ID, MNEMONIC, CRT_PROV_ID)  VALUES(char_to_uuid('d922fc47-1c04-49df-95bd-eb13305c315b'),char_to_uuid('eb9d55f8-3328-49a4-ba10-775c931d0a42'),'REFT', char_to_uuid('fadca076-3690-4a6e-af9e-f1cd68e8c7e8'));--#!
INSERT INTO REF_TERM_TBL (REF_TERM_ID, CS_ID, MNEMONIC, CRT_PROV_ID)  VALUES(char_to_uuid('d8fbaad0-effe-4fe6-a47b-30daa4b40ae4'),char_to_uuid('eb9d55f8-3328-49a4-ba10-775c931d0a42'),'TRC', char_to_uuid('fadca076-3690-4a6e-af9e-f1cd68e8c7e8'));--#!
INSERT INTO REF_TERM_TBL (REF_TERM_ID, CS_ID, MNEMONIC, CRT_PROV_ID)  VALUES(char_to_uuid('3e852956-ae73-4712-8e2e-c69735297ac1'),char_to_uuid('eb9d55f8-3328-49a4-ba10-775c931d0a42'),'DST', char_to_uuid('fadca076-3690-4a6e-af9e-f1cd68e8c7e8'));--#!
INSERT INTO REF_TERM_TBL (REF_TERM_ID, CS_ID, MNEMONIC, CRT_PROV_ID)  VALUES(char_to_uuid('7230b7e1-153d-4739-b8e6-30c9dafb3514'),char_to_uuid('eb9d55f8-3328-49a4-ba10-775c931d0a42'),'ELOC', char_to_uuid('fadca076-3690-4a6e-af9e-f1cd68e8c7e8'));--#!
INSERT INTO REF_TERM_TBL (REF_TERM_ID, CS_ID, MNEMONIC, CRT_PROV_ID)  VALUES(char_to_uuid('fba3674d-1a75-42bf-ac4f-a1d8e4591482'),char_to_uuid('eb9d55f8-3328-49a4-ba10-775c931d0a42'),'ORG', char_to_uuid('fadca076-3690-4a6e-af9e-f1cd68e8c7e8'));--#!
INSERT INTO REF_TERM_TBL (REF_TERM_ID, CS_ID, MNEMONIC, CRT_PROV_ID)  VALUES(char_to_uuid('4b40a86a-356f-483c-88d5-0eb6f5029930'),char_to_uuid('eb9d55f8-3328-49a4-ba10-775c931d0a42'),'RML', char_to_uuid('fadca076-3690-4a6e-af9e-f1cd68e8c7e8'));--#!
INSERT INTO REF_TERM_TBL (REF_TERM_ID, CS_ID, MNEMONIC, CRT_PROV_ID)  VALUES(char_to_uuid('fb4ec5be-1e2d-44aa-baa6-171dbec94fc3'),char_to_uuid('eb9d55f8-3328-49a4-ba10-775c931d0a42'),'VIA', char_to_uuid('fadca076-3690-4a6e-af9e-f1cd68e8c7e8'));--#!
INSERT INTO REF_TERM_TBL (REF_TERM_ID, CS_ID, MNEMONIC, CRT_PROV_ID)  VALUES(char_to_uuid('864e68b3-c143-4b87-b408-56a258289dec'),char_to_uuid('eb9d55f8-3328-49a4-ba10-775c931d0a42'),'DIST', char_to_uuid('fadca076-3690-4a6e-af9e-f1cd68e8c7e8'));--#!
INSERT INTO REF_TERM_TBL (REF_TERM_ID, CS_ID, MNEMONIC, CRT_PROV_ID)  VALUES(char_to_uuid('ad0cc2e5-a1b0-4f00-8a06-933b1960d333'),char_to_uuid('eb9d55f8-3328-49a4-ba10-775c931d0a42'),'PPRF', char_to_uuid('fadca076-3690-4a6e-af9e-f1cd68e8c7e8'));--#!
INSERT INTO REF_TERM_TBL (REF_TERM_ID, CS_ID, MNEMONIC, CRT_PROV_ID)  VALUES(char_to_uuid('2a5db073-202e-4421-9207-60608da4c859'),char_to_uuid('eb9d55f8-3328-49a4-ba10-775c931d0a42'),'SPRF', char_to_uuid('fadca076-3690-4a6e-af9e-f1cd68e8c7e8'));--#!
INSERT INTO REF_TERM_TBL (REF_TERM_ID, CS_ID, MNEMONIC, CRT_PROV_ID)  VALUES(char_to_uuid('67c0ef65-3ff8-4af2-b8f1-6ea961b67906'),char_to_uuid('eb9d55f8-3328-49a4-ba10-775c931d0a42'),'VRF', char_to_uuid('fadca076-3690-4a6e-af9e-f1cd68e8c7e8'));--#!
INSERT INTO REF_TERM_TBL (REF_TERM_ID, CS_ID, MNEMONIC, CRT_PROV_ID)  VALUES(char_to_uuid('e643f60a-8967-47d8-894e-44b231dbee8e'),char_to_uuid('02823b47-c315-4366-8883-442e646d34be'),'CIRCLE', char_to_uuid('fadca076-3690-4a6e-af9e-f1cd68e8c7e8'));--#!
INSERT INTO REF_TERM_TBL (REF_TERM_ID, CS_ID, MNEMONIC, CRT_PROV_ID)  VALUES(char_to_uuid('3d772089-587a-4c93-b7ee-aa43c4fc0985'),char_to_uuid('02823b47-c315-4366-8883-442e646d34be'),'ELLIPSE', char_to_uuid('fadca076-3690-4a6e-af9e-f1cd68e8c7e8'));--#!
INSERT INTO REF_TERM_TBL (REF_TERM_ID, CS_ID, MNEMONIC, CRT_PROV_ID)  VALUES(char_to_uuid('86379a68-fd81-4567-b2cd-8b57d4035c03'),char_to_uuid('02823b47-c315-4366-8883-442e646d34be'),'POINT', char_to_uuid('fadca076-3690-4a6e-af9e-f1cd68e8c7e8'));--#!
INSERT INTO REF_TERM_TBL (REF_TERM_ID, CS_ID, MNEMONIC, CRT_PROV_ID)  VALUES(char_to_uuid('1318f9be-9571-464c-8eb7-96177b4e7fb9'),char_to_uuid('02823b47-c315-4366-8883-442e646d34be'),'POLY', char_to_uuid('fadca076-3690-4a6e-af9e-f1cd68e8c7e8'));--#!
INSERT INTO REF_TERM_TBL (REF_TERM_ID, CS_ID, MNEMONIC, CRT_PROV_ID)  VALUES(char_to_uuid('8b3b575a-eba2-454b-a087-805f5083b048'),char_to_uuid('ff12d77b-625d-497a-8794-c3726942b113'),'ASSIGNED', char_to_uuid('fadca076-3690-4a6e-af9e-f1cd68e8c7e8'));--#!
INSERT INTO REF_TERM_TBL (REF_TERM_ID, CS_ID, MNEMONIC, CRT_PROV_ID)  VALUES(char_to_uuid('8936fd76-58bd-42e8-9bf2-21fe275531b8'),char_to_uuid('ff12d77b-625d-497a-8794-c3726942b113'),'CON', char_to_uuid('fadca076-3690-4a6e-af9e-f1cd68e8c7e8'));--#!
INSERT INTO REF_TERM_TBL (REF_TERM_ID, CS_ID, MNEMONIC, CRT_PROV_ID)  VALUES(char_to_uuid('e2c9f647-eb48-4270-a7b8-77c1ae858bb0'),char_to_uuid('ff12d77b-625d-497a-8794-c3726942b113'),'AFFL', char_to_uuid('fadca076-3690-4a6e-af9e-f1cd68e8c7e8'));--#!
INSERT INTO REF_TERM_TBL (REF_TERM_ID, CS_ID, MNEMONIC, CRT_PROV_ID)  VALUES(char_to_uuid('1ecadba0-3665-414c-8566-54e5ea9de11c'),char_to_uuid('ff12d77b-625d-497a-8794-c3726942b113'),'AGNT', char_to_uuid('fadca076-3690-4a6e-af9e-f1cd68e8c7e8'));--#!
INSERT INTO REF_TERM_TBL (REF_TERM_ID, CS_ID, MNEMONIC, CRT_PROV_ID)  VALUES(char_to_uuid('9a6b3c58-e387-4d87-bc10-545eae914484'),char_to_uuid('ff12d77b-625d-497a-8794-c3726942b113'),'COMPAR', char_to_uuid('fadca076-3690-4a6e-af9e-f1cd68e8c7e8'));--#!
INSERT INTO REF_TERM_TBL (REF_TERM_ID, CS_ID, MNEMONIC, CRT_PROV_ID)  VALUES(char_to_uuid('c57da98d-d22a-449b-b0fa-315e52676275'),char_to_uuid('ff12d77b-625d-497a-8794-c3726942b113'),'SGNOFF', char_to_uuid('fadca076-3690-4a6e-af9e-f1cd68e8c7e8'));--#!
INSERT INTO REF_TERM_TBL (REF_TERM_ID, CS_ID, MNEMONIC, CRT_PROV_ID)  VALUES(char_to_uuid('3f8b819a-5920-4315-a8dd-d6ae323999ac'),char_to_uuid('ff12d77b-625d-497a-8794-c3726942b113'),'ECON', char_to_uuid('fadca076-3690-4a6e-af9e-f1cd68e8c7e8'));--#!
INSERT INTO REF_TERM_TBL (REF_TERM_ID, CS_ID, MNEMONIC, CRT_PROV_ID)  VALUES(char_to_uuid('f0d2e84a-e637-490c-9ed7-d65d411d7c86'),char_to_uuid('ff12d77b-625d-497a-8794-c3726942b113'),'NOK', char_to_uuid('fadca076-3690-4a6e-af9e-f1cd68e8c7e8'));--#!
INSERT INTO REF_TERM_TBL (REF_TERM_ID, CS_ID, MNEMONIC, CRT_PROV_ID)  VALUES(char_to_uuid('fa067e46-55b3-4b1e-909e-a8464dc77c64'),char_to_uuid('ff12d77b-625d-497a-8794-c3726942b113'),'GUARD', char_to_uuid('fadca076-3690-4a6e-af9e-f1cd68e8c7e8'));--#!
INSERT INTO REF_TERM_TBL (REF_TERM_ID, CS_ID, MNEMONIC, CRT_PROV_ID)  VALUES(char_to_uuid('110695e0-f60a-4327-9ecd-e2462abaae67'),char_to_uuid('ff12d77b-625d-497a-8794-c3726942b113'),'CIT', char_to_uuid('fadca076-3690-4a6e-af9e-f1cd68e8c7e8'));--#!
INSERT INTO REF_TERM_TBL (REF_TERM_ID, CS_ID, MNEMONIC, CRT_PROV_ID)  VALUES(char_to_uuid('6ca03348-fb5f-42ba-a6cf-d453b36fcc94'),char_to_uuid('ff12d77b-625d-497a-8794-c3726942b113'),'COVPTY', char_to_uuid('fadca076-3690-4a6e-af9e-f1cd68e8c7e8'));--#!
INSERT INTO REF_TERM_TBL (REF_TERM_ID, CS_ID, MNEMONIC, CRT_PROV_ID)  VALUES(char_to_uuid('e0ff836c-ebee-4c08-9baf-fda73e900f4e'),char_to_uuid('ff12d77b-625d-497a-8794-c3726942b113'),'CLAIM', char_to_uuid('fadca076-3690-4a6e-af9e-f1cd68e8c7e8'));--#!
INSERT INTO REF_TERM_TBL (REF_TERM_ID, CS_ID, MNEMONIC, CRT_PROV_ID)  VALUES(char_to_uuid('fca0dda5-f132-4b2a-8b05-1feca58272c9'),char_to_uuid('ff12d77b-625d-497a-8794-c3726942b113'),'NAMED', char_to_uuid('fadca076-3690-4a6e-af9e-f1cd68e8c7e8'));--#!
INSERT INTO REF_TERM_TBL (REF_TERM_ID, CS_ID, MNEMONIC, CRT_PROV_ID)  VALUES(char_to_uuid('0a4e2112-0d7e-40a0-8b77-b3b5dfac6c87'),char_to_uuid('ff12d77b-625d-497a-8794-c3726942b113'),'DEPEN', char_to_uuid('fadca076-3690-4a6e-af9e-f1cd68e8c7e8'));--#!
INSERT INTO REF_TERM_TBL (REF_TERM_ID, CS_ID, MNEMONIC, CRT_PROV_ID)  VALUES(char_to_uuid('342d57bc-87df-475d-85e3-04690e9901a0'),char_to_uuid('ff12d77b-625d-497a-8794-c3726942b113'),'INDIV', char_to_uuid('fadca076-3690-4a6e-af9e-f1cd68e8c7e8'));--#!
INSERT INTO REF_TERM_TBL (REF_TERM_ID, CS_ID, MNEMONIC, CRT_PROV_ID)  VALUES(char_to_uuid('662aa4be-a671-43ab-86fb-9ec88d87b07f'),char_to_uuid('ff12d77b-625d-497a-8794-c3726942b113'),'SUBSCR', char_to_uuid('fadca076-3690-4a6e-af9e-f1cd68e8c7e8'));--#!
INSERT INTO REF_TERM_TBL (REF_TERM_ID, CS_ID, MNEMONIC, CRT_PROV_ID)  VALUES(char_to_uuid('8bed4875-70f5-4301-b65e-55bb54ea6b93'),char_to_uuid('ff12d77b-625d-497a-8794-c3726942b113'),'PROG', char_to_uuid('fadca076-3690-4a6e-af9e-f1cd68e8c7e8'));--#!
INSERT INTO REF_TERM_TBL (REF_TERM_ID, CS_ID, MNEMONIC, CRT_PROV_ID)  VALUES(char_to_uuid('90ef33da-42bf-402a-803c-5d8d366fe3a7'),char_to_uuid('ff12d77b-625d-497a-8794-c3726942b113'),'CRINV', char_to_uuid('fadca076-3690-4a6e-af9e-f1cd68e8c7e8'));--#!
INSERT INTO REF_TERM_TBL (REF_TERM_ID, CS_ID, MNEMONIC, CRT_PROV_ID)  VALUES(char_to_uuid('c1f895d2-ef88-42cc-91c5-4ab2c80e0700'),char_to_uuid('ff12d77b-625d-497a-8794-c3726942b113'),'CRSPNSR', char_to_uuid('fadca076-3690-4a6e-af9e-f1cd68e8c7e8'));--#!
INSERT INTO REF_TERM_TBL (REF_TERM_ID, CS_ID, MNEMONIC, CRT_PROV_ID)  VALUES(char_to_uuid('ee215548-b8c6-4b63-b47b-da29c4e23b5e'),char_to_uuid('ff12d77b-625d-497a-8794-c3726942b113'),'EMP', char_to_uuid('fadca076-3690-4a6e-af9e-f1cd68e8c7e8'));--#!
INSERT INTO REF_TERM_TBL (REF_TERM_ID, CS_ID, MNEMONIC, CRT_PROV_ID)  VALUES(char_to_uuid('eb49a695-72b7-4a36-a64a-9a2560068f14'),char_to_uuid('ff12d77b-625d-497a-8794-c3726942b113'),'MIL', char_to_uuid('fadca076-3690-4a6e-af9e-f1cd68e8c7e8'));--#!
INSERT INTO REF_TERM_TBL (REF_TERM_ID, CS_ID, MNEMONIC, CRT_PROV_ID)  VALUES(char_to_uuid('ccc12c7d-9f2b-450e-a29b-441c6262b1a2'),char_to_uuid('ff12d77b-625d-497a-8794-c3726942b113'),'GUAR', char_to_uuid('fadca076-3690-4a6e-af9e-f1cd68e8c7e8'));--#!
INSERT INTO REF_TERM_TBL (REF_TERM_ID, CS_ID, MNEMONIC, CRT_PROV_ID)  VALUES(char_to_uuid('d39e3305-f1b5-4340-a611-3a50423d3fe0'),char_to_uuid('ff12d77b-625d-497a-8794-c3726942b113'),'INVSBJ', char_to_uuid('fadca076-3690-4a6e-af9e-f1cd68e8c7e8'));--#!
INSERT INTO REF_TERM_TBL (REF_TERM_ID, CS_ID, MNEMONIC, CRT_PROV_ID)  VALUES(char_to_uuid('ccfbf201-de03-40ee-8739-4f0f32b2b7c1'),char_to_uuid('ff12d77b-625d-497a-8794-c3726942b113'),'CASEBJ', char_to_uuid('fadca076-3690-4a6e-af9e-f1cd68e8c7e8'));--#!
INSERT INTO REF_TERM_TBL (REF_TERM_ID, CS_ID, MNEMONIC, CRT_PROV_ID)  VALUES(char_to_uuid('2ec3092d-0090-421e-b01f-37fea0805f7e'),char_to_uuid('ff12d77b-625d-497a-8794-c3726942b113'),'RESBJ', char_to_uuid('fadca076-3690-4a6e-af9e-f1cd68e8c7e8'));--#!
INSERT INTO REF_TERM_TBL (REF_TERM_ID, CS_ID, MNEMONIC, CRT_PROV_ID)  VALUES(char_to_uuid('14b79963-aff8-46a8-98f3-065bd572b4d2'),char_to_uuid('ff12d77b-625d-497a-8794-c3726942b113'),'LIC', char_to_uuid('fadca076-3690-4a6e-af9e-f1cd68e8c7e8'));--#!
INSERT INTO REF_TERM_TBL (REF_TERM_ID, CS_ID, MNEMONIC, CRT_PROV_ID)  VALUES(char_to_uuid('38f6b214-ed35-4233-a262-71dd30e4a826'),char_to_uuid('ff12d77b-625d-497a-8794-c3726942b113'),'NOT', char_to_uuid('fadca076-3690-4a6e-af9e-f1cd68e8c7e8'));--#!
INSERT INTO REF_TERM_TBL (REF_TERM_ID, CS_ID, MNEMONIC, CRT_PROV_ID)  VALUES(char_to_uuid('6d4886c2-86a8-40b6-ac0a-46aeead4d060'),char_to_uuid('ff12d77b-625d-497a-8794-c3726942b113'),'PROV', char_to_uuid('fadca076-3690-4a6e-af9e-f1cd68e8c7e8'));--#!
INSERT INTO REF_TERM_TBL (REF_TERM_ID, CS_ID, MNEMONIC, CRT_PROV_ID)  VALUES(char_to_uuid('266cdd72-5657-44f8-8109-432a43e368f4'),char_to_uuid('ff12d77b-625d-497a-8794-c3726942b113'),'PAT', char_to_uuid('fadca076-3690-4a6e-af9e-f1cd68e8c7e8'));--#!
INSERT INTO REF_TERM_TBL (REF_TERM_ID, CS_ID, MNEMONIC, CRT_PROV_ID)  VALUES(char_to_uuid('85788bcc-c03c-4a29-8847-954f0c5988f2'),char_to_uuid('ff12d77b-625d-497a-8794-c3726942b113'),'PAYEE', char_to_uuid('fadca076-3690-4a6e-af9e-f1cd68e8c7e8'));--#!
INSERT INTO REF_TERM_TBL (REF_TERM_ID, CS_ID, MNEMONIC, CRT_PROV_ID)  VALUES(char_to_uuid('0a37a1c5-0265-4579-a252-b040601905c0'),char_to_uuid('ff12d77b-625d-497a-8794-c3726942b113'),'PAYOR', char_to_uuid('fadca076-3690-4a6e-af9e-f1cd68e8c7e8'));--#!
INSERT INTO REF_TERM_TBL (REF_TERM_ID, CS_ID, MNEMONIC, CRT_PROV_ID)  VALUES(char_to_uuid('9299a99f-f92d-4af8-aac9-f1f14868a31a'),char_to_uuid('ff12d77b-625d-497a-8794-c3726942b113'),'POLHOLD', char_to_uuid('fadca076-3690-4a6e-af9e-f1cd68e8c7e8'));--#!
INSERT INTO REF_TERM_TBL (REF_TERM_ID, CS_ID, MNEMONIC, CRT_PROV_ID)  VALUES(char_to_uuid('4fd0f42e-45ae-49b9-bf0e-b8f1817aaac4'),char_to_uuid('ff12d77b-625d-497a-8794-c3726942b113'),'QUAL', char_to_uuid('fadca076-3690-4a6e-af9e-f1cd68e8c7e8'));--#!
INSERT INTO REF_TERM_TBL (REF_TERM_ID, CS_ID, MNEMONIC, CRT_PROV_ID)  VALUES(char_to_uuid('0daf6c3e-5801-45d3-8792-eb8b1d172889'),char_to_uuid('ff12d77b-625d-497a-8794-c3726942b113'),'SPNSR', char_to_uuid('fadca076-3690-4a6e-af9e-f1cd68e8c7e8'));--#!
INSERT INTO REF_TERM_TBL (REF_TERM_ID, CS_ID, MNEMONIC, CRT_PROV_ID)  VALUES(char_to_uuid('fb832e06-e0fc-482c-a063-bc238f20802d'),char_to_uuid('ff12d77b-625d-497a-8794-c3726942b113'),'STD', char_to_uuid('fadca076-3690-4a6e-af9e-f1cd68e8c7e8'));--#!
INSERT INTO REF_TERM_TBL (REF_TERM_ID, CS_ID, MNEMONIC, CRT_PROV_ID)  VALUES(char_to_uuid('284d75fc-7779-439f-8d7a-27a2537d688f'),char_to_uuid('ff12d77b-625d-497a-8794-c3726942b113'),'UNDWRT', char_to_uuid('fadca076-3690-4a6e-af9e-f1cd68e8c7e8'));--#!
INSERT INTO REF_TERM_TBL (REF_TERM_ID, CS_ID, MNEMONIC, CRT_PROV_ID)  VALUES(char_to_uuid('b30eb677-1dd2-4dd4-8d93-03104c814c44'),char_to_uuid('ff12d77b-625d-497a-8794-c3726942b113'),'ACCESS', char_to_uuid('fadca076-3690-4a6e-af9e-f1cd68e8c7e8'));--#!
INSERT INTO REF_TERM_TBL (REF_TERM_ID, CS_ID, MNEMONIC, CRT_PROV_ID)  VALUES(char_to_uuid('ba25f207-2539-4758-826f-94e18cd982ad'),char_to_uuid('ff12d77b-625d-497a-8794-c3726942b113'),'ADMM', char_to_uuid('fadca076-3690-4a6e-af9e-f1cd68e8c7e8'));--#!
INSERT INTO REF_TERM_TBL (REF_TERM_ID, CS_ID, MNEMONIC, CRT_PROV_ID)  VALUES(char_to_uuid('5ad438fb-96ea-49b6-8c2b-e4f8b19ae895'),char_to_uuid('ff12d77b-625d-497a-8794-c3726942b113'),'BIRTHPL', char_to_uuid('fadca076-3690-4a6e-af9e-f1cd68e8c7e8'));--#!
INSERT INTO REF_TERM_TBL (REF_TERM_ID, CS_ID, MNEMONIC, CRT_PROV_ID)  VALUES(char_to_uuid('9ef1cd8c-1c7c-41f3-8f91-36bde9313507'),char_to_uuid('ff12d77b-625d-497a-8794-c3726942b113'),'CAREGIVER', char_to_uuid('fadca076-3690-4a6e-af9e-f1cd68e8c7e8'));--#!
INSERT INTO REF_TERM_TBL (REF_TERM_ID, CS_ID, MNEMONIC, CRT_PROV_ID)  VALUES(char_to_uuid('7a02741e-a1cd-4a78-8e2c-d77be33ba8f0'),char_to_uuid('ff12d77b-625d-497a-8794-c3726942b113'),'DEATHPLC', char_to_uuid('fadca076-3690-4a6e-af9e-f1cd68e8c7e8'));--#!
INSERT INTO REF_TERM_TBL (REF_TERM_ID, CS_ID, MNEMONIC, CRT_PROV_ID)  VALUES(char_to_uuid('4be4ad81-0ac1-478b-b6d4-bcfb9ab822c0'),char_to_uuid('ff12d77b-625d-497a-8794-c3726942b113'),'DST', char_to_uuid('fadca076-3690-4a6e-af9e-f1cd68e8c7e8'));--#!
INSERT INTO REF_TERM_TBL (REF_TERM_ID, CS_ID, MNEMONIC, CRT_PROV_ID)  VALUES(char_to_uuid('c1787d5e-f168-48bf-9589-894b7813aa07'),char_to_uuid('ff12d77b-625d-497a-8794-c3726942b113'),'RET', char_to_uuid('fadca076-3690-4a6e-af9e-f1cd68e8c7e8'));--#!
INSERT INTO REF_TERM_TBL (REF_TERM_ID, CS_ID, MNEMONIC, CRT_PROV_ID)  VALUES(char_to_uuid('bbaacea3-9283-4d90-9f2c-6a6f32976858'),char_to_uuid('ff12d77b-625d-497a-8794-c3726942b113'),'EXPR', char_to_uuid('fadca076-3690-4a6e-af9e-f1cd68e8c7e8'));--#!
INSERT INTO REF_TERM_TBL (REF_TERM_ID, CS_ID, MNEMONIC, CRT_PROV_ID)  VALUES(char_to_uuid('c070096f-6011-495e-9887-377221165dc7'),char_to_uuid('ff12d77b-625d-497a-8794-c3726942b113'),'HLD', char_to_uuid('fadca076-3690-4a6e-af9e-f1cd68e8c7e8'));--#!
INSERT INTO REF_TERM_TBL (REF_TERM_ID, CS_ID, MNEMONIC, CRT_PROV_ID)  VALUES(char_to_uuid('6385e2a7-8a69-4420-bb4b-5b8ad3243e8b'),char_to_uuid('ff12d77b-625d-497a-8794-c3726942b113'),'HLTHCHRT', char_to_uuid('fadca076-3690-4a6e-af9e-f1cd68e8c7e8'));--#!
INSERT INTO REF_TERM_TBL (REF_TERM_ID, CS_ID, MNEMONIC, CRT_PROV_ID)  VALUES(char_to_uuid('778a328d-ce87-4897-b46b-d563c968b944'),char_to_uuid('ff12d77b-625d-497a-8794-c3726942b113'),'IDENT', char_to_uuid('fadca076-3690-4a6e-af9e-f1cd68e8c7e8'));--#!
INSERT INTO REF_TERM_TBL (REF_TERM_ID, CS_ID, MNEMONIC, CRT_PROV_ID)  VALUES(char_to_uuid('548a1fad-f5d5-4162-94a4-641d1885bb0e'),char_to_uuid('ff12d77b-625d-497a-8794-c3726942b113'),'MANU', char_to_uuid('fadca076-3690-4a6e-af9e-f1cd68e8c7e8'));--#!
INSERT INTO REF_TERM_TBL (REF_TERM_ID, CS_ID, MNEMONIC, CRT_PROV_ID)  VALUES(char_to_uuid('5cb86675-ade9-4c22-8ff7-071a8550a957'),char_to_uuid('ff12d77b-625d-497a-8794-c3726942b113'),'THER', char_to_uuid('fadca076-3690-4a6e-af9e-f1cd68e8c7e8'));--#!
INSERT INTO REF_TERM_TBL (REF_TERM_ID, CS_ID, MNEMONIC, CRT_PROV_ID)  VALUES(char_to_uuid('c9796abf-f537-4b07-ab02-476c1948f2b8'),char_to_uuid('ff12d77b-625d-497a-8794-c3726942b113'),'MNT', char_to_uuid('fadca076-3690-4a6e-af9e-f1cd68e8c7e8'));--#!
INSERT INTO REF_TERM_TBL (REF_TERM_ID, CS_ID, MNEMONIC, CRT_PROV_ID)  VALUES(char_to_uuid('5286d9b4-4b77-4154-a3eb-cf40cd51f26c'),char_to_uuid('ff12d77b-625d-497a-8794-c3726942b113'),'OWN', char_to_uuid('fadca076-3690-4a6e-af9e-f1cd68e8c7e8'));--#!
INSERT INTO REF_TERM_TBL (REF_TERM_ID, CS_ID, MNEMONIC, CRT_PROV_ID)  VALUES(char_to_uuid('ae48ba4f-a9ac-4f9b-bfa6-78d7921012fe'),char_to_uuid('ff12d77b-625d-497a-8794-c3726942b113'),'PRS', char_to_uuid('fadca076-3690-4a6e-af9e-f1cd68e8c7e8'));--#!
INSERT INTO REF_TERM_TBL (REF_TERM_ID, CS_ID, MNEMONIC, CRT_PROV_ID)  VALUES(char_to_uuid('9d7e751c-7169-4dc5-9d90-7c1d9b2643fa'),char_to_uuid('ff12d77b-625d-497a-8794-c3726942b113'),'RGPR', char_to_uuid('fadca076-3690-4a6e-af9e-f1cd68e8c7e8'));--#!
INSERT INTO REF_TERM_TBL (REF_TERM_ID, CS_ID, MNEMONIC, CRT_PROV_ID)  VALUES(char_to_uuid('4e7add04-ad21-4ae7-bccc-0a6424bd4701'),char_to_uuid('ff12d77b-625d-497a-8794-c3726942b113'),'SDLOC', char_to_uuid('fadca076-3690-4a6e-af9e-f1cd68e8c7e8'));--#!
INSERT INTO REF_TERM_TBL (REF_TERM_ID, CS_ID, MNEMONIC, CRT_PROV_ID)  VALUES(char_to_uuid('93863719-f048-4000-92d0-4d9fcb3a32f7'),char_to_uuid('ff12d77b-625d-497a-8794-c3726942b113'),'DSDLOC', char_to_uuid('fadca076-3690-4a6e-af9e-f1cd68e8c7e8'));--#!
INSERT INTO REF_TERM_TBL (REF_TERM_ID, CS_ID, MNEMONIC, CRT_PROV_ID)  VALUES(char_to_uuid('872c2705-a17d-4ec4-b2ae-039b76a292a2'),char_to_uuid('ff12d77b-625d-497a-8794-c3726942b113'),'ISDLOC', char_to_uuid('fadca076-3690-4a6e-af9e-f1cd68e8c7e8'));--#!
INSERT INTO REF_TERM_TBL (REF_TERM_ID, CS_ID, MNEMONIC, CRT_PROV_ID)  VALUES(char_to_uuid('ed52ddd0-98e3-4b35-9136-8bbad2e4dab1'),char_to_uuid('ff12d77b-625d-497a-8794-c3726942b113'),'TERR', char_to_uuid('fadca076-3690-4a6e-af9e-f1cd68e8c7e8'));--#!
INSERT INTO REF_TERM_TBL (REF_TERM_ID, CS_ID, MNEMONIC, CRT_PROV_ID)  VALUES(char_to_uuid('0349d8ab-d5ea-43b8-9d04-92c24cfa04d4'),char_to_uuid('ff12d77b-625d-497a-8794-c3726942b113'),'USED', char_to_uuid('fadca076-3690-4a6e-af9e-f1cd68e8c7e8'));--#!
INSERT INTO REF_TERM_TBL (REF_TERM_ID, CS_ID, MNEMONIC, CRT_PROV_ID)  VALUES(char_to_uuid('8160f62b-732f-434f-be24-dd5ff96c4ed3'),char_to_uuid('ff12d77b-625d-497a-8794-c3726942b113'),'WRTE', char_to_uuid('fadca076-3690-4a6e-af9e-f1cd68e8c7e8'));--#!
INSERT INTO REF_TERM_TBL (REF_TERM_ID, CS_ID, MNEMONIC, CRT_PROV_ID)  VALUES(char_to_uuid('ca290ed0-330c-49e7-a644-3e52728cfc0f'),char_to_uuid('ff12d77b-625d-497a-8794-c3726942b113'),'PART', char_to_uuid('fadca076-3690-4a6e-af9e-f1cd68e8c7e8'));--#!
INSERT INTO REF_TERM_TBL (REF_TERM_ID, CS_ID, MNEMONIC, CRT_PROV_ID)  VALUES(char_to_uuid('9cc5465d-8617-4595-ab40-b3c2776451fd'),char_to_uuid('ff12d77b-625d-497a-8794-c3726942b113'),'ACTM', char_to_uuid('fadca076-3690-4a6e-af9e-f1cd68e8c7e8'));--#!
INSERT INTO REF_TERM_TBL (REF_TERM_ID, CS_ID, MNEMONIC, CRT_PROV_ID)  VALUES(char_to_uuid('5414f742-0854-4a0b-838d-772272fbbf1b'),char_to_uuid('ff12d77b-625d-497a-8794-c3726942b113'),'SPEC', char_to_uuid('fadca076-3690-4a6e-af9e-f1cd68e8c7e8'));--#!
INSERT INTO REF_TERM_TBL (REF_TERM_ID, CS_ID, MNEMONIC, CRT_PROV_ID)  VALUES(char_to_uuid('2092fce9-9396-4651-81d6-e3a8a28a60d3'),char_to_uuid('ff12d77b-625d-497a-8794-c3726942b113'),'ALQT', char_to_uuid('fadca076-3690-4a6e-af9e-f1cd68e8c7e8'));--#!
INSERT INTO REF_TERM_TBL (REF_TERM_ID, CS_ID, MNEMONIC, CRT_PROV_ID)  VALUES(char_to_uuid('45d889e4-655c-46f4-9b9f-697bed99a221'),char_to_uuid('ff12d77b-625d-497a-8794-c3726942b113'),'ISLT', char_to_uuid('fadca076-3690-4a6e-af9e-f1cd68e8c7e8'));--#!
INSERT INTO REF_TERM_TBL (REF_TERM_ID, CS_ID, MNEMONIC, CRT_PROV_ID)  VALUES(char_to_uuid('f7abb63f-2f58-4d3b-834c-0687fd07c401'),char_to_uuid('bab1d66a-1e98-4bfd-9b4a-7c4be88f35d1'),'ACCM', char_to_uuid('fadca076-3690-4a6e-af9e-f1cd68e8c7e8'));--#!
INSERT INTO REF_TERM_TBL (REF_TERM_ID, CS_ID, MNEMONIC, CRT_PROV_ID)  VALUES(char_to_uuid('81607aae-ece1-4bba-8cb3-d2a9f5d35067'),char_to_uuid('bab1d66a-1e98-4bfd-9b4a-7c4be88f35d1'),'ACT', char_to_uuid('fadca076-3690-4a6e-af9e-f1cd68e8c7e8'));--#!
INSERT INTO REF_TERM_TBL (REF_TERM_ID, CS_ID, MNEMONIC, CRT_PROV_ID)  VALUES(char_to_uuid('099ba749-979d-4ea1-a6fb-6b3253a25062'),char_to_uuid('bab1d66a-1e98-4bfd-9b4a-7c4be88f35d1'),'CTTEVENT', char_to_uuid('fadca076-3690-4a6e-af9e-f1cd68e8c7e8'));--#!
INSERT INTO REF_TERM_TBL (REF_TERM_ID, CS_ID, MNEMONIC, CRT_PROV_ID)  VALUES(char_to_uuid('7d2cc381-306c-4d05-8644-e5781e9bcc9e'),char_to_uuid('bab1d66a-1e98-4bfd-9b4a-7c4be88f35d1'),'INC', char_to_uuid('fadca076-3690-4a6e-af9e-f1cd68e8c7e8'));--#!
INSERT INTO REF_TERM_TBL (REF_TERM_ID, CS_ID, MNEMONIC, CRT_PROV_ID)  VALUES(char_to_uuid('60d10daa-0f02-47d9-847d-abbfd07742df'),char_to_uuid('bab1d66a-1e98-4bfd-9b4a-7c4be88f35d1'),'INFRM', char_to_uuid('fadca076-3690-4a6e-af9e-f1cd68e8c7e8'));--#!
INSERT INTO REF_TERM_TBL (REF_TERM_ID, CS_ID, MNEMONIC, CRT_PROV_ID)  VALUES(char_to_uuid('51b3ea54-7f54-4700-a9cd-69c2478d2e49'),char_to_uuid('bab1d66a-1e98-4bfd-9b4a-7c4be88f35d1'),'PCPR', char_to_uuid('fadca076-3690-4a6e-af9e-f1cd68e8c7e8'));--#!
INSERT INTO REF_TERM_TBL (REF_TERM_ID, CS_ID, MNEMONIC, CRT_PROV_ID)  VALUES(char_to_uuid('e6422955-2c7d-4f32-a8e5-4e824f7bec4f'),char_to_uuid('bab1d66a-1e98-4bfd-9b4a-7c4be88f35d1'),'REG', char_to_uuid('fadca076-3690-4a6e-af9e-f1cd68e8c7e8'));--#!
INSERT INTO REF_TERM_TBL (REF_TERM_ID, CS_ID, MNEMONIC, CRT_PROV_ID)  VALUES(char_to_uuid('7784d6b7-218b-42c9-a767-186f070ba1c6'),char_to_uuid('bab1d66a-1e98-4bfd-9b4a-7c4be88f35d1'),'SPCTRT', char_to_uuid('fadca076-3690-4a6e-af9e-f1cd68e8c7e8'));--#!
INSERT INTO REF_TERM_TBL (REF_TERM_ID, CS_ID, MNEMONIC, CRT_PROV_ID)  VALUES(char_to_uuid('a9513fcc-4cf0-498c-87ab-2c55d29fc01d'),char_to_uuid('bab1d66a-1e98-4bfd-9b4a-7c4be88f35d1'),'TRNS', char_to_uuid('fadca076-3690-4a6e-af9e-f1cd68e8c7e8'));--#!
INSERT INTO REF_TERM_TBL (REF_TERM_ID, CS_ID, MNEMONIC, CRT_PROV_ID)  VALUES(char_to_uuid('79e22c9a-3549-4fa0-b172-5c8b14f971a7'),char_to_uuid('bab1d66a-1e98-4bfd-9b4a-7c4be88f35d1'),'BATTERY', char_to_uuid('fadca076-3690-4a6e-af9e-f1cd68e8c7e8'));--#!
INSERT INTO REF_TERM_TBL (REF_TERM_ID, CS_ID, MNEMONIC, CRT_PROV_ID)  VALUES(char_to_uuid('e25859df-e131-4763-ab36-30f8a9b2d792'),char_to_uuid('bab1d66a-1e98-4bfd-9b4a-7c4be88f35d1'),'CLUSTER', char_to_uuid('fadca076-3690-4a6e-af9e-f1cd68e8c7e8'));--#!
INSERT INTO REF_TERM_TBL (REF_TERM_ID, CS_ID, MNEMONIC, CRT_PROV_ID)  VALUES(char_to_uuid('67207706-263c-4c71-958a-e96b0a9aaa3d'),char_to_uuid('bde8358f-7f9f-46e0-b326-3491429c2183'),'DEF', char_to_uuid('fadca076-3690-4a6e-af9e-f1cd68e8c7e8'));--#!
INSERT INTO REF_TERM_TBL (REF_TERM_ID, CS_ID, MNEMONIC, CRT_PROV_ID)  VALUES(char_to_uuid('9c8b956b-ceac-49a7-bcd3-ea8a8b111b72'),char_to_uuid('bde8358f-7f9f-46e0-b326-3491429c2183'),'GOL', char_to_uuid('fadca076-3690-4a6e-af9e-f1cd68e8c7e8'));--#!
INSERT INTO REF_TERM_TBL (REF_TERM_ID, CS_ID, MNEMONIC, CRT_PROV_ID)  VALUES(char_to_uuid('ccb14398-0b75-40f4-b3f3-c7af49ef1518'),char_to_uuid('bde8358f-7f9f-46e0-b326-3491429c2183'),'INT', char_to_uuid('fadca076-3690-4a6e-af9e-f1cd68e8c7e8'));--#!
INSERT INTO REF_TERM_TBL (REF_TERM_ID, CS_ID, MNEMONIC, CRT_PROV_ID)  VALUES(char_to_uuid('d3d31050-5616-4271-baa9-75c1e7b61e7b'),char_to_uuid('bde8358f-7f9f-46e0-b326-3491429c2183'),'PRMS', char_to_uuid('fadca076-3690-4a6e-af9e-f1cd68e8c7e8'));--#!
INSERT INTO REF_TERM_TBL (REF_TERM_ID, CS_ID, MNEMONIC, CRT_PROV_ID)  VALUES(char_to_uuid('bd98202d-48a2-4a29-b6ab-2bf2be5479f7'),char_to_uuid('bde8358f-7f9f-46e0-b326-3491429c2183'),'PRP', char_to_uuid('fadca076-3690-4a6e-af9e-f1cd68e8c7e8'));--#!
INSERT INTO REF_TERM_TBL (REF_TERM_ID, CS_ID, MNEMONIC, CRT_PROV_ID)  VALUES(char_to_uuid('ee5b963f-6aac-452a-bd2e-aba28630240f'),char_to_uuid('92104605-20dc-42f9-9cde-acef7fb19ef0'),'APND', char_to_uuid('fadca076-3690-4a6e-af9e-f1cd68e8c7e8'));--#!
INSERT INTO REF_TERM_TBL (REF_TERM_ID, CS_ID, MNEMONIC, CRT_PROV_ID)  VALUES(char_to_uuid('221f6952-7635-4466-8276-cd93b83159e7'),char_to_uuid('92104605-20dc-42f9-9cde-acef7fb19ef0'),'RPLC', char_to_uuid('fadca076-3690-4a6e-af9e-f1cd68e8c7e8'));--#!
INSERT INTO REF_TERM_TBL (REF_TERM_ID, CS_ID, MNEMONIC, CRT_PROV_ID)  VALUES(char_to_uuid('c62e8129-f15d-4de8-b58e-8ba1ae9126e9'),char_to_uuid('92104605-20dc-42f9-9cde-acef7fb19ef0'),'XFRM', char_to_uuid('fadca076-3690-4a6e-af9e-f1cd68e8c7e8'));--#!
INSERT INTO REF_TERM_TBL (REF_TERM_ID, CS_ID, MNEMONIC, CRT_PROV_ID)  VALUES(char_to_uuid('1f250c4f-0442-48b5-aaee-db711531536a'),char_to_uuid('92104605-20dc-42f9-9cde-acef7fb19ef0'),'DRIV', char_to_uuid('fadca076-3690-4a6e-af9e-f1cd68e8c7e8'));--#!
INSERT INTO REF_TERM_TBL (REF_TERM_ID, CS_ID, MNEMONIC, CRT_PROV_ID)  VALUES(char_to_uuid('abf031be-7c1d-42fc-872d-0d6e37e91442'),char_to_uuid('92104605-20dc-42f9-9cde-acef7fb19ef0'),'CAUS', char_to_uuid('fadca076-3690-4a6e-af9e-f1cd68e8c7e8'));--#!
INSERT INTO REF_TERM_TBL (REF_TERM_ID, CS_ID, MNEMONIC, CRT_PROV_ID)  VALUES(char_to_uuid('a87084fd-a552-4a87-b756-171654198d87'),char_to_uuid('92104605-20dc-42f9-9cde-acef7fb19ef0'),'GEVL', char_to_uuid('fadca076-3690-4a6e-af9e-f1cd68e8c7e8'));--#!
INSERT INTO REF_TERM_TBL (REF_TERM_ID, CS_ID, MNEMONIC, CRT_PROV_ID)  VALUES(char_to_uuid('c1ea1b70-37d8-4f71-98e7-237ab0386b4f'),char_to_uuid('92104605-20dc-42f9-9cde-acef7fb19ef0'),'MFST', char_to_uuid('fadca076-3690-4a6e-af9e-f1cd68e8c7e8'));--#!
INSERT INTO REF_TERM_TBL (REF_TERM_ID, CS_ID, MNEMONIC, CRT_PROV_ID)  VALUES(char_to_uuid('dc6423f4-88a4-4f91-b4fe-e7843dced168'),char_to_uuid('92104605-20dc-42f9-9cde-acef7fb19ef0'),'REFR', char_to_uuid('fadca076-3690-4a6e-af9e-f1cd68e8c7e8'));--#!
INSERT INTO REF_TERM_TBL (REF_TERM_ID, CS_ID, MNEMONIC, CRT_PROV_ID)  VALUES(char_to_uuid('6d3c7931-e873-47b7-9de7-2dea769e08a2'),char_to_uuid('92104605-20dc-42f9-9cde-acef7fb19ef0'),'RSON', char_to_uuid('fadca076-3690-4a6e-af9e-f1cd68e8c7e8'));--#!
INSERT INTO REF_TERM_TBL (REF_TERM_ID, CS_ID, MNEMONIC, CRT_PROV_ID)  VALUES(char_to_uuid('f453d868-844e-4d65-ad77-0c6c15ea7291'),char_to_uuid('92104605-20dc-42f9-9cde-acef7fb19ef0'),'SAS', char_to_uuid('fadca076-3690-4a6e-af9e-f1cd68e8c7e8'));--#!
INSERT INTO REF_TERM_TBL (REF_TERM_ID, CS_ID, MNEMONIC, CRT_PROV_ID)  VALUES(char_to_uuid('8a65c531-b4dd-43cc-9c55-e064d07533ce'),char_to_uuid('92104605-20dc-42f9-9cde-acef7fb19ef0'),'SPRT', char_to_uuid('fadca076-3690-4a6e-af9e-f1cd68e8c7e8'));--#!
INSERT INTO REF_TERM_TBL (REF_TERM_ID, CS_ID, MNEMONIC, CRT_PROV_ID)  VALUES(char_to_uuid('9ae7e874-5c64-4867-8c84-c63ee5599b9c'),char_to_uuid('92104605-20dc-42f9-9cde-acef7fb19ef0'),'SUBJ', char_to_uuid('fadca076-3690-4a6e-af9e-f1cd68e8c7e8'));--#!
INSERT INTO REF_TERM_TBL (REF_TERM_ID, CS_ID, MNEMONIC, CRT_PROV_ID)  VALUES(char_to_uuid('060d431f-ba54-4312-a5d8-bb3bcefa1dd1'),char_to_uuid('92104605-20dc-42f9-9cde-acef7fb19ef0'),'XCRPT', char_to_uuid('fadca076-3690-4a6e-af9e-f1cd68e8c7e8'));--#!
INSERT INTO REF_TERM_TBL (REF_TERM_ID, CS_ID, MNEMONIC, CRT_PROV_ID)  VALUES(char_to_uuid('ee66d7f2-4f2e-471d-a032-142f8f6c08e4'),char_to_uuid('92104605-20dc-42f9-9cde-acef7fb19ef0'),'ELNK', char_to_uuid('fadca076-3690-4a6e-af9e-f1cd68e8c7e8'));--#!
INSERT INTO REF_TERM_TBL (REF_TERM_ID, CS_ID, MNEMONIC, CRT_PROV_ID)  VALUES(char_to_uuid('a5fc7cb9-e77d-4a32-85d5-0089f5b87978'),char_to_uuid('bde8358f-7f9f-46e0-b326-3491429c2183'),'APT', char_to_uuid('fadca076-3690-4a6e-af9e-f1cd68e8c7e8'));--#!
INSERT INTO REF_TERM_TBL (REF_TERM_ID, CS_ID, MNEMONIC, CRT_PROV_ID)  VALUES(char_to_uuid('1419b157-af85-447f-a490-0d5b95dbd6cc'),char_to_uuid('bde8358f-7f9f-46e0-b326-3491429c2183'),'ARQ', char_to_uuid('fadca076-3690-4a6e-af9e-f1cd68e8c7e8'));--#!
INSERT INTO REF_TERM_TBL (REF_TERM_ID, CS_ID, MNEMONIC, CRT_PROV_ID)  VALUES(char_to_uuid('8d03dbb0-69e0-43cc-82fd-ad39e9154a2e'),char_to_uuid('02823b47-c315-4366-8883-442e646d34be'),'AA', char_to_uuid('fadca076-3690-4a6e-af9e-f1cd68e8c7e8'));--#!
INSERT INTO REF_TERM_TBL (REF_TERM_ID, CS_ID, MNEMONIC, CRT_PROV_ID)  VALUES(char_to_uuid('ebc2299c-2e0c-49f2-bacb-56284e0086dd'),char_to_uuid('02823b47-c315-4366-8883-442e646d34be'),'ANF', char_to_uuid('fadca076-3690-4a6e-af9e-f1cd68e8c7e8'));--#!
INSERT INTO REF_TERM_TBL (REF_TERM_ID, CS_ID, MNEMONIC, CRT_PROV_ID)  VALUES(char_to_uuid('fe521c73-4e74-4d5a-a35d-0c51d404b3aa'),char_to_uuid('02823b47-c315-4366-8883-442e646d34be'),'AR', char_to_uuid('fadca076-3690-4a6e-af9e-f1cd68e8c7e8'));--#!
INSERT INTO REF_TERM_TBL (REF_TERM_ID, CS_ID, MNEMONIC, CRT_PROV_ID)  VALUES(char_to_uuid('c6e0672a-7872-4a0b-abca-12f6c512cea5'),char_to_uuid('02823b47-c315-4366-8883-442e646d34be'),'AS', char_to_uuid('fadca076-3690-4a6e-af9e-f1cd68e8c7e8'));--#!
INSERT INTO REF_TERM_TBL (REF_TERM_ID, CS_ID, MNEMONIC, CRT_PROV_ID)  VALUES(char_to_uuid('04d1a312-46ae-46ab-ab2a-d10998fd91cc'),char_to_uuid('02823b47-c315-4366-8883-442e646d34be'),'DISPLAY', char_to_uuid('fadca076-3690-4a6e-af9e-f1cd68e8c7e8'));--#!
INSERT INTO REF_TERM_TBL (REF_TERM_ID, CS_ID, MNEMONIC, CRT_PROV_ID)  VALUES(char_to_uuid('29a3310f-e0fb-4ed9-a262-06a7d60f14d4'),char_to_uuid('02823b47-c315-4366-8883-442e646d34be'),'FORM', char_to_uuid('fadca076-3690-4a6e-af9e-f1cd68e8c7e8'));--#!
INSERT INTO REF_TERM_TBL (REF_TERM_ID, CS_ID, MNEMONIC, CRT_PROV_ID)  VALUES(char_to_uuid('dd2d9f32-71a1-415b-bde1-ed38cd92dec7'),char_to_uuid('02823b47-c315-4366-8883-442e646d34be'),'AUTOPOL', char_to_uuid('fadca076-3690-4a6e-af9e-f1cd68e8c7e8'));--#!
INSERT INTO REF_TERM_TBL (REF_TERM_ID, CS_ID, MNEMONIC, CRT_PROV_ID)  VALUES(char_to_uuid('197ac8d7-ce96-4d6d-adf6-514e5ce5c551'),char_to_uuid('02823b47-c315-4366-8883-442e646d34be'),'CANPRG', char_to_uuid('fadca076-3690-4a6e-af9e-f1cd68e8c7e8'));--#!
INSERT INTO REF_TERM_TBL (REF_TERM_ID, CS_ID, MNEMONIC, CRT_PROV_ID)  VALUES(char_to_uuid('ac512be2-ee9b-4be8-a77d-81907fefe6f8'),char_to_uuid('02823b47-c315-4366-8883-442e646d34be'),'COL', char_to_uuid('fadca076-3690-4a6e-af9e-f1cd68e8c7e8'));--#!
INSERT INTO REF_TERM_TBL (REF_TERM_ID, CS_ID, MNEMONIC, CRT_PROV_ID)  VALUES(char_to_uuid('6d2fc3dc-401b-4dc9-92aa-f2223abd4ede'),char_to_uuid('02823b47-c315-4366-8883-442e646d34be'),'DENTPRG', char_to_uuid('fadca076-3690-4a6e-af9e-f1cd68e8c7e8'));--#!
INSERT INTO REF_TERM_TBL (REF_TERM_ID, CS_ID, MNEMONIC, CRT_PROV_ID)  VALUES(char_to_uuid('53f71a94-b2bc-4b09-b9b9-6c0f5c006438'),char_to_uuid('02823b47-c315-4366-8883-442e646d34be'),'EHCPOL', char_to_uuid('fadca076-3690-4a6e-af9e-f1cd68e8c7e8'));--#!
INSERT INTO REF_TERM_TBL (REF_TERM_ID, CS_ID, MNEMONIC, CRT_PROV_ID)  VALUES(char_to_uuid('f765cd10-ab36-4baa-9241-8ff9c54f8cc4'),char_to_uuid('02823b47-c315-4366-8883-442e646d34be'),'ENDRENAL', char_to_uuid('fadca076-3690-4a6e-af9e-f1cd68e8c7e8'));--#!
INSERT INTO REF_TERM_TBL (REF_TERM_ID, CS_ID, MNEMONIC, CRT_PROV_ID)  VALUES(char_to_uuid('18d8648c-09c1-461e-81a5-82d1aedfed8b'),char_to_uuid('02823b47-c315-4366-8883-442e646d34be'),'HIVAIDS', char_to_uuid('fadca076-3690-4a6e-af9e-f1cd68e8c7e8'));--#!
INSERT INTO REF_TERM_TBL (REF_TERM_ID, CS_ID, MNEMONIC, CRT_PROV_ID)  VALUES(char_to_uuid('8da500d6-a896-47e0-801d-9b25c0c021c7'),char_to_uuid('02823b47-c315-4366-8883-442e646d34be'),'HSAPOL', char_to_uuid('fadca076-3690-4a6e-af9e-f1cd68e8c7e8'));--#!
INSERT INTO REF_TERM_TBL (REF_TERM_ID, CS_ID, MNEMONIC, CRT_PROV_ID)  VALUES(char_to_uuid('f6155c7a-b295-4e94-b2b7-45c01f0de1a6'),char_to_uuid('02823b47-c315-4366-8883-442e646d34be'),'MANDPOL', char_to_uuid('fadca076-3690-4a6e-af9e-f1cd68e8c7e8'));--#!
INSERT INTO REF_TERM_TBL (REF_TERM_ID, CS_ID, MNEMONIC, CRT_PROV_ID)  VALUES(char_to_uuid('202a7cec-87c2-4d71-8ad8-e781b25e1504'),char_to_uuid('02823b47-c315-4366-8883-442e646d34be'),'MENTPRG', char_to_uuid('fadca076-3690-4a6e-af9e-f1cd68e8c7e8'));--#!
INSERT INTO REF_TERM_TBL (REF_TERM_ID, CS_ID, MNEMONIC, CRT_PROV_ID)  VALUES(char_to_uuid('42e2d90d-abe8-40de-bf90-0a2f6153a855'),char_to_uuid('02823b47-c315-4366-8883-442e646d34be'),'PUBLICPOL', char_to_uuid('fadca076-3690-4a6e-af9e-f1cd68e8c7e8'));--#!
INSERT INTO REF_TERM_TBL (REF_TERM_ID, CS_ID, MNEMONIC, CRT_PROV_ID)  VALUES(char_to_uuid('a350c94b-5980-4c1f-8363-8664898c895d'),char_to_uuid('02823b47-c315-4366-8883-442e646d34be'),'SAFNET', char_to_uuid('fadca076-3690-4a6e-af9e-f1cd68e8c7e8'));--#!
INSERT INTO REF_TERM_TBL (REF_TERM_ID, CS_ID, MNEMONIC, CRT_PROV_ID)  VALUES(char_to_uuid('177f4c88-ea90-4401-8b96-e3b66f3d45f9'),char_to_uuid('02823b47-c315-4366-8883-442e646d34be'),'SUBPRG', char_to_uuid('fadca076-3690-4a6e-af9e-f1cd68e8c7e8'));--#!
INSERT INTO REF_TERM_TBL (REF_TERM_ID, CS_ID, MNEMONIC, CRT_PROV_ID)  VALUES(char_to_uuid('fb8fe134-f4a5-462b-9dc0-2d87589249ce'),char_to_uuid('02823b47-c315-4366-8883-442e646d34be'),'SUBSIDIZ', char_to_uuid('fadca076-3690-4a6e-af9e-f1cd68e8c7e8'));--#!
INSERT INTO REF_TERM_TBL (REF_TERM_ID, CS_ID, MNEMONIC, CRT_PROV_ID)  VALUES(char_to_uuid('58b32723-e2a4-4531-8df5-3800b653389c'),char_to_uuid('02823b47-c315-4366-8883-442e646d34be'),'SUBSIDMC', char_to_uuid('fadca076-3690-4a6e-af9e-f1cd68e8c7e8'));--#!
INSERT INTO REF_TERM_TBL (REF_TERM_ID, CS_ID, MNEMONIC, CRT_PROV_ID)  VALUES(char_to_uuid('77b1ee28-3918-43fc-b3e9-28ec6a7f1d2f'),char_to_uuid('02823b47-c315-4366-8883-442e646d34be'),'SUBSUPP', char_to_uuid('fadca076-3690-4a6e-af9e-f1cd68e8c7e8'));--#!
INSERT INTO REF_TERM_TBL (REF_TERM_ID, CS_ID, MNEMONIC, CRT_PROV_ID)  VALUES(char_to_uuid('7af06377-1a5b-4737-8e02-0c3855471086'),char_to_uuid('02823b47-c315-4366-8883-442e646d34be'),'UNINSMOT', char_to_uuid('fadca076-3690-4a6e-af9e-f1cd68e8c7e8'));--#!
INSERT INTO REF_TERM_TBL (REF_TERM_ID, CS_ID, MNEMONIC, CRT_PROV_ID)  VALUES(char_to_uuid('89c2bb65-45cb-4f04-82a7-ac16e2b3d547'),char_to_uuid('02823b47-c315-4366-8883-442e646d34be'),'WCBPOL', char_to_uuid('fadca076-3690-4a6e-af9e-f1cd68e8c7e8'));--#!
INSERT INTO REF_TERM_TBL (REF_TERM_ID, CS_ID, MNEMONIC, CRT_PROV_ID)  VALUES(char_to_uuid('9a76d8a7-3a4e-4b54-9242-bd0456b95cbe'),char_to_uuid('02823b47-c315-4366-8883-442e646d34be'),'FST', char_to_uuid('fadca076-3690-4a6e-af9e-f1cd68e8c7e8'));--#!
INSERT INTO REF_TERM_TBL (REF_TERM_ID, CS_ID, MNEMONIC, CRT_PROV_ID)  VALUES(char_to_uuid('afc0155b-d2a7-4257-ade1-ba2b2071c231'),char_to_uuid('02823b47-c315-4366-8883-442e646d34be'),'HST', char_to_uuid('fadca076-3690-4a6e-af9e-f1cd68e8c7e8'));--#!
INSERT INTO REF_TERM_TBL (REF_TERM_ID, CS_ID, MNEMONIC, CRT_PROV_ID)  VALUES(char_to_uuid('7903d460-1339-4c44-8017-c3191f14f664'),char_to_uuid('02823b47-c315-4366-8883-442e646d34be'),'PST', char_to_uuid('fadca076-3690-4a6e-af9e-f1cd68e8c7e8'));--#!
INSERT INTO REF_TERM_TBL (REF_TERM_ID, CS_ID, MNEMONIC, CRT_PROV_ID)  VALUES(char_to_uuid('a4468ec4-243a-42d7-aebc-4d4908ece836'),char_to_uuid('02823b47-c315-4366-8883-442e646d34be'),'ADNFPPELAT', char_to_uuid('fadca076-3690-4a6e-af9e-f1cd68e8c7e8'));--#!
INSERT INTO REF_TERM_TBL (REF_TERM_ID, CS_ID, MNEMONIC, CRT_PROV_ID)  VALUES(char_to_uuid('71e2b1dc-52f7-4154-8836-636818bd3eb5'),char_to_uuid('02823b47-c315-4366-8883-442e646d34be'),'ADNFPPELCT', char_to_uuid('fadca076-3690-4a6e-af9e-f1cd68e8c7e8'));--#!
INSERT INTO REF_TERM_TBL (REF_TERM_ID, CS_ID, MNEMONIC, CRT_PROV_ID)  VALUES(char_to_uuid('742fa676-159d-488a-9398-113d2fd4e5fd'),char_to_uuid('02823b47-c315-4366-8883-442e646d34be'),'ADNFPPMNAT', char_to_uuid('fadca076-3690-4a6e-af9e-f1cd68e8c7e8'));--#!
INSERT INTO REF_TERM_TBL (REF_TERM_ID, CS_ID, MNEMONIC, CRT_PROV_ID)  VALUES(char_to_uuid('08e38be3-619d-4947-8bde-d79026cf0511'),char_to_uuid('02823b47-c315-4366-8883-442e646d34be'),'ADNFPPMNCT', char_to_uuid('fadca076-3690-4a6e-af9e-f1cd68e8c7e8'));--#!
INSERT INTO REF_TERM_TBL (REF_TERM_ID, CS_ID, MNEMONIC, CRT_PROV_ID)  VALUES(char_to_uuid('a7003d5c-40a4-454a-8fab-b6884b8c0abe'),char_to_uuid('02823b47-c315-4366-8883-442e646d34be'),'ADNFSPELAT', char_to_uuid('fadca076-3690-4a6e-af9e-f1cd68e8c7e8'));--#!
INSERT INTO REF_TERM_TBL (REF_TERM_ID, CS_ID, MNEMONIC, CRT_PROV_ID)  VALUES(char_to_uuid('5df735aa-b467-4a19-8ac9-52fedbb964d1'),char_to_uuid('02823b47-c315-4366-8883-442e646d34be'),'ADNFSPELCT', char_to_uuid('fadca076-3690-4a6e-af9e-f1cd68e8c7e8'));--#!
INSERT INTO REF_TERM_TBL (REF_TERM_ID, CS_ID, MNEMONIC, CRT_PROV_ID)  VALUES(char_to_uuid('0d8fb68a-566e-4c68-b893-893ed8b4a737'),char_to_uuid('02823b47-c315-4366-8883-442e646d34be'),'ADNFSPMNAT', char_to_uuid('fadca076-3690-4a6e-af9e-f1cd68e8c7e8'));--#!
INSERT INTO REF_TERM_TBL (REF_TERM_ID, CS_ID, MNEMONIC, CRT_PROV_ID)  VALUES(char_to_uuid('305ac977-4630-4120-a558-909acf65e5d3'),char_to_uuid('02823b47-c315-4366-8883-442e646d34be'),'ADNFSPMNCT', char_to_uuid('fadca076-3690-4a6e-af9e-f1cd68e8c7e8'));--#!
INSERT INTO REF_TERM_TBL (REF_TERM_ID, CS_ID, MNEMONIC, CRT_PROV_ID)  VALUES(char_to_uuid('33c3da27-f665-40f1-b510-667600259efc'),char_to_uuid('02823b47-c315-4366-8883-442e646d34be'),'ADNPPPELAT', char_to_uuid('fadca076-3690-4a6e-af9e-f1cd68e8c7e8'));--#!
INSERT INTO REF_TERM_TBL (REF_TERM_ID, CS_ID, MNEMONIC, CRT_PROV_ID)  VALUES(char_to_uuid('b74d1bcc-3dd5-4160-9dbb-5fa8d2ca0694'),char_to_uuid('02823b47-c315-4366-8883-442e646d34be'),'ADNPPPELCT', char_to_uuid('fadca076-3690-4a6e-af9e-f1cd68e8c7e8'));--#!
INSERT INTO REF_TERM_TBL (REF_TERM_ID, CS_ID, MNEMONIC, CRT_PROV_ID)  VALUES(char_to_uuid('e51dbd55-21a7-4bf4-80d8-9c5dbcc1d332'),char_to_uuid('02823b47-c315-4366-8883-442e646d34be'),'ADNPPPMNAT', char_to_uuid('fadca076-3690-4a6e-af9e-f1cd68e8c7e8'));--#!
INSERT INTO REF_TERM_TBL (REF_TERM_ID, CS_ID, MNEMONIC, CRT_PROV_ID)  VALUES(char_to_uuid('1d549605-2811-4a5a-a0eb-c8789910dd2f'),char_to_uuid('02823b47-c315-4366-8883-442e646d34be'),'ADNPPPMNCT', char_to_uuid('fadca076-3690-4a6e-af9e-f1cd68e8c7e8'));--#!
INSERT INTO REF_TERM_TBL (REF_TERM_ID, CS_ID, MNEMONIC, CRT_PROV_ID)  VALUES(char_to_uuid('9a0aee14-03b0-42a6-90fa-4347776349f6'),char_to_uuid('02823b47-c315-4366-8883-442e646d34be'),'ADNPSPELAT', char_to_uuid('fadca076-3690-4a6e-af9e-f1cd68e8c7e8'));--#!
INSERT INTO REF_TERM_TBL (REF_TERM_ID, CS_ID, MNEMONIC, CRT_PROV_ID)  VALUES(char_to_uuid('5a2f6675-71a4-460b-b3fc-b868f06552d7'),char_to_uuid('02823b47-c315-4366-8883-442e646d34be'),'ADNPSPELCT', char_to_uuid('fadca076-3690-4a6e-af9e-f1cd68e8c7e8'));--#!
INSERT INTO REF_TERM_TBL (REF_TERM_ID, CS_ID, MNEMONIC, CRT_PROV_ID)  VALUES(char_to_uuid('ef835147-74c2-40ac-8dfa-32c7153a15a8'),char_to_uuid('02823b47-c315-4366-8883-442e646d34be'),'ADNPSPMNAT', char_to_uuid('fadca076-3690-4a6e-af9e-f1cd68e8c7e8'));--#!
INSERT INTO REF_TERM_TBL (REF_TERM_ID, CS_ID, MNEMONIC, CRT_PROV_ID)  VALUES(char_to_uuid('79a23f40-ef70-48a1-9068-86577b465c29'),char_to_uuid('02823b47-c315-4366-8883-442e646d34be'),'ADNPSPMNCT', char_to_uuid('fadca076-3690-4a6e-af9e-f1cd68e8c7e8'));--#!
INSERT INTO REF_TERM_TBL (REF_TERM_ID, CS_ID, MNEMONIC, CRT_PROV_ID)  VALUES(char_to_uuid('e0f13a43-1708-4ade-9edd-791b05397a53'),char_to_uuid('02823b47-c315-4366-8883-442e646d34be'),'ADPPPPELAT', char_to_uuid('fadca076-3690-4a6e-af9e-f1cd68e8c7e8'));--#!
INSERT INTO REF_TERM_TBL (REF_TERM_ID, CS_ID, MNEMONIC, CRT_PROV_ID)  VALUES(char_to_uuid('eb8a75e4-3092-4cd9-9394-805f8aa9d51d'),char_to_uuid('02823b47-c315-4366-8883-442e646d34be'),'ADPPPPELCT', char_to_uuid('fadca076-3690-4a6e-af9e-f1cd68e8c7e8'));--#!
INSERT INTO REF_TERM_TBL (REF_TERM_ID, CS_ID, MNEMONIC, CRT_PROV_ID)  VALUES(char_to_uuid('b7ddc7e7-514c-4f4c-90c9-6edd65628612'),char_to_uuid('02823b47-c315-4366-8883-442e646d34be'),'ADPPPPMNAT', char_to_uuid('fadca076-3690-4a6e-af9e-f1cd68e8c7e8'));--#!
INSERT INTO REF_TERM_TBL (REF_TERM_ID, CS_ID, MNEMONIC, CRT_PROV_ID)  VALUES(char_to_uuid('1c3f5e09-cce9-4af8-acef-3f6aebe6cf34'),char_to_uuid('02823b47-c315-4366-8883-442e646d34be'),'ADPPPPMNCT', char_to_uuid('fadca076-3690-4a6e-af9e-f1cd68e8c7e8'));--#!
INSERT INTO REF_TERM_TBL (REF_TERM_ID, CS_ID, MNEMONIC, CRT_PROV_ID)  VALUES(char_to_uuid('a8e2b4de-57fd-486d-b808-d4e4808ba20d'),char_to_uuid('02823b47-c315-4366-8883-442e646d34be'),'ADPPSPELAT', char_to_uuid('fadca076-3690-4a6e-af9e-f1cd68e8c7e8'));--#!
INSERT INTO REF_TERM_TBL (REF_TERM_ID, CS_ID, MNEMONIC, CRT_PROV_ID)  VALUES(char_to_uuid('10d57feb-dac4-4daf-beac-08b86f8ee700'),char_to_uuid('02823b47-c315-4366-8883-442e646d34be'),'ADPPSPELCT', char_to_uuid('fadca076-3690-4a6e-af9e-f1cd68e8c7e8'));--#!
INSERT INTO REF_TERM_TBL (REF_TERM_ID, CS_ID, MNEMONIC, CRT_PROV_ID)  VALUES(char_to_uuid('71d4756a-8c63-40ea-8581-61dba54aa484'),char_to_uuid('02823b47-c315-4366-8883-442e646d34be'),'ADPPSPMNAT', char_to_uuid('fadca076-3690-4a6e-af9e-f1cd68e8c7e8'));--#!
INSERT INTO REF_TERM_TBL (REF_TERM_ID, CS_ID, MNEMONIC, CRT_PROV_ID)  VALUES(char_to_uuid('8a1ea4f9-f710-4b24-8210-1bcea5815330'),char_to_uuid('02823b47-c315-4366-8883-442e646d34be'),'ADPPSPMNCT', char_to_uuid('fadca076-3690-4a6e-af9e-f1cd68e8c7e8'));--#!
INSERT INTO REF_TERM_TBL (REF_TERM_ID, CS_ID, MNEMONIC, CRT_PROV_ID)  VALUES(char_to_uuid('26f284dc-2035-4ebb-aed8-8d531054cae9'),char_to_uuid('02823b47-c315-4366-8883-442e646d34be'),'ADRFPPELAT', char_to_uuid('fadca076-3690-4a6e-af9e-f1cd68e8c7e8'));--#!
INSERT INTO REF_TERM_TBL (REF_TERM_ID, CS_ID, MNEMONIC, CRT_PROV_ID)  VALUES(char_to_uuid('85b16ac4-cd58-4a3a-89e6-2017b18783df'),char_to_uuid('02823b47-c315-4366-8883-442e646d34be'),'ADRFPPELCT', char_to_uuid('fadca076-3690-4a6e-af9e-f1cd68e8c7e8'));--#!
INSERT INTO REF_TERM_TBL (REF_TERM_ID, CS_ID, MNEMONIC, CRT_PROV_ID)  VALUES(char_to_uuid('8ee3e76f-ec2c-4b46-b8ce-5c2d1be58fbf'),char_to_uuid('02823b47-c315-4366-8883-442e646d34be'),'ADRFPPMNAT', char_to_uuid('fadca076-3690-4a6e-af9e-f1cd68e8c7e8'));--#!
INSERT INTO REF_TERM_TBL (REF_TERM_ID, CS_ID, MNEMONIC, CRT_PROV_ID)  VALUES(char_to_uuid('0f24fe4c-1e7a-4a91-95ce-9be09638c2a5'),char_to_uuid('02823b47-c315-4366-8883-442e646d34be'),'ADRFPPMNCT', char_to_uuid('fadca076-3690-4a6e-af9e-f1cd68e8c7e8'));--#!
INSERT INTO REF_TERM_TBL (REF_TERM_ID, CS_ID, MNEMONIC, CRT_PROV_ID)  VALUES(char_to_uuid('16ab7fd0-677d-4266-ab10-b33c24f43e19'),char_to_uuid('02823b47-c315-4366-8883-442e646d34be'),'ADRFSPELAT', char_to_uuid('fadca076-3690-4a6e-af9e-f1cd68e8c7e8'));--#!
INSERT INTO REF_TERM_TBL (REF_TERM_ID, CS_ID, MNEMONIC, CRT_PROV_ID)  VALUES(char_to_uuid('0dfd6724-6311-4abe-b876-53daa2275ac1'),char_to_uuid('02823b47-c315-4366-8883-442e646d34be'),'ADRFSPELCT', char_to_uuid('fadca076-3690-4a6e-af9e-f1cd68e8c7e8'));--#!
INSERT INTO REF_TERM_TBL (REF_TERM_ID, CS_ID, MNEMONIC, CRT_PROV_ID)  VALUES(char_to_uuid('eb958c4a-3342-41fc-83db-1916ae8d870e'),char_to_uuid('02823b47-c315-4366-8883-442e646d34be'),'ADRFSPMNAT', char_to_uuid('fadca076-3690-4a6e-af9e-f1cd68e8c7e8'));--#!
INSERT INTO REF_TERM_TBL (REF_TERM_ID, CS_ID, MNEMONIC, CRT_PROV_ID)  VALUES(char_to_uuid('8068508d-9ebc-45bf-a535-3d31952e0ee9'),char_to_uuid('02823b47-c315-4366-8883-442e646d34be'),'ADRFSPMNCT', char_to_uuid('fadca076-3690-4a6e-af9e-f1cd68e8c7e8'));--#!
INSERT INTO REF_TERM_TBL (REF_TERM_ID, CS_ID, MNEMONIC, CRT_PROV_ID)  VALUES(char_to_uuid('2269e3e9-b9c7-436d-9a6d-c0ee4fe0a4ff'),char_to_uuid('02823b47-c315-4366-8883-442e646d34be'),'PDNFPPELAT', char_to_uuid('fadca076-3690-4a6e-af9e-f1cd68e8c7e8'));--#!
INSERT INTO REF_TERM_TBL (REF_TERM_ID, CS_ID, MNEMONIC, CRT_PROV_ID)  VALUES(char_to_uuid('18a78998-bf3f-43ec-8437-12cfc3132972'),char_to_uuid('02823b47-c315-4366-8883-442e646d34be'),'PDNFPPELCT', char_to_uuid('fadca076-3690-4a6e-af9e-f1cd68e8c7e8'));--#!
INSERT INTO REF_TERM_TBL (REF_TERM_ID, CS_ID, MNEMONIC, CRT_PROV_ID)  VALUES(char_to_uuid('30eadccb-e3da-4239-87e8-cee633ccaf61'),char_to_uuid('02823b47-c315-4366-8883-442e646d34be'),'PDNFPPMNAT', char_to_uuid('fadca076-3690-4a6e-af9e-f1cd68e8c7e8'));--#!
INSERT INTO REF_TERM_TBL (REF_TERM_ID, CS_ID, MNEMONIC, CRT_PROV_ID)  VALUES(char_to_uuid('ee0ca467-5d42-485d-9952-25a20df854f4'),char_to_uuid('02823b47-c315-4366-8883-442e646d34be'),'PDNFPPMNCT', char_to_uuid('fadca076-3690-4a6e-af9e-f1cd68e8c7e8'));--#!
INSERT INTO REF_TERM_TBL (REF_TERM_ID, CS_ID, MNEMONIC, CRT_PROV_ID)  VALUES(char_to_uuid('b1d34568-5b4e-4f74-9b4c-f7463e229c47'),char_to_uuid('02823b47-c315-4366-8883-442e646d34be'),'PDNFSPELAT', char_to_uuid('fadca076-3690-4a6e-af9e-f1cd68e8c7e8'));--#!
INSERT INTO REF_TERM_TBL (REF_TERM_ID, CS_ID, MNEMONIC, CRT_PROV_ID)  VALUES(char_to_uuid('21b24bdc-ec46-4bb3-aae5-44be6e3a748c'),char_to_uuid('02823b47-c315-4366-8883-442e646d34be'),'PDNFSPELCT', char_to_uuid('fadca076-3690-4a6e-af9e-f1cd68e8c7e8'));--#!
INSERT INTO REF_TERM_TBL (REF_TERM_ID, CS_ID, MNEMONIC, CRT_PROV_ID)  VALUES(char_to_uuid('8015f29f-a0b6-43c5-9c78-dfa4cf416cbb'),char_to_uuid('02823b47-c315-4366-8883-442e646d34be'),'PDNFSPMNAT', char_to_uuid('fadca076-3690-4a6e-af9e-f1cd68e8c7e8'));--#!
INSERT INTO REF_TERM_TBL (REF_TERM_ID, CS_ID, MNEMONIC, CRT_PROV_ID)  VALUES(char_to_uuid('6306d725-8031-40fc-8e14-0b5a01030b6d'),char_to_uuid('02823b47-c315-4366-8883-442e646d34be'),'PDNFSPMNCT', char_to_uuid('fadca076-3690-4a6e-af9e-f1cd68e8c7e8'));--#!
INSERT INTO REF_TERM_TBL (REF_TERM_ID, CS_ID, MNEMONIC, CRT_PROV_ID)  VALUES(char_to_uuid('46128966-be6b-470b-8299-0e7cd67dca06'),char_to_uuid('02823b47-c315-4366-8883-442e646d34be'),'PDNPPPELAT', char_to_uuid('fadca076-3690-4a6e-af9e-f1cd68e8c7e8'));--#!
INSERT INTO REF_TERM_TBL (REF_TERM_ID, CS_ID, MNEMONIC, CRT_PROV_ID)  VALUES(char_to_uuid('1368f02a-c2f4-4175-aa48-a3806eca662c'),char_to_uuid('02823b47-c315-4366-8883-442e646d34be'),'PDNPPPELCT', char_to_uuid('fadca076-3690-4a6e-af9e-f1cd68e8c7e8'));--#!
INSERT INTO REF_TERM_TBL (REF_TERM_ID, CS_ID, MNEMONIC, CRT_PROV_ID)  VALUES(char_to_uuid('ae18e981-257a-44a1-81a4-6e15b240bd96'),char_to_uuid('02823b47-c315-4366-8883-442e646d34be'),'PDNPPPMNAT', char_to_uuid('fadca076-3690-4a6e-af9e-f1cd68e8c7e8'));--#!
INSERT INTO REF_TERM_TBL (REF_TERM_ID, CS_ID, MNEMONIC, CRT_PROV_ID)  VALUES(char_to_uuid('b7b73d4d-60e7-4668-b0e2-31b547a8e3ff'),char_to_uuid('02823b47-c315-4366-8883-442e646d34be'),'PDNPPPMNCT', char_to_uuid('fadca076-3690-4a6e-af9e-f1cd68e8c7e8'));--#!
INSERT INTO REF_TERM_TBL (REF_TERM_ID, CS_ID, MNEMONIC, CRT_PROV_ID)  VALUES(char_to_uuid('acb6cb87-e297-489a-9f0a-8e71dfa8e06b'),char_to_uuid('02823b47-c315-4366-8883-442e646d34be'),'PDNPSPELAT', char_to_uuid('fadca076-3690-4a6e-af9e-f1cd68e8c7e8'));--#!
INSERT INTO REF_TERM_TBL (REF_TERM_ID, CS_ID, MNEMONIC, CRT_PROV_ID)  VALUES(char_to_uuid('a5b80ee4-db62-45dc-b61d-fc56bbd66f85'),char_to_uuid('02823b47-c315-4366-8883-442e646d34be'),'PDNPSPELCT', char_to_uuid('fadca076-3690-4a6e-af9e-f1cd68e8c7e8'));--#!
INSERT INTO REF_TERM_TBL (REF_TERM_ID, CS_ID, MNEMONIC, CRT_PROV_ID)  VALUES(char_to_uuid('10b3d1ad-c77b-4222-bae7-12c846afc462'),char_to_uuid('02823b47-c315-4366-8883-442e646d34be'),'PDNPSPMNAT', char_to_uuid('fadca076-3690-4a6e-af9e-f1cd68e8c7e8'));--#!
INSERT INTO REF_TERM_TBL (REF_TERM_ID, CS_ID, MNEMONIC, CRT_PROV_ID)  VALUES(char_to_uuid('ed766984-b95f-4812-affa-66bfd47ce023'),char_to_uuid('02823b47-c315-4366-8883-442e646d34be'),'PDNPSPMNCT', char_to_uuid('fadca076-3690-4a6e-af9e-f1cd68e8c7e8'));--#!
INSERT INTO REF_TERM_TBL (REF_TERM_ID, CS_ID, MNEMONIC, CRT_PROV_ID)  VALUES(char_to_uuid('e23688f8-0eb2-4e5c-84a9-8db838301574'),char_to_uuid('02823b47-c315-4366-8883-442e646d34be'),'PDPPPPELAT', char_to_uuid('fadca076-3690-4a6e-af9e-f1cd68e8c7e8'));--#!
INSERT INTO REF_TERM_TBL (REF_TERM_ID, CS_ID, MNEMONIC, CRT_PROV_ID)  VALUES(char_to_uuid('4e53b94a-9212-4bc5-a341-914ad879c6ee'),char_to_uuid('02823b47-c315-4366-8883-442e646d34be'),'PDPPPPELCT', char_to_uuid('fadca076-3690-4a6e-af9e-f1cd68e8c7e8'));--#!
INSERT INTO REF_TERM_TBL (REF_TERM_ID, CS_ID, MNEMONIC, CRT_PROV_ID)  VALUES(char_to_uuid('f5f76984-b678-4316-81f9-57cf7e857453'),char_to_uuid('02823b47-c315-4366-8883-442e646d34be'),'PDPPPPMNAT', char_to_uuid('fadca076-3690-4a6e-af9e-f1cd68e8c7e8'));--#!
INSERT INTO REF_TERM_TBL (REF_TERM_ID, CS_ID, MNEMONIC, CRT_PROV_ID)  VALUES(char_to_uuid('93563fa3-d1f2-4248-8b9e-6362bf49f6dc'),char_to_uuid('02823b47-c315-4366-8883-442e646d34be'),'PDPPPPMNCT', char_to_uuid('fadca076-3690-4a6e-af9e-f1cd68e8c7e8'));--#!
INSERT INTO REF_TERM_TBL (REF_TERM_ID, CS_ID, MNEMONIC, CRT_PROV_ID)  VALUES(char_to_uuid('5b08dc3b-9ee6-452f-bf93-4c6bfd17b1ea'),char_to_uuid('02823b47-c315-4366-8883-442e646d34be'),'PDPPSPELAT', char_to_uuid('fadca076-3690-4a6e-af9e-f1cd68e8c7e8'));--#!
INSERT INTO REF_TERM_TBL (REF_TERM_ID, CS_ID, MNEMONIC, CRT_PROV_ID)  VALUES(char_to_uuid('18095cc9-9e62-49b8-b96a-af5a063935a6'),char_to_uuid('02823b47-c315-4366-8883-442e646d34be'),'PDPPSPELCT', char_to_uuid('fadca076-3690-4a6e-af9e-f1cd68e8c7e8'));--#!
INSERT INTO REF_TERM_TBL (REF_TERM_ID, CS_ID, MNEMONIC, CRT_PROV_ID)  VALUES(char_to_uuid('e1d8aee2-62d4-416e-983f-81e006198cd3'),char_to_uuid('02823b47-c315-4366-8883-442e646d34be'),'PDPPSPMNAT', char_to_uuid('fadca076-3690-4a6e-af9e-f1cd68e8c7e8'));--#!
INSERT INTO REF_TERM_TBL (REF_TERM_ID, CS_ID, MNEMONIC, CRT_PROV_ID)  VALUES(char_to_uuid('937e5c54-4b18-4e0b-aaa9-06e97260b96c'),char_to_uuid('02823b47-c315-4366-8883-442e646d34be'),'PDPPSPMNCT', char_to_uuid('fadca076-3690-4a6e-af9e-f1cd68e8c7e8'));--#!
INSERT INTO REF_TERM_TBL (REF_TERM_ID, CS_ID, MNEMONIC, CRT_PROV_ID)  VALUES(char_to_uuid('a3aacd8f-39b6-4455-8f1c-5232de05ab56'),char_to_uuid('02823b47-c315-4366-8883-442e646d34be'),'SBBLELAT', char_to_uuid('fadca076-3690-4a6e-af9e-f1cd68e8c7e8'));--#!
INSERT INTO REF_TERM_TBL (REF_TERM_ID, CS_ID, MNEMONIC, CRT_PROV_ID)  VALUES(char_to_uuid('f766e171-ac0d-4a29-ba7d-d6b308e214de'),char_to_uuid('02823b47-c315-4366-8883-442e646d34be'),'SBBLELCT', char_to_uuid('fadca076-3690-4a6e-af9e-f1cd68e8c7e8'));--#!
INSERT INTO REF_TERM_TBL (REF_TERM_ID, CS_ID, MNEMONIC, CRT_PROV_ID)  VALUES(char_to_uuid('beb0f18a-5637-4975-bf9c-aecd89e7813d'),char_to_uuid('02823b47-c315-4366-8883-442e646d34be'),'SBNFELAT', char_to_uuid('fadca076-3690-4a6e-af9e-f1cd68e8c7e8'));--#!
INSERT INTO REF_TERM_TBL (REF_TERM_ID, CS_ID, MNEMONIC, CRT_PROV_ID)  VALUES(char_to_uuid('371b4b38-079f-4a0e-bc6e-8239c84cadfc'),char_to_uuid('02823b47-c315-4366-8883-442e646d34be'),'SBNFELCT', char_to_uuid('fadca076-3690-4a6e-af9e-f1cd68e8c7e8'));--#!
INSERT INTO REF_TERM_TBL (REF_TERM_ID, CS_ID, MNEMONIC, CRT_PROV_ID)  VALUES(char_to_uuid('d5e82b3c-841e-4058-a613-5a04b111b3a1'),char_to_uuid('02823b47-c315-4366-8883-442e646d34be'),'SBPDELAT', char_to_uuid('fadca076-3690-4a6e-af9e-f1cd68e8c7e8'));--#!
INSERT INTO REF_TERM_TBL (REF_TERM_ID, CS_ID, MNEMONIC, CRT_PROV_ID)  VALUES(char_to_uuid('bd9a5ad5-5eeb-4535-b98b-57529c53e9f3'),char_to_uuid('02823b47-c315-4366-8883-442e646d34be'),'SBPDELCT', char_to_uuid('fadca076-3690-4a6e-af9e-f1cd68e8c7e8'));--#!
INSERT INTO REF_TERM_TBL (REF_TERM_ID, CS_ID, MNEMONIC, CRT_PROV_ID)  VALUES(char_to_uuid('0fd87977-c371-409a-8029-3392adf03ad0'),char_to_uuid('02823b47-c315-4366-8883-442e646d34be'),'CPINV', char_to_uuid('fadca076-3690-4a6e-af9e-f1cd68e8c7e8'));--#!
INSERT INTO REF_TERM_TBL (REF_TERM_ID, CS_ID, MNEMONIC, CRT_PROV_ID)  VALUES(char_to_uuid('ab06b931-b47e-4b2b-bd6b-7d02c7d7c836'),char_to_uuid('02823b47-c315-4366-8883-442e646d34be'),'CPNDDRGING', char_to_uuid('fadca076-3690-4a6e-af9e-f1cd68e8c7e8'));--#!
INSERT INTO REF_TERM_TBL (REF_TERM_ID, CS_ID, MNEMONIC, CRT_PROV_ID)  VALUES(char_to_uuid('61881223-b24f-4c65-bc76-6ec3d7efdb78'),char_to_uuid('02823b47-c315-4366-8883-442e646d34be'),'CPNDINDING', char_to_uuid('fadca076-3690-4a6e-af9e-f1cd68e8c7e8'));--#!
INSERT INTO REF_TERM_TBL (REF_TERM_ID, CS_ID, MNEMONIC, CRT_PROV_ID)  VALUES(char_to_uuid('d2b9e86b-14f1-4a3b-aab7-005f1e3a3392'),char_to_uuid('02823b47-c315-4366-8883-442e646d34be'),'CPNDSUPING', char_to_uuid('fadca076-3690-4a6e-af9e-f1cd68e8c7e8'));--#!
INSERT INTO REF_TERM_TBL (REF_TERM_ID, CS_ID, MNEMONIC, CRT_PROV_ID)  VALUES(char_to_uuid('d582f480-a75e-4a0d-9e07-753c9f6571a8'),char_to_uuid('02823b47-c315-4366-8883-442e646d34be'),'CSINV', char_to_uuid('fadca076-3690-4a6e-af9e-f1cd68e8c7e8'));--#!
INSERT INTO REF_TERM_TBL (REF_TERM_ID, CS_ID, MNEMONIC, CRT_PROV_ID)  VALUES(char_to_uuid('d4e96699-1788-41af-aca3-45ee0c005ab4'),char_to_uuid('02823b47-c315-4366-8883-442e646d34be'),'CSPINV', char_to_uuid('fadca076-3690-4a6e-af9e-f1cd68e8c7e8'));--#!
INSERT INTO REF_TERM_TBL (REF_TERM_ID, CS_ID, MNEMONIC, CRT_PROV_ID)  VALUES(char_to_uuid('3e84bbf5-dd64-41ee-951d-56a4cf89e967'),char_to_uuid('02823b47-c315-4366-8883-442e646d34be'),'DRUGING', char_to_uuid('fadca076-3690-4a6e-af9e-f1cd68e8c7e8'));--#!
INSERT INTO REF_TERM_TBL (REF_TERM_ID, CS_ID, MNEMONIC, CRT_PROV_ID)  VALUES(char_to_uuid('ad35e3a8-337e-44a3-b4e5-dadbdb292bca'),char_to_uuid('02823b47-c315-4366-8883-442e646d34be'),'FININV', char_to_uuid('fadca076-3690-4a6e-af9e-f1cd68e8c7e8'));--#!
INSERT INTO REF_TERM_TBL (REF_TERM_ID, CS_ID, MNEMONIC, CRT_PROV_ID)  VALUES(char_to_uuid('cb80dcf4-4da0-4763-bcb8-f57aa2c5538c'),char_to_uuid('02823b47-c315-4366-8883-442e646d34be'),'FRAMEING', char_to_uuid('fadca076-3690-4a6e-af9e-f1cd68e8c7e8'));--#!
INSERT INTO REF_TERM_TBL (REF_TERM_ID, CS_ID, MNEMONIC, CRT_PROV_ID)  VALUES(char_to_uuid('bbe0d322-a131-4afa-8150-d9ef9ed41d1f'),char_to_uuid('02823b47-c315-4366-8883-442e646d34be'),'LENSING', char_to_uuid('fadca076-3690-4a6e-af9e-f1cd68e8c7e8'));--#!
INSERT INTO REF_TERM_TBL (REF_TERM_ID, CS_ID, MNEMONIC, CRT_PROV_ID)  VALUES(char_to_uuid('3b0bff93-fcec-4127-a632-0fc760c9834d'),char_to_uuid('02823b47-c315-4366-8883-442e646d34be'),'OHSINV', char_to_uuid('fadca076-3690-4a6e-af9e-f1cd68e8c7e8'));--#!
INSERT INTO REF_TERM_TBL (REF_TERM_ID, CS_ID, MNEMONIC, CRT_PROV_ID)  VALUES(char_to_uuid('dcdc83bb-b2e3-4903-b84e-d47ca04f4ea2'),char_to_uuid('02823b47-c315-4366-8883-442e646d34be'),'PAINV', char_to_uuid('fadca076-3690-4a6e-af9e-f1cd68e8c7e8'));--#!
INSERT INTO REF_TERM_TBL (REF_TERM_ID, CS_ID, MNEMONIC, CRT_PROV_ID)  VALUES(char_to_uuid('a94c2eb7-88b7-415c-b4a8-ac5702fecc33'),char_to_uuid('02823b47-c315-4366-8883-442e646d34be'),'PRDING', char_to_uuid('fadca076-3690-4a6e-af9e-f1cd68e8c7e8'));--#!
INSERT INTO REF_TERM_TBL (REF_TERM_ID, CS_ID, MNEMONIC, CRT_PROV_ID)  VALUES(char_to_uuid('08517749-66d3-49ee-99fe-17b64fe60ac7'),char_to_uuid('02823b47-c315-4366-8883-442e646d34be'),'RXCINV', char_to_uuid('fadca076-3690-4a6e-af9e-f1cd68e8c7e8'));--#!
INSERT INTO REF_TERM_TBL (REF_TERM_ID, CS_ID, MNEMONIC, CRT_PROV_ID)  VALUES(char_to_uuid('3953c152-d8ca-4375-add6-f76f9f12e683'),char_to_uuid('02823b47-c315-4366-8883-442e646d34be'),'RXDINV', char_to_uuid('fadca076-3690-4a6e-af9e-f1cd68e8c7e8'));--#!
INSERT INTO REF_TERM_TBL (REF_TERM_ID, CS_ID, MNEMONIC, CRT_PROV_ID)  VALUES(char_to_uuid('d6daf579-d366-40ef-adad-21887f9ebad3'),char_to_uuid('02823b47-c315-4366-8883-442e646d34be'),'SBFINV', char_to_uuid('fadca076-3690-4a6e-af9e-f1cd68e8c7e8'));--#!
INSERT INTO REF_TERM_TBL (REF_TERM_ID, CS_ID, MNEMONIC, CRT_PROV_ID)  VALUES(char_to_uuid('d77fd655-f4dc-4964-bf52-aaa7db116cb4'),char_to_uuid('02823b47-c315-4366-8883-442e646d34be'),'VRXINV', char_to_uuid('fadca076-3690-4a6e-af9e-f1cd68e8c7e8'));--#!
INSERT INTO REF_TERM_TBL (REF_TERM_ID, CS_ID, MNEMONIC, CRT_PROV_ID)  VALUES(char_to_uuid('26de1119-d2d2-49f1-b7b6-2329ff23d49e'),char_to_uuid('02823b47-c315-4366-8883-442e646d34be'),'BOOSTER', char_to_uuid('fadca076-3690-4a6e-af9e-f1cd68e8c7e8'));--#!
INSERT INTO REF_TERM_TBL (REF_TERM_ID, CS_ID, MNEMONIC, CRT_PROV_ID)  VALUES(char_to_uuid('51e53697-64eb-4cc7-a548-cf603881046a'),char_to_uuid('02823b47-c315-4366-8883-442e646d34be'),'DRUG', char_to_uuid('fadca076-3690-4a6e-af9e-f1cd68e8c7e8'));--#!
INSERT INTO REF_TERM_TBL (REF_TERM_ID, CS_ID, MNEMONIC, CRT_PROV_ID)  VALUES(char_to_uuid('8accce19-d2e3-4f49-986e-eb2e2d7785a2'),char_to_uuid('02823b47-c315-4366-8883-442e646d34be'),'IMMUNIZ', char_to_uuid('fadca076-3690-4a6e-af9e-f1cd68e8c7e8'));--#!
INSERT INTO REF_TERM_TBL (REF_TERM_ID, CS_ID, MNEMONIC, CRT_PROV_ID)  VALUES(char_to_uuid('195f4fcc-ee4e-4132-ba6d-222fb86cf4e7'),char_to_uuid('02823b47-c315-4366-8883-442e646d34be'),'INITIMMUNIZ', char_to_uuid('fadca076-3690-4a6e-af9e-f1cd68e8c7e8'));--#!
INSERT INTO REF_TERM_TBL (REF_TERM_ID, CS_ID, MNEMONIC, CRT_PROV_ID)  VALUES(char_to_uuid('bc832e84-491f-41fa-a53a-46770cd2697d'),char_to_uuid('7a3a7139-b93e-4a99-bd54-749e30fe712a'),'F', char_to_uuid('fadca076-3690-4a6e-af9e-f1cd68e8c7e8'));--#!
INSERT INTO REF_TERM_TBL (REF_TERM_ID, CS_ID, MNEMONIC, CRT_PROV_ID)  VALUES(char_to_uuid('505aae7d-16f6-4600-9172-89e0ca36a3c1'),char_to_uuid('7a3a7139-b93e-4a99-bd54-749e30fe712a'),'M', char_to_uuid('fadca076-3690-4a6e-af9e-f1cd68e8c7e8'));--#!
INSERT INTO REF_TERM_TBL (REF_TERM_ID, CS_ID, MNEMONIC, CRT_PROV_ID)  VALUES(char_to_uuid('d6e851a7-2d7e-4c63-81dc-efef7d12e9a1'),char_to_uuid('7a3a7139-b93e-4a99-bd54-749e30fe712a'),'UN', char_to_uuid('fadca076-3690-4a6e-af9e-f1cd68e8c7e8'));--#!
INSERT INTO REF_TERM_TBL (REF_TERM_ID, CS_ID, MNEMONIC, CRT_PROV_ID)  VALUES(char_to_uuid('fe55da81-df44-43c7-aa18-9283ffc38362'),char_to_uuid('9a4718fe-43f4-4b5b-9997-1d1fae894bb9'),'AUNT', char_to_uuid('fadca076-3690-4a6e-af9e-f1cd68e8c7e8'));--#!
INSERT INTO REF_TERM_TBL (REF_TERM_ID, CS_ID, MNEMONIC, CRT_PROV_ID)  VALUES(char_to_uuid('d8382b1a-2c20-4048-98c0-36cca22db74b'),char_to_uuid('9a4718fe-43f4-4b5b-9997-1d1fae894bb9'),'BRO', char_to_uuid('fadca076-3690-4a6e-af9e-f1cd68e8c7e8'));--#!
INSERT INTO REF_TERM_TBL (REF_TERM_ID, CS_ID, MNEMONIC, CRT_PROV_ID)  VALUES(char_to_uuid('2a35f977-0a36-468c-8edc-f8a742450170'),char_to_uuid('9a4718fe-43f4-4b5b-9997-1d1fae894bb9'),'BROINLAW', char_to_uuid('fadca076-3690-4a6e-af9e-f1cd68e8c7e8'));--#!
INSERT INTO REF_TERM_TBL (REF_TERM_ID, CS_ID, MNEMONIC, CRT_PROV_ID)  VALUES(char_to_uuid('61afe90c-d752-42cf-a8d0-5a928c97b38c'),char_to_uuid('9a4718fe-43f4-4b5b-9997-1d1fae894bb9'),'CHILD', char_to_uuid('fadca076-3690-4a6e-af9e-f1cd68e8c7e8'));--#!
INSERT INTO REF_TERM_TBL (REF_TERM_ID, CS_ID, MNEMONIC, CRT_PROV_ID)  VALUES(char_to_uuid('b1e7070d-4b88-45fd-bccc-eff7316c15d9'),char_to_uuid('9a4718fe-43f4-4b5b-9997-1d1fae894bb9'),'CHLDADOPT', char_to_uuid('fadca076-3690-4a6e-af9e-f1cd68e8c7e8'));--#!
INSERT INTO REF_TERM_TBL (REF_TERM_ID, CS_ID, MNEMONIC, CRT_PROV_ID)  VALUES(char_to_uuid('5f63a762-4793-4f9d-826e-87612a6a2bbe'),char_to_uuid('9a4718fe-43f4-4b5b-9997-1d1fae894bb9'),'CHLDFOST', char_to_uuid('fadca076-3690-4a6e-af9e-f1cd68e8c7e8'));--#!
INSERT INTO REF_TERM_TBL (REF_TERM_ID, CS_ID, MNEMONIC, CRT_PROV_ID)  VALUES(char_to_uuid('a3748d6d-cc9c-4686-acba-a0946e758ab5'),char_to_uuid('9a4718fe-43f4-4b5b-9997-1d1fae894bb9'),'CHLDINLAW', char_to_uuid('fadca076-3690-4a6e-af9e-f1cd68e8c7e8'));--#!
INSERT INTO REF_TERM_TBL (REF_TERM_ID, CS_ID, MNEMONIC, CRT_PROV_ID)  VALUES(char_to_uuid('354a9766-c8e5-4b7a-bd6c-4440d9e9e389'),char_to_uuid('9a4718fe-43f4-4b5b-9997-1d1fae894bb9'),'COUSN', char_to_uuid('fadca076-3690-4a6e-af9e-f1cd68e8c7e8'));--#!
INSERT INTO REF_TERM_TBL (REF_TERM_ID, CS_ID, MNEMONIC, CRT_PROV_ID)  VALUES(char_to_uuid('40ca0162-c12b-458b-97d6-fbc386e6fcc1'),char_to_uuid('9a4718fe-43f4-4b5b-9997-1d1fae894bb9'),'DAU', char_to_uuid('fadca076-3690-4a6e-af9e-f1cd68e8c7e8'));--#!
INSERT INTO REF_TERM_TBL (REF_TERM_ID, CS_ID, MNEMONIC, CRT_PROV_ID)  VALUES(char_to_uuid('1193070f-3d8c-4b26-9d7d-8ef3d69ceb92'),char_to_uuid('9a4718fe-43f4-4b5b-9997-1d1fae894bb9'),'DAUADOPT', char_to_uuid('fadca076-3690-4a6e-af9e-f1cd68e8c7e8'));--#!
INSERT INTO REF_TERM_TBL (REF_TERM_ID, CS_ID, MNEMONIC, CRT_PROV_ID)  VALUES(char_to_uuid('e122710f-e39f-40ec-be48-6972b1356046'),char_to_uuid('9a4718fe-43f4-4b5b-9997-1d1fae894bb9'),'DAUC', char_to_uuid('fadca076-3690-4a6e-af9e-f1cd68e8c7e8'));--#!
INSERT INTO REF_TERM_TBL (REF_TERM_ID, CS_ID, MNEMONIC, CRT_PROV_ID)  VALUES(char_to_uuid('33dcaee0-1476-4c79-80a4-96a6e6f720e3'),char_to_uuid('9a4718fe-43f4-4b5b-9997-1d1fae894bb9'),'DAUFOST', char_to_uuid('fadca076-3690-4a6e-af9e-f1cd68e8c7e8'));--#!
INSERT INTO REF_TERM_TBL (REF_TERM_ID, CS_ID, MNEMONIC, CRT_PROV_ID)  VALUES(char_to_uuid('93ca6c84-3ed5-4c55-afcd-8bdb1b7689e7'),char_to_uuid('9a4718fe-43f4-4b5b-9997-1d1fae894bb9'),'DAUINLAW', char_to_uuid('fadca076-3690-4a6e-af9e-f1cd68e8c7e8'));--#!
INSERT INTO REF_TERM_TBL (REF_TERM_ID, CS_ID, MNEMONIC, CRT_PROV_ID)  VALUES(char_to_uuid('d8a535fc-e463-4564-a4fe-9ae7a94dddbe'),char_to_uuid('9a4718fe-43f4-4b5b-9997-1d1fae894bb9'),'DOMPART', char_to_uuid('fadca076-3690-4a6e-af9e-f1cd68e8c7e8'));--#!
INSERT INTO REF_TERM_TBL (REF_TERM_ID, CS_ID, MNEMONIC, CRT_PROV_ID)  VALUES(char_to_uuid('4335ccc0-0ce4-4576-934f-e9eb1377e726'),char_to_uuid('9a4718fe-43f4-4b5b-9997-1d1fae894bb9'),'FAMMEMB', char_to_uuid('fadca076-3690-4a6e-af9e-f1cd68e8c7e8'));--#!
INSERT INTO REF_TERM_TBL (REF_TERM_ID, CS_ID, MNEMONIC, CRT_PROV_ID)  VALUES(char_to_uuid('879c0084-a30a-4e55-b3eb-9cdb302caad3'),char_to_uuid('9a4718fe-43f4-4b5b-9997-1d1fae894bb9'),'FTH', char_to_uuid('fadca076-3690-4a6e-af9e-f1cd68e8c7e8'));--#!
INSERT INTO REF_TERM_TBL (REF_TERM_ID, CS_ID, MNEMONIC, CRT_PROV_ID)  VALUES(char_to_uuid('b8838483-dcc7-4e43-a6e5-63823b37d5da'),char_to_uuid('9a4718fe-43f4-4b5b-9997-1d1fae894bb9'),'FTHINLAW', char_to_uuid('fadca076-3690-4a6e-af9e-f1cd68e8c7e8'));--#!
INSERT INTO REF_TERM_TBL (REF_TERM_ID, CS_ID, MNEMONIC, CRT_PROV_ID)  VALUES(char_to_uuid('30c6a13b-9fb0-4986-84d6-8afff8fe4e02'),char_to_uuid('9a4718fe-43f4-4b5b-9997-1d1fae894bb9'),'GGRFTH', char_to_uuid('fadca076-3690-4a6e-af9e-f1cd68e8c7e8'));--#!
INSERT INTO REF_TERM_TBL (REF_TERM_ID, CS_ID, MNEMONIC, CRT_PROV_ID)  VALUES(char_to_uuid('e1b8007e-2e65-4502-a5b8-b0d8e6242147'),char_to_uuid('9a4718fe-43f4-4b5b-9997-1d1fae894bb9'),'GGRMTH', char_to_uuid('fadca076-3690-4a6e-af9e-f1cd68e8c7e8'));--#!
INSERT INTO REF_TERM_TBL (REF_TERM_ID, CS_ID, MNEMONIC, CRT_PROV_ID)  VALUES(char_to_uuid('f0fa827f-9de1-4199-9f4d-e90d69b3f24f'),char_to_uuid('9a4718fe-43f4-4b5b-9997-1d1fae894bb9'),'GGRPRN', char_to_uuid('fadca076-3690-4a6e-af9e-f1cd68e8c7e8'));--#!
INSERT INTO REF_TERM_TBL (REF_TERM_ID, CS_ID, MNEMONIC, CRT_PROV_ID)  VALUES(char_to_uuid('473e61b2-83f6-4114-89c6-d556846e45da'),char_to_uuid('9a4718fe-43f4-4b5b-9997-1d1fae894bb9'),'GRFTH', char_to_uuid('fadca076-3690-4a6e-af9e-f1cd68e8c7e8'));--#!
INSERT INTO REF_TERM_TBL (REF_TERM_ID, CS_ID, MNEMONIC, CRT_PROV_ID)  VALUES(char_to_uuid('c459c266-6e8f-4933-b39c-d55450f32341'),char_to_uuid('9a4718fe-43f4-4b5b-9997-1d1fae894bb9'),'GRMTH', char_to_uuid('fadca076-3690-4a6e-af9e-f1cd68e8c7e8'));--#!
INSERT INTO REF_TERM_TBL (REF_TERM_ID, CS_ID, MNEMONIC, CRT_PROV_ID)  VALUES(char_to_uuid('e043df5c-b5d9-44b6-bd4c-d4901accb63c'),char_to_uuid('9a4718fe-43f4-4b5b-9997-1d1fae894bb9'),'GRNDCHILD', char_to_uuid('fadca076-3690-4a6e-af9e-f1cd68e8c7e8'));--#!
INSERT INTO REF_TERM_TBL (REF_TERM_ID, CS_ID, MNEMONIC, CRT_PROV_ID)  VALUES(char_to_uuid('aee1d6f8-878e-4209-88df-4e06d8a453a4'),char_to_uuid('9a4718fe-43f4-4b5b-9997-1d1fae894bb9'),'GRNDDAU', char_to_uuid('fadca076-3690-4a6e-af9e-f1cd68e8c7e8'));--#!
INSERT INTO REF_TERM_TBL (REF_TERM_ID, CS_ID, MNEMONIC, CRT_PROV_ID)  VALUES(char_to_uuid('3554927b-357e-41cc-8034-1d25ccaf1f9c'),char_to_uuid('9a4718fe-43f4-4b5b-9997-1d1fae894bb9'),'GRNDSON', char_to_uuid('fadca076-3690-4a6e-af9e-f1cd68e8c7e8'));--#!
INSERT INTO REF_TERM_TBL (REF_TERM_ID, CS_ID, MNEMONIC, CRT_PROV_ID)  VALUES(char_to_uuid('e7f76349-5953-4945-8a62-91781c612367'),char_to_uuid('9a4718fe-43f4-4b5b-9997-1d1fae894bb9'),'GRPRN', char_to_uuid('fadca076-3690-4a6e-af9e-f1cd68e8c7e8'));--#!
INSERT INTO REF_TERM_TBL (REF_TERM_ID, CS_ID, MNEMONIC, CRT_PROV_ID)  VALUES(char_to_uuid('110c6e8f-a7c6-4695-8a3c-fb100b116920'),char_to_uuid('9a4718fe-43f4-4b5b-9997-1d1fae894bb9'),'HBRO', char_to_uuid('fadca076-3690-4a6e-af9e-f1cd68e8c7e8'));--#!
INSERT INTO REF_TERM_TBL (REF_TERM_ID, CS_ID, MNEMONIC, CRT_PROV_ID)  VALUES(char_to_uuid('825c4ed0-c877-4beb-b679-a5968b81e29f'),char_to_uuid('9a4718fe-43f4-4b5b-9997-1d1fae894bb9'),'HSIB', char_to_uuid('fadca076-3690-4a6e-af9e-f1cd68e8c7e8'));--#!
INSERT INTO REF_TERM_TBL (REF_TERM_ID, CS_ID, MNEMONIC, CRT_PROV_ID)  VALUES(char_to_uuid('3c5873bd-9014-4239-9062-4c2c1c3e852e'),char_to_uuid('9a4718fe-43f4-4b5b-9997-1d1fae894bb9'),'HSIS', char_to_uuid('fadca076-3690-4a6e-af9e-f1cd68e8c7e8'));--#!
INSERT INTO REF_TERM_TBL (REF_TERM_ID, CS_ID, MNEMONIC, CRT_PROV_ID)  VALUES(char_to_uuid('c851390a-50ae-4a37-8ecf-6938b31d1620'),char_to_uuid('9a4718fe-43f4-4b5b-9997-1d1fae894bb9'),'HUSB', char_to_uuid('fadca076-3690-4a6e-af9e-f1cd68e8c7e8'));--#!
INSERT INTO REF_TERM_TBL (REF_TERM_ID, CS_ID, MNEMONIC, CRT_PROV_ID)  VALUES(char_to_uuid('8f27937b-75c1-4349-b641-e7d08b064a0e'),char_to_uuid('9a4718fe-43f4-4b5b-9997-1d1fae894bb9'),'MAUNT', char_to_uuid('fadca076-3690-4a6e-af9e-f1cd68e8c7e8'));--#!
INSERT INTO REF_TERM_TBL (REF_TERM_ID, CS_ID, MNEMONIC, CRT_PROV_ID)  VALUES(char_to_uuid('436f5020-0473-4596-aa08-1ef19bedb905'),char_to_uuid('9a4718fe-43f4-4b5b-9997-1d1fae894bb9'),'MCOUSN', char_to_uuid('fadca076-3690-4a6e-af9e-f1cd68e8c7e8'));--#!
INSERT INTO REF_TERM_TBL (REF_TERM_ID, CS_ID, MNEMONIC, CRT_PROV_ID)  VALUES(char_to_uuid('55eefd51-0a82-418f-a3dd-80e1282313d2'),char_to_uuid('9a4718fe-43f4-4b5b-9997-1d1fae894bb9'),'MGGRFTH', char_to_uuid('fadca076-3690-4a6e-af9e-f1cd68e8c7e8'));--#!
INSERT INTO REF_TERM_TBL (REF_TERM_ID, CS_ID, MNEMONIC, CRT_PROV_ID)  VALUES(char_to_uuid('995d9763-a0b1-4bc5-90aa-4656f3787116'),char_to_uuid('9a4718fe-43f4-4b5b-9997-1d1fae894bb9'),'MGGRMTH', char_to_uuid('fadca076-3690-4a6e-af9e-f1cd68e8c7e8'));--#!
INSERT INTO REF_TERM_TBL (REF_TERM_ID, CS_ID, MNEMONIC, CRT_PROV_ID)  VALUES(char_to_uuid('3dcccb69-00f5-407a-b272-640342c4f625'),char_to_uuid('9a4718fe-43f4-4b5b-9997-1d1fae894bb9'),'MGGRPRN', char_to_uuid('fadca076-3690-4a6e-af9e-f1cd68e8c7e8'));--#!
INSERT INTO REF_TERM_TBL (REF_TERM_ID, CS_ID, MNEMONIC, CRT_PROV_ID)  VALUES(char_to_uuid('f99ad0cf-9a13-436d-88a8-c98255272ed0'),char_to_uuid('9a4718fe-43f4-4b5b-9997-1d1fae894bb9'),'MGRFTH', char_to_uuid('fadca076-3690-4a6e-af9e-f1cd68e8c7e8'));--#!
INSERT INTO REF_TERM_TBL (REF_TERM_ID, CS_ID, MNEMONIC, CRT_PROV_ID)  VALUES(char_to_uuid('ea152fb7-1218-4bf0-87e4-5d88ec76f8a1'),char_to_uuid('9a4718fe-43f4-4b5b-9997-1d1fae894bb9'),'MGRMTH', char_to_uuid('fadca076-3690-4a6e-af9e-f1cd68e8c7e8'));--#!
INSERT INTO REF_TERM_TBL (REF_TERM_ID, CS_ID, MNEMONIC, CRT_PROV_ID)  VALUES(char_to_uuid('cf1ea9c7-88c2-4a37-b3d1-ff54403aa9c9'),char_to_uuid('9a4718fe-43f4-4b5b-9997-1d1fae894bb9'),'MGRPRN', char_to_uuid('fadca076-3690-4a6e-af9e-f1cd68e8c7e8'));--#!
INSERT INTO REF_TERM_TBL (REF_TERM_ID, CS_ID, MNEMONIC, CRT_PROV_ID)  VALUES(char_to_uuid('ece41d56-6915-4324-922c-f85178db8f65'),char_to_uuid('9a4718fe-43f4-4b5b-9997-1d1fae894bb9'),'MTH', char_to_uuid('fadca076-3690-4a6e-af9e-f1cd68e8c7e8'));--#!
INSERT INTO REF_TERM_TBL (REF_TERM_ID, CS_ID, MNEMONIC, CRT_PROV_ID)  VALUES(char_to_uuid('ba97f1f6-8a49-4788-8f54-4aa84bfc6139'),char_to_uuid('9a4718fe-43f4-4b5b-9997-1d1fae894bb9'),'MTHINLAW', char_to_uuid('fadca076-3690-4a6e-af9e-f1cd68e8c7e8'));--#!
INSERT INTO REF_TERM_TBL (REF_TERM_ID, CS_ID, MNEMONIC, CRT_PROV_ID)  VALUES(char_to_uuid('5f675080-c748-4650-b4a1-4d798b324128'),char_to_uuid('9a4718fe-43f4-4b5b-9997-1d1fae894bb9'),'MUNCLE', char_to_uuid('fadca076-3690-4a6e-af9e-f1cd68e8c7e8'));--#!
INSERT INTO REF_TERM_TBL (REF_TERM_ID, CS_ID, MNEMONIC, CRT_PROV_ID)  VALUES(char_to_uuid('b3e5d4ff-cdab-4a54-89dd-3721539313c2'),char_to_uuid('9a4718fe-43f4-4b5b-9997-1d1fae894bb9'),'NBRO', char_to_uuid('fadca076-3690-4a6e-af9e-f1cd68e8c7e8'));--#!
INSERT INTO REF_TERM_TBL (REF_TERM_ID, CS_ID, MNEMONIC, CRT_PROV_ID)  VALUES(char_to_uuid('86a693bb-f2f8-4f4a-a522-c06eb63eec3c'),char_to_uuid('9a4718fe-43f4-4b5b-9997-1d1fae894bb9'),'NCHILD', char_to_uuid('fadca076-3690-4a6e-af9e-f1cd68e8c7e8'));--#!
INSERT INTO REF_TERM_TBL (REF_TERM_ID, CS_ID, MNEMONIC, CRT_PROV_ID)  VALUES(char_to_uuid('592802fb-5c5b-4519-975b-262454d669d5'),char_to_uuid('9a4718fe-43f4-4b5b-9997-1d1fae894bb9'),'NEPHEW', char_to_uuid('fadca076-3690-4a6e-af9e-f1cd68e8c7e8'));--#!
INSERT INTO REF_TERM_TBL (REF_TERM_ID, CS_ID, MNEMONIC, CRT_PROV_ID)  VALUES(char_to_uuid('bff1c242-9767-43a6-bef0-28596435046c'),char_to_uuid('9a4718fe-43f4-4b5b-9997-1d1fae894bb9'),'NFTH', char_to_uuid('fadca076-3690-4a6e-af9e-f1cd68e8c7e8'));--#!
INSERT INTO REF_TERM_TBL (REF_TERM_ID, CS_ID, MNEMONIC, CRT_PROV_ID)  VALUES(char_to_uuid('0367c3d8-3453-4b9c-9589-60dd4ba6ae09'),char_to_uuid('9a4718fe-43f4-4b5b-9997-1d1fae894bb9'),'NFTHF', char_to_uuid('fadca076-3690-4a6e-af9e-f1cd68e8c7e8'));--#!
INSERT INTO REF_TERM_TBL (REF_TERM_ID, CS_ID, MNEMONIC, CRT_PROV_ID)  VALUES(char_to_uuid('d5a3874c-8145-4b44-980b-0c35a7e47aa5'),char_to_uuid('9a4718fe-43f4-4b5b-9997-1d1fae894bb9'),'NIECE', char_to_uuid('fadca076-3690-4a6e-af9e-f1cd68e8c7e8'));--#!
INSERT INTO REF_TERM_TBL (REF_TERM_ID, CS_ID, MNEMONIC, CRT_PROV_ID)  VALUES(char_to_uuid('5b1a7098-3da5-4877-880f-935d2ef73e15'),char_to_uuid('9a4718fe-43f4-4b5b-9997-1d1fae894bb9'),'NIENEPH', char_to_uuid('fadca076-3690-4a6e-af9e-f1cd68e8c7e8'));--#!
INSERT INTO REF_TERM_TBL (REF_TERM_ID, CS_ID, MNEMONIC, CRT_PROV_ID)  VALUES(char_to_uuid('f11a352a-ca4b-42b1-b0dc-c2f3c04c8e29'),char_to_uuid('9a4718fe-43f4-4b5b-9997-1d1fae894bb9'),'NMTH', char_to_uuid('fadca076-3690-4a6e-af9e-f1cd68e8c7e8'));--#!
INSERT INTO REF_TERM_TBL (REF_TERM_ID, CS_ID, MNEMONIC, CRT_PROV_ID)  VALUES(char_to_uuid('1bec4c5f-ea04-4398-8a56-c18425de229e'),char_to_uuid('9a4718fe-43f4-4b5b-9997-1d1fae894bb9'),'NPRN', char_to_uuid('fadca076-3690-4a6e-af9e-f1cd68e8c7e8'));--#!
INSERT INTO REF_TERM_TBL (REF_TERM_ID, CS_ID, MNEMONIC, CRT_PROV_ID)  VALUES(char_to_uuid('9219dd59-27d4-405b-9536-07097d5e7b8f'),char_to_uuid('9a4718fe-43f4-4b5b-9997-1d1fae894bb9'),'NSIB', char_to_uuid('fadca076-3690-4a6e-af9e-f1cd68e8c7e8'));--#!
INSERT INTO REF_TERM_TBL (REF_TERM_ID, CS_ID, MNEMONIC, CRT_PROV_ID)  VALUES(char_to_uuid('ce3377ec-f6fe-4469-9c2d-44e7a8b4fadd'),char_to_uuid('9a4718fe-43f4-4b5b-9997-1d1fae894bb9'),'NSIS', char_to_uuid('fadca076-3690-4a6e-af9e-f1cd68e8c7e8'));--#!
INSERT INTO REF_TERM_TBL (REF_TERM_ID, CS_ID, MNEMONIC, CRT_PROV_ID)  VALUES(char_to_uuid('1fa96925-2fc9-4f8c-8777-d355550928dc'),char_to_uuid('9a4718fe-43f4-4b5b-9997-1d1fae894bb9'),'PAUNT', char_to_uuid('fadca076-3690-4a6e-af9e-f1cd68e8c7e8'));--#!
INSERT INTO REF_TERM_TBL (REF_TERM_ID, CS_ID, MNEMONIC, CRT_PROV_ID)  VALUES(char_to_uuid('978d9e11-ef5a-4c5a-835f-7bae6a1eb7ff'),char_to_uuid('9a4718fe-43f4-4b5b-9997-1d1fae894bb9'),'PCOUSN', char_to_uuid('fadca076-3690-4a6e-af9e-f1cd68e8c7e8'));--#!
INSERT INTO REF_TERM_TBL (REF_TERM_ID, CS_ID, MNEMONIC, CRT_PROV_ID)  VALUES(char_to_uuid('97342d87-19d9-4fed-84cc-98326864ccfe'),char_to_uuid('9a4718fe-43f4-4b5b-9997-1d1fae894bb9'),'PGGRFTH', char_to_uuid('fadca076-3690-4a6e-af9e-f1cd68e8c7e8'));--#!
INSERT INTO REF_TERM_TBL (REF_TERM_ID, CS_ID, MNEMONIC, CRT_PROV_ID)  VALUES(char_to_uuid('24f4399c-4f90-4701-85f0-28cf4a46b141'),char_to_uuid('9a4718fe-43f4-4b5b-9997-1d1fae894bb9'),'PGGRMTH', char_to_uuid('fadca076-3690-4a6e-af9e-f1cd68e8c7e8'));--#!
INSERT INTO REF_TERM_TBL (REF_TERM_ID, CS_ID, MNEMONIC, CRT_PROV_ID)  VALUES(char_to_uuid('e9e03c6d-a93c-450a-8bcb-a09815e8bb11'),char_to_uuid('9a4718fe-43f4-4b5b-9997-1d1fae894bb9'),'PGGRPRN', char_to_uuid('fadca076-3690-4a6e-af9e-f1cd68e8c7e8'));--#!
INSERT INTO REF_TERM_TBL (REF_TERM_ID, CS_ID, MNEMONIC, CRT_PROV_ID)  VALUES(char_to_uuid('edc84a2b-e402-468f-9d4e-864a36b2c143'),char_to_uuid('9a4718fe-43f4-4b5b-9997-1d1fae894bb9'),'PGRFTH', char_to_uuid('fadca076-3690-4a6e-af9e-f1cd68e8c7e8'));--#!
INSERT INTO REF_TERM_TBL (REF_TERM_ID, CS_ID, MNEMONIC, CRT_PROV_ID)  VALUES(char_to_uuid('4f62efe5-2219-44b2-a347-65748d36560d'),char_to_uuid('9a4718fe-43f4-4b5b-9997-1d1fae894bb9'),'PGRMTH', char_to_uuid('fadca076-3690-4a6e-af9e-f1cd68e8c7e8'));--#!
INSERT INTO REF_TERM_TBL (REF_TERM_ID, CS_ID, MNEMONIC, CRT_PROV_ID)  VALUES(char_to_uuid('50b71872-6ff0-4c1a-8902-177cf765b264'),char_to_uuid('9a4718fe-43f4-4b5b-9997-1d1fae894bb9'),'PGRPRN', char_to_uuid('fadca076-3690-4a6e-af9e-f1cd68e8c7e8'));--#!
INSERT INTO REF_TERM_TBL (REF_TERM_ID, CS_ID, MNEMONIC, CRT_PROV_ID)  VALUES(char_to_uuid('80012f60-29d0-435e-a2e8-999e87c6d603'),char_to_uuid('9a4718fe-43f4-4b5b-9997-1d1fae894bb9'),'PRN', char_to_uuid('fadca076-3690-4a6e-af9e-f1cd68e8c7e8'));--#!
INSERT INTO REF_TERM_TBL (REF_TERM_ID, CS_ID, MNEMONIC, CRT_PROV_ID)  VALUES(char_to_uuid('a3e33a20-0051-4a3b-a66c-bf394ce77369'),char_to_uuid('9a4718fe-43f4-4b5b-9997-1d1fae894bb9'),'PRNINLAW', char_to_uuid('fadca076-3690-4a6e-af9e-f1cd68e8c7e8'));--#!
INSERT INTO REF_TERM_TBL (REF_TERM_ID, CS_ID, MNEMONIC, CRT_PROV_ID)  VALUES(char_to_uuid('89e2ba5d-e125-4a03-8369-eacf75aa7741'),char_to_uuid('9a4718fe-43f4-4b5b-9997-1d1fae894bb9'),'PUNCLE', char_to_uuid('fadca076-3690-4a6e-af9e-f1cd68e8c7e8'));--#!
INSERT INTO REF_TERM_TBL (REF_TERM_ID, CS_ID, MNEMONIC, CRT_PROV_ID)  VALUES(char_to_uuid('f81fdd52-10cb-4e15-8228-8db4b4b612a2'),char_to_uuid('9a4718fe-43f4-4b5b-9997-1d1fae894bb9'),'ROOM', char_to_uuid('fadca076-3690-4a6e-af9e-f1cd68e8c7e8'));--#!
INSERT INTO REF_TERM_TBL (REF_TERM_ID, CS_ID, MNEMONIC, CRT_PROV_ID)  VALUES(char_to_uuid('038f56a3-5169-4ef9-be2e-a1a439427f01'),char_to_uuid('9a4718fe-43f4-4b5b-9997-1d1fae894bb9'),'SIB', char_to_uuid('fadca076-3690-4a6e-af9e-f1cd68e8c7e8'));--#!
INSERT INTO REF_TERM_TBL (REF_TERM_ID, CS_ID, MNEMONIC, CRT_PROV_ID)  VALUES(char_to_uuid('3430a356-8d2f-4de1-9aee-921cf64e45ff'),char_to_uuid('9a4718fe-43f4-4b5b-9997-1d1fae894bb9'),'SIBINLAW', char_to_uuid('fadca076-3690-4a6e-af9e-f1cd68e8c7e8'));--#!
INSERT INTO REF_TERM_TBL (REF_TERM_ID, CS_ID, MNEMONIC, CRT_PROV_ID)  VALUES(char_to_uuid('c94e83a7-a566-4fb4-bfc5-ef18434fc5d0'),char_to_uuid('9a4718fe-43f4-4b5b-9997-1d1fae894bb9'),'SIGOTHR', char_to_uuid('fadca076-3690-4a6e-af9e-f1cd68e8c7e8'));--#!
INSERT INTO REF_TERM_TBL (REF_TERM_ID, CS_ID, MNEMONIC, CRT_PROV_ID)  VALUES(char_to_uuid('62cc7dd9-af57-4eb7-a425-667b631975a1'),char_to_uuid('9a4718fe-43f4-4b5b-9997-1d1fae894bb9'),'SIS', char_to_uuid('fadca076-3690-4a6e-af9e-f1cd68e8c7e8'));--#!
INSERT INTO REF_TERM_TBL (REF_TERM_ID, CS_ID, MNEMONIC, CRT_PROV_ID)  VALUES(char_to_uuid('23da8443-94a4-4d25-b76e-5c02b380e081'),char_to_uuid('9a4718fe-43f4-4b5b-9997-1d1fae894bb9'),'SISINLAW', char_to_uuid('fadca076-3690-4a6e-af9e-f1cd68e8c7e8'));--#!
INSERT INTO REF_TERM_TBL (REF_TERM_ID, CS_ID, MNEMONIC, CRT_PROV_ID)  VALUES(char_to_uuid('ca6bf75e-905b-4802-849c-e4be95fe97fc'),char_to_uuid('9a4718fe-43f4-4b5b-9997-1d1fae894bb9'),'SON', char_to_uuid('fadca076-3690-4a6e-af9e-f1cd68e8c7e8'));--#!
INSERT INTO REF_TERM_TBL (REF_TERM_ID, CS_ID, MNEMONIC, CRT_PROV_ID)  VALUES(char_to_uuid('a70df556-dd53-4d03-9414-17a1aeedf2df'),char_to_uuid('9a4718fe-43f4-4b5b-9997-1d1fae894bb9'),'SONADOPT', char_to_uuid('fadca076-3690-4a6e-af9e-f1cd68e8c7e8'));--#!
INSERT INTO REF_TERM_TBL (REF_TERM_ID, CS_ID, MNEMONIC, CRT_PROV_ID)  VALUES(char_to_uuid('491f214d-a47f-4059-a340-ed7fc06d9920'),char_to_uuid('9a4718fe-43f4-4b5b-9997-1d1fae894bb9'),'SONC', char_to_uuid('fadca076-3690-4a6e-af9e-f1cd68e8c7e8'));--#!
INSERT INTO REF_TERM_TBL (REF_TERM_ID, CS_ID, MNEMONIC, CRT_PROV_ID)  VALUES(char_to_uuid('be4804b9-034a-4e0f-91ca-bfc74988b41b'),char_to_uuid('9a4718fe-43f4-4b5b-9997-1d1fae894bb9'),'SONFOST', char_to_uuid('fadca076-3690-4a6e-af9e-f1cd68e8c7e8'));--#!
INSERT INTO REF_TERM_TBL (REF_TERM_ID, CS_ID, MNEMONIC, CRT_PROV_ID)  VALUES(char_to_uuid('4a9bef50-079b-47e1-b694-a3614ea6f71f'),char_to_uuid('9a4718fe-43f4-4b5b-9997-1d1fae894bb9'),'SONINLAW', char_to_uuid('fadca076-3690-4a6e-af9e-f1cd68e8c7e8'));--#!
INSERT INTO REF_TERM_TBL (REF_TERM_ID, CS_ID, MNEMONIC, CRT_PROV_ID)  VALUES(char_to_uuid('f217f97f-bdc3-430e-b5de-086c2c52dbd0'),char_to_uuid('9a4718fe-43f4-4b5b-9997-1d1fae894bb9'),'SPS', char_to_uuid('fadca076-3690-4a6e-af9e-f1cd68e8c7e8'));--#!
INSERT INTO REF_TERM_TBL (REF_TERM_ID, CS_ID, MNEMONIC, CRT_PROV_ID)  VALUES(char_to_uuid('fabee839-47cd-4f16-9a1c-a6f66782fe0e'),char_to_uuid('9a4718fe-43f4-4b5b-9997-1d1fae894bb9'),'STPBRO', char_to_uuid('fadca076-3690-4a6e-af9e-f1cd68e8c7e8'));--#!
INSERT INTO REF_TERM_TBL (REF_TERM_ID, CS_ID, MNEMONIC, CRT_PROV_ID)  VALUES(char_to_uuid('4e91efae-95ec-470d-86b2-a3a5202b651a'),char_to_uuid('9a4718fe-43f4-4b5b-9997-1d1fae894bb9'),'STPCHLD', char_to_uuid('fadca076-3690-4a6e-af9e-f1cd68e8c7e8'));--#!
INSERT INTO REF_TERM_TBL (REF_TERM_ID, CS_ID, MNEMONIC, CRT_PROV_ID)  VALUES(char_to_uuid('897e3c92-efb1-469b-8014-aca72b90ed3d'),char_to_uuid('9a4718fe-43f4-4b5b-9997-1d1fae894bb9'),'STPDAU', char_to_uuid('fadca076-3690-4a6e-af9e-f1cd68e8c7e8'));--#!
INSERT INTO REF_TERM_TBL (REF_TERM_ID, CS_ID, MNEMONIC, CRT_PROV_ID)  VALUES(char_to_uuid('165ca910-6a2c-4fa2-b511-1d004de75a7b'),char_to_uuid('9a4718fe-43f4-4b5b-9997-1d1fae894bb9'),'STPFTH', char_to_uuid('fadca076-3690-4a6e-af9e-f1cd68e8c7e8'));--#!
INSERT INTO REF_TERM_TBL (REF_TERM_ID, CS_ID, MNEMONIC, CRT_PROV_ID)  VALUES(char_to_uuid('465ab53f-616b-4231-8915-48dda5ee3f3b'),char_to_uuid('9a4718fe-43f4-4b5b-9997-1d1fae894bb9'),'STPMTH', char_to_uuid('fadca076-3690-4a6e-af9e-f1cd68e8c7e8'));--#!
INSERT INTO REF_TERM_TBL (REF_TERM_ID, CS_ID, MNEMONIC, CRT_PROV_ID)  VALUES(char_to_uuid('3a68b733-a635-492f-bc39-558913c8b348'),char_to_uuid('9a4718fe-43f4-4b5b-9997-1d1fae894bb9'),'STPPRN', char_to_uuid('fadca076-3690-4a6e-af9e-f1cd68e8c7e8'));--#!
INSERT INTO REF_TERM_TBL (REF_TERM_ID, CS_ID, MNEMONIC, CRT_PROV_ID)  VALUES(char_to_uuid('3bd8dd0c-dca1-4e54-a402-75193e75461d'),char_to_uuid('9a4718fe-43f4-4b5b-9997-1d1fae894bb9'),'STPSIB', char_to_uuid('fadca076-3690-4a6e-af9e-f1cd68e8c7e8'));--#!
INSERT INTO REF_TERM_TBL (REF_TERM_ID, CS_ID, MNEMONIC, CRT_PROV_ID)  VALUES(char_to_uuid('8c4fb863-090c-4ea7-b315-faafb1718a3e'),char_to_uuid('9a4718fe-43f4-4b5b-9997-1d1fae894bb9'),'STPSIS', char_to_uuid('fadca076-3690-4a6e-af9e-f1cd68e8c7e8'));--#!
INSERT INTO REF_TERM_TBL (REF_TERM_ID, CS_ID, MNEMONIC, CRT_PROV_ID)  VALUES(char_to_uuid('d388f8e5-18ab-43d9-9184-7dd3502093b9'),char_to_uuid('9a4718fe-43f4-4b5b-9997-1d1fae894bb9'),'STPSON', char_to_uuid('fadca076-3690-4a6e-af9e-f1cd68e8c7e8'));--#!
INSERT INTO REF_TERM_TBL (REF_TERM_ID, CS_ID, MNEMONIC, CRT_PROV_ID)  VALUES(char_to_uuid('b9fc7529-e47d-4980-a441-81f0392eabcb'),char_to_uuid('9a4718fe-43f4-4b5b-9997-1d1fae894bb9'),'UNCLE', char_to_uuid('fadca076-3690-4a6e-af9e-f1cd68e8c7e8'));--#!
INSERT INTO REF_TERM_TBL (REF_TERM_ID, CS_ID, MNEMONIC, CRT_PROV_ID)  VALUES(char_to_uuid('bdb39719-830b-4d78-b0b6-d76cb645695d'),char_to_uuid('9a4718fe-43f4-4b5b-9997-1d1fae894bb9'),'WIFE', char_to_uuid('fadca076-3690-4a6e-af9e-f1cd68e8c7e8'));--#!
INSERT INTO REF_TERM_TBL (REF_TERM_ID, CS_ID, MNEMONIC, CRT_PROV_ID)  VALUES(char_to_uuid('4e0814cf-f66f-400b-98aa-b69de7d24b99'),char_to_uuid('02823b47-c315-4366-8883-442e646d34be'),'REP_HALF_LIFE', char_to_uuid('fadca076-3690-4a6e-af9e-f1cd68e8c7e8'));--#!
INSERT INTO REF_TERM_TBL (REF_TERM_ID, CS_ID, MNEMONIC, CRT_PROV_ID)  VALUES(char_to_uuid('8c35ec18-20f6-44ea-94db-2d209373a5d3'),char_to_uuid('02823b47-c315-4366-8883-442e646d34be'),'SPLCOATING', char_to_uuid('fadca076-3690-4a6e-af9e-f1cd68e8c7e8'));--#!
INSERT INTO REF_TERM_TBL (REF_TERM_ID, CS_ID, MNEMONIC, CRT_PROV_ID)  VALUES(char_to_uuid('fdc0a8e1-3241-4bbd-9390-32f2f30dfbb4'),char_to_uuid('02823b47-c315-4366-8883-442e646d34be'),'SPLCOLOR', char_to_uuid('fadca076-3690-4a6e-af9e-f1cd68e8c7e8'));--#!
INSERT INTO REF_TERM_TBL (REF_TERM_ID, CS_ID, MNEMONIC, CRT_PROV_ID)  VALUES(char_to_uuid('0f2f2fa4-6426-48c2-89a9-d406f8004a94'),char_to_uuid('02823b47-c315-4366-8883-442e646d34be'),'SPLIMAGE', char_to_uuid('fadca076-3690-4a6e-af9e-f1cd68e8c7e8'));--#!
INSERT INTO REF_TERM_TBL (REF_TERM_ID, CS_ID, MNEMONIC, CRT_PROV_ID)  VALUES(char_to_uuid('3acd1096-f64e-4275-a5b9-271e9a4eee28'),char_to_uuid('02823b47-c315-4366-8883-442e646d34be'),'SPLIMPRINT', char_to_uuid('fadca076-3690-4a6e-af9e-f1cd68e8c7e8'));--#!
INSERT INTO REF_TERM_TBL (REF_TERM_ID, CS_ID, MNEMONIC, CRT_PROV_ID)  VALUES(char_to_uuid('a48c8730-70e4-4f6c-bb4a-bf4a5aae0a20'),char_to_uuid('02823b47-c315-4366-8883-442e646d34be'),'SPLSCORING', char_to_uuid('fadca076-3690-4a6e-af9e-f1cd68e8c7e8'));--#!
INSERT INTO REF_TERM_TBL (REF_TERM_ID, CS_ID, MNEMONIC, CRT_PROV_ID)  VALUES(char_to_uuid('52609c95-960d-45ec-8351-53e378ade473'),char_to_uuid('02823b47-c315-4366-8883-442e646d34be'),'SPLSHAPE', char_to_uuid('fadca076-3690-4a6e-af9e-f1cd68e8c7e8'));--#!
INSERT INTO REF_TERM_TBL (REF_TERM_ID, CS_ID, MNEMONIC, CRT_PROV_ID)  VALUES(char_to_uuid('539ae587-0ed7-446d-8e48-1b3735e6c423'),char_to_uuid('02823b47-c315-4366-8883-442e646d34be'),'SPLSIZE', char_to_uuid('fadca076-3690-4a6e-af9e-f1cd68e8c7e8'));--#!
INSERT INTO REF_TERM_TBL (REF_TERM_ID, CS_ID, MNEMONIC, CRT_PROV_ID)  VALUES(char_to_uuid('fb314812-1d33-414b-84b1-dd7b1a16d770'),char_to_uuid('02823b47-c315-4366-8883-442e646d34be'),'SPLSYMBOL', char_to_uuid('fadca076-3690-4a6e-af9e-f1cd68e8c7e8'));--#!
-- Concept Reference Terms
INSERT INTO CD_REF_TERM_ASSOC_TBL(CD_REF_TERM_ID, REF_TERM_ID, CD_ID, EFFT_VRSN_SEQ_ID, REL_TYP_ID) SELECT gen_uuid(), char_to_uuid('80242f45-c915-47f9-a90c-1b80f7d6af71'), char_to_uuid('bbd960a1-3853-4b13-b62a-d768f93a08c5'), VRSN_SEQ_ID, char_to_uuid('2c4dafc2-566a-41ae-9ebc-3097d7d22f4a') FROM CD_VRSN_TBL WHERE CD_ID = char_to_uuid('bbd960a1-3853-4b13-b62a-d768f93a08c5') AND OBSLT_UTC IS NULL;--#!
INSERT INTO CD_REF_TERM_ASSOC_TBL(CD_REF_TERM_ID, REF_TERM_ID, CD_ID, EFFT_VRSN_SEQ_ID, REL_TYP_ID) SELECT gen_uuid(), char_to_uuid('34ef1f74-40b1-432c-9c86-5b77d3cd23c0'), char_to_uuid('846c2ccf-5b02-4b3f-beb4-3d69ce7830dd'), VRSN_SEQ_ID, char_to_uuid('2c4dafc2-566a-41ae-9ebc-3097d7d22f4a') FROM CD_VRSN_TBL WHERE CD_ID = char_to_uuid('846c2ccf-5b02-4b3f-beb4-3d69ce7830dd') AND OBSLT_UTC IS NULL;--#!
INSERT INTO CD_REF_TERM_ASSOC_TBL(CD_REF_TERM_ID, REF_TERM_ID, CD_ID, EFFT_VRSN_SEQ_ID, REL_TYP_ID) SELECT gen_uuid(), char_to_uuid('00f157f5-0a56-4bc9-95e3-ba64827b8852'), char_to_uuid('0f4ba634-5107-4eab-9658-25be293cd831'), VRSN_SEQ_ID, char_to_uuid('2c4dafc2-566a-41ae-9ebc-3097d7d22f4a') FROM CD_VRSN_TBL WHERE CD_ID = char_to_uuid('0f4ba634-5107-4eab-9658-25be293cd831') AND OBSLT_UTC IS NULL;--#!
INSERT INTO CD_REF_TERM_ASSOC_TBL(CD_REF_TERM_ID, REF_TERM_ID, CD_ID, EFFT_VRSN_SEQ_ID, REL_TYP_ID) SELECT gen_uuid(), char_to_uuid('e3782171-f043-4510-b986-c7adc3fca593'), char_to_uuid('2557f7b4-e465-4965-b016-766f192131ab'), VRSN_SEQ_ID, char_to_uuid('2c4dafc2-566a-41ae-9ebc-3097d7d22f4a') FROM CD_VRSN_TBL WHERE CD_ID = char_to_uuid('2557f7b4-e465-4965-b016-766f192131ab') AND OBSLT_UTC IS NULL;--#!
INSERT INTO CD_REF_TERM_ASSOC_TBL(CD_REF_TERM_ID, REF_TERM_ID, CD_ID, EFFT_VRSN_SEQ_ID, REL_TYP_ID) SELECT gen_uuid(), char_to_uuid('08f44c29-1348-48dc-b426-c9fb2826a895'), char_to_uuid('4b98c47f-eaa5-472c-a2c6-97dddc0cb68c'), VRSN_SEQ_ID, char_to_uuid('2c4dafc2-566a-41ae-9ebc-3097d7d22f4a') FROM CD_VRSN_TBL WHERE CD_ID = char_to_uuid('4b98c47f-eaa5-472c-a2c6-97dddc0cb68c') AND OBSLT_UTC IS NULL;--#!
INSERT INTO CD_REF_TERM_ASSOC_TBL(CD_REF_TERM_ID, REF_TERM_ID, CD_ID, EFFT_VRSN_SEQ_ID, REL_TYP_ID) SELECT gen_uuid(), char_to_uuid('8139ad2d-29f7-456c-9290-a7dbb67c92fd'), char_to_uuid('54b52119-1709-4098-8911-5df6d6c84140'), VRSN_SEQ_ID, char_to_uuid('2c4dafc2-566a-41ae-9ebc-3097d7d22f4a') FROM CD_VRSN_TBL WHERE CD_ID = char_to_uuid('54b52119-1709-4098-8911-5df6d6c84140') AND OBSLT_UTC IS NULL;--#!
INSERT INTO CD_REF_TERM_ASSOC_TBL(CD_REF_TERM_ID, REF_TERM_ID, CD_ID, EFFT_VRSN_SEQ_ID, REL_TYP_ID) SELECT gen_uuid(), char_to_uuid('bde21943-a344-477c-adda-af40bee4e177'), char_to_uuid('be84b6d3-446d-4e7e-b35d-2925f9f93434'), VRSN_SEQ_ID, char_to_uuid('2c4dafc2-566a-41ae-9ebc-3097d7d22f4a') FROM CD_VRSN_TBL WHERE CD_ID = char_to_uuid('be84b6d3-446d-4e7e-b35d-2925f9f93434') AND OBSLT_UTC IS NULL;--#!
INSERT INTO CD_REF_TERM_ASSOC_TBL(CD_REF_TERM_ID, REF_TERM_ID, CD_ID, EFFT_VRSN_SEQ_ID, REL_TYP_ID) SELECT gen_uuid(), char_to_uuid('c3b7eac5-48a9-4895-9440-6acc15445ccb'), char_to_uuid('1987c53c-7ab8-4461-9ebc-0d428744a8c0'), VRSN_SEQ_ID, char_to_uuid('2c4dafc2-566a-41ae-9ebc-3097d7d22f4a') FROM CD_VRSN_TBL WHERE CD_ID = char_to_uuid('1987c53c-7ab8-4461-9ebc-0d428744a8c0') AND OBSLT_UTC IS NULL;--#!
INSERT INTO CD_REF_TERM_ASSOC_TBL(CD_REF_TERM_ID, REF_TERM_ID, CD_ID, EFFT_VRSN_SEQ_ID, REL_TYP_ID) SELECT gen_uuid(), char_to_uuid('c5b1b254-ba34-4e45-a604-24e02f34a36b'), char_to_uuid('43a9642c-a054-45df-9bee-99274b4635cd'), VRSN_SEQ_ID, char_to_uuid('2c4dafc2-566a-41ae-9ebc-3097d7d22f4a') FROM CD_VRSN_TBL WHERE CD_ID = char_to_uuid('43a9642c-a054-45df-9bee-99274b4635cd') AND OBSLT_UTC IS NULL;--#!
INSERT INTO CD_REF_TERM_ASSOC_TBL(CD_REF_TERM_ID, REF_TERM_ID, CD_ID, EFFT_VRSN_SEQ_ID, REL_TYP_ID) SELECT gen_uuid(), char_to_uuid('83aac30c-0df1-4fd0-abd7-d7fceb00e04c'), char_to_uuid('57619b4a-2c8a-4674-a7fc-8e4f9aeb4903'), VRSN_SEQ_ID, char_to_uuid('2c4dafc2-566a-41ae-9ebc-3097d7d22f4a') FROM CD_VRSN_TBL WHERE CD_ID = char_to_uuid('57619b4a-2c8a-4674-a7fc-8e4f9aeb4903') AND OBSLT_UTC IS NULL;--#!
INSERT INTO CD_REF_TERM_ASSOC_TBL(CD_REF_TERM_ID, REF_TERM_ID, CD_ID, EFFT_VRSN_SEQ_ID, REL_TYP_ID) SELECT gen_uuid(), char_to_uuid('9046a12d-4c54-460e-ba46-c92893f74f87'), char_to_uuid('28d022c6-8a8b-47c4-9e6a-2bc67308739e'), VRSN_SEQ_ID, char_to_uuid('2c4dafc2-566a-41ae-9ebc-3097d7d22f4a') FROM CD_VRSN_TBL WHERE CD_ID = char_to_uuid('28d022c6-8a8b-47c4-9e6a-2bc67308739e') AND OBSLT_UTC IS NULL;--#!
INSERT INTO CD_REF_TERM_ASSOC_TBL(CD_REF_TERM_ID, REF_TERM_ID, CD_ID, EFFT_VRSN_SEQ_ID, REL_TYP_ID) SELECT gen_uuid(), char_to_uuid('32836d3b-0a29-4ab5-ad1f-6cb3dbd5df9a'), char_to_uuid('118e2293-0f46-4b78-8252-ab078afb32d3'), VRSN_SEQ_ID, char_to_uuid('2c4dafc2-566a-41ae-9ebc-3097d7d22f4a') FROM CD_VRSN_TBL WHERE CD_ID = char_to_uuid('118e2293-0f46-4b78-8252-ab078afb32d3') AND OBSLT_UTC IS NULL;--#!
INSERT INTO CD_REF_TERM_ASSOC_TBL(CD_REF_TERM_ID, REF_TERM_ID, CD_ID, EFFT_VRSN_SEQ_ID, REL_TYP_ID) SELECT gen_uuid(), char_to_uuid('932d4fc2-35db-4938-9b0d-25bfce8e3121'), char_to_uuid('40829e76-33ec-420c-ae79-c9b9dc5a3481'), VRSN_SEQ_ID, char_to_uuid('2c4dafc2-566a-41ae-9ebc-3097d7d22f4a') FROM CD_VRSN_TBL WHERE CD_ID = char_to_uuid('40829e76-33ec-420c-ae79-c9b9dc5a3481') AND OBSLT_UTC IS NULL;--#!
INSERT INTO CD_REF_TERM_ASSOC_TBL(CD_REF_TERM_ID, REF_TERM_ID, CD_ID, EFFT_VRSN_SEQ_ID, REL_TYP_ID) SELECT gen_uuid(), char_to_uuid('8b48fe39-c489-42a8-8800-f2a97480c6af'), char_to_uuid('0804e3a1-abe6-4bfb-9ad3-5484f170d181'), VRSN_SEQ_ID, char_to_uuid('2c4dafc2-566a-41ae-9ebc-3097d7d22f4a') FROM CD_VRSN_TBL WHERE CD_ID = char_to_uuid('0804e3a1-abe6-4bfb-9ad3-5484f170d181') AND OBSLT_UTC IS NULL;--#!
INSERT INTO CD_REF_TERM_ASSOC_TBL(CD_REF_TERM_ID, REF_TERM_ID, CD_ID, EFFT_VRSN_SEQ_ID, REL_TYP_ID) SELECT gen_uuid(), char_to_uuid('36ae7fc5-f2ad-4f66-a00d-e4bce99cd4e1'), char_to_uuid('80c58da9-917c-450b-843f-de21e4ae41a9'), VRSN_SEQ_ID, char_to_uuid('2c4dafc2-566a-41ae-9ebc-3097d7d22f4a') FROM CD_VRSN_TBL WHERE CD_ID = char_to_uuid('80c58da9-917c-450b-843f-de21e4ae41a9') AND OBSLT_UTC IS NULL;--#!
INSERT INTO CD_REF_TERM_ASSOC_TBL(CD_REF_TERM_ID, REF_TERM_ID, CD_ID, EFFT_VRSN_SEQ_ID, REL_TYP_ID) SELECT gen_uuid(), char_to_uuid('2df19451-c5a3-415b-95e8-f1724bd840fb'), char_to_uuid('22304ab0-b133-494a-ad30-4d9170176f99'), VRSN_SEQ_ID, char_to_uuid('2c4dafc2-566a-41ae-9ebc-3097d7d22f4a') FROM CD_VRSN_TBL WHERE CD_ID = char_to_uuid('22304ab0-b133-494a-ad30-4d9170176f99') AND OBSLT_UTC IS NULL;--#!
INSERT INTO CD_REF_TERM_ASSOC_TBL(CD_REF_TERM_ID, REF_TERM_ID, CD_ID, EFFT_VRSN_SEQ_ID, REL_TYP_ID) SELECT gen_uuid(), char_to_uuid('d19c93b5-5364-4426-8171-081f7efcf115'), char_to_uuid('487e2e90-c2ab-4693-b190-2c4e2f0e7cec'), VRSN_SEQ_ID, char_to_uuid('2c4dafc2-566a-41ae-9ebc-3097d7d22f4a') FROM CD_VRSN_TBL WHERE CD_ID = char_to_uuid('487e2e90-c2ab-4693-b190-2c4e2f0e7cec') AND OBSLT_UTC IS NULL;--#!
INSERT INTO CD_REF_TERM_ASSOC_TBL(CD_REF_TERM_ID, REF_TERM_ID, CD_ID, EFFT_VRSN_SEQ_ID, REL_TYP_ID) SELECT gen_uuid(), char_to_uuid('2630f5a3-649a-43d1-b039-20b06f55a222'), char_to_uuid('7ce22b9d-e062-447c-a921-71e690ebd5cf'), VRSN_SEQ_ID, char_to_uuid('2c4dafc2-566a-41ae-9ebc-3097d7d22f4a') FROM CD_VRSN_TBL WHERE CD_ID = char_to_uuid('7ce22b9d-e062-447c-a921-71e690ebd5cf') AND OBSLT_UTC IS NULL;--#!
INSERT INTO CD_REF_TERM_ASSOC_TBL(CD_REF_TERM_ID, REF_TERM_ID, CD_ID, EFFT_VRSN_SEQ_ID, REL_TYP_ID) SELECT gen_uuid(), char_to_uuid('fce8bdf3-12cd-4f04-a250-7e69f553347a'), char_to_uuid('ec38d31f-a187-4921-9fb6-ff9d227e9e9c'), VRSN_SEQ_ID, char_to_uuid('2c4dafc2-566a-41ae-9ebc-3097d7d22f4a') FROM CD_VRSN_TBL WHERE CD_ID = char_to_uuid('ec38d31f-a187-4921-9fb6-ff9d227e9e9c') AND OBSLT_UTC IS NULL;--#!
INSERT INTO CD_REF_TERM_ASSOC_TBL(CD_REF_TERM_ID, REF_TERM_ID, CD_ID, EFFT_VRSN_SEQ_ID, REL_TYP_ID) SELECT gen_uuid(), char_to_uuid('2adccb38-6ecf-4c42-8221-4dcff3ce4c69'), char_to_uuid('bc6b2fc6-6542-4bec-96eb-8573a606dbb4'), VRSN_SEQ_ID, char_to_uuid('2c4dafc2-566a-41ae-9ebc-3097d7d22f4a') FROM CD_VRSN_TBL WHERE CD_ID = char_to_uuid('bc6b2fc6-6542-4bec-96eb-8573a606dbb4') AND OBSLT_UTC IS NULL;--#!
INSERT INTO CD_REF_TERM_ASSOC_TBL(CD_REF_TERM_ID, REF_TERM_ID, CD_ID, EFFT_VRSN_SEQ_ID, REL_TYP_ID) SELECT gen_uuid(), char_to_uuid('955cddc3-d4db-46be-9b04-1114fd41e424'), char_to_uuid('ab94417b-0d1a-4c46-8d55-6c3fba04ed7e'), VRSN_SEQ_ID, char_to_uuid('2c4dafc2-566a-41ae-9ebc-3097d7d22f4a') FROM CD_VRSN_TBL WHERE CD_ID = char_to_uuid('ab94417b-0d1a-4c46-8d55-6c3fba04ed7e') AND OBSLT_UTC IS NULL;--#!
INSERT INTO CD_REF_TERM_ASSOC_TBL(CD_REF_TERM_ID, REF_TERM_ID, CD_ID, EFFT_VRSN_SEQ_ID, REL_TYP_ID) SELECT gen_uuid(), char_to_uuid('de69f5eb-3ed9-46dd-b516-cd034085d7c5'), char_to_uuid('82d09e9e-9b12-47dd-acba-0557cc025bd7'), VRSN_SEQ_ID, char_to_uuid('2c4dafc2-566a-41ae-9ebc-3097d7d22f4a') FROM CD_VRSN_TBL WHERE CD_ID = char_to_uuid('82d09e9e-9b12-47dd-acba-0557cc025bd7') AND OBSLT_UTC IS NULL;--#!
INSERT INTO CD_REF_TERM_ASSOC_TBL(CD_REF_TERM_ID, REF_TERM_ID, CD_ID, EFFT_VRSN_SEQ_ID, REL_TYP_ID) SELECT gen_uuid(), char_to_uuid('b8c0f2b0-01ca-477c-8f5b-c9c3aabc7f98'), char_to_uuid('932a3c7e-ad77-450a-8a1f-030fc2855450'), VRSN_SEQ_ID, char_to_uuid('2c4dafc2-566a-41ae-9ebc-3097d7d22f4a') FROM CD_VRSN_TBL WHERE CD_ID = char_to_uuid('932a3c7e-ad77-450a-8a1f-030fc2855450') AND OBSLT_UTC IS NULL;--#!
INSERT INTO CD_REF_TERM_ASSOC_TBL(CD_REF_TERM_ID, REF_TERM_ID, CD_ID, EFFT_VRSN_SEQ_ID, REL_TYP_ID) SELECT gen_uuid(), char_to_uuid('7d9d883e-37c6-4065-a5cf-3b0f09a162f3'), char_to_uuid('a064984f-9847-4480-8bea-dddf64b3c77c'), VRSN_SEQ_ID, char_to_uuid('2c4dafc2-566a-41ae-9ebc-3097d7d22f4a') FROM CD_VRSN_TBL WHERE CD_ID = char_to_uuid('a064984f-9847-4480-8bea-dddf64b3c77c') AND OBSLT_UTC IS NULL;--#!
INSERT INTO CD_REF_TERM_ASSOC_TBL(CD_REF_TERM_ID, REF_TERM_ID, CD_ID, EFFT_VRSN_SEQ_ID, REL_TYP_ID) SELECT gen_uuid(), char_to_uuid('cdb7f4cf-91fb-4af7-86b9-9d0d5363245b'), char_to_uuid('73a70eea-06cd-4865-a5f7-f010e33ba4f3'), VRSN_SEQ_ID, char_to_uuid('2c4dafc2-566a-41ae-9ebc-3097d7d22f4a') FROM CD_VRSN_TBL WHERE CD_ID = char_to_uuid('73a70eea-06cd-4865-a5f7-f010e33ba4f3') AND OBSLT_UTC IS NULL;--#!
INSERT INTO CD_REF_TERM_ASSOC_TBL(CD_REF_TERM_ID, REF_TERM_ID, CD_ID, EFFT_VRSN_SEQ_ID, REL_TYP_ID) SELECT gen_uuid(), char_to_uuid('b7d419d0-f64a-4ab8-b0ec-94e961bcc7cb'), char_to_uuid('b47f044d-a9c8-4a65-9f84-d99d913beb97'), VRSN_SEQ_ID, char_to_uuid('2c4dafc2-566a-41ae-9ebc-3097d7d22f4a') FROM CD_VRSN_TBL WHERE CD_ID = char_to_uuid('b47f044d-a9c8-4a65-9f84-d99d913beb97') AND OBSLT_UTC IS NULL;--#!
INSERT INTO CD_REF_TERM_ASSOC_TBL(CD_REF_TERM_ID, REF_TERM_ID, CD_ID, EFFT_VRSN_SEQ_ID, REL_TYP_ID) SELECT gen_uuid(), char_to_uuid('2da49834-3c58-45c6-9528-e0598cc692a3'), char_to_uuid('21a61f18-1fc5-47c0-a235-721d2f965e33'), VRSN_SEQ_ID, char_to_uuid('2c4dafc2-566a-41ae-9ebc-3097d7d22f4a') FROM CD_VRSN_TBL WHERE CD_ID = char_to_uuid('21a61f18-1fc5-47c0-a235-721d2f965e33') AND OBSLT_UTC IS NULL;--#!
INSERT INTO CD_REF_TERM_ASSOC_TBL(CD_REF_TERM_ID, REF_TERM_ID, CD_ID, EFFT_VRSN_SEQ_ID, REL_TYP_ID) SELECT gen_uuid(), char_to_uuid('7cd92207-8263-43e0-b910-b660e1b0b111'), char_to_uuid('f38f409f-3e92-4e6b-b8fd-b2abc7e6c177'), VRSN_SEQ_ID, char_to_uuid('2c4dafc2-566a-41ae-9ebc-3097d7d22f4a') FROM CD_VRSN_TBL WHERE CD_ID = char_to_uuid('f38f409f-3e92-4e6b-b8fd-b2abc7e6c177') AND OBSLT_UTC IS NULL;--#!
INSERT INTO CD_REF_TERM_ASSOC_TBL(CD_REF_TERM_ID, REF_TERM_ID, CD_ID, EFFT_VRSN_SEQ_ID, REL_TYP_ID) SELECT gen_uuid(), char_to_uuid('64c4c372-d4d9-4bcc-9838-479e4bc14e96'), char_to_uuid('fdae49aa-6fcb-40ae-9653-744e87fdd692'), VRSN_SEQ_ID, char_to_uuid('2c4dafc2-566a-41ae-9ebc-3097d7d22f4a') FROM CD_VRSN_TBL WHERE CD_ID = char_to_uuid('fdae49aa-6fcb-40ae-9653-744e87fdd692') AND OBSLT_UTC IS NULL;--#!
INSERT INTO CD_REF_TERM_ASSOC_TBL(CD_REF_TERM_ID, REF_TERM_ID, CD_ID, EFFT_VRSN_SEQ_ID, REL_TYP_ID) SELECT gen_uuid(), char_to_uuid('1121942c-5ca4-466f-8bf4-d060d1b13a7e'), char_to_uuid('9613f16a-f962-4c27-8489-b78aebd7e2ec'), VRSN_SEQ_ID, char_to_uuid('2c4dafc2-566a-41ae-9ebc-3097d7d22f4a') FROM CD_VRSN_TBL WHERE CD_ID = char_to_uuid('9613f16a-f962-4c27-8489-b78aebd7e2ec') AND OBSLT_UTC IS NULL;--#!
INSERT INTO CD_REF_TERM_ASSOC_TBL(CD_REF_TERM_ID, REF_TERM_ID, CD_ID, EFFT_VRSN_SEQ_ID, REL_TYP_ID) SELECT gen_uuid(), char_to_uuid('0cc77549-2e56-44bc-9c7e-e41119e2fc6e'), char_to_uuid('90c2f40c-784e-4260-8b91-66bb032d3652'), VRSN_SEQ_ID, char_to_uuid('2c4dafc2-566a-41ae-9ebc-3097d7d22f4a') FROM CD_VRSN_TBL WHERE CD_ID = char_to_uuid('90c2f40c-784e-4260-8b91-66bb032d3652') AND OBSLT_UTC IS NULL;--#!
INSERT INTO CD_REF_TERM_ASSOC_TBL(CD_REF_TERM_ID, REF_TERM_ID, CD_ID, EFFT_VRSN_SEQ_ID, REL_TYP_ID) SELECT gen_uuid(), char_to_uuid('baf12ffd-24d1-4d44-8bf8-888115e13e32'), char_to_uuid('1a76e650-0242-4b40-9267-bf3a5b386c96'), VRSN_SEQ_ID, char_to_uuid('2c4dafc2-566a-41ae-9ebc-3097d7d22f4a') FROM CD_VRSN_TBL WHERE CD_ID = char_to_uuid('1a76e650-0242-4b40-9267-bf3a5b386c96') AND OBSLT_UTC IS NULL;--#!
INSERT INTO CD_REF_TERM_ASSOC_TBL(CD_REF_TERM_ID, REF_TERM_ID, CD_ID, EFFT_VRSN_SEQ_ID, REL_TYP_ID) SELECT gen_uuid(), char_to_uuid('15772372-5a16-4a89-95d9-19c710493c3f'), char_to_uuid('5a5023c9-9a53-4f4f-a9b2-5938c71041e7'), VRSN_SEQ_ID, char_to_uuid('2c4dafc2-566a-41ae-9ebc-3097d7d22f4a') FROM CD_VRSN_TBL WHERE CD_ID = char_to_uuid('5a5023c9-9a53-4f4f-a9b2-5938c71041e7') AND OBSLT_UTC IS NULL;--#!
INSERT INTO CD_REF_TERM_ASSOC_TBL(CD_REF_TERM_ID, REF_TERM_ID, CD_ID, EFFT_VRSN_SEQ_ID, REL_TYP_ID) SELECT gen_uuid(), char_to_uuid('f87e06d4-03e7-4afa-a382-980db142cf95'), char_to_uuid('7a4a0c9c-cf1c-423a-987e-d2a5717ac74e'), VRSN_SEQ_ID, char_to_uuid('2c4dafc2-566a-41ae-9ebc-3097d7d22f4a') FROM CD_VRSN_TBL WHERE CD_ID = char_to_uuid('7a4a0c9c-cf1c-423a-987e-d2a5717ac74e') AND OBSLT_UTC IS NULL;--#!
INSERT INTO CD_REF_TERM_ASSOC_TBL(CD_REF_TERM_ID, REF_TERM_ID, CD_ID, EFFT_VRSN_SEQ_ID, REL_TYP_ID) SELECT gen_uuid(), char_to_uuid('eb93e8af-e880-4684-a553-7651364cee4f'), char_to_uuid('ec74541f-87c4-4327-a4b9-97f325501747'), VRSN_SEQ_ID, char_to_uuid('2c4dafc2-566a-41ae-9ebc-3097d7d22f4a') FROM CD_VRSN_TBL WHERE CD_ID = char_to_uuid('ec74541f-87c4-4327-a4b9-97f325501747') AND OBSLT_UTC IS NULL;--#!
INSERT INTO CD_REF_TERM_ASSOC_TBL(CD_REF_TERM_ID, REF_TERM_ID, CD_ID, EFFT_VRSN_SEQ_ID, REL_TYP_ID) SELECT gen_uuid(), char_to_uuid('cd5b0ff1-da93-4bf8-8fdd-73a5268fe10e'), char_to_uuid('29894070-a76b-47ef-8c16-d84e0acd9ea6'), VRSN_SEQ_ID, char_to_uuid('2c4dafc2-566a-41ae-9ebc-3097d7d22f4a') FROM CD_VRSN_TBL WHERE CD_ID = char_to_uuid('29894070-a76b-47ef-8c16-d84e0acd9ea6') AND OBSLT_UTC IS NULL;--#!
INSERT INTO CD_REF_TERM_ASSOC_TBL(CD_REF_TERM_ID, REF_TERM_ID, CD_ID, EFFT_VRSN_SEQ_ID, REL_TYP_ID) SELECT gen_uuid(), char_to_uuid('80a748fa-b226-4ae2-a503-3fe4dfa654df'), char_to_uuid('0f4ba634-5107-4eab-9658-25be293cd831'), VRSN_SEQ_ID, char_to_uuid('2c4dafc2-566a-41ae-9ebc-3097d7d22f4a') FROM CD_VRSN_TBL WHERE CD_ID = char_to_uuid('0f4ba634-5107-4eab-9658-25be293cd831') AND OBSLT_UTC IS NULL;--#!
INSERT INTO CD_REF_TERM_ASSOC_TBL(CD_REF_TERM_ID, REF_TERM_ID, CD_ID, EFFT_VRSN_SEQ_ID, REL_TYP_ID) SELECT gen_uuid(), char_to_uuid('6d057d15-69fa-4d26-99f1-3ab90990cb95'), char_to_uuid('646542bc-72e4-488b-bbf4-865d452e62ec'), VRSN_SEQ_ID, char_to_uuid('2c4dafc2-566a-41ae-9ebc-3097d7d22f4a') FROM CD_VRSN_TBL WHERE CD_ID = char_to_uuid('646542bc-72e4-488b-bbf4-865d452e62ec') AND OBSLT_UTC IS NULL;--#!
INSERT INTO CD_REF_TERM_ASSOC_TBL(CD_REF_TERM_ID, REF_TERM_ID, CD_ID, EFFT_VRSN_SEQ_ID, REL_TYP_ID) SELECT gen_uuid(), char_to_uuid('a6f1b2c4-0b3f-49fa-87b3-cd9d3e2865e1'), char_to_uuid('78b9540f-438b-4b6f-8d83-aaf4979dbc64'), VRSN_SEQ_ID, char_to_uuid('2c4dafc2-566a-41ae-9ebc-3097d7d22f4a') FROM CD_VRSN_TBL WHERE CD_ID = char_to_uuid('78b9540f-438b-4b6f-8d83-aaf4979dbc64') AND OBSLT_UTC IS NULL;--#!
INSERT INTO CD_REF_TERM_ASSOC_TBL(CD_REF_TERM_ID, REF_TERM_ID, CD_ID, EFFT_VRSN_SEQ_ID, REL_TYP_ID) SELECT gen_uuid(), char_to_uuid('16ac17df-955e-4c1e-a1e7-77d60da3e5fd'), char_to_uuid('26fe590c-3684-4574-9359-057fdd06ba61'), VRSN_SEQ_ID, char_to_uuid('2c4dafc2-566a-41ae-9ebc-3097d7d22f4a') FROM CD_VRSN_TBL WHERE CD_ID = char_to_uuid('26fe590c-3684-4574-9359-057fdd06ba61') AND OBSLT_UTC IS NULL;--#!
INSERT INTO CD_REF_TERM_ASSOC_TBL(CD_REF_TERM_ID, REF_TERM_ID, CD_ID, EFFT_VRSN_SEQ_ID, REL_TYP_ID) SELECT gen_uuid(), char_to_uuid('efba2a18-2a51-411f-a69c-ef6fcd86a8f4'), char_to_uuid('85f68168-2a43-4532-bc79-191fa0b47c8b'), VRSN_SEQ_ID, char_to_uuid('2c4dafc2-566a-41ae-9ebc-3097d7d22f4a') FROM CD_VRSN_TBL WHERE CD_ID = char_to_uuid('85f68168-2a43-4532-bc79-191fa0b47c8b') AND OBSLT_UTC IS NULL;--#!
INSERT INTO CD_REF_TERM_ASSOC_TBL(CD_REF_TERM_ID, REF_TERM_ID, CD_ID, EFFT_VRSN_SEQ_ID, REL_TYP_ID) SELECT gen_uuid(), char_to_uuid('22c7f32c-30e7-4e39-b027-be18d56c0d69'), char_to_uuid('28c81cdc-ca56-4c92-b691-094e89630642'), VRSN_SEQ_ID, char_to_uuid('2c4dafc2-566a-41ae-9ebc-3097d7d22f4a') FROM CD_VRSN_TBL WHERE CD_ID = char_to_uuid('28c81cdc-ca56-4c92-b691-094e89630642') AND OBSLT_UTC IS NULL;--#!
INSERT INTO CD_REF_TERM_ASSOC_TBL(CD_REF_TERM_ID, REF_TERM_ID, CD_ID, EFFT_VRSN_SEQ_ID, REL_TYP_ID) SELECT gen_uuid(), char_to_uuid('a41b04aa-21a2-4dc3-a1b0-63b6c1abb638'), char_to_uuid('5a280fc0-8c26-4191-b204-b1b1e4e19462'), VRSN_SEQ_ID, char_to_uuid('2c4dafc2-566a-41ae-9ebc-3097d7d22f4a') FROM CD_VRSN_TBL WHERE CD_ID = char_to_uuid('5a280fc0-8c26-4191-b204-b1b1e4e19462') AND OBSLT_UTC IS NULL;--#!
INSERT INTO CD_REF_TERM_ASSOC_TBL(CD_REF_TERM_ID, REF_TERM_ID, CD_ID, EFFT_VRSN_SEQ_ID, REL_TYP_ID) SELECT gen_uuid(), char_to_uuid('d820400c-d81c-42bc-8880-2bd8c96bb84c'), char_to_uuid('99488a1d-6d97-4013-8c91-ded6ad3b8e89'), VRSN_SEQ_ID, char_to_uuid('2c4dafc2-566a-41ae-9ebc-3097d7d22f4a') FROM CD_VRSN_TBL WHERE CD_ID = char_to_uuid('99488a1d-6d97-4013-8c91-ded6ad3b8e89') AND OBSLT_UTC IS NULL;--#!
INSERT INTO CD_REF_TERM_ASSOC_TBL(CD_REF_TERM_ID, REF_TERM_ID, CD_ID, EFFT_VRSN_SEQ_ID, REL_TYP_ID) SELECT gen_uuid(), char_to_uuid('7e2a582a-6e75-440a-89a0-34762981052e'), char_to_uuid('07e4d325-63b9-487d-a22c-9b194c09a6ba'), VRSN_SEQ_ID, char_to_uuid('2c4dafc2-566a-41ae-9ebc-3097d7d22f4a') FROM CD_VRSN_TBL WHERE CD_ID = char_to_uuid('07e4d325-63b9-487d-a22c-9b194c09a6ba') AND OBSLT_UTC IS NULL;--#!
INSERT INTO CD_REF_TERM_ASSOC_TBL(CD_REF_TERM_ID, REF_TERM_ID, CD_ID, EFFT_VRSN_SEQ_ID, REL_TYP_ID) SELECT gen_uuid(), char_to_uuid('c5883d98-e0e7-4dca-9a5d-0ec3b3f6cf62'), char_to_uuid('c3b1a717-74d0-4ae3-830c-efddcc57bb92'), VRSN_SEQ_ID, char_to_uuid('2c4dafc2-566a-41ae-9ebc-3097d7d22f4a') FROM CD_VRSN_TBL WHERE CD_ID = char_to_uuid('c3b1a717-74d0-4ae3-830c-efddcc57bb92') AND OBSLT_UTC IS NULL;--#!
INSERT INTO CD_REF_TERM_ASSOC_TBL(CD_REF_TERM_ID, REF_TERM_ID, CD_ID, EFFT_VRSN_SEQ_ID, REL_TYP_ID) SELECT gen_uuid(), char_to_uuid('57312fe4-0ffc-4935-b957-da64de9c1f41'), char_to_uuid('16d4c8a8-5776-4c34-b189-018d236f1cb6'), VRSN_SEQ_ID, char_to_uuid('2c4dafc2-566a-41ae-9ebc-3097d7d22f4a') FROM CD_VRSN_TBL WHERE CD_ID = char_to_uuid('16d4c8a8-5776-4c34-b189-018d236f1cb6') AND OBSLT_UTC IS NULL;--#!
INSERT INTO CD_REF_TERM_ASSOC_TBL(CD_REF_TERM_ID, REF_TERM_ID, CD_ID, EFFT_VRSN_SEQ_ID, REL_TYP_ID) SELECT gen_uuid(), char_to_uuid('c888fc8b-a2b5-405a-b6f5-997b92737cb0'), char_to_uuid('802ae6bb-31b8-401a-9d40-9ce3c3da227c'), VRSN_SEQ_ID, char_to_uuid('2c4dafc2-566a-41ae-9ebc-3097d7d22f4a') FROM CD_VRSN_TBL WHERE CD_ID = char_to_uuid('802ae6bb-31b8-401a-9d40-9ce3c3da227c') AND OBSLT_UTC IS NULL;--#!
INSERT INTO CD_REF_TERM_ASSOC_TBL(CD_REF_TERM_ID, REF_TERM_ID, CD_ID, EFFT_VRSN_SEQ_ID, REL_TYP_ID) SELECT gen_uuid(), char_to_uuid('02c89413-02df-4b0d-99a9-32ad4e8c6a36'), char_to_uuid('2ca49a5f-af50-402d-9263-7725071c3ed9'), VRSN_SEQ_ID, char_to_uuid('2c4dafc2-566a-41ae-9ebc-3097d7d22f4a') FROM CD_VRSN_TBL WHERE CD_ID = char_to_uuid('2ca49a5f-af50-402d-9263-7725071c3ed9') AND OBSLT_UTC IS NULL;--#!
INSERT INTO CD_REF_TERM_ASSOC_TBL(CD_REF_TERM_ID, REF_TERM_ID, CD_ID, EFFT_VRSN_SEQ_ID, REL_TYP_ID) SELECT gen_uuid(), char_to_uuid('a65ac557-6bf0-4ca9-970c-97ffd1399800'), char_to_uuid('f81e1097-ed9e-461b-9e1f-52bd7ed47236'), VRSN_SEQ_ID, char_to_uuid('2c4dafc2-566a-41ae-9ebc-3097d7d22f4a') FROM CD_VRSN_TBL WHERE CD_ID = char_to_uuid('f81e1097-ed9e-461b-9e1f-52bd7ed47236') AND OBSLT_UTC IS NULL;--#!
INSERT INTO CD_REF_TERM_ASSOC_TBL(CD_REF_TERM_ID, REF_TERM_ID, CD_ID, EFFT_VRSN_SEQ_ID, REL_TYP_ID) SELECT gen_uuid(), char_to_uuid('94e95780-1911-4f67-98c3-1536e561962f'), char_to_uuid('31a56b8d-b358-453a-a3c8-b1d60ee52578'), VRSN_SEQ_ID, char_to_uuid('2c4dafc2-566a-41ae-9ebc-3097d7d22f4a') FROM CD_VRSN_TBL WHERE CD_ID = char_to_uuid('31a56b8d-b358-453a-a3c8-b1d60ee52578') AND OBSLT_UTC IS NULL;--#!
INSERT INTO CD_REF_TERM_ASSOC_TBL(CD_REF_TERM_ID, REF_TERM_ID, CD_ID, EFFT_VRSN_SEQ_ID, REL_TYP_ID) SELECT gen_uuid(), char_to_uuid('08fd8ad2-d974-4179-8718-342341b0f498'), char_to_uuid('50829a86-6643-423c-bbae-eb3119575349'), VRSN_SEQ_ID, char_to_uuid('2c4dafc2-566a-41ae-9ebc-3097d7d22f4a') FROM CD_VRSN_TBL WHERE CD_ID = char_to_uuid('50829a86-6643-423c-bbae-eb3119575349') AND OBSLT_UTC IS NULL;--#!
INSERT INTO CD_REF_TERM_ASSOC_TBL(CD_REF_TERM_ID, REF_TERM_ID, CD_ID, EFFT_VRSN_SEQ_ID, REL_TYP_ID) SELECT gen_uuid(), char_to_uuid('cfcccba3-aad1-4685-9e0b-39f53b8da4bb'), char_to_uuid('9b3412c0-adb9-41fa-9b23-2557bd0b3348'), VRSN_SEQ_ID, char_to_uuid('2c4dafc2-566a-41ae-9ebc-3097d7d22f4a') FROM CD_VRSN_TBL WHERE CD_ID = char_to_uuid('9b3412c0-adb9-41fa-9b23-2557bd0b3348') AND OBSLT_UTC IS NULL;--#!
INSERT INTO CD_REF_TERM_ASSOC_TBL(CD_REF_TERM_ID, REF_TERM_ID, CD_ID, EFFT_VRSN_SEQ_ID, REL_TYP_ID) SELECT gen_uuid(), char_to_uuid('a74279d6-96f0-4cda-94a9-a3e233c58036'), char_to_uuid('4f509ada-d366-41ac-bd84-e0b3046a0ffc'), VRSN_SEQ_ID, char_to_uuid('2c4dafc2-566a-41ae-9ebc-3097d7d22f4a') FROM CD_VRSN_TBL WHERE CD_ID = char_to_uuid('4f509ada-d366-41ac-bd84-e0b3046a0ffc') AND OBSLT_UTC IS NULL;--#!
INSERT INTO CD_REF_TERM_ASSOC_TBL(CD_REF_TERM_ID, REF_TERM_ID, CD_ID, EFFT_VRSN_SEQ_ID, REL_TYP_ID) SELECT gen_uuid(), char_to_uuid('230a62a1-05f1-4f83-8450-48dda67dcd69'), char_to_uuid('e769140d-195e-4fdf-b64f-0da4ecf74b36'), VRSN_SEQ_ID, char_to_uuid('2c4dafc2-566a-41ae-9ebc-3097d7d22f4a') FROM CD_VRSN_TBL WHERE CD_ID = char_to_uuid('e769140d-195e-4fdf-b64f-0da4ecf74b36') AND OBSLT_UTC IS NULL;--#!
INSERT INTO CD_REF_TERM_ASSOC_TBL(CD_REF_TERM_ID, REF_TERM_ID, CD_ID, EFFT_VRSN_SEQ_ID, REL_TYP_ID) SELECT gen_uuid(), char_to_uuid('59b90a5a-a72a-4e1f-ae45-2073c357c5be'), char_to_uuid('221bc06c-27f4-4244-8efe-a7b968fbdbd6'), VRSN_SEQ_ID, char_to_uuid('2c4dafc2-566a-41ae-9ebc-3097d7d22f4a') FROM CD_VRSN_TBL WHERE CD_ID = char_to_uuid('221bc06c-27f4-4244-8efe-a7b968fbdbd6') AND OBSLT_UTC IS NULL;--#!
INSERT INTO CD_REF_TERM_ASSOC_TBL(CD_REF_TERM_ID, REF_TERM_ID, CD_ID, EFFT_VRSN_SEQ_ID, REL_TYP_ID) SELECT gen_uuid(), char_to_uuid('8ccd6a0d-4e2a-4b54-8045-2786eda31b46'), char_to_uuid('d920a941-ec06-4d0d-9f60-631b790f8e0d'), VRSN_SEQ_ID, char_to_uuid('2c4dafc2-566a-41ae-9ebc-3097d7d22f4a') FROM CD_VRSN_TBL WHERE CD_ID = char_to_uuid('d920a941-ec06-4d0d-9f60-631b790f8e0d') AND OBSLT_UTC IS NULL;--#!
INSERT INTO CD_REF_TERM_ASSOC_TBL(CD_REF_TERM_ID, REF_TERM_ID, CD_ID, EFFT_VRSN_SEQ_ID, REL_TYP_ID) SELECT gen_uuid(), char_to_uuid('9da2deff-231f-41d4-a64a-0f4ca0d4e407'), char_to_uuid('f730f892-ebcc-43bc-8d39-bda98bc76563'), VRSN_SEQ_ID, char_to_uuid('2c4dafc2-566a-41ae-9ebc-3097d7d22f4a') FROM CD_VRSN_TBL WHERE CD_ID = char_to_uuid('f730f892-ebcc-43bc-8d39-bda98bc76563') AND OBSLT_UTC IS NULL;--#!
INSERT INTO CD_REF_TERM_ASSOC_TBL(CD_REF_TERM_ID, REF_TERM_ID, CD_ID, EFFT_VRSN_SEQ_ID, REL_TYP_ID) SELECT gen_uuid(), char_to_uuid('15fc312c-cb80-40e7-92ab-83a4ee511de4'), char_to_uuid('e0f40a69-0e09-44e1-bd37-080ac88661e3'), VRSN_SEQ_ID, char_to_uuid('2c4dafc2-566a-41ae-9ebc-3097d7d22f4a') FROM CD_VRSN_TBL WHERE CD_ID = char_to_uuid('e0f40a69-0e09-44e1-bd37-080ac88661e3') AND OBSLT_UTC IS NULL;--#!
INSERT INTO CD_REF_TERM_ASSOC_TBL(CD_REF_TERM_ID, REF_TERM_ID, CD_ID, EFFT_VRSN_SEQ_ID, REL_TYP_ID) SELECT gen_uuid(), char_to_uuid('9333fcc0-fecd-413d-8007-5fcf555ede1a'), char_to_uuid('da22b2fb-bf0b-4aa6-8dcc-cb4c4cad1ca8'), VRSN_SEQ_ID, char_to_uuid('2c4dafc2-566a-41ae-9ebc-3097d7d22f4a') FROM CD_VRSN_TBL WHERE CD_ID = char_to_uuid('da22b2fb-bf0b-4aa6-8dcc-cb4c4cad1ca8') AND OBSLT_UTC IS NULL;--#!
INSERT INTO CD_REF_TERM_ASSOC_TBL(CD_REF_TERM_ID, REF_TERM_ID, CD_ID, EFFT_VRSN_SEQ_ID, REL_TYP_ID) SELECT gen_uuid(), char_to_uuid('2cde2dbe-3f75-4549-9bd1-316b133428d9'), char_to_uuid('c898b180-dad0-4115-9200-f48329fd7771'), VRSN_SEQ_ID, char_to_uuid('2c4dafc2-566a-41ae-9ebc-3097d7d22f4a') FROM CD_VRSN_TBL WHERE CD_ID = char_to_uuid('c898b180-dad0-4115-9200-f48329fd7771') AND OBSLT_UTC IS NULL;--#!
INSERT INTO CD_REF_TERM_ASSOC_TBL(CD_REF_TERM_ID, REF_TERM_ID, CD_ID, EFFT_VRSN_SEQ_ID, REL_TYP_ID) SELECT gen_uuid(), char_to_uuid('24a617a5-a5eb-4c6a-8b91-90ba50366082'), char_to_uuid('cfbed12b-ffb1-48d7-b0ab-68f898a76749'), VRSN_SEQ_ID, char_to_uuid('2c4dafc2-566a-41ae-9ebc-3097d7d22f4a') FROM CD_VRSN_TBL WHERE CD_ID = char_to_uuid('cfbed12b-ffb1-48d7-b0ab-68f898a76749') AND OBSLT_UTC IS NULL;--#!
INSERT INTO CD_REF_TERM_ASSOC_TBL(CD_REF_TERM_ID, REF_TERM_ID, CD_ID, EFFT_VRSN_SEQ_ID, REL_TYP_ID) SELECT gen_uuid(), char_to_uuid('999c31b1-e279-4281-a2f0-48bb69af48d6'), char_to_uuid('a5a71f07-0235-42e8-beab-adefeb357bf5'), VRSN_SEQ_ID, char_to_uuid('2c4dafc2-566a-41ae-9ebc-3097d7d22f4a') FROM CD_VRSN_TBL WHERE CD_ID = char_to_uuid('a5a71f07-0235-42e8-beab-adefeb357bf5') AND OBSLT_UTC IS NULL;--#!
INSERT INTO CD_REF_TERM_ASSOC_TBL(CD_REF_TERM_ID, REF_TERM_ID, CD_ID, EFFT_VRSN_SEQ_ID, REL_TYP_ID) SELECT gen_uuid(), char_to_uuid('22292ed4-8f63-46fb-94fb-eb028fc26282'), char_to_uuid('742b318f-8198-4dde-9b43-34d20d0c18e2'), VRSN_SEQ_ID, char_to_uuid('2c4dafc2-566a-41ae-9ebc-3097d7d22f4a') FROM CD_VRSN_TBL WHERE CD_ID = char_to_uuid('742b318f-8198-4dde-9b43-34d20d0c18e2') AND OBSLT_UTC IS NULL;--#!
INSERT INTO CD_REF_TERM_ASSOC_TBL(CD_REF_TERM_ID, REF_TERM_ID, CD_ID, EFFT_VRSN_SEQ_ID, REL_TYP_ID) SELECT gen_uuid(), char_to_uuid('113236d8-e96c-49c1-8aba-e1ae73042287'), char_to_uuid('a0d72d7c-b32f-4619-a943-f40ced704df6'), VRSN_SEQ_ID, char_to_uuid('2c4dafc2-566a-41ae-9ebc-3097d7d22f4a') FROM CD_VRSN_TBL WHERE CD_ID = char_to_uuid('a0d72d7c-b32f-4619-a943-f40ced704df6') AND OBSLT_UTC IS NULL;--#!
INSERT INTO CD_REF_TERM_ASSOC_TBL(CD_REF_TERM_ID, REF_TERM_ID, CD_ID, EFFT_VRSN_SEQ_ID, REL_TYP_ID) SELECT gen_uuid(), char_to_uuid('c2e7306d-2aea-436a-a36e-c74ec266b39b'), char_to_uuid('c44dd7b3-4e4e-493f-9ace-557ca3c672a7'), VRSN_SEQ_ID, char_to_uuid('2c4dafc2-566a-41ae-9ebc-3097d7d22f4a') FROM CD_VRSN_TBL WHERE CD_ID = char_to_uuid('c44dd7b3-4e4e-493f-9ace-557ca3c672a7') AND OBSLT_UTC IS NULL;--#!
INSERT INTO CD_REF_TERM_ASSOC_TBL(CD_REF_TERM_ID, REF_TERM_ID, CD_ID, EFFT_VRSN_SEQ_ID, REL_TYP_ID) SELECT gen_uuid(), char_to_uuid('e202e081-5d3c-42a1-8efd-9f3e068eb87e'), char_to_uuid('44d04d8c-a81b-47ce-8857-c88cc92e8dfc'), VRSN_SEQ_ID, char_to_uuid('2c4dafc2-566a-41ae-9ebc-3097d7d22f4a') FROM CD_VRSN_TBL WHERE CD_ID = char_to_uuid('44d04d8c-a81b-47ce-8857-c88cc92e8dfc') AND OBSLT_UTC IS NULL;--#!
INSERT INTO CD_REF_TERM_ASSOC_TBL(CD_REF_TERM_ID, REF_TERM_ID, CD_ID, EFFT_VRSN_SEQ_ID, REL_TYP_ID) SELECT gen_uuid(), char_to_uuid('4269be06-e554-4714-8381-287a0edbadbb'), char_to_uuid('eb55fb0a-126d-4f97-a7e4-454d600c5c9a'), VRSN_SEQ_ID, char_to_uuid('2c4dafc2-566a-41ae-9ebc-3097d7d22f4a') FROM CD_VRSN_TBL WHERE CD_ID = char_to_uuid('eb55fb0a-126d-4f97-a7e4-454d600c5c9a') AND OBSLT_UTC IS NULL;--#!
INSERT INTO CD_REF_TERM_ASSOC_TBL(CD_REF_TERM_ID, REF_TERM_ID, CD_ID, EFFT_VRSN_SEQ_ID, REL_TYP_ID) SELECT gen_uuid(), char_to_uuid('4609e1fb-df75-4209-ac1e-70e14eb18c1e'), char_to_uuid('d18cc00b-c339-47a5-9ff9-23c77542a5c3'), VRSN_SEQ_ID, char_to_uuid('2c4dafc2-566a-41ae-9ebc-3097d7d22f4a') FROM CD_VRSN_TBL WHERE CD_ID = char_to_uuid('d18cc00b-c339-47a5-9ff9-23c77542a5c3') AND OBSLT_UTC IS NULL;--#!
INSERT INTO CD_REF_TERM_ASSOC_TBL(CD_REF_TERM_ID, REF_TERM_ID, CD_ID, EFFT_VRSN_SEQ_ID, REL_TYP_ID) SELECT gen_uuid(), char_to_uuid('2018e5f4-fee1-40ec-a368-350da5fbf212'), char_to_uuid('65c0a364-b1bf-4b16-8c28-6d1e2fc90ad1'), VRSN_SEQ_ID, char_to_uuid('2c4dafc2-566a-41ae-9ebc-3097d7d22f4a') FROM CD_VRSN_TBL WHERE CD_ID = char_to_uuid('65c0a364-b1bf-4b16-8c28-6d1e2fc90ad1') AND OBSLT_UTC IS NULL;--#!
INSERT INTO CD_REF_TERM_ASSOC_TBL(CD_REF_TERM_ID, REF_TERM_ID, CD_ID, EFFT_VRSN_SEQ_ID, REL_TYP_ID) SELECT gen_uuid(), char_to_uuid('73f4abdf-9d2a-491b-982e-8e683ff0abdc'), char_to_uuid('69f1fd07-ba26-4e92-8ad0-deac7559e90f'), VRSN_SEQ_ID, char_to_uuid('2c4dafc2-566a-41ae-9ebc-3097d7d22f4a') FROM CD_VRSN_TBL WHERE CD_ID = char_to_uuid('69f1fd07-ba26-4e92-8ad0-deac7559e90f') AND OBSLT_UTC IS NULL;--#!
INSERT INTO CD_REF_TERM_ASSOC_TBL(CD_REF_TERM_ID, REF_TERM_ID, CD_ID, EFFT_VRSN_SEQ_ID, REL_TYP_ID) SELECT gen_uuid(), char_to_uuid('2077af57-8085-48c6-8a95-3a2bb50af477'), char_to_uuid('1373ff04-a6ef-420a-b1d0-4a07465fe8e8'), VRSN_SEQ_ID, char_to_uuid('2c4dafc2-566a-41ae-9ebc-3097d7d22f4a') FROM CD_VRSN_TBL WHERE CD_ID = char_to_uuid('1373ff04-a6ef-420a-b1d0-4a07465fe8e8') AND OBSLT_UTC IS NULL;--#!
INSERT INTO CD_REF_TERM_ASSOC_TBL(CD_REF_TERM_ID, REF_TERM_ID, CD_ID, EFFT_VRSN_SEQ_ID, REL_TYP_ID) SELECT gen_uuid(), char_to_uuid('f996c8be-bd96-4320-a8e9-5410eacde7ef'), char_to_uuid('b76ff324-b174-40b7-a6ac-d1fdf8e23967'), VRSN_SEQ_ID, char_to_uuid('2c4dafc2-566a-41ae-9ebc-3097d7d22f4a') FROM CD_VRSN_TBL WHERE CD_ID = char_to_uuid('b76ff324-b174-40b7-a6ac-d1fdf8e23967') AND OBSLT_UTC IS NULL;--#!
INSERT INTO CD_REF_TERM_ASSOC_TBL(CD_REF_TERM_ID, REF_TERM_ID, CD_ID, EFFT_VRSN_SEQ_ID, REL_TYP_ID) SELECT gen_uuid(), char_to_uuid('2077af57-8085-48c6-8a95-3a2bb50af477'), char_to_uuid('1373ff04-a6ef-420a-b1d0-4a07465fe8e8'), VRSN_SEQ_ID, char_to_uuid('2c4dafc2-566a-41ae-9ebc-3097d7d22f4a') FROM CD_VRSN_TBL WHERE CD_ID = char_to_uuid('1373ff04-a6ef-420a-b1d0-4a07465fe8e8') AND OBSLT_UTC IS NULL;--#!
INSERT INTO CD_REF_TERM_ASSOC_TBL(CD_REF_TERM_ID, REF_TERM_ID, CD_ID, EFFT_VRSN_SEQ_ID, REL_TYP_ID) SELECT gen_uuid(), char_to_uuid('e1ac4c12-8903-4a1f-b712-052371f7c26b'), char_to_uuid('0b019bcf-c51f-4b8c-bfae-b7232a7dfb59'), VRSN_SEQ_ID, char_to_uuid('2c4dafc2-566a-41ae-9ebc-3097d7d22f4a') FROM CD_VRSN_TBL WHERE CD_ID = char_to_uuid('0b019bcf-c51f-4b8c-bfae-b7232a7dfb59') AND OBSLT_UTC IS NULL;--#!
INSERT INTO CD_REF_TERM_ASSOC_TBL(CD_REF_TERM_ID, REF_TERM_ID, CD_ID, EFFT_VRSN_SEQ_ID, REL_TYP_ID) SELECT gen_uuid(), char_to_uuid('caf7fd76-d92d-4e3f-a17c-9b35cb8a1cb6'), char_to_uuid('4a2de544-f8c9-4e29-b156-df478d5cbe25'), VRSN_SEQ_ID, char_to_uuid('2c4dafc2-566a-41ae-9ebc-3097d7d22f4a') FROM CD_VRSN_TBL WHERE CD_ID = char_to_uuid('4a2de544-f8c9-4e29-b156-df478d5cbe25') AND OBSLT_UTC IS NULL;--#!
INSERT INTO CD_REF_TERM_ASSOC_TBL(CD_REF_TERM_ID, REF_TERM_ID, CD_ID, EFFT_VRSN_SEQ_ID, REL_TYP_ID) SELECT gen_uuid(), char_to_uuid('5854e6a6-d581-42ad-91e8-16ef03c4070b'), char_to_uuid('fbf1a25a-b874-4d1b-83a9-da193869ee78'), VRSN_SEQ_ID, char_to_uuid('2c4dafc2-566a-41ae-9ebc-3097d7d22f4a') FROM CD_VRSN_TBL WHERE CD_ID = char_to_uuid('fbf1a25a-b874-4d1b-83a9-da193869ee78') AND OBSLT_UTC IS NULL;--#!
INSERT INTO CD_REF_TERM_ASSOC_TBL(CD_REF_TERM_ID, REF_TERM_ID, CD_ID, EFFT_VRSN_SEQ_ID, REL_TYP_ID) SELECT gen_uuid(), char_to_uuid('f1a94de5-55e8-4f35-bde6-f043887b2ed7'), char_to_uuid('74cd3296-cb58-4984-9750-d077a130ce05'), VRSN_SEQ_ID, char_to_uuid('2c4dafc2-566a-41ae-9ebc-3097d7d22f4a') FROM CD_VRSN_TBL WHERE CD_ID = char_to_uuid('74cd3296-cb58-4984-9750-d077a130ce05') AND OBSLT_UTC IS NULL;--#!
INSERT INTO CD_REF_TERM_ASSOC_TBL(CD_REF_TERM_ID, REF_TERM_ID, CD_ID, EFFT_VRSN_SEQ_ID, REL_TYP_ID) SELECT gen_uuid(), char_to_uuid('f996c8be-bd96-4320-a8e9-5410eacde7ef'), char_to_uuid('b76ff324-b174-40b7-a6ac-d1fdf8e23967'), VRSN_SEQ_ID, char_to_uuid('2c4dafc2-566a-41ae-9ebc-3097d7d22f4a') FROM CD_VRSN_TBL WHERE CD_ID = char_to_uuid('b76ff324-b174-40b7-a6ac-d1fdf8e23967') AND OBSLT_UTC IS NULL;--#!
INSERT INTO CD_REF_TERM_ASSOC_TBL(CD_REF_TERM_ID, REF_TERM_ID, CD_ID, EFFT_VRSN_SEQ_ID, REL_TYP_ID) SELECT gen_uuid(), char_to_uuid('2077af57-8085-48c6-8a95-3a2bb50af477'), char_to_uuid('1373ff04-a6ef-420a-b1d0-4a07465fe8e8'), VRSN_SEQ_ID, char_to_uuid('2c4dafc2-566a-41ae-9ebc-3097d7d22f4a') FROM CD_VRSN_TBL WHERE CD_ID = char_to_uuid('1373ff04-a6ef-420a-b1d0-4a07465fe8e8') AND OBSLT_UTC IS NULL;--#!
INSERT INTO CD_REF_TERM_ASSOC_TBL(CD_REF_TERM_ID, REF_TERM_ID, CD_ID, EFFT_VRSN_SEQ_ID, REL_TYP_ID) SELECT gen_uuid(), char_to_uuid('134b5597-e21a-4e98-8f44-97c5df2d4bd9'), char_to_uuid('e29fcfad-ec1d-4c60-a055-039a494248ae'), VRSN_SEQ_ID, char_to_uuid('2c4dafc2-566a-41ae-9ebc-3097d7d22f4a') FROM CD_VRSN_TBL WHERE CD_ID = char_to_uuid('e29fcfad-ec1d-4c60-a055-039a494248ae') AND OBSLT_UTC IS NULL;--#!
INSERT INTO CD_REF_TERM_ASSOC_TBL(CD_REF_TERM_ID, REF_TERM_ID, CD_ID, EFFT_VRSN_SEQ_ID, REL_TYP_ID) SELECT gen_uuid(), char_to_uuid('87f88600-45fe-4cd6-be2f-d52c69a33a42'), char_to_uuid('fdf8335e-1f12-4de0-8356-f8778ed41c21'), VRSN_SEQ_ID, char_to_uuid('2c4dafc2-566a-41ae-9ebc-3097d7d22f4a') FROM CD_VRSN_TBL WHERE CD_ID = char_to_uuid('fdf8335e-1f12-4de0-8356-f8778ed41c21') AND OBSLT_UTC IS NULL;--#!
INSERT INTO CD_REF_TERM_ASSOC_TBL(CD_REF_TERM_ID, REF_TERM_ID, CD_ID, EFFT_VRSN_SEQ_ID, REL_TYP_ID) SELECT gen_uuid(), char_to_uuid('b2f28b5c-2f30-453f-971c-e0c55a15b3f5'), char_to_uuid('8ba5e5c9-693b-49d4-973c-d7010f3a23ee'), VRSN_SEQ_ID, char_to_uuid('2c4dafc2-566a-41ae-9ebc-3097d7d22f4a') FROM CD_VRSN_TBL WHERE CD_ID = char_to_uuid('8ba5e5c9-693b-49d4-973c-d7010f3a23ee') AND OBSLT_UTC IS NULL;--#!
INSERT INTO CD_REF_TERM_ASSOC_TBL(CD_REF_TERM_ID, REF_TERM_ID, CD_ID, EFFT_VRSN_SEQ_ID, REL_TYP_ID) SELECT gen_uuid(), char_to_uuid('a12235e5-2361-45c5-8e4a-ab5947d7354d'), char_to_uuid('8a6cb575-cf22-4184-a2b7-d9e99d2cd850'), VRSN_SEQ_ID, char_to_uuid('2c4dafc2-566a-41ae-9ebc-3097d7d22f4a') FROM CD_VRSN_TBL WHERE CD_ID = char_to_uuid('8a6cb575-cf22-4184-a2b7-d9e99d2cd850') AND OBSLT_UTC IS NULL;--#!
INSERT INTO CD_REF_TERM_ASSOC_TBL(CD_REF_TERM_ID, REF_TERM_ID, CD_ID, EFFT_VRSN_SEQ_ID, REL_TYP_ID) SELECT gen_uuid(), char_to_uuid('47a3eb04-9f55-44ee-abb8-920649ec70cc'), char_to_uuid('61fcbf42-b5e0-4fb5-9392-108a5c6dbec7'), VRSN_SEQ_ID, char_to_uuid('2c4dafc2-566a-41ae-9ebc-3097d7d22f4a') FROM CD_VRSN_TBL WHERE CD_ID = char_to_uuid('61fcbf42-b5e0-4fb5-9392-108a5c6dbec7') AND OBSLT_UTC IS NULL;--#!
INSERT INTO CD_REF_TERM_ASSOC_TBL(CD_REF_TERM_ID, REF_TERM_ID, CD_ID, EFFT_VRSN_SEQ_ID, REL_TYP_ID) SELECT gen_uuid(), char_to_uuid('064be6eb-73c0-4df4-834b-5e40e4d8de55'), char_to_uuid('0162f67f-50a6-4743-88b6-edcde354caca'), VRSN_SEQ_ID, char_to_uuid('2c4dafc2-566a-41ae-9ebc-3097d7d22f4a') FROM CD_VRSN_TBL WHERE CD_ID = char_to_uuid('0162f67f-50a6-4743-88b6-edcde354caca') AND OBSLT_UTC IS NULL;--#!
INSERT INTO CD_REF_TERM_ASSOC_TBL(CD_REF_TERM_ID, REF_TERM_ID, CD_ID, EFFT_VRSN_SEQ_ID, REL_TYP_ID) SELECT gen_uuid(), char_to_uuid('13b395a2-7f2c-42a8-bf32-234429ffb424'), char_to_uuid('b91f756a-5b37-409e-8cf9-c985d5dba2f1'), VRSN_SEQ_ID, char_to_uuid('2c4dafc2-566a-41ae-9ebc-3097d7d22f4a') FROM CD_VRSN_TBL WHERE CD_ID = char_to_uuid('b91f756a-5b37-409e-8cf9-c985d5dba2f1') AND OBSLT_UTC IS NULL;--#!
INSERT INTO CD_REF_TERM_ASSOC_TBL(CD_REF_TERM_ID, REF_TERM_ID, CD_ID, EFFT_VRSN_SEQ_ID, REL_TYP_ID) SELECT gen_uuid(), char_to_uuid('5854e6a6-d581-42ad-91e8-16ef03c4070b'), char_to_uuid('9de2a846-ddf2-4ebc-902e-84508c5089ea'), VRSN_SEQ_ID, char_to_uuid('2c4dafc2-566a-41ae-9ebc-3097d7d22f4a') FROM CD_VRSN_TBL WHERE CD_ID = char_to_uuid('9de2a846-ddf2-4ebc-902e-84508c5089ea') AND OBSLT_UTC IS NULL;--#!
INSERT INTO CD_REF_TERM_ASSOC_TBL(CD_REF_TERM_ID, REF_TERM_ID, CD_ID, EFFT_VRSN_SEQ_ID, REL_TYP_ID) SELECT gen_uuid(), char_to_uuid('381eac72-38a6-4904-9e6d-a5dcd499ed72'), char_to_uuid('d39073be-0f8f-440e-b8c8-7034cc138a95'), VRSN_SEQ_ID, char_to_uuid('2c4dafc2-566a-41ae-9ebc-3097d7d22f4a') FROM CD_VRSN_TBL WHERE CD_ID = char_to_uuid('d39073be-0f8f-440e-b8c8-7034cc138a95') AND OBSLT_UTC IS NULL;--#!
INSERT INTO CD_REF_TERM_ASSOC_TBL(CD_REF_TERM_ID, REF_TERM_ID, CD_ID, EFFT_VRSN_SEQ_ID, REL_TYP_ID) SELECT gen_uuid(), char_to_uuid('187d4148-d9d8-4a0f-b642-ce17dbd9b8a4'), char_to_uuid('2e9fa332-9391-48c6-9fc8-920a750b25d3'), VRSN_SEQ_ID, char_to_uuid('2c4dafc2-566a-41ae-9ebc-3097d7d22f4a') FROM CD_VRSN_TBL WHERE CD_ID = char_to_uuid('2e9fa332-9391-48c6-9fc8-920a750b25d3') AND OBSLT_UTC IS NULL;--#!
INSERT INTO CD_REF_TERM_ASSOC_TBL(CD_REF_TERM_ID, REF_TERM_ID, CD_ID, EFFT_VRSN_SEQ_ID, REL_TYP_ID) SELECT gen_uuid(), char_to_uuid('c0b026c0-e65f-47c8-8e05-2812a54516af'), char_to_uuid('e5a09cc2-5ae5-40c2-8e32-687dba06715d'), VRSN_SEQ_ID, char_to_uuid('2c4dafc2-566a-41ae-9ebc-3097d7d22f4a') FROM CD_VRSN_TBL WHERE CD_ID = char_to_uuid('e5a09cc2-5ae5-40c2-8e32-687dba06715d') AND OBSLT_UTC IS NULL;--#!
INSERT INTO CD_REF_TERM_ASSOC_TBL(CD_REF_TERM_ID, REF_TERM_ID, CD_ID, EFFT_VRSN_SEQ_ID, REL_TYP_ID) SELECT gen_uuid(), char_to_uuid('e1ac4c12-8903-4a1f-b712-052371f7c26b'), char_to_uuid('fafec286-89d5-420b-9085-054aca9d1eef'), VRSN_SEQ_ID, char_to_uuid('2c4dafc2-566a-41ae-9ebc-3097d7d22f4a') FROM CD_VRSN_TBL WHERE CD_ID = char_to_uuid('fafec286-89d5-420b-9085-054aca9d1eef') AND OBSLT_UTC IS NULL;--#!
INSERT INTO CD_REF_TERM_ASSOC_TBL(CD_REF_TERM_ID, REF_TERM_ID, CD_ID, EFFT_VRSN_SEQ_ID, REL_TYP_ID) SELECT gen_uuid(), char_to_uuid('a1d6f704-6f54-4ccf-a189-385b9014b4a9'), char_to_uuid('2452b691-f122-4121-b9df-76d990b43f35'), VRSN_SEQ_ID, char_to_uuid('2c4dafc2-566a-41ae-9ebc-3097d7d22f4a') FROM CD_VRSN_TBL WHERE CD_ID = char_to_uuid('2452b691-f122-4121-b9df-76d990b43f35') AND OBSLT_UTC IS NULL;--#!
INSERT INTO CD_REF_TERM_ASSOC_TBL(CD_REF_TERM_ID, REF_TERM_ID, CD_ID, EFFT_VRSN_SEQ_ID, REL_TYP_ID) SELECT gen_uuid(), char_to_uuid('763f65ac-9735-403d-8826-2d974ac0b371'), char_to_uuid('2a7043bc-6cca-447d-b230-8414f790cdb6'), VRSN_SEQ_ID, char_to_uuid('2c4dafc2-566a-41ae-9ebc-3097d7d22f4a') FROM CD_VRSN_TBL WHERE CD_ID = char_to_uuid('2a7043bc-6cca-447d-b230-8414f790cdb6') AND OBSLT_UTC IS NULL;--#!
INSERT INTO CD_REF_TERM_ASSOC_TBL(CD_REF_TERM_ID, REF_TERM_ID, CD_ID, EFFT_VRSN_SEQ_ID, REL_TYP_ID) SELECT gen_uuid(), char_to_uuid('69bf72cc-d383-45c3-8335-eb8d709e8e58'), char_to_uuid('a1fa9cd6-1ce7-4f7e-a0c1-7a503f9f1255'), VRSN_SEQ_ID, char_to_uuid('2c4dafc2-566a-41ae-9ebc-3097d7d22f4a') FROM CD_VRSN_TBL WHERE CD_ID = char_to_uuid('a1fa9cd6-1ce7-4f7e-a0c1-7a503f9f1255') AND OBSLT_UTC IS NULL;--#!
INSERT INTO CD_REF_TERM_ASSOC_TBL(CD_REF_TERM_ID, REF_TERM_ID, CD_ID, EFFT_VRSN_SEQ_ID, REL_TYP_ID) SELECT gen_uuid(), char_to_uuid('caf7fd76-d92d-4e3f-a17c-9b35cb8a1cb6'), char_to_uuid('7c08bd55-4d42-49cd-92f8-6388d6c4183f'), VRSN_SEQ_ID, char_to_uuid('2c4dafc2-566a-41ae-9ebc-3097d7d22f4a') FROM CD_VRSN_TBL WHERE CD_ID = char_to_uuid('7c08bd55-4d42-49cd-92f8-6388d6c4183f') AND OBSLT_UTC IS NULL;--#!
INSERT INTO CD_REF_TERM_ASSOC_TBL(CD_REF_TERM_ID, REF_TERM_ID, CD_ID, EFFT_VRSN_SEQ_ID, REL_TYP_ID) SELECT gen_uuid(), char_to_uuid('a05812c1-137b-449c-ad42-ec079cd353da'), char_to_uuid('0b3c64f4-220d-44e5-bdc6-4bfad6120963'), VRSN_SEQ_ID, char_to_uuid('2c4dafc2-566a-41ae-9ebc-3097d7d22f4a') FROM CD_VRSN_TBL WHERE CD_ID = char_to_uuid('0b3c64f4-220d-44e5-bdc6-4bfad6120963') AND OBSLT_UTC IS NULL;--#!
INSERT INTO CD_REF_TERM_ASSOC_TBL(CD_REF_TERM_ID, REF_TERM_ID, CD_ID, EFFT_VRSN_SEQ_ID, REL_TYP_ID) SELECT gen_uuid(), char_to_uuid('9c0a580e-0396-4e23-a2bf-12006e95e006'), char_to_uuid('8cf4b0b0-84e5-4122-85fe-6afa8240c218'), VRSN_SEQ_ID, char_to_uuid('2c4dafc2-566a-41ae-9ebc-3097d7d22f4a') FROM CD_VRSN_TBL WHERE CD_ID = char_to_uuid('8cf4b0b0-84e5-4122-85fe-6afa8240c218') AND OBSLT_UTC IS NULL;--#!
INSERT INTO CD_REF_TERM_ASSOC_TBL(CD_REF_TERM_ID, REF_TERM_ID, CD_ID, EFFT_VRSN_SEQ_ID, REL_TYP_ID) SELECT gen_uuid(), char_to_uuid('53d79a52-fd69-4e10-8a90-7244299ca595'), char_to_uuid('c7ace528-277d-4efb-94ee-bfd1278f40f7'), VRSN_SEQ_ID, char_to_uuid('2c4dafc2-566a-41ae-9ebc-3097d7d22f4a') FROM CD_VRSN_TBL WHERE CD_ID = char_to_uuid('c7ace528-277d-4efb-94ee-bfd1278f40f7') AND OBSLT_UTC IS NULL;--#!
INSERT INTO CD_REF_TERM_ASSOC_TBL(CD_REF_TERM_ID, REF_TERM_ID, CD_ID, EFFT_VRSN_SEQ_ID, REL_TYP_ID) SELECT gen_uuid(), char_to_uuid('f1a94de5-55e8-4f35-bde6-f043887b2ed7'), char_to_uuid('21ab7873-8ef3-4d78-9c19-4582b3c40631'), VRSN_SEQ_ID, char_to_uuid('2c4dafc2-566a-41ae-9ebc-3097d7d22f4a') FROM CD_VRSN_TBL WHERE CD_ID = char_to_uuid('21ab7873-8ef3-4d78-9c19-4582b3c40631') AND OBSLT_UTC IS NULL;--#!
INSERT INTO CD_REF_TERM_ASSOC_TBL(CD_REF_TERM_ID, REF_TERM_ID, CD_ID, EFFT_VRSN_SEQ_ID, REL_TYP_ID) SELECT gen_uuid(), char_to_uuid('b7c9f62d-54db-4b6e-8e55-dec103d4aa75'), char_to_uuid('79dd4f75-68e8-4722-a7f5-8bc2e08f5cd6'), VRSN_SEQ_ID, char_to_uuid('2c4dafc2-566a-41ae-9ebc-3097d7d22f4a') FROM CD_VRSN_TBL WHERE CD_ID = char_to_uuid('79dd4f75-68e8-4722-a7f5-8bc2e08f5cd6') AND OBSLT_UTC IS NULL;--#!
INSERT INTO CD_REF_TERM_ASSOC_TBL(CD_REF_TERM_ID, REF_TERM_ID, CD_ID, EFFT_VRSN_SEQ_ID, REL_TYP_ID) SELECT gen_uuid(), char_to_uuid('3fe3ebc2-d0e2-49ea-bd2e-28b4bc4982b1'), char_to_uuid('48b2ffb3-07db-47ba-ad73-fc8fb8502471'), VRSN_SEQ_ID, char_to_uuid('2c4dafc2-566a-41ae-9ebc-3097d7d22f4a') FROM CD_VRSN_TBL WHERE CD_ID = char_to_uuid('48b2ffb3-07db-47ba-ad73-fc8fb8502471') AND OBSLT_UTC IS NULL;--#!
INSERT INTO CD_REF_TERM_ASSOC_TBL(CD_REF_TERM_ID, REF_TERM_ID, CD_ID, EFFT_VRSN_SEQ_ID, REL_TYP_ID) SELECT gen_uuid(), char_to_uuid('78a9d9f6-b9c3-4ea7-8c74-2d689fca8f2a'), char_to_uuid('6eefee7d-dff5-46d3-a6a7-171ef93879c7'), VRSN_SEQ_ID, char_to_uuid('2c4dafc2-566a-41ae-9ebc-3097d7d22f4a') FROM CD_VRSN_TBL WHERE CD_ID = char_to_uuid('6eefee7d-dff5-46d3-a6a7-171ef93879c7') AND OBSLT_UTC IS NULL;--#!
INSERT INTO CD_REF_TERM_ASSOC_TBL(CD_REF_TERM_ID, REF_TERM_ID, CD_ID, EFFT_VRSN_SEQ_ID, REL_TYP_ID) SELECT gen_uuid(), char_to_uuid('e9d0f10e-6a79-4104-b5fc-e9d21ef1f9fd'), char_to_uuid('4d1a5c28-deb7-411e-b75f-d524f90dfa63'), VRSN_SEQ_ID, char_to_uuid('2c4dafc2-566a-41ae-9ebc-3097d7d22f4a') FROM CD_VRSN_TBL WHERE CD_ID = char_to_uuid('4d1a5c28-deb7-411e-b75f-d524f90dfa63') AND OBSLT_UTC IS NULL;--#!
INSERT INTO CD_REF_TERM_ASSOC_TBL(CD_REF_TERM_ID, REF_TERM_ID, CD_ID, EFFT_VRSN_SEQ_ID, REL_TYP_ID) SELECT gen_uuid(), char_to_uuid('b8c01e74-19b1-4489-bd96-9e8c2ad44913'), char_to_uuid('1935aaf6-d487-4c82-ac17-fb917b5b6d71'), VRSN_SEQ_ID, char_to_uuid('2c4dafc2-566a-41ae-9ebc-3097d7d22f4a') FROM CD_VRSN_TBL WHERE CD_ID = char_to_uuid('1935aaf6-d487-4c82-ac17-fb917b5b6d71') AND OBSLT_UTC IS NULL;--#!
INSERT INTO CD_REF_TERM_ASSOC_TBL(CD_REF_TERM_ID, REF_TERM_ID, CD_ID, EFFT_VRSN_SEQ_ID, REL_TYP_ID) SELECT gen_uuid(), char_to_uuid('d5204acd-3bf5-46b3-9ca2-f4fe64034311'), char_to_uuid('f29f08de-78a7-4a5e-aeaf-7b545ba19a09'), VRSN_SEQ_ID, char_to_uuid('2c4dafc2-566a-41ae-9ebc-3097d7d22f4a') FROM CD_VRSN_TBL WHERE CD_ID = char_to_uuid('f29f08de-78a7-4a5e-aeaf-7b545ba19a09') AND OBSLT_UTC IS NULL;--#!
INSERT INTO CD_REF_TERM_ASSOC_TBL(CD_REF_TERM_ID, REF_TERM_ID, CD_ID, EFFT_VRSN_SEQ_ID, REL_TYP_ID) SELECT gen_uuid(), char_to_uuid('25bc74a7-7ab1-4744-aedd-a08962d40021'), char_to_uuid('ad28a7ac-a66b-42c4-91b4-de40a2b11980'), VRSN_SEQ_ID, char_to_uuid('2c4dafc2-566a-41ae-9ebc-3097d7d22f4a') FROM CD_VRSN_TBL WHERE CD_ID = char_to_uuid('ad28a7ac-a66b-42c4-91b4-de40a2b11980') AND OBSLT_UTC IS NULL;--#!
INSERT INTO CD_REF_TERM_ASSOC_TBL(CD_REF_TERM_ID, REF_TERM_ID, CD_ID, EFFT_VRSN_SEQ_ID, REL_TYP_ID) SELECT gen_uuid(), char_to_uuid('22e3932d-2df5-4313-a6f5-9a47c65075b1'), char_to_uuid('604cf1b7-8891-49fb-b95f-3e4e875691bc'), VRSN_SEQ_ID, char_to_uuid('2c4dafc2-566a-41ae-9ebc-3097d7d22f4a') FROM CD_VRSN_TBL WHERE CD_ID = char_to_uuid('604cf1b7-8891-49fb-b95f-3e4e875691bc') AND OBSLT_UTC IS NULL;--#!
INSERT INTO CD_REF_TERM_ASSOC_TBL(CD_REF_TERM_ID, REF_TERM_ID, CD_ID, EFFT_VRSN_SEQ_ID, REL_TYP_ID) SELECT gen_uuid(), char_to_uuid('25bc74a7-7ab1-4744-aedd-a08962d40021'), char_to_uuid('ad28a7ac-a66b-42c4-91b4-de40a2b11980'), VRSN_SEQ_ID, char_to_uuid('2c4dafc2-566a-41ae-9ebc-3097d7d22f4a') FROM CD_VRSN_TBL WHERE CD_ID = char_to_uuid('ad28a7ac-a66b-42c4-91b4-de40a2b11980') AND OBSLT_UTC IS NULL;--#!
INSERT INTO CD_REF_TERM_ASSOC_TBL(CD_REF_TERM_ID, REF_TERM_ID, CD_ID, EFFT_VRSN_SEQ_ID, REL_TYP_ID) SELECT gen_uuid(), char_to_uuid('22e3932d-2df5-4313-a6f5-9a47c65075b1'), char_to_uuid('604cf1b7-8891-49fb-b95f-3e4e875691bc'), VRSN_SEQ_ID, char_to_uuid('2c4dafc2-566a-41ae-9ebc-3097d7d22f4a') FROM CD_VRSN_TBL WHERE CD_ID = char_to_uuid('604cf1b7-8891-49fb-b95f-3e4e875691bc') AND OBSLT_UTC IS NULL;--#!
INSERT INTO CD_REF_TERM_ASSOC_TBL(CD_REF_TERM_ID, REF_TERM_ID, CD_ID, EFFT_VRSN_SEQ_ID, REL_TYP_ID) SELECT gen_uuid(), char_to_uuid('d5204acd-3bf5-46b3-9ca2-f4fe64034311'), char_to_uuid('f29f08de-78a7-4a5e-aeaf-7b545ba19a09'), VRSN_SEQ_ID, char_to_uuid('2c4dafc2-566a-41ae-9ebc-3097d7d22f4a') FROM CD_VRSN_TBL WHERE CD_ID = char_to_uuid('f29f08de-78a7-4a5e-aeaf-7b545ba19a09') AND OBSLT_UTC IS NULL;--#!
INSERT INTO CD_REF_TERM_ASSOC_TBL(CD_REF_TERM_ID, REF_TERM_ID, CD_ID, EFFT_VRSN_SEQ_ID, REL_TYP_ID) SELECT gen_uuid(), char_to_uuid('f42287f1-c8a6-4586-a463-548e0e3ac3cc'), char_to_uuid('71651ed8-8c91-4839-b76e-9bfdd2edba43'), VRSN_SEQ_ID, char_to_uuid('2c4dafc2-566a-41ae-9ebc-3097d7d22f4a') FROM CD_VRSN_TBL WHERE CD_ID = char_to_uuid('71651ed8-8c91-4839-b76e-9bfdd2edba43') AND OBSLT_UTC IS NULL;--#!
INSERT INTO CD_REF_TERM_ASSOC_TBL(CD_REF_TERM_ID, REF_TERM_ID, CD_ID, EFFT_VRSN_SEQ_ID, REL_TYP_ID) SELECT gen_uuid(), char_to_uuid('c7358a21-d2cc-46d8-8fe9-87c794f72571'), char_to_uuid('f0cb3faf-435d-4704-9217-b884f757bc14'), VRSN_SEQ_ID, char_to_uuid('2c4dafc2-566a-41ae-9ebc-3097d7d22f4a') FROM CD_VRSN_TBL WHERE CD_ID = char_to_uuid('f0cb3faf-435d-4704-9217-b884f757bc14') AND OBSLT_UTC IS NULL;--#!
INSERT INTO CD_REF_TERM_ASSOC_TBL(CD_REF_TERM_ID, REF_TERM_ID, CD_ID, EFFT_VRSN_SEQ_ID, REL_TYP_ID) SELECT gen_uuid(), char_to_uuid('a879a666-d7e3-423a-8592-dbe1ffe1ace3'), char_to_uuid('f158af2a-d405-4616-a459-50e8494a9a56'), VRSN_SEQ_ID, char_to_uuid('2c4dafc2-566a-41ae-9ebc-3097d7d22f4a') FROM CD_VRSN_TBL WHERE CD_ID = char_to_uuid('f158af2a-d405-4616-a459-50e8494a9a56') AND OBSLT_UTC IS NULL;--#!
INSERT INTO CD_REF_TERM_ASSOC_TBL(CD_REF_TERM_ID, REF_TERM_ID, CD_ID, EFFT_VRSN_SEQ_ID, REL_TYP_ID) SELECT gen_uuid(), char_to_uuid('5251021f-38e2-4b9f-bf13-68460a24fc8f'), char_to_uuid('cc35ad2b-6699-4946-ae38-76ab08193f41'), VRSN_SEQ_ID, char_to_uuid('2c4dafc2-566a-41ae-9ebc-3097d7d22f4a') FROM CD_VRSN_TBL WHERE CD_ID = char_to_uuid('cc35ad2b-6699-4946-ae38-76ab08193f41') AND OBSLT_UTC IS NULL;--#!
INSERT INTO CD_REF_TERM_ASSOC_TBL(CD_REF_TERM_ID, REF_TERM_ID, CD_ID, EFFT_VRSN_SEQ_ID, REL_TYP_ID) SELECT gen_uuid(), char_to_uuid('9a0222c7-02a7-4734-9991-f3ff7dd6a47e'), char_to_uuid('c50d66d2-e5da-4a34-b2b7-4cd4fe4ef2c4'), VRSN_SEQ_ID, char_to_uuid('2c4dafc2-566a-41ae-9ebc-3097d7d22f4a') FROM CD_VRSN_TBL WHERE CD_ID = char_to_uuid('c50d66d2-e5da-4a34-b2b7-4cd4fe4ef2c4') AND OBSLT_UTC IS NULL;--#!
INSERT INTO CD_REF_TERM_ASSOC_TBL(CD_REF_TERM_ID, REF_TERM_ID, CD_ID, EFFT_VRSN_SEQ_ID, REL_TYP_ID) SELECT gen_uuid(), char_to_uuid('11b99d82-95c7-4534-b22b-2201848e128b'), char_to_uuid('39604248-7812-4b60-bc54-8cc1fffb1de6'), VRSN_SEQ_ID, char_to_uuid('2c4dafc2-566a-41ae-9ebc-3097d7d22f4a') FROM CD_VRSN_TBL WHERE CD_ID = char_to_uuid('39604248-7812-4b60-bc54-8cc1fffb1de6') AND OBSLT_UTC IS NULL;--#!
INSERT INTO CD_REF_TERM_ASSOC_TBL(CD_REF_TERM_ID, REF_TERM_ID, CD_ID, EFFT_VRSN_SEQ_ID, REL_TYP_ID) SELECT gen_uuid(), char_to_uuid('ca2e5a2d-4c67-4249-a95a-db8c8be67523'), char_to_uuid('ec8a5482-2059-43fc-a4ce-04f71f64e3d8'), VRSN_SEQ_ID, char_to_uuid('2c4dafc2-566a-41ae-9ebc-3097d7d22f4a') FROM CD_VRSN_TBL WHERE CD_ID = char_to_uuid('ec8a5482-2059-43fc-a4ce-04f71f64e3d8') AND OBSLT_UTC IS NULL;--#!
INSERT INTO CD_REF_TERM_ASSOC_TBL(CD_REF_TERM_ID, REF_TERM_ID, CD_ID, EFFT_VRSN_SEQ_ID, REL_TYP_ID) SELECT gen_uuid(), char_to_uuid('1807ae4a-7d7e-4fb5-91d4-49e7841483f7'), char_to_uuid('d64ed94f-e4a4-49a2-a0d8-1e6f393aab36'), VRSN_SEQ_ID, char_to_uuid('2c4dafc2-566a-41ae-9ebc-3097d7d22f4a') FROM CD_VRSN_TBL WHERE CD_ID = char_to_uuid('d64ed94f-e4a4-49a2-a0d8-1e6f393aab36') AND OBSLT_UTC IS NULL;--#!
INSERT INTO CD_REF_TERM_ASSOC_TBL(CD_REF_TERM_ID, REF_TERM_ID, CD_ID, EFFT_VRSN_SEQ_ID, REL_TYP_ID) SELECT gen_uuid(), char_to_uuid('a7462566-c30f-4b9b-8306-2244c2ce737f'), char_to_uuid('196405f1-e07e-494e-a56e-b4b563cd85fc'), VRSN_SEQ_ID, char_to_uuid('2c4dafc2-566a-41ae-9ebc-3097d7d22f4a') FROM CD_VRSN_TBL WHERE CD_ID = char_to_uuid('196405f1-e07e-494e-a56e-b4b563cd85fc') AND OBSLT_UTC IS NULL;--#!
INSERT INTO CD_REF_TERM_ASSOC_TBL(CD_REF_TERM_ID, REF_TERM_ID, CD_ID, EFFT_VRSN_SEQ_ID, REL_TYP_ID) SELECT gen_uuid(), char_to_uuid('e8b20fdd-6ac7-4caa-9de5-9c93bf2ab33f'), char_to_uuid('97ad6a1d-6871-448c-a504-cb82cabc0452'), VRSN_SEQ_ID, char_to_uuid('2c4dafc2-566a-41ae-9ebc-3097d7d22f4a') FROM CD_VRSN_TBL WHERE CD_ID = char_to_uuid('97ad6a1d-6871-448c-a504-cb82cabc0452') AND OBSLT_UTC IS NULL;--#!
INSERT INTO CD_REF_TERM_ASSOC_TBL(CD_REF_TERM_ID, REF_TERM_ID, CD_ID, EFFT_VRSN_SEQ_ID, REL_TYP_ID) SELECT gen_uuid(), char_to_uuid('d33bc7f5-4a41-429c-befa-cdb79452095b'), char_to_uuid('4c503921-1d6e-4149-a3c4-33f6be4646ce'), VRSN_SEQ_ID, char_to_uuid('2c4dafc2-566a-41ae-9ebc-3097d7d22f4a') FROM CD_VRSN_TBL WHERE CD_ID = char_to_uuid('4c503921-1d6e-4149-a3c4-33f6be4646ce') AND OBSLT_UTC IS NULL;--#!
INSERT INTO CD_REF_TERM_ASSOC_TBL(CD_REF_TERM_ID, REF_TERM_ID, CD_ID, EFFT_VRSN_SEQ_ID, REL_TYP_ID) SELECT gen_uuid(), char_to_uuid('1cb6874e-51c9-4361-9747-c688f14475ff'), char_to_uuid('4b8b0a87-7d2e-406d-aeb0-1041c3841b57'), VRSN_SEQ_ID, char_to_uuid('2c4dafc2-566a-41ae-9ebc-3097d7d22f4a') FROM CD_VRSN_TBL WHERE CD_ID = char_to_uuid('4b8b0a87-7d2e-406d-aeb0-1041c3841b57') AND OBSLT_UTC IS NULL;--#!
INSERT INTO CD_REF_TERM_ASSOC_TBL(CD_REF_TERM_ID, REF_TERM_ID, CD_ID, EFFT_VRSN_SEQ_ID, REL_TYP_ID) SELECT gen_uuid(), char_to_uuid('e4aae703-94a2-49e1-b923-c637e698c983'), char_to_uuid('61848557-d78d-40e5-954f-0b9c97307a04'), VRSN_SEQ_ID, char_to_uuid('2c4dafc2-566a-41ae-9ebc-3097d7d22f4a') FROM CD_VRSN_TBL WHERE CD_ID = char_to_uuid('61848557-d78d-40e5-954f-0b9c97307a04') AND OBSLT_UTC IS NULL;--#!
INSERT INTO CD_REF_TERM_ASSOC_TBL(CD_REF_TERM_ID, REF_TERM_ID, CD_ID, EFFT_VRSN_SEQ_ID, REL_TYP_ID) SELECT gen_uuid(), char_to_uuid('42f9b574-a7a6-4bc8-ae71-c208a70365a6'), char_to_uuid('455dadf8-c175-45a1-a859-34283a8210f8'), VRSN_SEQ_ID, char_to_uuid('2c4dafc2-566a-41ae-9ebc-3097d7d22f4a') FROM CD_VRSN_TBL WHERE CD_ID = char_to_uuid('455dadf8-c175-45a1-a859-34283a8210f8') AND OBSLT_UTC IS NULL;--#!
INSERT INTO CD_REF_TERM_ASSOC_TBL(CD_REF_TERM_ID, REF_TERM_ID, CD_ID, EFFT_VRSN_SEQ_ID, REL_TYP_ID) SELECT gen_uuid(), char_to_uuid('2f18c510-1493-4764-b102-7881671586ed'), char_to_uuid('a0174216-6439-4351-9483-a241a48029b7'), VRSN_SEQ_ID, char_to_uuid('2c4dafc2-566a-41ae-9ebc-3097d7d22f4a') FROM CD_VRSN_TBL WHERE CD_ID = char_to_uuid('a0174216-6439-4351-9483-a241a48029b7') AND OBSLT_UTC IS NULL;--#!
INSERT INTO CD_REF_TERM_ASSOC_TBL(CD_REF_TERM_ID, REF_TERM_ID, CD_ID, EFFT_VRSN_SEQ_ID, REL_TYP_ID) SELECT gen_uuid(), char_to_uuid('332f68b4-ab20-443d-a37d-f7d0ec5e44f5'), char_to_uuid('6cbf29ad-ac51-48c9-885a-cfe3026ecf6e'), VRSN_SEQ_ID, char_to_uuid('2c4dafc2-566a-41ae-9ebc-3097d7d22f4a') FROM CD_VRSN_TBL WHERE CD_ID = char_to_uuid('6cbf29ad-ac51-48c9-885a-cfe3026ecf6e') AND OBSLT_UTC IS NULL;--#!
INSERT INTO CD_REF_TERM_ASSOC_TBL(CD_REF_TERM_ID, REF_TERM_ID, CD_ID, EFFT_VRSN_SEQ_ID, REL_TYP_ID) SELECT gen_uuid(), char_to_uuid('c7358a21-d2cc-46d8-8fe9-87c794f72571'), char_to_uuid('f0cb3faf-435d-4704-9217-b884f757bc14'), VRSN_SEQ_ID, char_to_uuid('2c4dafc2-566a-41ae-9ebc-3097d7d22f4a') FROM CD_VRSN_TBL WHERE CD_ID = char_to_uuid('f0cb3faf-435d-4704-9217-b884f757bc14') AND OBSLT_UTC IS NULL;--#!
INSERT INTO CD_REF_TERM_ASSOC_TBL(CD_REF_TERM_ID, REF_TERM_ID, CD_ID, EFFT_VRSN_SEQ_ID, REL_TYP_ID) SELECT gen_uuid(), char_to_uuid('1827607d-80b0-4ea1-9cf5-a4e4d57ee02a'), char_to_uuid('9c4c40ae-2c15-4581-a496-be1abfe4eb66'), VRSN_SEQ_ID, char_to_uuid('2c4dafc2-566a-41ae-9ebc-3097d7d22f4a') FROM CD_VRSN_TBL WHERE CD_ID = char_to_uuid('9c4c40ae-2c15-4581-a496-be1abfe4eb66') AND OBSLT_UTC IS NULL;--#!
INSERT INTO CD_REF_TERM_ASSOC_TBL(CD_REF_TERM_ID, REF_TERM_ID, CD_ID, EFFT_VRSN_SEQ_ID, REL_TYP_ID) SELECT gen_uuid(), char_to_uuid('33d57233-b119-4925-8235-170e30060ed7'), char_to_uuid('0a364ad7-f961-4d8a-93f0-1fd4176548b3'), VRSN_SEQ_ID, char_to_uuid('2c4dafc2-566a-41ae-9ebc-3097d7d22f4a') FROM CD_VRSN_TBL WHERE CD_ID = char_to_uuid('0a364ad7-f961-4d8a-93f0-1fd4176548b3') AND OBSLT_UTC IS NULL;--#!
INSERT INTO CD_REF_TERM_ASSOC_TBL(CD_REF_TERM_ID, REF_TERM_ID, CD_ID, EFFT_VRSN_SEQ_ID, REL_TYP_ID) SELECT gen_uuid(), char_to_uuid('5f1b5be2-bcf7-40a8-bd4e-20ca20091c42'), char_to_uuid('1373ff04-a6ef-420a-b1d0-4a07465fe8e8'), VRSN_SEQ_ID, char_to_uuid('2c4dafc2-566a-41ae-9ebc-3097d7d22f4a') FROM CD_VRSN_TBL WHERE CD_ID = char_to_uuid('1373ff04-a6ef-420a-b1d0-4a07465fe8e8') AND OBSLT_UTC IS NULL;--#!
INSERT INTO CD_REF_TERM_ASSOC_TBL(CD_REF_TERM_ID, REF_TERM_ID, CD_ID, EFFT_VRSN_SEQ_ID, REL_TYP_ID) SELECT gen_uuid(), char_to_uuid('7e5277ce-7d4c-4558-aa90-e0d7e00857e4'), char_to_uuid('d9f63423-ba9b-48d9-ba38-c404b784b670'), VRSN_SEQ_ID, char_to_uuid('2c4dafc2-566a-41ae-9ebc-3097d7d22f4a') FROM CD_VRSN_TBL WHERE CD_ID = char_to_uuid('d9f63423-ba9b-48d9-ba38-c404b784b670') AND OBSLT_UTC IS NULL;--#!
INSERT INTO CD_REF_TERM_ASSOC_TBL(CD_REF_TERM_ID, REF_TERM_ID, CD_ID, EFFT_VRSN_SEQ_ID, REL_TYP_ID) SELECT gen_uuid(), char_to_uuid('85721308-da99-4d46-aaa3-054f4576f15e'), char_to_uuid('a2594e6e-e8fe-4c68-82a5-d3a46dbec87d'), VRSN_SEQ_ID, char_to_uuid('2c4dafc2-566a-41ae-9ebc-3097d7d22f4a') FROM CD_VRSN_TBL WHERE CD_ID = char_to_uuid('a2594e6e-e8fe-4c68-82a5-d3a46dbec87d') AND OBSLT_UTC IS NULL;--#!
INSERT INTO CD_REF_TERM_ASSOC_TBL(CD_REF_TERM_ID, REF_TERM_ID, CD_ID, EFFT_VRSN_SEQ_ID, REL_TYP_ID) SELECT gen_uuid(), char_to_uuid('9a0222c7-02a7-4734-9991-f3ff7dd6a47e'), char_to_uuid('c50d66d2-e5da-4a34-b2b7-4cd4fe4ef2c4'), VRSN_SEQ_ID, char_to_uuid('2c4dafc2-566a-41ae-9ebc-3097d7d22f4a') FROM CD_VRSN_TBL WHERE CD_ID = char_to_uuid('c50d66d2-e5da-4a34-b2b7-4cd4fe4ef2c4') AND OBSLT_UTC IS NULL;--#!
INSERT INTO CD_REF_TERM_ASSOC_TBL(CD_REF_TERM_ID, REF_TERM_ID, CD_ID, EFFT_VRSN_SEQ_ID, REL_TYP_ID) SELECT gen_uuid(), char_to_uuid('eaba31f4-f772-447d-8e67-082e64cdc64f'), char_to_uuid('727a61ed-2f35-4e09-8bb6-6d09e2ba8fec'), VRSN_SEQ_ID, char_to_uuid('2c4dafc2-566a-41ae-9ebc-3097d7d22f4a') FROM CD_VRSN_TBL WHERE CD_ID = char_to_uuid('727a61ed-2f35-4e09-8bb6-6d09e2ba8fec') AND OBSLT_UTC IS NULL;--#!
INSERT INTO CD_REF_TERM_ASSOC_TBL(CD_REF_TERM_ID, REF_TERM_ID, CD_ID, EFFT_VRSN_SEQ_ID, REL_TYP_ID) SELECT gen_uuid(), char_to_uuid('854471f9-dc36-4a54-b880-497348e8825a'), char_to_uuid('5a6a6766-8e1d-4d36-ae50-9b7d82d8a182'), VRSN_SEQ_ID, char_to_uuid('2c4dafc2-566a-41ae-9ebc-3097d7d22f4a') FROM CD_VRSN_TBL WHERE CD_ID = char_to_uuid('5a6a6766-8e1d-4d36-ae50-9b7d82d8a182') AND OBSLT_UTC IS NULL;--#!
INSERT INTO CD_REF_TERM_ASSOC_TBL(CD_REF_TERM_ID, REF_TERM_ID, CD_ID, EFFT_VRSN_SEQ_ID, REL_TYP_ID) SELECT gen_uuid(), char_to_uuid('decb3f70-b32f-4294-88e0-e51c597083e4'), char_to_uuid('3a9f0c2f-e322-4639-a8e7-0df67cac761b'), VRSN_SEQ_ID, char_to_uuid('2c4dafc2-566a-41ae-9ebc-3097d7d22f4a') FROM CD_VRSN_TBL WHERE CD_ID = char_to_uuid('3a9f0c2f-e322-4639-a8e7-0df67cac761b') AND OBSLT_UTC IS NULL;--#!
INSERT INTO CD_REF_TERM_ASSOC_TBL(CD_REF_TERM_ID, REF_TERM_ID, CD_ID, EFFT_VRSN_SEQ_ID, REL_TYP_ID) SELECT gen_uuid(), char_to_uuid('11b99d82-95c7-4534-b22b-2201848e128b'), char_to_uuid('39604248-7812-4b60-bc54-8cc1fffb1de6'), VRSN_SEQ_ID, char_to_uuid('2c4dafc2-566a-41ae-9ebc-3097d7d22f4a') FROM CD_VRSN_TBL WHERE CD_ID = char_to_uuid('39604248-7812-4b60-bc54-8cc1fffb1de6') AND OBSLT_UTC IS NULL;--#!
INSERT INTO CD_REF_TERM_ASSOC_TBL(CD_REF_TERM_ID, REF_TERM_ID, CD_ID, EFFT_VRSN_SEQ_ID, REL_TYP_ID) SELECT gen_uuid(), char_to_uuid('7910c92f-e9f8-46e5-bc2f-3e3737f840ed'), char_to_uuid('9790b291-b8a3-4c85-a240-c2c38885ad5d'), VRSN_SEQ_ID, char_to_uuid('2c4dafc2-566a-41ae-9ebc-3097d7d22f4a') FROM CD_VRSN_TBL WHERE CD_ID = char_to_uuid('9790b291-b8a3-4c85-a240-c2c38885ad5d') AND OBSLT_UTC IS NULL;--#!
INSERT INTO CD_REF_TERM_ASSOC_TBL(CD_REF_TERM_ID, REF_TERM_ID, CD_ID, EFFT_VRSN_SEQ_ID, REL_TYP_ID) SELECT gen_uuid(), char_to_uuid('e4aae703-94a2-49e1-b923-c637e698c983'), char_to_uuid('61848557-d78d-40e5-954f-0b9c97307a04'), VRSN_SEQ_ID, char_to_uuid('2c4dafc2-566a-41ae-9ebc-3097d7d22f4a') FROM CD_VRSN_TBL WHERE CD_ID = char_to_uuid('61848557-d78d-40e5-954f-0b9c97307a04') AND OBSLT_UTC IS NULL;--#!
INSERT INTO CD_REF_TERM_ASSOC_TBL(CD_REF_TERM_ID, REF_TERM_ID, CD_ID, EFFT_VRSN_SEQ_ID, REL_TYP_ID) SELECT gen_uuid(), char_to_uuid('ee1645a8-1d36-4a6a-a0b0-f262a4b1dff3'), char_to_uuid('c704a23d-86ef-4e11-9050-f8aa10919ff2'), VRSN_SEQ_ID, char_to_uuid('2c4dafc2-566a-41ae-9ebc-3097d7d22f4a') FROM CD_VRSN_TBL WHERE CD_ID = char_to_uuid('c704a23d-86ef-4e11-9050-f8aa10919ff2') AND OBSLT_UTC IS NULL;--#!
INSERT INTO CD_REF_TERM_ASSOC_TBL(CD_REF_TERM_ID, REF_TERM_ID, CD_ID, EFFT_VRSN_SEQ_ID, REL_TYP_ID) SELECT gen_uuid(), char_to_uuid('d5977dd7-6ce5-4319-843d-870b83497029'), char_to_uuid('5e8e0f8b-bc23-4847-82ab-49b8dd79981e'), VRSN_SEQ_ID, char_to_uuid('2c4dafc2-566a-41ae-9ebc-3097d7d22f4a') FROM CD_VRSN_TBL WHERE CD_ID = char_to_uuid('5e8e0f8b-bc23-4847-82ab-49b8dd79981e') AND OBSLT_UTC IS NULL;--#!
INSERT INTO CD_REF_TERM_ASSOC_TBL(CD_REF_TERM_ID, REF_TERM_ID, CD_ID, EFFT_VRSN_SEQ_ID, REL_TYP_ID) SELECT gen_uuid(), char_to_uuid('6d6392ac-cc7b-4bcf-af2f-49534dbd4d63'), char_to_uuid('de3f7527-e3c9-45ef-8574-00ca4495f767'), VRSN_SEQ_ID, char_to_uuid('2c4dafc2-566a-41ae-9ebc-3097d7d22f4a') FROM CD_VRSN_TBL WHERE CD_ID = char_to_uuid('de3f7527-e3c9-45ef-8574-00ca4495f767') AND OBSLT_UTC IS NULL;--#!
INSERT INTO CD_REF_TERM_ASSOC_TBL(CD_REF_TERM_ID, REF_TERM_ID, CD_ID, EFFT_VRSN_SEQ_ID, REL_TYP_ID) SELECT gen_uuid(), char_to_uuid('4242797c-19a5-4ead-8987-54891b80ed26'), char_to_uuid('0b82357f-5ae0-4543-ab8e-a33e9b315bab'), VRSN_SEQ_ID, char_to_uuid('2c4dafc2-566a-41ae-9ebc-3097d7d22f4a') FROM CD_VRSN_TBL WHERE CD_ID = char_to_uuid('0b82357f-5ae0-4543-ab8e-a33e9b315bab') AND OBSLT_UTC IS NULL;--#!
INSERT INTO CD_REF_TERM_ASSOC_TBL(CD_REF_TERM_ID, REF_TERM_ID, CD_ID, EFFT_VRSN_SEQ_ID, REL_TYP_ID) SELECT gen_uuid(), char_to_uuid('5251021f-38e2-4b9f-bf13-68460a24fc8f'), char_to_uuid('649d6d69-139c-4006-ae45-aff4649d6079'), VRSN_SEQ_ID, char_to_uuid('2c4dafc2-566a-41ae-9ebc-3097d7d22f4a') FROM CD_VRSN_TBL WHERE CD_ID = char_to_uuid('649d6d69-139c-4006-ae45-aff4649d6079') AND OBSLT_UTC IS NULL;--#!
INSERT INTO CD_REF_TERM_ASSOC_TBL(CD_REF_TERM_ID, REF_TERM_ID, CD_ID, EFFT_VRSN_SEQ_ID, REL_TYP_ID) SELECT gen_uuid(), char_to_uuid('f7ce8e5b-aa68-4458-a8ec-25d2b7cb26fb'), char_to_uuid('479896b0-35d5-4842-8109-5fdbee14e8a4'), VRSN_SEQ_ID, char_to_uuid('2c4dafc2-566a-41ae-9ebc-3097d7d22f4a') FROM CD_VRSN_TBL WHERE CD_ID = char_to_uuid('479896b0-35d5-4842-8109-5fdbee14e8a4') AND OBSLT_UTC IS NULL;--#!
INSERT INTO CD_REF_TERM_ASSOC_TBL(CD_REF_TERM_ID, REF_TERM_ID, CD_ID, EFFT_VRSN_SEQ_ID, REL_TYP_ID) SELECT gen_uuid(), char_to_uuid('a879a666-d7e3-423a-8592-dbe1ffe1ace3'), char_to_uuid('a5cac7f7-e3b7-4dd8-872c-db0e7fcc2d84'), VRSN_SEQ_ID, char_to_uuid('2c4dafc2-566a-41ae-9ebc-3097d7d22f4a') FROM CD_VRSN_TBL WHERE CD_ID = char_to_uuid('a5cac7f7-e3b7-4dd8-872c-db0e7fcc2d84') AND OBSLT_UTC IS NULL;--#!
INSERT INTO CD_REF_TERM_ASSOC_TBL(CD_REF_TERM_ID, REF_TERM_ID, CD_ID, EFFT_VRSN_SEQ_ID, REL_TYP_ID) SELECT gen_uuid(), char_to_uuid('e271da88-767b-4779-8534-4416029faed6'), char_to_uuid('6792db6c-fd5c-4ab8-96f5-ace5665bdcb9'), VRSN_SEQ_ID, char_to_uuid('2c4dafc2-566a-41ae-9ebc-3097d7d22f4a') FROM CD_VRSN_TBL WHERE CD_ID = char_to_uuid('6792db6c-fd5c-4ab8-96f5-ace5665bdcb9') AND OBSLT_UTC IS NULL;--#!
INSERT INTO CD_REF_TERM_ASSOC_TBL(CD_REF_TERM_ID, REF_TERM_ID, CD_ID, EFFT_VRSN_SEQ_ID, REL_TYP_ID) SELECT gen_uuid(), char_to_uuid('95ecfb32-090b-40f8-b7d8-231525b4214f'), char_to_uuid('76990d3d-3f27-4b39-836b-ba87eeba3328'), VRSN_SEQ_ID, char_to_uuid('2c4dafc2-566a-41ae-9ebc-3097d7d22f4a') FROM CD_VRSN_TBL WHERE CD_ID = char_to_uuid('76990d3d-3f27-4b39-836b-ba87eeba3328') AND OBSLT_UTC IS NULL;--#!
INSERT INTO CD_REF_TERM_ASSOC_TBL(CD_REF_TERM_ID, REF_TERM_ID, CD_ID, EFFT_VRSN_SEQ_ID, REL_TYP_ID) SELECT gen_uuid(), char_to_uuid('41e9042a-f8e0-4bc9-89cc-64fa7cb0db7d'), char_to_uuid('be1235ee-710a-4732-88fd-6e895de7c56d'), VRSN_SEQ_ID, char_to_uuid('2c4dafc2-566a-41ae-9ebc-3097d7d22f4a') FROM CD_VRSN_TBL WHERE CD_ID = char_to_uuid('be1235ee-710a-4732-88fd-6e895de7c56d') AND OBSLT_UTC IS NULL;--#!
INSERT INTO CD_REF_TERM_ASSOC_TBL(CD_REF_TERM_ID, REF_TERM_ID, CD_ID, EFFT_VRSN_SEQ_ID, REL_TYP_ID) SELECT gen_uuid(), char_to_uuid('278988c2-bec3-4ad1-98a9-f66a3a38f6c9'), char_to_uuid('ea60a5a9-e971-4f0d-bb5d-dc7a0c74a2c9'), VRSN_SEQ_ID, char_to_uuid('2c4dafc2-566a-41ae-9ebc-3097d7d22f4a') FROM CD_VRSN_TBL WHERE CD_ID = char_to_uuid('ea60a5a9-e971-4f0d-bb5d-dc7a0c74a2c9') AND OBSLT_UTC IS NULL;--#!
INSERT INTO CD_REF_TERM_ASSOC_TBL(CD_REF_TERM_ID, REF_TERM_ID, CD_ID, EFFT_VRSN_SEQ_ID, REL_TYP_ID) SELECT gen_uuid(), char_to_uuid('cdd00b51-3223-49f8-b8e2-31f213addc87'), char_to_uuid('ec401b5c-4c33-4229-9c72-428fc5db37ff'), VRSN_SEQ_ID, char_to_uuid('2c4dafc2-566a-41ae-9ebc-3097d7d22f4a') FROM CD_VRSN_TBL WHERE CD_ID = char_to_uuid('ec401b5c-4c33-4229-9c72-428fc5db37ff') AND OBSLT_UTC IS NULL;--#!
INSERT INTO CD_REF_TERM_ASSOC_TBL(CD_REF_TERM_ID, REF_TERM_ID, CD_ID, EFFT_VRSN_SEQ_ID, REL_TYP_ID) SELECT gen_uuid(), char_to_uuid('6779b1f1-4e45-4aab-a5dc-cc746e953d73'), char_to_uuid('cbb6297b-743c-453c-8476-ba4c10a1c965'), VRSN_SEQ_ID, char_to_uuid('2c4dafc2-566a-41ae-9ebc-3097d7d22f4a') FROM CD_VRSN_TBL WHERE CD_ID = char_to_uuid('cbb6297b-743c-453c-8476-ba4c10a1c965') AND OBSLT_UTC IS NULL;--#!
INSERT INTO CD_REF_TERM_ASSOC_TBL(CD_REF_TERM_ID, REF_TERM_ID, CD_ID, EFFT_VRSN_SEQ_ID, REL_TYP_ID) SELECT gen_uuid(), char_to_uuid('a7462566-c30f-4b9b-8306-2244c2ce737f'), char_to_uuid('99e77288-cb09-4050-a8cf-385513f32f0a'), VRSN_SEQ_ID, char_to_uuid('2c4dafc2-566a-41ae-9ebc-3097d7d22f4a') FROM CD_VRSN_TBL WHERE CD_ID = char_to_uuid('99e77288-cb09-4050-a8cf-385513f32f0a') AND OBSLT_UTC IS NULL;--#!
INSERT INTO CD_REF_TERM_ASSOC_TBL(CD_REF_TERM_ID, REF_TERM_ID, CD_ID, EFFT_VRSN_SEQ_ID, REL_TYP_ID) SELECT gen_uuid(), char_to_uuid('42f9b574-a7a6-4bc8-ae71-c208a70365a6'), char_to_uuid('03067700-ce37-405f-8ed3-e4965ba2f601'), VRSN_SEQ_ID, char_to_uuid('2c4dafc2-566a-41ae-9ebc-3097d7d22f4a') FROM CD_VRSN_TBL WHERE CD_ID = char_to_uuid('03067700-ce37-405f-8ed3-e4965ba2f601') AND OBSLT_UTC IS NULL;--#!
INSERT INTO CD_REF_TERM_ASSOC_TBL(CD_REF_TERM_ID, REF_TERM_ID, CD_ID, EFFT_VRSN_SEQ_ID, REL_TYP_ID) SELECT gen_uuid(), char_to_uuid('1cb6874e-51c9-4361-9747-c688f14475ff'), char_to_uuid('bce17b21-05b2-4f02-bf7a-c6d3561aa948'), VRSN_SEQ_ID, char_to_uuid('2c4dafc2-566a-41ae-9ebc-3097d7d22f4a') FROM CD_VRSN_TBL WHERE CD_ID = char_to_uuid('bce17b21-05b2-4f02-bf7a-c6d3561aa948') AND OBSLT_UTC IS NULL;--#!
INSERT INTO CD_REF_TERM_ASSOC_TBL(CD_REF_TERM_ID, REF_TERM_ID, CD_ID, EFFT_VRSN_SEQ_ID, REL_TYP_ID) SELECT gen_uuid(), char_to_uuid('0cf19f58-5bd8-4e54-a6ed-c261a3e0d322'), char_to_uuid('28c744df-d889-4a44-bc1a-2e9e9d64af13'), VRSN_SEQ_ID, char_to_uuid('2c4dafc2-566a-41ae-9ebc-3097d7d22f4a') FROM CD_VRSN_TBL WHERE CD_ID = char_to_uuid('28c744df-d889-4a44-bc1a-2e9e9d64af13') AND OBSLT_UTC IS NULL;--#!
INSERT INTO CD_REF_TERM_ASSOC_TBL(CD_REF_TERM_ID, REF_TERM_ID, CD_ID, EFFT_VRSN_SEQ_ID, REL_TYP_ID) SELECT gen_uuid(), char_to_uuid('5eaafdf9-0d21-4074-9323-6ec92718dd84'), char_to_uuid('7f81b83e-0d78-4685-8ba4-224eb315ce54'), VRSN_SEQ_ID, char_to_uuid('2c4dafc2-566a-41ae-9ebc-3097d7d22f4a') FROM CD_VRSN_TBL WHERE CD_ID = char_to_uuid('7f81b83e-0d78-4685-8ba4-224eb315ce54') AND OBSLT_UTC IS NULL;--#!
INSERT INTO CD_REF_TERM_ASSOC_TBL(CD_REF_TERM_ID, REF_TERM_ID, CD_ID, EFFT_VRSN_SEQ_ID, REL_TYP_ID) SELECT gen_uuid(), char_to_uuid('18490620-c230-4ae4-a0b3-b680c1984ff3'), char_to_uuid('4b5471d4-e3fe-45f7-85a2-ae2b4f224757'), VRSN_SEQ_ID, char_to_uuid('2c4dafc2-566a-41ae-9ebc-3097d7d22f4a') FROM CD_VRSN_TBL WHERE CD_ID = char_to_uuid('4b5471d4-e3fe-45f7-85a2-ae2b4f224757') AND OBSLT_UTC IS NULL;--#!
INSERT INTO CD_REF_TERM_ASSOC_TBL(CD_REF_TERM_ID, REF_TERM_ID, CD_ID, EFFT_VRSN_SEQ_ID, REL_TYP_ID) SELECT gen_uuid(), char_to_uuid('4c82cc9e-b292-48a4-91c7-dac3df5e547c'), char_to_uuid('28fb791e-179e-461a-b16c-cac13a04bd0a'), VRSN_SEQ_ID, char_to_uuid('2c4dafc2-566a-41ae-9ebc-3097d7d22f4a') FROM CD_VRSN_TBL WHERE CD_ID = char_to_uuid('28fb791e-179e-461a-b16c-cac13a04bd0a') AND OBSLT_UTC IS NULL;--#!
INSERT INTO CD_REF_TERM_ASSOC_TBL(CD_REF_TERM_ID, REF_TERM_ID, CD_ID, EFFT_VRSN_SEQ_ID, REL_TYP_ID) SELECT gen_uuid(), char_to_uuid('ca0124e4-dbd5-4756-a0bf-f7d84002570e'), char_to_uuid('2452b691-f122-4121-b9df-76d990b43f35'), VRSN_SEQ_ID, char_to_uuid('2c4dafc2-566a-41ae-9ebc-3097d7d22f4a') FROM CD_VRSN_TBL WHERE CD_ID = char_to_uuid('2452b691-f122-4121-b9df-76d990b43f35') AND OBSLT_UTC IS NULL;--#!
INSERT INTO CD_REF_TERM_ASSOC_TBL(CD_REF_TERM_ID, REF_TERM_ID, CD_ID, EFFT_VRSN_SEQ_ID, REL_TYP_ID) SELECT gen_uuid(), char_to_uuid('e8b20fdd-6ac7-4caa-9de5-9c93bf2ab33f'), char_to_uuid('3f92dbee-a65e-434f-98ce-841feeb02e3f'), VRSN_SEQ_ID, char_to_uuid('2c4dafc2-566a-41ae-9ebc-3097d7d22f4a') FROM CD_VRSN_TBL WHERE CD_ID = char_to_uuid('3f92dbee-a65e-434f-98ce-841feeb02e3f') AND OBSLT_UTC IS NULL;--#!
INSERT INTO CD_REF_TERM_ASSOC_TBL(CD_REF_TERM_ID, REF_TERM_ID, CD_ID, EFFT_VRSN_SEQ_ID, REL_TYP_ID) SELECT gen_uuid(), char_to_uuid('bdf6fee7-efd1-445b-bfbc-ba192be966d3'), char_to_uuid('53c694b8-27d8-43dd-95a4-bb318431d17c'), VRSN_SEQ_ID, char_to_uuid('2c4dafc2-566a-41ae-9ebc-3097d7d22f4a') FROM CD_VRSN_TBL WHERE CD_ID = char_to_uuid('53c694b8-27d8-43dd-95a4-bb318431d17c') AND OBSLT_UTC IS NULL;--#!
INSERT INTO CD_REF_TERM_ASSOC_TBL(CD_REF_TERM_ID, REF_TERM_ID, CD_ID, EFFT_VRSN_SEQ_ID, REL_TYP_ID) SELECT gen_uuid(), char_to_uuid('1edfe367-b9d1-4e9c-bb95-83df6e2c20bc'), char_to_uuid('01b87999-85a7-4f5c-9b7e-892f1195cfe3'), VRSN_SEQ_ID, char_to_uuid('2c4dafc2-566a-41ae-9ebc-3097d7d22f4a') FROM CD_VRSN_TBL WHERE CD_ID = char_to_uuid('01b87999-85a7-4f5c-9b7e-892f1195cfe3') AND OBSLT_UTC IS NULL;--#!
INSERT INTO CD_REF_TERM_ASSOC_TBL(CD_REF_TERM_ID, REF_TERM_ID, CD_ID, EFFT_VRSN_SEQ_ID, REL_TYP_ID) SELECT gen_uuid(), char_to_uuid('8856afda-0386-47d3-82a8-5c3f2cef89c7'), char_to_uuid('02bb7934-76b5-4cc5-bd42-58570f15eb4d'), VRSN_SEQ_ID, char_to_uuid('2c4dafc2-566a-41ae-9ebc-3097d7d22f4a') FROM CD_VRSN_TBL WHERE CD_ID = char_to_uuid('02bb7934-76b5-4cc5-bd42-58570f15eb4d') AND OBSLT_UTC IS NULL;--#!
INSERT INTO CD_REF_TERM_ASSOC_TBL(CD_REF_TERM_ID, REF_TERM_ID, CD_ID, EFFT_VRSN_SEQ_ID, REL_TYP_ID) SELECT gen_uuid(), char_to_uuid('4734e169-33e1-484d-81a4-125acbb701d3'), char_to_uuid('6da3a6ca-2ab0-4d32-9588-e094f277f06d'), VRSN_SEQ_ID, char_to_uuid('2c4dafc2-566a-41ae-9ebc-3097d7d22f4a') FROM CD_VRSN_TBL WHERE CD_ID = char_to_uuid('6da3a6ca-2ab0-4d32-9588-e094f277f06d') AND OBSLT_UTC IS NULL;--#!
INSERT INTO CD_REF_TERM_ASSOC_TBL(CD_REF_TERM_ID, REF_TERM_ID, CD_ID, EFFT_VRSN_SEQ_ID, REL_TYP_ID) SELECT gen_uuid(), char_to_uuid('d922fc47-1c04-49df-95bd-eb13305c315b'), char_to_uuid('353f9255-765e-4336-8007-1d61ab09aad6'), VRSN_SEQ_ID, char_to_uuid('2c4dafc2-566a-41ae-9ebc-3097d7d22f4a') FROM CD_VRSN_TBL WHERE CD_ID = char_to_uuid('353f9255-765e-4336-8007-1d61ab09aad6') AND OBSLT_UTC IS NULL;--#!
INSERT INTO CD_REF_TERM_ASSOC_TBL(CD_REF_TERM_ID, REF_TERM_ID, CD_ID, EFFT_VRSN_SEQ_ID, REL_TYP_ID) SELECT gen_uuid(), char_to_uuid('d8fbaad0-effe-4fe6-a47b-30daa4b40ae4'), char_to_uuid('c3be013a-20c5-4c20-840c-d9dbb15d040e'), VRSN_SEQ_ID, char_to_uuid('2c4dafc2-566a-41ae-9ebc-3097d7d22f4a') FROM CD_VRSN_TBL WHERE CD_ID = char_to_uuid('c3be013a-20c5-4c20-840c-d9dbb15d040e') AND OBSLT_UTC IS NULL;--#!
INSERT INTO CD_REF_TERM_ASSOC_TBL(CD_REF_TERM_ID, REF_TERM_ID, CD_ID, EFFT_VRSN_SEQ_ID, REL_TYP_ID) SELECT gen_uuid(), char_to_uuid('3e852956-ae73-4712-8e2e-c69735297ac1'), char_to_uuid('727b3624-ea62-46bb-a68b-b9e49e302eca'), VRSN_SEQ_ID, char_to_uuid('2c4dafc2-566a-41ae-9ebc-3097d7d22f4a') FROM CD_VRSN_TBL WHERE CD_ID = char_to_uuid('727b3624-ea62-46bb-a68b-b9e49e302eca') AND OBSLT_UTC IS NULL;--#!
INSERT INTO CD_REF_TERM_ASSOC_TBL(CD_REF_TERM_ID, REF_TERM_ID, CD_ID, EFFT_VRSN_SEQ_ID, REL_TYP_ID) SELECT gen_uuid(), char_to_uuid('7230b7e1-153d-4739-b8e6-30c9dafb3514'), char_to_uuid('ac05185b-5a80-47a8-b924-060deb6d0eb2'), VRSN_SEQ_ID, char_to_uuid('2c4dafc2-566a-41ae-9ebc-3097d7d22f4a') FROM CD_VRSN_TBL WHERE CD_ID = char_to_uuid('ac05185b-5a80-47a8-b924-060deb6d0eb2') AND OBSLT_UTC IS NULL;--#!
INSERT INTO CD_REF_TERM_ASSOC_TBL(CD_REF_TERM_ID, REF_TERM_ID, CD_ID, EFFT_VRSN_SEQ_ID, REL_TYP_ID) SELECT gen_uuid(), char_to_uuid('fba3674d-1a75-42bf-ac4f-a1d8e4591482'), char_to_uuid('5d175f21-1963-4589-a400-b5ef5f64842c'), VRSN_SEQ_ID, char_to_uuid('2c4dafc2-566a-41ae-9ebc-3097d7d22f4a') FROM CD_VRSN_TBL WHERE CD_ID = char_to_uuid('5d175f21-1963-4589-a400-b5ef5f64842c') AND OBSLT_UTC IS NULL;--#!
INSERT INTO CD_REF_TERM_ASSOC_TBL(CD_REF_TERM_ID, REF_TERM_ID, CD_ID, EFFT_VRSN_SEQ_ID, REL_TYP_ID) SELECT gen_uuid(), char_to_uuid('4b40a86a-356f-483c-88d5-0eb6f5029930'), char_to_uuid('3c1225de-194e-49ce-a41a-0f9376b04c11'), VRSN_SEQ_ID, char_to_uuid('2c4dafc2-566a-41ae-9ebc-3097d7d22f4a') FROM CD_VRSN_TBL WHERE CD_ID = char_to_uuid('3c1225de-194e-49ce-a41a-0f9376b04c11') AND OBSLT_UTC IS NULL;--#!
INSERT INTO CD_REF_TERM_ASSOC_TBL(CD_REF_TERM_ID, REF_TERM_ID, CD_ID, EFFT_VRSN_SEQ_ID, REL_TYP_ID) SELECT gen_uuid(), char_to_uuid('fb4ec5be-1e2d-44aa-baa6-171dbec94fc3'), char_to_uuid('5b0fac74-5ac6-44e6-99a4-6813c0e2f4a9'), VRSN_SEQ_ID, char_to_uuid('2c4dafc2-566a-41ae-9ebc-3097d7d22f4a') FROM CD_VRSN_TBL WHERE CD_ID = char_to_uuid('5b0fac74-5ac6-44e6-99a4-6813c0e2f4a9') AND OBSLT_UTC IS NULL;--#!
INSERT INTO CD_REF_TERM_ASSOC_TBL(CD_REF_TERM_ID, REF_TERM_ID, CD_ID, EFFT_VRSN_SEQ_ID, REL_TYP_ID) SELECT gen_uuid(), char_to_uuid('1807ae4a-7d7e-4fb5-91d4-49e7841483f7'), char_to_uuid('fa5e70a4-a46e-4665-8a20-94d4d7b86fc8'), VRSN_SEQ_ID, char_to_uuid('2c4dafc2-566a-41ae-9ebc-3097d7d22f4a') FROM CD_VRSN_TBL WHERE CD_ID = char_to_uuid('fa5e70a4-a46e-4665-8a20-94d4d7b86fc8') AND OBSLT_UTC IS NULL;--#!
INSERT INTO CD_REF_TERM_ASSOC_TBL(CD_REF_TERM_ID, REF_TERM_ID, CD_ID, EFFT_VRSN_SEQ_ID, REL_TYP_ID) SELECT gen_uuid(), char_to_uuid('864e68b3-c143-4b87-b408-56a258289dec'), char_to_uuid('693f08fa-625a-40d2-b928-6856099c0349'), VRSN_SEQ_ID, char_to_uuid('2c4dafc2-566a-41ae-9ebc-3097d7d22f4a') FROM CD_VRSN_TBL WHERE CD_ID = char_to_uuid('693f08fa-625a-40d2-b928-6856099c0349') AND OBSLT_UTC IS NULL;--#!
INSERT INTO CD_REF_TERM_ASSOC_TBL(CD_REF_TERM_ID, REF_TERM_ID, CD_ID, EFFT_VRSN_SEQ_ID, REL_TYP_ID) SELECT gen_uuid(), char_to_uuid('ad0cc2e5-a1b0-4f00-8a06-933b1960d333'), char_to_uuid('79f6136c-1465-45e8-917e-e7832bc8e3b2'), VRSN_SEQ_ID, char_to_uuid('2c4dafc2-566a-41ae-9ebc-3097d7d22f4a') FROM CD_VRSN_TBL WHERE CD_ID = char_to_uuid('79f6136c-1465-45e8-917e-e7832bc8e3b2') AND OBSLT_UTC IS NULL;--#!
INSERT INTO CD_REF_TERM_ASSOC_TBL(CD_REF_TERM_ID, REF_TERM_ID, CD_ID, EFFT_VRSN_SEQ_ID, REL_TYP_ID) SELECT gen_uuid(), char_to_uuid('2a5db073-202e-4421-9207-60608da4c859'), char_to_uuid('4ff91e06-2e39-44e3-9fbe-0d828fe318fe'), VRSN_SEQ_ID, char_to_uuid('2c4dafc2-566a-41ae-9ebc-3097d7d22f4a') FROM CD_VRSN_TBL WHERE CD_ID = char_to_uuid('4ff91e06-2e39-44e3-9fbe-0d828fe318fe') AND OBSLT_UTC IS NULL;--#!
INSERT INTO CD_REF_TERM_ASSOC_TBL(CD_REF_TERM_ID, REF_TERM_ID, CD_ID, EFFT_VRSN_SEQ_ID, REL_TYP_ID) SELECT gen_uuid(), char_to_uuid('d33bc7f5-4a41-429c-befa-cdb79452095b'), char_to_uuid('64474c12-b978-4bb6-a584-46dadec2d952'), VRSN_SEQ_ID, char_to_uuid('2c4dafc2-566a-41ae-9ebc-3097d7d22f4a') FROM CD_VRSN_TBL WHERE CD_ID = char_to_uuid('64474c12-b978-4bb6-a584-46dadec2d952') AND OBSLT_UTC IS NULL;--#!
INSERT INTO CD_REF_TERM_ASSOC_TBL(CD_REF_TERM_ID, REF_TERM_ID, CD_ID, EFFT_VRSN_SEQ_ID, REL_TYP_ID) SELECT gen_uuid(), char_to_uuid('67c0ef65-3ff8-4af2-b8f1-6ea961b67906'), char_to_uuid('f9dc5787-dd4d-42c6-a082-ac7d11956fda'), VRSN_SEQ_ID, char_to_uuid('2c4dafc2-566a-41ae-9ebc-3097d7d22f4a') FROM CD_VRSN_TBL WHERE CD_ID = char_to_uuid('f9dc5787-dd4d-42c6-a082-ac7d11956fda') AND OBSLT_UTC IS NULL;--#!
INSERT INTO CD_REF_TERM_ASSOC_TBL(CD_REF_TERM_ID, REF_TERM_ID, CD_ID, EFFT_VRSN_SEQ_ID, REL_TYP_ID) SELECT gen_uuid(), char_to_uuid('f42287f1-c8a6-4586-a463-548e0e3ac3cc'), char_to_uuid('1b2dbf82-a503-4cf4-9ecb-a8e111b4674e'), VRSN_SEQ_ID, char_to_uuid('2c4dafc2-566a-41ae-9ebc-3097d7d22f4a') FROM CD_VRSN_TBL WHERE CD_ID = char_to_uuid('1b2dbf82-a503-4cf4-9ecb-a8e111b4674e') AND OBSLT_UTC IS NULL;--#!
INSERT INTO CD_REF_TERM_ASSOC_TBL(CD_REF_TERM_ID, REF_TERM_ID, CD_ID, EFFT_VRSN_SEQ_ID, REL_TYP_ID) SELECT gen_uuid(), char_to_uuid('ca2e5a2d-4c67-4249-a95a-db8c8be67523'), char_to_uuid('0716a333-cd46-439d-bfd6-bf788f3885fa'), VRSN_SEQ_ID, char_to_uuid('2c4dafc2-566a-41ae-9ebc-3097d7d22f4a') FROM CD_VRSN_TBL WHERE CD_ID = char_to_uuid('0716a333-cd46-439d-bfd6-bf788f3885fa') AND OBSLT_UTC IS NULL;--#!
INSERT INTO CD_REF_TERM_ASSOC_TBL(CD_REF_TERM_ID, REF_TERM_ID, CD_ID, EFFT_VRSN_SEQ_ID, REL_TYP_ID) SELECT gen_uuid(), char_to_uuid('e643f60a-8967-47d8-894e-44b231dbee8e'), char_to_uuid('8e087135-8c6f-4214-bdd2-448387d3f24c'), VRSN_SEQ_ID, char_to_uuid('2c4dafc2-566a-41ae-9ebc-3097d7d22f4a') FROM CD_VRSN_TBL WHERE CD_ID = char_to_uuid('8e087135-8c6f-4214-bdd2-448387d3f24c') AND OBSLT_UTC IS NULL;--#!
INSERT INTO CD_REF_TERM_ASSOC_TBL(CD_REF_TERM_ID, REF_TERM_ID, CD_ID, EFFT_VRSN_SEQ_ID, REL_TYP_ID) SELECT gen_uuid(), char_to_uuid('3d772089-587a-4c93-b7ee-aa43c4fc0985'), char_to_uuid('ced7cc70-12bc-45bb-ac46-ddf41141e64b'), VRSN_SEQ_ID, char_to_uuid('2c4dafc2-566a-41ae-9ebc-3097d7d22f4a') FROM CD_VRSN_TBL WHERE CD_ID = char_to_uuid('ced7cc70-12bc-45bb-ac46-ddf41141e64b') AND OBSLT_UTC IS NULL;--#!
INSERT INTO CD_REF_TERM_ASSOC_TBL(CD_REF_TERM_ID, REF_TERM_ID, CD_ID, EFFT_VRSN_SEQ_ID, REL_TYP_ID) SELECT gen_uuid(), char_to_uuid('86379a68-fd81-4567-b2cd-8b57d4035c03'), char_to_uuid('6af35d6e-557c-4034-9518-e87bc6cff808'), VRSN_SEQ_ID, char_to_uuid('2c4dafc2-566a-41ae-9ebc-3097d7d22f4a') FROM CD_VRSN_TBL WHERE CD_ID = char_to_uuid('6af35d6e-557c-4034-9518-e87bc6cff808') AND OBSLT_UTC IS NULL;--#!
INSERT INTO CD_REF_TERM_ASSOC_TBL(CD_REF_TERM_ID, REF_TERM_ID, CD_ID, EFFT_VRSN_SEQ_ID, REL_TYP_ID) SELECT gen_uuid(), char_to_uuid('1318f9be-9571-464c-8eb7-96177b4e7fb9'), char_to_uuid('fdda3bd9-a3ee-479c-9b2d-89ba49f09b85'), VRSN_SEQ_ID, char_to_uuid('2c4dafc2-566a-41ae-9ebc-3097d7d22f4a') FROM CD_VRSN_TBL WHERE CD_ID = char_to_uuid('fdda3bd9-a3ee-479c-9b2d-89ba49f09b85') AND OBSLT_UTC IS NULL;--#!
INSERT INTO CD_REF_TERM_ASSOC_TBL(CD_REF_TERM_ID, REF_TERM_ID, CD_ID, EFFT_VRSN_SEQ_ID, REL_TYP_ID) SELECT gen_uuid(), char_to_uuid('8b3b575a-eba2-454b-a087-805f5083b048'), char_to_uuid('A87A6D21-2CA6-4AEA-88F3-6135CCEB58D1'), VRSN_SEQ_ID, char_to_uuid('2c4dafc2-566a-41ae-9ebc-3097d7d22f4a') FROM CD_VRSN_TBL WHERE CD_ID = char_to_uuid('A87A6D21-2CA6-4AEA-88F3-6135CCEB58D1') AND OBSLT_UTC IS NULL;--#!
INSERT INTO CD_REF_TERM_ASSOC_TBL(CD_REF_TERM_ID, REF_TERM_ID, CD_ID, EFFT_VRSN_SEQ_ID, REL_TYP_ID) SELECT gen_uuid(), char_to_uuid('8936fd76-58bd-42e8-9bf2-21fe275531b8'), char_to_uuid('3682b98d-4b14-4e2b-92f5-aa7abf522e28'), VRSN_SEQ_ID, char_to_uuid('2c4dafc2-566a-41ae-9ebc-3097d7d22f4a') FROM CD_VRSN_TBL WHERE CD_ID = char_to_uuid('3682b98d-4b14-4e2b-92f5-aa7abf522e28') AND OBSLT_UTC IS NULL;--#!
INSERT INTO CD_REF_TERM_ASSOC_TBL(CD_REF_TERM_ID, REF_TERM_ID, CD_ID, EFFT_VRSN_SEQ_ID, REL_TYP_ID) SELECT gen_uuid(), char_to_uuid('e2c9f647-eb48-4270-a7b8-77c1ae858bb0'), char_to_uuid('8de7b5e7-c941-42bd-b735-52d750efc5e6'), VRSN_SEQ_ID, char_to_uuid('2c4dafc2-566a-41ae-9ebc-3097d7d22f4a') FROM CD_VRSN_TBL WHERE CD_ID = char_to_uuid('8de7b5e7-c941-42bd-b735-52d750efc5e6') AND OBSLT_UTC IS NULL;--#!
INSERT INTO CD_REF_TERM_ASSOC_TBL(CD_REF_TERM_ID, REF_TERM_ID, CD_ID, EFFT_VRSN_SEQ_ID, REL_TYP_ID) SELECT gen_uuid(), char_to_uuid('1ecadba0-3665-414c-8566-54e5ea9de11c'), char_to_uuid('867fd445-d490-4619-804e-75c04b8a0e57'), VRSN_SEQ_ID, char_to_uuid('2c4dafc2-566a-41ae-9ebc-3097d7d22f4a') FROM CD_VRSN_TBL WHERE CD_ID = char_to_uuid('867fd445-d490-4619-804e-75c04b8a0e57') AND OBSLT_UTC IS NULL;--#!
INSERT INTO CD_REF_TERM_ASSOC_TBL(CD_REF_TERM_ID, REF_TERM_ID, CD_ID, EFFT_VRSN_SEQ_ID, REL_TYP_ID) SELECT gen_uuid(), char_to_uuid('8b3b575a-eba2-454b-a087-805f5083b048'), char_to_uuid('77b7a04b-c065-4faf-8ec0-2cdad4ae372b'), VRSN_SEQ_ID, char_to_uuid('2c4dafc2-566a-41ae-9ebc-3097d7d22f4a') FROM CD_VRSN_TBL WHERE CD_ID = char_to_uuid('77b7a04b-c065-4faf-8ec0-2cdad4ae372b') AND OBSLT_UTC IS NULL;--#!
INSERT INTO CD_REF_TERM_ASSOC_TBL(CD_REF_TERM_ID, REF_TERM_ID, CD_ID, EFFT_VRSN_SEQ_ID, REL_TYP_ID) SELECT gen_uuid(), char_to_uuid('9a6b3c58-e387-4d87-bc10-545eae914484'), char_to_uuid('33bd1401-dfdb-40e7-a914-0a695ad5186e'), VRSN_SEQ_ID, char_to_uuid('2c4dafc2-566a-41ae-9ebc-3097d7d22f4a') FROM CD_VRSN_TBL WHERE CD_ID = char_to_uuid('33bd1401-dfdb-40e7-a914-0a695ad5186e') AND OBSLT_UTC IS NULL;--#!
INSERT INTO CD_REF_TERM_ASSOC_TBL(CD_REF_TERM_ID, REF_TERM_ID, CD_ID, EFFT_VRSN_SEQ_ID, REL_TYP_ID) SELECT gen_uuid(), char_to_uuid('c57da98d-d22a-449b-b0fa-315e52676275'), char_to_uuid('757f98df-14e0-446a-bd50-bb0affb34f09'), VRSN_SEQ_ID, char_to_uuid('2c4dafc2-566a-41ae-9ebc-3097d7d22f4a') FROM CD_VRSN_TBL WHERE CD_ID = char_to_uuid('757f98df-14e0-446a-bd50-bb0affb34f09') AND OBSLT_UTC IS NULL;--#!
INSERT INTO CD_REF_TERM_ASSOC_TBL(CD_REF_TERM_ID, REF_TERM_ID, CD_ID, EFFT_VRSN_SEQ_ID, REL_TYP_ID) SELECT gen_uuid(), char_to_uuid('8936fd76-58bd-42e8-9bf2-21fe275531b8'), char_to_uuid('b1d2148d-bb35-4337-8fe6-021f5a3ac8a3'), VRSN_SEQ_ID, char_to_uuid('2c4dafc2-566a-41ae-9ebc-3097d7d22f4a') FROM CD_VRSN_TBL WHERE CD_ID = char_to_uuid('b1d2148d-bb35-4337-8fe6-021f5a3ac8a3') AND OBSLT_UTC IS NULL;--#!
INSERT INTO CD_REF_TERM_ASSOC_TBL(CD_REF_TERM_ID, REF_TERM_ID, CD_ID, EFFT_VRSN_SEQ_ID, REL_TYP_ID) SELECT gen_uuid(), char_to_uuid('3f8b819a-5920-4315-a8dd-d6ae323999ac'), char_to_uuid('25985F42-476A-4455-A977-4E97A554D710'), VRSN_SEQ_ID, char_to_uuid('2c4dafc2-566a-41ae-9ebc-3097d7d22f4a') FROM CD_VRSN_TBL WHERE CD_ID = char_to_uuid('25985F42-476A-4455-A977-4E97A554D710') AND OBSLT_UTC IS NULL;--#!
INSERT INTO CD_REF_TERM_ASSOC_TBL(CD_REF_TERM_ID, REF_TERM_ID, CD_ID, EFFT_VRSN_SEQ_ID, REL_TYP_ID) SELECT gen_uuid(), char_to_uuid('f0d2e84a-e637-490c-9ed7-d65d411d7c86'), char_to_uuid('1ee4e74f-542d-4544-96f6-266a6247f274'), VRSN_SEQ_ID, char_to_uuid('2c4dafc2-566a-41ae-9ebc-3097d7d22f4a') FROM CD_VRSN_TBL WHERE CD_ID = char_to_uuid('1ee4e74f-542d-4544-96f6-266a6247f274') AND OBSLT_UTC IS NULL;--#!
INSERT INTO CD_REF_TERM_ASSOC_TBL(CD_REF_TERM_ID, REF_TERM_ID, CD_ID, EFFT_VRSN_SEQ_ID, REL_TYP_ID) SELECT gen_uuid(), char_to_uuid('fa067e46-55b3-4b1e-909e-a8464dc77c64'), char_to_uuid('3b8e2334-4ccc-4f24-8aae-37341ea03d3e'), VRSN_SEQ_ID, char_to_uuid('2c4dafc2-566a-41ae-9ebc-3097d7d22f4a') FROM CD_VRSN_TBL WHERE CD_ID = char_to_uuid('3b8e2334-4ccc-4f24-8aae-37341ea03d3e') AND OBSLT_UTC IS NULL;--#!
INSERT INTO CD_REF_TERM_ASSOC_TBL(CD_REF_TERM_ID, REF_TERM_ID, CD_ID, EFFT_VRSN_SEQ_ID, REL_TYP_ID) SELECT gen_uuid(), char_to_uuid('110695e0-f60a-4327-9ecd-e2462abaae67'), char_to_uuid('35b13152-e43c-4bcb-8649-a9e83bee33a2'), VRSN_SEQ_ID, char_to_uuid('2c4dafc2-566a-41ae-9ebc-3097d7d22f4a') FROM CD_VRSN_TBL WHERE CD_ID = char_to_uuid('35b13152-e43c-4bcb-8649-a9e83bee33a2') AND OBSLT_UTC IS NULL;--#!
INSERT INTO CD_REF_TERM_ASSOC_TBL(CD_REF_TERM_ID, REF_TERM_ID, CD_ID, EFFT_VRSN_SEQ_ID, REL_TYP_ID) SELECT gen_uuid(), char_to_uuid('6ca03348-fb5f-42ba-a6cf-d453b36fcc94'), char_to_uuid('d4844672-c0d7-434c-8377-6dd0655b0532'), VRSN_SEQ_ID, char_to_uuid('2c4dafc2-566a-41ae-9ebc-3097d7d22f4a') FROM CD_VRSN_TBL WHERE CD_ID = char_to_uuid('d4844672-c0d7-434c-8377-6dd0655b0532') AND OBSLT_UTC IS NULL;--#!
INSERT INTO CD_REF_TERM_ASSOC_TBL(CD_REF_TERM_ID, REF_TERM_ID, CD_ID, EFFT_VRSN_SEQ_ID, REL_TYP_ID) SELECT gen_uuid(), char_to_uuid('e0ff836c-ebee-4c08-9baf-fda73e900f4e'), char_to_uuid('9d256279-f1ac-46b3-a974-dd13e2ad4f72'), VRSN_SEQ_ID, char_to_uuid('2c4dafc2-566a-41ae-9ebc-3097d7d22f4a') FROM CD_VRSN_TBL WHERE CD_ID = char_to_uuid('9d256279-f1ac-46b3-a974-dd13e2ad4f72') AND OBSLT_UTC IS NULL;--#!
INSERT INTO CD_REF_TERM_ASSOC_TBL(CD_REF_TERM_ID, REF_TERM_ID, CD_ID, EFFT_VRSN_SEQ_ID, REL_TYP_ID) SELECT gen_uuid(), char_to_uuid('fca0dda5-f132-4b2a-8b05-1feca58272c9'), char_to_uuid('3d907f37-085c-4c26-b59b-62e40621dafd'), VRSN_SEQ_ID, char_to_uuid('2c4dafc2-566a-41ae-9ebc-3097d7d22f4a') FROM CD_VRSN_TBL WHERE CD_ID = char_to_uuid('3d907f37-085c-4c26-b59b-62e40621dafd') AND OBSLT_UTC IS NULL;--#!
INSERT INTO CD_REF_TERM_ASSOC_TBL(CD_REF_TERM_ID, REF_TERM_ID, CD_ID, EFFT_VRSN_SEQ_ID, REL_TYP_ID) SELECT gen_uuid(), char_to_uuid('0a4e2112-0d7e-40a0-8b77-b3b5dfac6c87'), char_to_uuid('f28ed78f-85ab-47a1-ba08-b5051e62d6c3'), VRSN_SEQ_ID, char_to_uuid('2c4dafc2-566a-41ae-9ebc-3097d7d22f4a') FROM CD_VRSN_TBL WHERE CD_ID = char_to_uuid('f28ed78f-85ab-47a1-ba08-b5051e62d6c3') AND OBSLT_UTC IS NULL;--#!
INSERT INTO CD_REF_TERM_ASSOC_TBL(CD_REF_TERM_ID, REF_TERM_ID, CD_ID, EFFT_VRSN_SEQ_ID, REL_TYP_ID) SELECT gen_uuid(), char_to_uuid('342d57bc-87df-475d-85e3-04690e9901a0'), char_to_uuid('47049b0f-f189-4e19-9aa8-7c38adb2491a'), VRSN_SEQ_ID, char_to_uuid('2c4dafc2-566a-41ae-9ebc-3097d7d22f4a') FROM CD_VRSN_TBL WHERE CD_ID = char_to_uuid('47049b0f-f189-4e19-9aa8-7c38adb2491a') AND OBSLT_UTC IS NULL;--#!
INSERT INTO CD_REF_TERM_ASSOC_TBL(CD_REF_TERM_ID, REF_TERM_ID, CD_ID, EFFT_VRSN_SEQ_ID, REL_TYP_ID) SELECT gen_uuid(), char_to_uuid('662aa4be-a671-43ab-86fb-9ec88d87b07f'), char_to_uuid('f31a2a5b-ce13-47e1-a0fb-d704f31547db'), VRSN_SEQ_ID, char_to_uuid('2c4dafc2-566a-41ae-9ebc-3097d7d22f4a') FROM CD_VRSN_TBL WHERE CD_ID = char_to_uuid('f31a2a5b-ce13-47e1-a0fb-d704f31547db') AND OBSLT_UTC IS NULL;--#!
INSERT INTO CD_REF_TERM_ASSOC_TBL(CD_REF_TERM_ID, REF_TERM_ID, CD_ID, EFFT_VRSN_SEQ_ID, REL_TYP_ID) SELECT gen_uuid(), char_to_uuid('8bed4875-70f5-4301-b65e-55bb54ea6b93'), char_to_uuid('cbe2a00c-e1d5-44e9-aae3-d7d03e3c2efa'), VRSN_SEQ_ID, char_to_uuid('2c4dafc2-566a-41ae-9ebc-3097d7d22f4a') FROM CD_VRSN_TBL WHERE CD_ID = char_to_uuid('cbe2a00c-e1d5-44e9-aae3-d7d03e3c2efa') AND OBSLT_UTC IS NULL;--#!
INSERT INTO CD_REF_TERM_ASSOC_TBL(CD_REF_TERM_ID, REF_TERM_ID, CD_ID, EFFT_VRSN_SEQ_ID, REL_TYP_ID) SELECT gen_uuid(), char_to_uuid('90ef33da-42bf-402a-803c-5d8d366fe3a7'), char_to_uuid('43ad7bc0-2ed8-4b27-97e5-b3db00a07d17'), VRSN_SEQ_ID, char_to_uuid('2c4dafc2-566a-41ae-9ebc-3097d7d22f4a') FROM CD_VRSN_TBL WHERE CD_ID = char_to_uuid('43ad7bc0-2ed8-4b27-97e5-b3db00a07d17') AND OBSLT_UTC IS NULL;--#!
INSERT INTO CD_REF_TERM_ASSOC_TBL(CD_REF_TERM_ID, REF_TERM_ID, CD_ID, EFFT_VRSN_SEQ_ID, REL_TYP_ID) SELECT gen_uuid(), char_to_uuid('c1f895d2-ef88-42cc-91c5-4ab2c80e0700'), char_to_uuid('66c96ae6-c5c4-4d66-9bd0-a00c56e831da'), VRSN_SEQ_ID, char_to_uuid('2c4dafc2-566a-41ae-9ebc-3097d7d22f4a') FROM CD_VRSN_TBL WHERE CD_ID = char_to_uuid('66c96ae6-c5c4-4d66-9bd0-a00c56e831da') AND OBSLT_UTC IS NULL;--#!
INSERT INTO CD_REF_TERM_ASSOC_TBL(CD_REF_TERM_ID, REF_TERM_ID, CD_ID, EFFT_VRSN_SEQ_ID, REL_TYP_ID) SELECT gen_uuid(), char_to_uuid('ee215548-b8c6-4b63-b47b-da29c4e23b5e'), char_to_uuid('b43c9513-1c1c-4ed0-92db-55a904c122e6'), VRSN_SEQ_ID, char_to_uuid('2c4dafc2-566a-41ae-9ebc-3097d7d22f4a') FROM CD_VRSN_TBL WHERE CD_ID = char_to_uuid('b43c9513-1c1c-4ed0-92db-55a904c122e6') AND OBSLT_UTC IS NULL;--#!
INSERT INTO CD_REF_TERM_ASSOC_TBL(CD_REF_TERM_ID, REF_TERM_ID, CD_ID, EFFT_VRSN_SEQ_ID, REL_TYP_ID) SELECT gen_uuid(), char_to_uuid('eb49a695-72b7-4a36-a64a-9a2560068f14'), char_to_uuid('1bcfb08d-c6fa-41dd-98bf-06336a33a3b7'), VRSN_SEQ_ID, char_to_uuid('2c4dafc2-566a-41ae-9ebc-3097d7d22f4a') FROM CD_VRSN_TBL WHERE CD_ID = char_to_uuid('1bcfb08d-c6fa-41dd-98bf-06336a33a3b7') AND OBSLT_UTC IS NULL;--#!
INSERT INTO CD_REF_TERM_ASSOC_TBL(CD_REF_TERM_ID, REF_TERM_ID, CD_ID, EFFT_VRSN_SEQ_ID, REL_TYP_ID) SELECT gen_uuid(), char_to_uuid('ccc12c7d-9f2b-450e-a29b-441c6262b1a2'), char_to_uuid('f5b10c57-3ae1-41ea-8649-1cf8d9848ae1'), VRSN_SEQ_ID, char_to_uuid('2c4dafc2-566a-41ae-9ebc-3097d7d22f4a') FROM CD_VRSN_TBL WHERE CD_ID = char_to_uuid('f5b10c57-3ae1-41ea-8649-1cf8d9848ae1') AND OBSLT_UTC IS NULL;--#!
INSERT INTO CD_REF_TERM_ASSOC_TBL(CD_REF_TERM_ID, REF_TERM_ID, CD_ID, EFFT_VRSN_SEQ_ID, REL_TYP_ID) SELECT gen_uuid(), char_to_uuid('d39e3305-f1b5-4340-a611-3a50423d3fe0'), char_to_uuid('0c522bd1-dfa2-43cb-a98e-f6ff137968ae'), VRSN_SEQ_ID, char_to_uuid('2c4dafc2-566a-41ae-9ebc-3097d7d22f4a') FROM CD_VRSN_TBL WHERE CD_ID = char_to_uuid('0c522bd1-dfa2-43cb-a98e-f6ff137968ae') AND OBSLT_UTC IS NULL;--#!
INSERT INTO CD_REF_TERM_ASSOC_TBL(CD_REF_TERM_ID, REF_TERM_ID, CD_ID, EFFT_VRSN_SEQ_ID, REL_TYP_ID) SELECT gen_uuid(), char_to_uuid('ccfbf201-de03-40ee-8739-4f0f32b2b7c1'), char_to_uuid('d7ad48c0-889d-41e2-99e9-be5e6c5327b2'), VRSN_SEQ_ID, char_to_uuid('2c4dafc2-566a-41ae-9ebc-3097d7d22f4a') FROM CD_VRSN_TBL WHERE CD_ID = char_to_uuid('d7ad48c0-889d-41e2-99e9-be5e6c5327b2') AND OBSLT_UTC IS NULL;--#!
INSERT INTO CD_REF_TERM_ASSOC_TBL(CD_REF_TERM_ID, REF_TERM_ID, CD_ID, EFFT_VRSN_SEQ_ID, REL_TYP_ID) SELECT gen_uuid(), char_to_uuid('2ec3092d-0090-421e-b01f-37fea0805f7e'), char_to_uuid('ef597ffe-d965-4398-b55a-650530ebb997'), VRSN_SEQ_ID, char_to_uuid('2c4dafc2-566a-41ae-9ebc-3097d7d22f4a') FROM CD_VRSN_TBL WHERE CD_ID = char_to_uuid('ef597ffe-d965-4398-b55a-650530ebb997') AND OBSLT_UTC IS NULL;--#!
INSERT INTO CD_REF_TERM_ASSOC_TBL(CD_REF_TERM_ID, REF_TERM_ID, CD_ID, EFFT_VRSN_SEQ_ID, REL_TYP_ID) SELECT gen_uuid(), char_to_uuid('14b79963-aff8-46a8-98f3-065bd572b4d2'), char_to_uuid('b9fe057e-7f57-42eb-89d7-67c69646c0c4'), VRSN_SEQ_ID, char_to_uuid('2c4dafc2-566a-41ae-9ebc-3097d7d22f4a') FROM CD_VRSN_TBL WHERE CD_ID = char_to_uuid('b9fe057e-7f57-42eb-89d7-67c69646c0c4') AND OBSLT_UTC IS NULL;--#!
INSERT INTO CD_REF_TERM_ASSOC_TBL(CD_REF_TERM_ID, REF_TERM_ID, CD_ID, EFFT_VRSN_SEQ_ID, REL_TYP_ID) SELECT gen_uuid(), char_to_uuid('38f6b214-ed35-4233-a262-71dd30e4a826'), char_to_uuid('f1ef6c46-05eb-4482-baeb-eaf0a8e5ffef'), VRSN_SEQ_ID, char_to_uuid('2c4dafc2-566a-41ae-9ebc-3097d7d22f4a') FROM CD_VRSN_TBL WHERE CD_ID = char_to_uuid('f1ef6c46-05eb-4482-baeb-eaf0a8e5ffef') AND OBSLT_UTC IS NULL;--#!
INSERT INTO CD_REF_TERM_ASSOC_TBL(CD_REF_TERM_ID, REF_TERM_ID, CD_ID, EFFT_VRSN_SEQ_ID, REL_TYP_ID) SELECT gen_uuid(), char_to_uuid('6d4886c2-86a8-40b6-ac0a-46aeead4d060'), char_to_uuid('6b04fed8-c164-469c-910b-f824c2bda4f0'), VRSN_SEQ_ID, char_to_uuid('2c4dafc2-566a-41ae-9ebc-3097d7d22f4a') FROM CD_VRSN_TBL WHERE CD_ID = char_to_uuid('6b04fed8-c164-469c-910b-f824c2bda4f0') AND OBSLT_UTC IS NULL;--#!
INSERT INTO CD_REF_TERM_ASSOC_TBL(CD_REF_TERM_ID, REF_TERM_ID, CD_ID, EFFT_VRSN_SEQ_ID, REL_TYP_ID) SELECT gen_uuid(), char_to_uuid('266cdd72-5657-44f8-8109-432a43e368f4'), char_to_uuid('bacd9c6f-3fa9-481e-9636-37457962804d'), VRSN_SEQ_ID, char_to_uuid('2c4dafc2-566a-41ae-9ebc-3097d7d22f4a') FROM CD_VRSN_TBL WHERE CD_ID = char_to_uuid('bacd9c6f-3fa9-481e-9636-37457962804d') AND OBSLT_UTC IS NULL;--#!
INSERT INTO CD_REF_TERM_ASSOC_TBL(CD_REF_TERM_ID, REF_TERM_ID, CD_ID, EFFT_VRSN_SEQ_ID, REL_TYP_ID) SELECT gen_uuid(), char_to_uuid('85788bcc-c03c-4a29-8847-954f0c5988f2'), char_to_uuid('734551e1-2960-4a68-93a2-b277db072a43'), VRSN_SEQ_ID, char_to_uuid('2c4dafc2-566a-41ae-9ebc-3097d7d22f4a') FROM CD_VRSN_TBL WHERE CD_ID = char_to_uuid('734551e1-2960-4a68-93a2-b277db072a43') AND OBSLT_UTC IS NULL;--#!
INSERT INTO CD_REF_TERM_ASSOC_TBL(CD_REF_TERM_ID, REF_TERM_ID, CD_ID, EFFT_VRSN_SEQ_ID, REL_TYP_ID) SELECT gen_uuid(), char_to_uuid('0a37a1c5-0265-4579-a252-b040601905c0'), char_to_uuid('07c922d2-12c9-415a-95d4-9b3fed4959d6'), VRSN_SEQ_ID, char_to_uuid('2c4dafc2-566a-41ae-9ebc-3097d7d22f4a') FROM CD_VRSN_TBL WHERE CD_ID = char_to_uuid('07c922d2-12c9-415a-95d4-9b3fed4959d6') AND OBSLT_UTC IS NULL;--#!
INSERT INTO CD_REF_TERM_ASSOC_TBL(CD_REF_TERM_ID, REF_TERM_ID, CD_ID, EFFT_VRSN_SEQ_ID, REL_TYP_ID) SELECT gen_uuid(), char_to_uuid('9299a99f-f92d-4af8-aac9-f1f14868a31a'), char_to_uuid('cec017ef-4e49-41af-8596-abad1a91c9d0'), VRSN_SEQ_ID, char_to_uuid('2c4dafc2-566a-41ae-9ebc-3097d7d22f4a') FROM CD_VRSN_TBL WHERE CD_ID = char_to_uuid('cec017ef-4e49-41af-8596-abad1a91c9d0') AND OBSLT_UTC IS NULL;--#!
INSERT INTO CD_REF_TERM_ASSOC_TBL(CD_REF_TERM_ID, REF_TERM_ID, CD_ID, EFFT_VRSN_SEQ_ID, REL_TYP_ID) SELECT gen_uuid(), char_to_uuid('4fd0f42e-45ae-49b9-bf0e-b8f1817aaac4'), char_to_uuid('6521dd09-334b-4fbf-9c89-1ad5a804326c'), VRSN_SEQ_ID, char_to_uuid('2c4dafc2-566a-41ae-9ebc-3097d7d22f4a') FROM CD_VRSN_TBL WHERE CD_ID = char_to_uuid('6521dd09-334b-4fbf-9c89-1ad5a804326c') AND OBSLT_UTC IS NULL;--#!
INSERT INTO CD_REF_TERM_ASSOC_TBL(CD_REF_TERM_ID, REF_TERM_ID, CD_ID, EFFT_VRSN_SEQ_ID, REL_TYP_ID) SELECT gen_uuid(), char_to_uuid('0daf6c3e-5801-45d3-8792-eb8b1d172889'), char_to_uuid('8ff9d9a5-a206-4566-82cd-67b770d7ce8a'), VRSN_SEQ_ID, char_to_uuid('2c4dafc2-566a-41ae-9ebc-3097d7d22f4a') FROM CD_VRSN_TBL WHERE CD_ID = char_to_uuid('8ff9d9a5-a206-4566-82cd-67b770d7ce8a') AND OBSLT_UTC IS NULL;--#!
INSERT INTO CD_REF_TERM_ASSOC_TBL(CD_REF_TERM_ID, REF_TERM_ID, CD_ID, EFFT_VRSN_SEQ_ID, REL_TYP_ID) SELECT gen_uuid(), char_to_uuid('fb832e06-e0fc-482c-a063-bc238f20802d'), char_to_uuid('0c157566-d1e9-4976-8542-473caa9ba2a4'), VRSN_SEQ_ID, char_to_uuid('2c4dafc2-566a-41ae-9ebc-3097d7d22f4a') FROM CD_VRSN_TBL WHERE CD_ID = char_to_uuid('0c157566-d1e9-4976-8542-473caa9ba2a4') AND OBSLT_UTC IS NULL;--#!
INSERT INTO CD_REF_TERM_ASSOC_TBL(CD_REF_TERM_ID, REF_TERM_ID, CD_ID, EFFT_VRSN_SEQ_ID, REL_TYP_ID) SELECT gen_uuid(), char_to_uuid('284d75fc-7779-439f-8d7a-27a2537d688f'), char_to_uuid('a8fcd83f-808b-494b-8a1c-ec2c6dbc3dfa'), VRSN_SEQ_ID, char_to_uuid('2c4dafc2-566a-41ae-9ebc-3097d7d22f4a') FROM CD_VRSN_TBL WHERE CD_ID = char_to_uuid('a8fcd83f-808b-494b-8a1c-ec2c6dbc3dfa') AND OBSLT_UTC IS NULL;--#!
INSERT INTO CD_REF_TERM_ASSOC_TBL(CD_REF_TERM_ID, REF_TERM_ID, CD_ID, EFFT_VRSN_SEQ_ID, REL_TYP_ID) SELECT gen_uuid(), char_to_uuid('b30eb677-1dd2-4dd4-8d93-03104c814c44'), char_to_uuid('ddc1b705-c768-4c7a-8f69-76ad4b167b40'), VRSN_SEQ_ID, char_to_uuid('2c4dafc2-566a-41ae-9ebc-3097d7d22f4a') FROM CD_VRSN_TBL WHERE CD_ID = char_to_uuid('ddc1b705-c768-4c7a-8f69-76ad4b167b40') AND OBSLT_UTC IS NULL;--#!
INSERT INTO CD_REF_TERM_ASSOC_TBL(CD_REF_TERM_ID, REF_TERM_ID, CD_ID, EFFT_VRSN_SEQ_ID, REL_TYP_ID) SELECT gen_uuid(), char_to_uuid('ba25f207-2539-4758-826f-94e18cd982ad'), char_to_uuid('b52c7e95-88b8-4c4c-836a-934277afdb92'), VRSN_SEQ_ID, char_to_uuid('2c4dafc2-566a-41ae-9ebc-3097d7d22f4a') FROM CD_VRSN_TBL WHERE CD_ID = char_to_uuid('b52c7e95-88b8-4c4c-836a-934277afdb92') AND OBSLT_UTC IS NULL;--#!
INSERT INTO CD_REF_TERM_ASSOC_TBL(CD_REF_TERM_ID, REF_TERM_ID, CD_ID, EFFT_VRSN_SEQ_ID, REL_TYP_ID) SELECT gen_uuid(), char_to_uuid('5ad438fb-96ea-49b6-8c2b-e4f8b19ae895'), char_to_uuid('f3ef7e48-d8b7-4030-b431-aff7e0e1cb76'), VRSN_SEQ_ID, char_to_uuid('2c4dafc2-566a-41ae-9ebc-3097d7d22f4a') FROM CD_VRSN_TBL WHERE CD_ID = char_to_uuid('f3ef7e48-d8b7-4030-b431-aff7e0e1cb76') AND OBSLT_UTC IS NULL;--#!
INSERT INTO CD_REF_TERM_ASSOC_TBL(CD_REF_TERM_ID, REF_TERM_ID, CD_ID, EFFT_VRSN_SEQ_ID, REL_TYP_ID) SELECT gen_uuid(), char_to_uuid('9ef1cd8c-1c7c-41f3-8f91-36bde9313507'), char_to_uuid('31b0dfcb-d7ba-452a-98b9-45ebccd30732'), VRSN_SEQ_ID, char_to_uuid('2c4dafc2-566a-41ae-9ebc-3097d7d22f4a') FROM CD_VRSN_TBL WHERE CD_ID = char_to_uuid('31b0dfcb-d7ba-452a-98b9-45ebccd30732') AND OBSLT_UTC IS NULL;--#!
INSERT INTO CD_REF_TERM_ASSOC_TBL(CD_REF_TERM_ID, REF_TERM_ID, CD_ID, EFFT_VRSN_SEQ_ID, REL_TYP_ID) SELECT gen_uuid(), char_to_uuid('7a02741e-a1cd-4a78-8e2c-d77be33ba8f0'), char_to_uuid('9bbe0cfe-faab-4dc9-a28f-c001e3e95e6e'), VRSN_SEQ_ID, char_to_uuid('2c4dafc2-566a-41ae-9ebc-3097d7d22f4a') FROM CD_VRSN_TBL WHERE CD_ID = char_to_uuid('9bbe0cfe-faab-4dc9-a28f-c001e3e95e6e') AND OBSLT_UTC IS NULL;--#!
INSERT INTO CD_REF_TERM_ASSOC_TBL(CD_REF_TERM_ID, REF_TERM_ID, CD_ID, EFFT_VRSN_SEQ_ID, REL_TYP_ID) SELECT gen_uuid(), char_to_uuid('4be4ad81-0ac1-478b-b6d4-bcfb9ab822c0'), char_to_uuid('f5547ada-1eb9-40bb-b163-081567d869e7'), VRSN_SEQ_ID, char_to_uuid('2c4dafc2-566a-41ae-9ebc-3097d7d22f4a') FROM CD_VRSN_TBL WHERE CD_ID = char_to_uuid('f5547ada-1eb9-40bb-b163-081567d869e7') AND OBSLT_UTC IS NULL;--#!
INSERT INTO CD_REF_TERM_ASSOC_TBL(CD_REF_TERM_ID, REF_TERM_ID, CD_ID, EFFT_VRSN_SEQ_ID, REL_TYP_ID) SELECT gen_uuid(), char_to_uuid('c1787d5e-f168-48bf-9589-894b7813aa07'), char_to_uuid('703df8f4-b124-44c5-9506-1ab74ddfd91d'), VRSN_SEQ_ID, char_to_uuid('2c4dafc2-566a-41ae-9ebc-3097d7d22f4a') FROM CD_VRSN_TBL WHERE CD_ID = char_to_uuid('703df8f4-b124-44c5-9506-1ab74ddfd91d') AND OBSLT_UTC IS NULL;--#!
INSERT INTO CD_REF_TERM_ASSOC_TBL(CD_REF_TERM_ID, REF_TERM_ID, CD_ID, EFFT_VRSN_SEQ_ID, REL_TYP_ID) SELECT gen_uuid(), char_to_uuid('bbaacea3-9283-4d90-9f2c-6a6f32976858'), char_to_uuid('ab39087c-17d3-421a-a1e3-2de4e0ab9faf'), VRSN_SEQ_ID, char_to_uuid('2c4dafc2-566a-41ae-9ebc-3097d7d22f4a') FROM CD_VRSN_TBL WHERE CD_ID = char_to_uuid('ab39087c-17d3-421a-a1e3-2de4e0ab9faf') AND OBSLT_UTC IS NULL;--#!
INSERT INTO CD_REF_TERM_ASSOC_TBL(CD_REF_TERM_ID, REF_TERM_ID, CD_ID, EFFT_VRSN_SEQ_ID, REL_TYP_ID) SELECT gen_uuid(), char_to_uuid('c070096f-6011-495e-9887-377221165dc7'), char_to_uuid('9c02a621-8565-46b4-94ff-a2bd210989b1'), VRSN_SEQ_ID, char_to_uuid('2c4dafc2-566a-41ae-9ebc-3097d7d22f4a') FROM CD_VRSN_TBL WHERE CD_ID = char_to_uuid('9c02a621-8565-46b4-94ff-a2bd210989b1') AND OBSLT_UTC IS NULL;--#!
INSERT INTO CD_REF_TERM_ASSOC_TBL(CD_REF_TERM_ID, REF_TERM_ID, CD_ID, EFFT_VRSN_SEQ_ID, REL_TYP_ID) SELECT gen_uuid(), char_to_uuid('6385e2a7-8a69-4420-bb4b-5b8ad3243e8b'), char_to_uuid('5b0f8c93-57c9-4dff-b59a-9564739ef445'), VRSN_SEQ_ID, char_to_uuid('2c4dafc2-566a-41ae-9ebc-3097d7d22f4a') FROM CD_VRSN_TBL WHERE CD_ID = char_to_uuid('5b0f8c93-57c9-4dff-b59a-9564739ef445') AND OBSLT_UTC IS NULL;--#!
INSERT INTO CD_REF_TERM_ASSOC_TBL(CD_REF_TERM_ID, REF_TERM_ID, CD_ID, EFFT_VRSN_SEQ_ID, REL_TYP_ID) SELECT gen_uuid(), char_to_uuid('778a328d-ce87-4897-b46b-d563c968b944'), char_to_uuid('c5c8b935-294f-4c90-9d81-cbf914bf5808'), VRSN_SEQ_ID, char_to_uuid('2c4dafc2-566a-41ae-9ebc-3097d7d22f4a') FROM CD_VRSN_TBL WHERE CD_ID = char_to_uuid('c5c8b935-294f-4c90-9d81-cbf914bf5808') AND OBSLT_UTC IS NULL;--#!
INSERT INTO CD_REF_TERM_ASSOC_TBL(CD_REF_TERM_ID, REF_TERM_ID, CD_ID, EFFT_VRSN_SEQ_ID, REL_TYP_ID) SELECT gen_uuid(), char_to_uuid('548a1fad-f5d5-4162-94a4-641d1885bb0e'), char_to_uuid('6780df3b-afbd-44a3-8627-cbb3dc2f02f6'), VRSN_SEQ_ID, char_to_uuid('2c4dafc2-566a-41ae-9ebc-3097d7d22f4a') FROM CD_VRSN_TBL WHERE CD_ID = char_to_uuid('6780df3b-afbd-44a3-8627-cbb3dc2f02f6') AND OBSLT_UTC IS NULL;--#!
INSERT INTO CD_REF_TERM_ASSOC_TBL(CD_REF_TERM_ID, REF_TERM_ID, CD_ID, EFFT_VRSN_SEQ_ID, REL_TYP_ID) SELECT gen_uuid(), char_to_uuid('5cb86675-ade9-4c22-8ff7-071a8550a957'), char_to_uuid('d6657fdb-4ef3-4131-af79-14e01a21faca'), VRSN_SEQ_ID, char_to_uuid('2c4dafc2-566a-41ae-9ebc-3097d7d22f4a') FROM CD_VRSN_TBL WHERE CD_ID = char_to_uuid('d6657fdb-4ef3-4131-af79-14e01a21faca') AND OBSLT_UTC IS NULL;--#!
INSERT INTO CD_REF_TERM_ASSOC_TBL(CD_REF_TERM_ID, REF_TERM_ID, CD_ID, EFFT_VRSN_SEQ_ID, REL_TYP_ID) SELECT gen_uuid(), char_to_uuid('c9796abf-f537-4b07-ab02-476c1948f2b8'), char_to_uuid('77b6d8cd-05a0-4b1f-9e14-b895203bf40c'), VRSN_SEQ_ID, char_to_uuid('2c4dafc2-566a-41ae-9ebc-3097d7d22f4a') FROM CD_VRSN_TBL WHERE CD_ID = char_to_uuid('77b6d8cd-05a0-4b1f-9e14-b895203bf40c') AND OBSLT_UTC IS NULL;--#!
INSERT INTO CD_REF_TERM_ASSOC_TBL(CD_REF_TERM_ID, REF_TERM_ID, CD_ID, EFFT_VRSN_SEQ_ID, REL_TYP_ID) SELECT gen_uuid(), char_to_uuid('5286d9b4-4b77-4154-a3eb-cf40cd51f26c'), char_to_uuid('117da15c-0864-4f00-a987-9b9854cba44e'), VRSN_SEQ_ID, char_to_uuid('2c4dafc2-566a-41ae-9ebc-3097d7d22f4a') FROM CD_VRSN_TBL WHERE CD_ID = char_to_uuid('117da15c-0864-4f00-a987-9b9854cba44e') AND OBSLT_UTC IS NULL;--#!
INSERT INTO CD_REF_TERM_ASSOC_TBL(CD_REF_TERM_ID, REF_TERM_ID, CD_ID, EFFT_VRSN_SEQ_ID, REL_TYP_ID) SELECT gen_uuid(), char_to_uuid('ae48ba4f-a9ac-4f9b-bfa6-78d7921012fe'), char_to_uuid('abfd3fe8-9526-48fb-b366-35baca9bd170'), VRSN_SEQ_ID, char_to_uuid('2c4dafc2-566a-41ae-9ebc-3097d7d22f4a') FROM CD_VRSN_TBL WHERE CD_ID = char_to_uuid('abfd3fe8-9526-48fb-b366-35baca9bd170') AND OBSLT_UTC IS NULL;--#!
INSERT INTO CD_REF_TERM_ASSOC_TBL(CD_REF_TERM_ID, REF_TERM_ID, CD_ID, EFFT_VRSN_SEQ_ID, REL_TYP_ID) SELECT gen_uuid(), char_to_uuid('9d7e751c-7169-4dc5-9d90-7c1d9b2643fa'), char_to_uuid('20e98d17-e24d-4c64-b09e-521a177ccd05'), VRSN_SEQ_ID, char_to_uuid('2c4dafc2-566a-41ae-9ebc-3097d7d22f4a') FROM CD_VRSN_TBL WHERE CD_ID = char_to_uuid('20e98d17-e24d-4c64-b09e-521a177ccd05') AND OBSLT_UTC IS NULL;--#!
INSERT INTO CD_REF_TERM_ASSOC_TBL(CD_REF_TERM_ID, REF_TERM_ID, CD_ID, EFFT_VRSN_SEQ_ID, REL_TYP_ID) SELECT gen_uuid(), char_to_uuid('4e7add04-ad21-4ae7-bccc-0a6424bd4701'), char_to_uuid('ff34dfa7-c6d3-4f8b-bc9f-14bcdc13ba6c'), VRSN_SEQ_ID, char_to_uuid('2c4dafc2-566a-41ae-9ebc-3097d7d22f4a') FROM CD_VRSN_TBL WHERE CD_ID = char_to_uuid('ff34dfa7-c6d3-4f8b-bc9f-14bcdc13ba6c') AND OBSLT_UTC IS NULL;--#!
INSERT INTO CD_REF_TERM_ASSOC_TBL(CD_REF_TERM_ID, REF_TERM_ID, CD_ID, EFFT_VRSN_SEQ_ID, REL_TYP_ID) SELECT gen_uuid(), char_to_uuid('93863719-f048-4000-92d0-4d9fcb3a32f7'), char_to_uuid('455f1772-f580-47e8-86bd-b5ce25d351f9'), VRSN_SEQ_ID, char_to_uuid('2c4dafc2-566a-41ae-9ebc-3097d7d22f4a') FROM CD_VRSN_TBL WHERE CD_ID = char_to_uuid('455f1772-f580-47e8-86bd-b5ce25d351f9') AND OBSLT_UTC IS NULL;--#!
INSERT INTO CD_REF_TERM_ASSOC_TBL(CD_REF_TERM_ID, REF_TERM_ID, CD_ID, EFFT_VRSN_SEQ_ID, REL_TYP_ID) SELECT gen_uuid(), char_to_uuid('872c2705-a17d-4ec4-b2ae-039b76a292a2'), char_to_uuid('41baf7aa-5ffd-4421-831f-42d4ab3de38a'), VRSN_SEQ_ID, char_to_uuid('2c4dafc2-566a-41ae-9ebc-3097d7d22f4a') FROM CD_VRSN_TBL WHERE CD_ID = char_to_uuid('41baf7aa-5ffd-4421-831f-42d4ab3de38a') AND OBSLT_UTC IS NULL;--#!
INSERT INTO CD_REF_TERM_ASSOC_TBL(CD_REF_TERM_ID, REF_TERM_ID, CD_ID, EFFT_VRSN_SEQ_ID, REL_TYP_ID) SELECT gen_uuid(), char_to_uuid('ed52ddd0-98e3-4b35-9136-8bbad2e4dab1'), char_to_uuid('c6b92576-1d62-4896-8799-6f931f8ab607'), VRSN_SEQ_ID, char_to_uuid('2c4dafc2-566a-41ae-9ebc-3097d7d22f4a') FROM CD_VRSN_TBL WHERE CD_ID = char_to_uuid('c6b92576-1d62-4896-8799-6f931f8ab607') AND OBSLT_UTC IS NULL;--#!
INSERT INTO CD_REF_TERM_ASSOC_TBL(CD_REF_TERM_ID, REF_TERM_ID, CD_ID, EFFT_VRSN_SEQ_ID, REL_TYP_ID) SELECT gen_uuid(), char_to_uuid('0349d8ab-d5ea-43b8-9d04-92c24cfa04d4'), char_to_uuid('08fff7d9-bac7-417b-b026-c9bee52f4a37'), VRSN_SEQ_ID, char_to_uuid('2c4dafc2-566a-41ae-9ebc-3097d7d22f4a') FROM CD_VRSN_TBL WHERE CD_ID = char_to_uuid('08fff7d9-bac7-417b-b026-c9bee52f4a37') AND OBSLT_UTC IS NULL;--#!
INSERT INTO CD_REF_TERM_ASSOC_TBL(CD_REF_TERM_ID, REF_TERM_ID, CD_ID, EFFT_VRSN_SEQ_ID, REL_TYP_ID) SELECT gen_uuid(), char_to_uuid('8160f62b-732f-434f-be24-dd5ff96c4ed3'), char_to_uuid('639b4b8f-afd3-4963-9e79-ef0d3928796a'), VRSN_SEQ_ID, char_to_uuid('2c4dafc2-566a-41ae-9ebc-3097d7d22f4a') FROM CD_VRSN_TBL WHERE CD_ID = char_to_uuid('639b4b8f-afd3-4963-9e79-ef0d3928796a') AND OBSLT_UTC IS NULL;--#!
INSERT INTO CD_REF_TERM_ASSOC_TBL(CD_REF_TERM_ID, REF_TERM_ID, CD_ID, EFFT_VRSN_SEQ_ID, REL_TYP_ID) SELECT gen_uuid(), char_to_uuid('5ad438fb-96ea-49b6-8c2b-e4f8b19ae895'), char_to_uuid('f3ef7e48-d8b7-4030-b431-aff7e0e1cb76'), VRSN_SEQ_ID, char_to_uuid('2c4dafc2-566a-41ae-9ebc-3097d7d22f4a') FROM CD_VRSN_TBL WHERE CD_ID = char_to_uuid('f3ef7e48-d8b7-4030-b431-aff7e0e1cb76') AND OBSLT_UTC IS NULL;--#!
INSERT INTO CD_REF_TERM_ASSOC_TBL(CD_REF_TERM_ID, REF_TERM_ID, CD_ID, EFFT_VRSN_SEQ_ID, REL_TYP_ID) SELECT gen_uuid(), char_to_uuid('fa067e46-55b3-4b1e-909e-a8464dc77c64'), char_to_uuid('845120de-e6f7-4cec-94aa-e6e943c91367'), VRSN_SEQ_ID, char_to_uuid('2c4dafc2-566a-41ae-9ebc-3097d7d22f4a') FROM CD_VRSN_TBL WHERE CD_ID = char_to_uuid('845120de-e6f7-4cec-94aa-e6e943c91367') AND OBSLT_UTC IS NULL;--#!
INSERT INTO CD_REF_TERM_ASSOC_TBL(CD_REF_TERM_ID, REF_TERM_ID, CD_ID, EFFT_VRSN_SEQ_ID, REL_TYP_ID) SELECT gen_uuid(), char_to_uuid('c9796abf-f537-4b07-ab02-476c1948f2b8'), char_to_uuid('77b6d8cd-05a0-4b1f-9e14-b895203bf40c'), VRSN_SEQ_ID, char_to_uuid('2c4dafc2-566a-41ae-9ebc-3097d7d22f4a') FROM CD_VRSN_TBL WHERE CD_ID = char_to_uuid('77b6d8cd-05a0-4b1f-9e14-b895203bf40c') AND OBSLT_UTC IS NULL;--#!
INSERT INTO CD_REF_TERM_ASSOC_TBL(CD_REF_TERM_ID, REF_TERM_ID, CD_ID, EFFT_VRSN_SEQ_ID, REL_TYP_ID) SELECT gen_uuid(), char_to_uuid('548a1fad-f5d5-4162-94a4-641d1885bb0e'), char_to_uuid('6780df3b-afbd-44a3-8627-cbb3dc2f02f6'), VRSN_SEQ_ID, char_to_uuid('2c4dafc2-566a-41ae-9ebc-3097d7d22f4a') FROM CD_VRSN_TBL WHERE CD_ID = char_to_uuid('6780df3b-afbd-44a3-8627-cbb3dc2f02f6') AND OBSLT_UTC IS NULL;--#!
INSERT INTO CD_REF_TERM_ASSOC_TBL(CD_REF_TERM_ID, REF_TERM_ID, CD_ID, EFFT_VRSN_SEQ_ID, REL_TYP_ID) SELECT gen_uuid(), char_to_uuid('5cb86675-ade9-4c22-8ff7-071a8550a957'), char_to_uuid('d6657fdb-4ef3-4131-af79-14e01a21faca'), VRSN_SEQ_ID, char_to_uuid('2c4dafc2-566a-41ae-9ebc-3097d7d22f4a') FROM CD_VRSN_TBL WHERE CD_ID = char_to_uuid('d6657fdb-4ef3-4131-af79-14e01a21faca') AND OBSLT_UTC IS NULL;--#!
INSERT INTO CD_REF_TERM_ASSOC_TBL(CD_REF_TERM_ID, REF_TERM_ID, CD_ID, EFFT_VRSN_SEQ_ID, REL_TYP_ID) SELECT gen_uuid(), char_to_uuid('e2c9f647-eb48-4270-a7b8-77c1ae858bb0'), char_to_uuid('8de7b5e7-c941-42bd-b735-52d750efc5e6'), VRSN_SEQ_ID, char_to_uuid('2c4dafc2-566a-41ae-9ebc-3097d7d22f4a') FROM CD_VRSN_TBL WHERE CD_ID = char_to_uuid('8de7b5e7-c941-42bd-b735-52d750efc5e6') AND OBSLT_UTC IS NULL;--#!
INSERT INTO CD_REF_TERM_ASSOC_TBL(CD_REF_TERM_ID, REF_TERM_ID, CD_ID, EFFT_VRSN_SEQ_ID, REL_TYP_ID) SELECT gen_uuid(), char_to_uuid('1ecadba0-3665-414c-8566-54e5ea9de11c'), char_to_uuid('867fd445-d490-4619-804e-75c04b8a0e57'), VRSN_SEQ_ID, char_to_uuid('2c4dafc2-566a-41ae-9ebc-3097d7d22f4a') FROM CD_VRSN_TBL WHERE CD_ID = char_to_uuid('867fd445-d490-4619-804e-75c04b8a0e57') AND OBSLT_UTC IS NULL;--#!
INSERT INTO CD_REF_TERM_ASSOC_TBL(CD_REF_TERM_ID, REF_TERM_ID, CD_ID, EFFT_VRSN_SEQ_ID, REL_TYP_ID) SELECT gen_uuid(), char_to_uuid('8b3b575a-eba2-454b-a087-805f5083b048'), char_to_uuid('77b7a04b-c065-4faf-8ec0-2cdad4ae372b'), VRSN_SEQ_ID, char_to_uuid('2c4dafc2-566a-41ae-9ebc-3097d7d22f4a') FROM CD_VRSN_TBL WHERE CD_ID = char_to_uuid('77b7a04b-c065-4faf-8ec0-2cdad4ae372b') AND OBSLT_UTC IS NULL;--#!
INSERT INTO CD_REF_TERM_ASSOC_TBL(CD_REF_TERM_ID, REF_TERM_ID, CD_ID, EFFT_VRSN_SEQ_ID, REL_TYP_ID) SELECT gen_uuid(), char_to_uuid('9a6b3c58-e387-4d87-bc10-545eae914484'), char_to_uuid('33bd1401-dfdb-40e7-a914-0a695ad5186e'), VRSN_SEQ_ID, char_to_uuid('2c4dafc2-566a-41ae-9ebc-3097d7d22f4a') FROM CD_VRSN_TBL WHERE CD_ID = char_to_uuid('33bd1401-dfdb-40e7-a914-0a695ad5186e') AND OBSLT_UTC IS NULL;--#!
INSERT INTO CD_REF_TERM_ASSOC_TBL(CD_REF_TERM_ID, REF_TERM_ID, CD_ID, EFFT_VRSN_SEQ_ID, REL_TYP_ID) SELECT gen_uuid(), char_to_uuid('c57da98d-d22a-449b-b0fa-315e52676275'), char_to_uuid('757f98df-14e0-446a-bd50-bb0affb34f09'), VRSN_SEQ_ID, char_to_uuid('2c4dafc2-566a-41ae-9ebc-3097d7d22f4a') FROM CD_VRSN_TBL WHERE CD_ID = char_to_uuid('757f98df-14e0-446a-bd50-bb0affb34f09') AND OBSLT_UTC IS NULL;--#!
INSERT INTO CD_REF_TERM_ASSOC_TBL(CD_REF_TERM_ID, REF_TERM_ID, CD_ID, EFFT_VRSN_SEQ_ID, REL_TYP_ID) SELECT gen_uuid(), char_to_uuid('8936fd76-58bd-42e8-9bf2-21fe275531b8'), char_to_uuid('b1d2148d-bb35-4337-8fe6-021f5a3ac8a3'), VRSN_SEQ_ID, char_to_uuid('2c4dafc2-566a-41ae-9ebc-3097d7d22f4a') FROM CD_VRSN_TBL WHERE CD_ID = char_to_uuid('b1d2148d-bb35-4337-8fe6-021f5a3ac8a3') AND OBSLT_UTC IS NULL;--#!
INSERT INTO CD_REF_TERM_ASSOC_TBL(CD_REF_TERM_ID, REF_TERM_ID, CD_ID, EFFT_VRSN_SEQ_ID, REL_TYP_ID) SELECT gen_uuid(), char_to_uuid('3f8b819a-5920-4315-a8dd-d6ae323999ac'), char_to_uuid('25985F42-476A-4455-A977-4E97A554D710'), VRSN_SEQ_ID, char_to_uuid('2c4dafc2-566a-41ae-9ebc-3097d7d22f4a') FROM CD_VRSN_TBL WHERE CD_ID = char_to_uuid('25985F42-476A-4455-A977-4E97A554D710') AND OBSLT_UTC IS NULL;--#!
INSERT INTO CD_REF_TERM_ASSOC_TBL(CD_REF_TERM_ID, REF_TERM_ID, CD_ID, EFFT_VRSN_SEQ_ID, REL_TYP_ID) SELECT gen_uuid(), char_to_uuid('f0d2e84a-e637-490c-9ed7-d65d411d7c86'), char_to_uuid('1ee4e74f-542d-4544-96f6-266a6247f274'), VRSN_SEQ_ID, char_to_uuid('2c4dafc2-566a-41ae-9ebc-3097d7d22f4a') FROM CD_VRSN_TBL WHERE CD_ID = char_to_uuid('1ee4e74f-542d-4544-96f6-266a6247f274') AND OBSLT_UTC IS NULL;--#!
INSERT INTO CD_REF_TERM_ASSOC_TBL(CD_REF_TERM_ID, REF_TERM_ID, CD_ID, EFFT_VRSN_SEQ_ID, REL_TYP_ID) SELECT gen_uuid(), char_to_uuid('fa067e46-55b3-4b1e-909e-a8464dc77c64'), char_to_uuid('3b8e2334-4ccc-4f24-8aae-37341ea03d3e'), VRSN_SEQ_ID, char_to_uuid('2c4dafc2-566a-41ae-9ebc-3097d7d22f4a') FROM CD_VRSN_TBL WHERE CD_ID = char_to_uuid('3b8e2334-4ccc-4f24-8aae-37341ea03d3e') AND OBSLT_UTC IS NULL;--#!
INSERT INTO CD_REF_TERM_ASSOC_TBL(CD_REF_TERM_ID, REF_TERM_ID, CD_ID, EFFT_VRSN_SEQ_ID, REL_TYP_ID) SELECT gen_uuid(), char_to_uuid('110695e0-f60a-4327-9ecd-e2462abaae67'), char_to_uuid('35b13152-e43c-4bcb-8649-a9e83bee33a2'), VRSN_SEQ_ID, char_to_uuid('2c4dafc2-566a-41ae-9ebc-3097d7d22f4a') FROM CD_VRSN_TBL WHERE CD_ID = char_to_uuid('35b13152-e43c-4bcb-8649-a9e83bee33a2') AND OBSLT_UTC IS NULL;--#!
INSERT INTO CD_REF_TERM_ASSOC_TBL(CD_REF_TERM_ID, REF_TERM_ID, CD_ID, EFFT_VRSN_SEQ_ID, REL_TYP_ID) SELECT gen_uuid(), char_to_uuid('6ca03348-fb5f-42ba-a6cf-d453b36fcc94'), char_to_uuid('d4844672-c0d7-434c-8377-6dd0655b0532'), VRSN_SEQ_ID, char_to_uuid('2c4dafc2-566a-41ae-9ebc-3097d7d22f4a') FROM CD_VRSN_TBL WHERE CD_ID = char_to_uuid('d4844672-c0d7-434c-8377-6dd0655b0532') AND OBSLT_UTC IS NULL;--#!
INSERT INTO CD_REF_TERM_ASSOC_TBL(CD_REF_TERM_ID, REF_TERM_ID, CD_ID, EFFT_VRSN_SEQ_ID, REL_TYP_ID) SELECT gen_uuid(), char_to_uuid('e0ff836c-ebee-4c08-9baf-fda73e900f4e'), char_to_uuid('9d256279-f1ac-46b3-a974-dd13e2ad4f72'), VRSN_SEQ_ID, char_to_uuid('2c4dafc2-566a-41ae-9ebc-3097d7d22f4a') FROM CD_VRSN_TBL WHERE CD_ID = char_to_uuid('9d256279-f1ac-46b3-a974-dd13e2ad4f72') AND OBSLT_UTC IS NULL;--#!
INSERT INTO CD_REF_TERM_ASSOC_TBL(CD_REF_TERM_ID, REF_TERM_ID, CD_ID, EFFT_VRSN_SEQ_ID, REL_TYP_ID) SELECT gen_uuid(), char_to_uuid('fca0dda5-f132-4b2a-8b05-1feca58272c9'), char_to_uuid('3d907f37-085c-4c26-b59b-62e40621dafd'), VRSN_SEQ_ID, char_to_uuid('2c4dafc2-566a-41ae-9ebc-3097d7d22f4a') FROM CD_VRSN_TBL WHERE CD_ID = char_to_uuid('3d907f37-085c-4c26-b59b-62e40621dafd') AND OBSLT_UTC IS NULL;--#!
INSERT INTO CD_REF_TERM_ASSOC_TBL(CD_REF_TERM_ID, REF_TERM_ID, CD_ID, EFFT_VRSN_SEQ_ID, REL_TYP_ID) SELECT gen_uuid(), char_to_uuid('0a4e2112-0d7e-40a0-8b77-b3b5dfac6c87'), char_to_uuid('f28ed78f-85ab-47a1-ba08-b5051e62d6c3'), VRSN_SEQ_ID, char_to_uuid('2c4dafc2-566a-41ae-9ebc-3097d7d22f4a') FROM CD_VRSN_TBL WHERE CD_ID = char_to_uuid('f28ed78f-85ab-47a1-ba08-b5051e62d6c3') AND OBSLT_UTC IS NULL;--#!
INSERT INTO CD_REF_TERM_ASSOC_TBL(CD_REF_TERM_ID, REF_TERM_ID, CD_ID, EFFT_VRSN_SEQ_ID, REL_TYP_ID) SELECT gen_uuid(), char_to_uuid('342d57bc-87df-475d-85e3-04690e9901a0'), char_to_uuid('47049b0f-f189-4e19-9aa8-7c38adb2491a'), VRSN_SEQ_ID, char_to_uuid('2c4dafc2-566a-41ae-9ebc-3097d7d22f4a') FROM CD_VRSN_TBL WHERE CD_ID = char_to_uuid('47049b0f-f189-4e19-9aa8-7c38adb2491a') AND OBSLT_UTC IS NULL;--#!
INSERT INTO CD_REF_TERM_ASSOC_TBL(CD_REF_TERM_ID, REF_TERM_ID, CD_ID, EFFT_VRSN_SEQ_ID, REL_TYP_ID) SELECT gen_uuid(), char_to_uuid('662aa4be-a671-43ab-86fb-9ec88d87b07f'), char_to_uuid('f31a2a5b-ce13-47e1-a0fb-d704f31547db'), VRSN_SEQ_ID, char_to_uuid('2c4dafc2-566a-41ae-9ebc-3097d7d22f4a') FROM CD_VRSN_TBL WHERE CD_ID = char_to_uuid('f31a2a5b-ce13-47e1-a0fb-d704f31547db') AND OBSLT_UTC IS NULL;--#!
INSERT INTO CD_REF_TERM_ASSOC_TBL(CD_REF_TERM_ID, REF_TERM_ID, CD_ID, EFFT_VRSN_SEQ_ID, REL_TYP_ID) SELECT gen_uuid(), char_to_uuid('8bed4875-70f5-4301-b65e-55bb54ea6b93'), char_to_uuid('cbe2a00c-e1d5-44e9-aae3-d7d03e3c2efa'), VRSN_SEQ_ID, char_to_uuid('2c4dafc2-566a-41ae-9ebc-3097d7d22f4a') FROM CD_VRSN_TBL WHERE CD_ID = char_to_uuid('cbe2a00c-e1d5-44e9-aae3-d7d03e3c2efa') AND OBSLT_UTC IS NULL;--#!
INSERT INTO CD_REF_TERM_ASSOC_TBL(CD_REF_TERM_ID, REF_TERM_ID, CD_ID, EFFT_VRSN_SEQ_ID, REL_TYP_ID) SELECT gen_uuid(), char_to_uuid('90ef33da-42bf-402a-803c-5d8d366fe3a7'), char_to_uuid('43ad7bc0-2ed8-4b27-97e5-b3db00a07d17'), VRSN_SEQ_ID, char_to_uuid('2c4dafc2-566a-41ae-9ebc-3097d7d22f4a') FROM CD_VRSN_TBL WHERE CD_ID = char_to_uuid('43ad7bc0-2ed8-4b27-97e5-b3db00a07d17') AND OBSLT_UTC IS NULL;--#!
INSERT INTO CD_REF_TERM_ASSOC_TBL(CD_REF_TERM_ID, REF_TERM_ID, CD_ID, EFFT_VRSN_SEQ_ID, REL_TYP_ID) SELECT gen_uuid(), char_to_uuid('c1f895d2-ef88-42cc-91c5-4ab2c80e0700'), char_to_uuid('66c96ae6-c5c4-4d66-9bd0-a00c56e831da'), VRSN_SEQ_ID, char_to_uuid('2c4dafc2-566a-41ae-9ebc-3097d7d22f4a') FROM CD_VRSN_TBL WHERE CD_ID = char_to_uuid('66c96ae6-c5c4-4d66-9bd0-a00c56e831da') AND OBSLT_UTC IS NULL;--#!
INSERT INTO CD_REF_TERM_ASSOC_TBL(CD_REF_TERM_ID, REF_TERM_ID, CD_ID, EFFT_VRSN_SEQ_ID, REL_TYP_ID) SELECT gen_uuid(), char_to_uuid('ee215548-b8c6-4b63-b47b-da29c4e23b5e'), char_to_uuid('b43c9513-1c1c-4ed0-92db-55a904c122e6'), VRSN_SEQ_ID, char_to_uuid('2c4dafc2-566a-41ae-9ebc-3097d7d22f4a') FROM CD_VRSN_TBL WHERE CD_ID = char_to_uuid('b43c9513-1c1c-4ed0-92db-55a904c122e6') AND OBSLT_UTC IS NULL;--#!
INSERT INTO CD_REF_TERM_ASSOC_TBL(CD_REF_TERM_ID, REF_TERM_ID, CD_ID, EFFT_VRSN_SEQ_ID, REL_TYP_ID) SELECT gen_uuid(), char_to_uuid('eb49a695-72b7-4a36-a64a-9a2560068f14'), char_to_uuid('1bcfb08d-c6fa-41dd-98bf-06336a33a3b7'), VRSN_SEQ_ID, char_to_uuid('2c4dafc2-566a-41ae-9ebc-3097d7d22f4a') FROM CD_VRSN_TBL WHERE CD_ID = char_to_uuid('1bcfb08d-c6fa-41dd-98bf-06336a33a3b7') AND OBSLT_UTC IS NULL;--#!
INSERT INTO CD_REF_TERM_ASSOC_TBL(CD_REF_TERM_ID, REF_TERM_ID, CD_ID, EFFT_VRSN_SEQ_ID, REL_TYP_ID) SELECT gen_uuid(), char_to_uuid('ccc12c7d-9f2b-450e-a29b-441c6262b1a2'), char_to_uuid('f5b10c57-3ae1-41ea-8649-1cf8d9848ae1'), VRSN_SEQ_ID, char_to_uuid('2c4dafc2-566a-41ae-9ebc-3097d7d22f4a') FROM CD_VRSN_TBL WHERE CD_ID = char_to_uuid('f5b10c57-3ae1-41ea-8649-1cf8d9848ae1') AND OBSLT_UTC IS NULL;--#!
INSERT INTO CD_REF_TERM_ASSOC_TBL(CD_REF_TERM_ID, REF_TERM_ID, CD_ID, EFFT_VRSN_SEQ_ID, REL_TYP_ID) SELECT gen_uuid(), char_to_uuid('d39e3305-f1b5-4340-a611-3a50423d3fe0'), char_to_uuid('0c522bd1-dfa2-43cb-a98e-f6ff137968ae'), VRSN_SEQ_ID, char_to_uuid('2c4dafc2-566a-41ae-9ebc-3097d7d22f4a') FROM CD_VRSN_TBL WHERE CD_ID = char_to_uuid('0c522bd1-dfa2-43cb-a98e-f6ff137968ae') AND OBSLT_UTC IS NULL;--#!
INSERT INTO CD_REF_TERM_ASSOC_TBL(CD_REF_TERM_ID, REF_TERM_ID, CD_ID, EFFT_VRSN_SEQ_ID, REL_TYP_ID) SELECT gen_uuid(), char_to_uuid('ccfbf201-de03-40ee-8739-4f0f32b2b7c1'), char_to_uuid('d7ad48c0-889d-41e2-99e9-be5e6c5327b2'), VRSN_SEQ_ID, char_to_uuid('2c4dafc2-566a-41ae-9ebc-3097d7d22f4a') FROM CD_VRSN_TBL WHERE CD_ID = char_to_uuid('d7ad48c0-889d-41e2-99e9-be5e6c5327b2') AND OBSLT_UTC IS NULL;--#!
INSERT INTO CD_REF_TERM_ASSOC_TBL(CD_REF_TERM_ID, REF_TERM_ID, CD_ID, EFFT_VRSN_SEQ_ID, REL_TYP_ID) SELECT gen_uuid(), char_to_uuid('2ec3092d-0090-421e-b01f-37fea0805f7e'), char_to_uuid('ef597ffe-d965-4398-b55a-650530ebb997'), VRSN_SEQ_ID, char_to_uuid('2c4dafc2-566a-41ae-9ebc-3097d7d22f4a') FROM CD_VRSN_TBL WHERE CD_ID = char_to_uuid('ef597ffe-d965-4398-b55a-650530ebb997') AND OBSLT_UTC IS NULL;--#!
INSERT INTO CD_REF_TERM_ASSOC_TBL(CD_REF_TERM_ID, REF_TERM_ID, CD_ID, EFFT_VRSN_SEQ_ID, REL_TYP_ID) SELECT gen_uuid(), char_to_uuid('14b79963-aff8-46a8-98f3-065bd572b4d2'), char_to_uuid('b9fe057e-7f57-42eb-89d7-67c69646c0c4'), VRSN_SEQ_ID, char_to_uuid('2c4dafc2-566a-41ae-9ebc-3097d7d22f4a') FROM CD_VRSN_TBL WHERE CD_ID = char_to_uuid('b9fe057e-7f57-42eb-89d7-67c69646c0c4') AND OBSLT_UTC IS NULL;--#!
INSERT INTO CD_REF_TERM_ASSOC_TBL(CD_REF_TERM_ID, REF_TERM_ID, CD_ID, EFFT_VRSN_SEQ_ID, REL_TYP_ID) SELECT gen_uuid(), char_to_uuid('38f6b214-ed35-4233-a262-71dd30e4a826'), char_to_uuid('f1ef6c46-05eb-4482-baeb-eaf0a8e5ffef'), VRSN_SEQ_ID, char_to_uuid('2c4dafc2-566a-41ae-9ebc-3097d7d22f4a') FROM CD_VRSN_TBL WHERE CD_ID = char_to_uuid('f1ef6c46-05eb-4482-baeb-eaf0a8e5ffef') AND OBSLT_UTC IS NULL;--#!
INSERT INTO CD_REF_TERM_ASSOC_TBL(CD_REF_TERM_ID, REF_TERM_ID, CD_ID, EFFT_VRSN_SEQ_ID, REL_TYP_ID) SELECT gen_uuid(), char_to_uuid('6d4886c2-86a8-40b6-ac0a-46aeead4d060'), char_to_uuid('6b04fed8-c164-469c-910b-f824c2bda4f0'), VRSN_SEQ_ID, char_to_uuid('2c4dafc2-566a-41ae-9ebc-3097d7d22f4a') FROM CD_VRSN_TBL WHERE CD_ID = char_to_uuid('6b04fed8-c164-469c-910b-f824c2bda4f0') AND OBSLT_UTC IS NULL;--#!
INSERT INTO CD_REF_TERM_ASSOC_TBL(CD_REF_TERM_ID, REF_TERM_ID, CD_ID, EFFT_VRSN_SEQ_ID, REL_TYP_ID) SELECT gen_uuid(), char_to_uuid('266cdd72-5657-44f8-8109-432a43e368f4'), char_to_uuid('bacd9c6f-3fa9-481e-9636-37457962804d'), VRSN_SEQ_ID, char_to_uuid('2c4dafc2-566a-41ae-9ebc-3097d7d22f4a') FROM CD_VRSN_TBL WHERE CD_ID = char_to_uuid('bacd9c6f-3fa9-481e-9636-37457962804d') AND OBSLT_UTC IS NULL;--#!
INSERT INTO CD_REF_TERM_ASSOC_TBL(CD_REF_TERM_ID, REF_TERM_ID, CD_ID, EFFT_VRSN_SEQ_ID, REL_TYP_ID) SELECT gen_uuid(), char_to_uuid('85788bcc-c03c-4a29-8847-954f0c5988f2'), char_to_uuid('734551e1-2960-4a68-93a2-b277db072a43'), VRSN_SEQ_ID, char_to_uuid('2c4dafc2-566a-41ae-9ebc-3097d7d22f4a') FROM CD_VRSN_TBL WHERE CD_ID = char_to_uuid('734551e1-2960-4a68-93a2-b277db072a43') AND OBSLT_UTC IS NULL;--#!
INSERT INTO CD_REF_TERM_ASSOC_TBL(CD_REF_TERM_ID, REF_TERM_ID, CD_ID, EFFT_VRSN_SEQ_ID, REL_TYP_ID) SELECT gen_uuid(), char_to_uuid('0a37a1c5-0265-4579-a252-b040601905c0'), char_to_uuid('07c922d2-12c9-415a-95d4-9b3fed4959d6'), VRSN_SEQ_ID, char_to_uuid('2c4dafc2-566a-41ae-9ebc-3097d7d22f4a') FROM CD_VRSN_TBL WHERE CD_ID = char_to_uuid('07c922d2-12c9-415a-95d4-9b3fed4959d6') AND OBSLT_UTC IS NULL;--#!
INSERT INTO CD_REF_TERM_ASSOC_TBL(CD_REF_TERM_ID, REF_TERM_ID, CD_ID, EFFT_VRSN_SEQ_ID, REL_TYP_ID) SELECT gen_uuid(), char_to_uuid('9299a99f-f92d-4af8-aac9-f1f14868a31a'), char_to_uuid('cec017ef-4e49-41af-8596-abad1a91c9d0'), VRSN_SEQ_ID, char_to_uuid('2c4dafc2-566a-41ae-9ebc-3097d7d22f4a') FROM CD_VRSN_TBL WHERE CD_ID = char_to_uuid('cec017ef-4e49-41af-8596-abad1a91c9d0') AND OBSLT_UTC IS NULL;--#!
INSERT INTO CD_REF_TERM_ASSOC_TBL(CD_REF_TERM_ID, REF_TERM_ID, CD_ID, EFFT_VRSN_SEQ_ID, REL_TYP_ID) SELECT gen_uuid(), char_to_uuid('4fd0f42e-45ae-49b9-bf0e-b8f1817aaac4'), char_to_uuid('6521dd09-334b-4fbf-9c89-1ad5a804326c'), VRSN_SEQ_ID, char_to_uuid('2c4dafc2-566a-41ae-9ebc-3097d7d22f4a') FROM CD_VRSN_TBL WHERE CD_ID = char_to_uuid('6521dd09-334b-4fbf-9c89-1ad5a804326c') AND OBSLT_UTC IS NULL;--#!
INSERT INTO CD_REF_TERM_ASSOC_TBL(CD_REF_TERM_ID, REF_TERM_ID, CD_ID, EFFT_VRSN_SEQ_ID, REL_TYP_ID) SELECT gen_uuid(), char_to_uuid('0daf6c3e-5801-45d3-8792-eb8b1d172889'), char_to_uuid('8ff9d9a5-a206-4566-82cd-67b770d7ce8a'), VRSN_SEQ_ID, char_to_uuid('2c4dafc2-566a-41ae-9ebc-3097d7d22f4a') FROM CD_VRSN_TBL WHERE CD_ID = char_to_uuid('8ff9d9a5-a206-4566-82cd-67b770d7ce8a') AND OBSLT_UTC IS NULL;--#!
INSERT INTO CD_REF_TERM_ASSOC_TBL(CD_REF_TERM_ID, REF_TERM_ID, CD_ID, EFFT_VRSN_SEQ_ID, REL_TYP_ID) SELECT gen_uuid(), char_to_uuid('fb832e06-e0fc-482c-a063-bc238f20802d'), char_to_uuid('0c157566-d1e9-4976-8542-473caa9ba2a4'), VRSN_SEQ_ID, char_to_uuid('2c4dafc2-566a-41ae-9ebc-3097d7d22f4a') FROM CD_VRSN_TBL WHERE CD_ID = char_to_uuid('0c157566-d1e9-4976-8542-473caa9ba2a4') AND OBSLT_UTC IS NULL;--#!
INSERT INTO CD_REF_TERM_ASSOC_TBL(CD_REF_TERM_ID, REF_TERM_ID, CD_ID, EFFT_VRSN_SEQ_ID, REL_TYP_ID) SELECT gen_uuid(), char_to_uuid('284d75fc-7779-439f-8d7a-27a2537d688f'), char_to_uuid('a8fcd83f-808b-494b-8a1c-ec2c6dbc3dfa'), VRSN_SEQ_ID, char_to_uuid('2c4dafc2-566a-41ae-9ebc-3097d7d22f4a') FROM CD_VRSN_TBL WHERE CD_ID = char_to_uuid('a8fcd83f-808b-494b-8a1c-ec2c6dbc3dfa') AND OBSLT_UTC IS NULL;--#!
INSERT INTO CD_REF_TERM_ASSOC_TBL(CD_REF_TERM_ID, REF_TERM_ID, CD_ID, EFFT_VRSN_SEQ_ID, REL_TYP_ID) SELECT gen_uuid(), char_to_uuid('9ef1cd8c-1c7c-41f3-8f91-36bde9313507'), char_to_uuid('31b0dfcb-d7ba-452a-98b9-45ebccd30732'), VRSN_SEQ_ID, char_to_uuid('2c4dafc2-566a-41ae-9ebc-3097d7d22f4a') FROM CD_VRSN_TBL WHERE CD_ID = char_to_uuid('31b0dfcb-d7ba-452a-98b9-45ebccd30732') AND OBSLT_UTC IS NULL;--#!
INSERT INTO CD_REF_TERM_ASSOC_TBL(CD_REF_TERM_ID, REF_TERM_ID, CD_ID, EFFT_VRSN_SEQ_ID, REL_TYP_ID) SELECT gen_uuid(), char_to_uuid('ae48ba4f-a9ac-4f9b-bfa6-78d7921012fe'), char_to_uuid('abfd3fe8-9526-48fb-b366-35baca9bd170'), VRSN_SEQ_ID, char_to_uuid('2c4dafc2-566a-41ae-9ebc-3097d7d22f4a') FROM CD_VRSN_TBL WHERE CD_ID = char_to_uuid('abfd3fe8-9526-48fb-b366-35baca9bd170') AND OBSLT_UTC IS NULL;--#!
INSERT INTO CD_REF_TERM_ASSOC_TBL(CD_REF_TERM_ID, REF_TERM_ID, CD_ID, EFFT_VRSN_SEQ_ID, REL_TYP_ID) SELECT gen_uuid(), char_to_uuid('ca290ed0-330c-49e7-a644-3e52728cfc0f'), char_to_uuid('b2feb552-8eaf-45fe-a397-f789d6f4728a'), VRSN_SEQ_ID, char_to_uuid('2c4dafc2-566a-41ae-9ebc-3097d7d22f4a') FROM CD_VRSN_TBL WHERE CD_ID = char_to_uuid('b2feb552-8eaf-45fe-a397-f789d6f4728a') AND OBSLT_UTC IS NULL;--#!
INSERT INTO CD_REF_TERM_ASSOC_TBL(CD_REF_TERM_ID, REF_TERM_ID, CD_ID, EFFT_VRSN_SEQ_ID, REL_TYP_ID) SELECT gen_uuid(), char_to_uuid('9cc5465d-8617-4595-ab40-b3c2776451fd'), char_to_uuid('212b1b6b-b074-4a75-862d-e4e194252044'), VRSN_SEQ_ID, char_to_uuid('2c4dafc2-566a-41ae-9ebc-3097d7d22f4a') FROM CD_VRSN_TBL WHERE CD_ID = char_to_uuid('212b1b6b-b074-4a75-862d-e4e194252044') AND OBSLT_UTC IS NULL;--#!
INSERT INTO CD_REF_TERM_ASSOC_TBL(CD_REF_TERM_ID, REF_TERM_ID, CD_ID, EFFT_VRSN_SEQ_ID, REL_TYP_ID) SELECT gen_uuid(), char_to_uuid('266cdd72-5657-44f8-8109-432a43e368f4'), char_to_uuid('bacd9c6f-3fa9-481e-9636-37457962804d'), VRSN_SEQ_ID, char_to_uuid('2c4dafc2-566a-41ae-9ebc-3097d7d22f4a') FROM CD_VRSN_TBL WHERE CD_ID = char_to_uuid('bacd9c6f-3fa9-481e-9636-37457962804d') AND OBSLT_UTC IS NULL;--#!
INSERT INTO CD_REF_TERM_ASSOC_TBL(CD_REF_TERM_ID, REF_TERM_ID, CD_ID, EFFT_VRSN_SEQ_ID, REL_TYP_ID) SELECT gen_uuid(), char_to_uuid('4e7add04-ad21-4ae7-bccc-0a6424bd4701'), char_to_uuid('ff34dfa7-c6d3-4f8b-bc9f-14bcdc13ba6c'), VRSN_SEQ_ID, char_to_uuid('2c4dafc2-566a-41ae-9ebc-3097d7d22f4a') FROM CD_VRSN_TBL WHERE CD_ID = char_to_uuid('ff34dfa7-c6d3-4f8b-bc9f-14bcdc13ba6c') AND OBSLT_UTC IS NULL;--#!
INSERT INTO CD_REF_TERM_ASSOC_TBL(CD_REF_TERM_ID, REF_TERM_ID, CD_ID, EFFT_VRSN_SEQ_ID, REL_TYP_ID) SELECT gen_uuid(), char_to_uuid('93863719-f048-4000-92d0-4d9fcb3a32f7'), char_to_uuid('455f1772-f580-47e8-86bd-b5ce25d351f9'), VRSN_SEQ_ID, char_to_uuid('2c4dafc2-566a-41ae-9ebc-3097d7d22f4a') FROM CD_VRSN_TBL WHERE CD_ID = char_to_uuid('455f1772-f580-47e8-86bd-b5ce25d351f9') AND OBSLT_UTC IS NULL;--#!
INSERT INTO CD_REF_TERM_ASSOC_TBL(CD_REF_TERM_ID, REF_TERM_ID, CD_ID, EFFT_VRSN_SEQ_ID, REL_TYP_ID) SELECT gen_uuid(), char_to_uuid('872c2705-a17d-4ec4-b2ae-039b76a292a2'), char_to_uuid('41baf7aa-5ffd-4421-831f-42d4ab3de38a'), VRSN_SEQ_ID, char_to_uuid('2c4dafc2-566a-41ae-9ebc-3097d7d22f4a') FROM CD_VRSN_TBL WHERE CD_ID = char_to_uuid('41baf7aa-5ffd-4421-831f-42d4ab3de38a') AND OBSLT_UTC IS NULL;--#!
INSERT INTO CD_REF_TERM_ASSOC_TBL(CD_REF_TERM_ID, REF_TERM_ID, CD_ID, EFFT_VRSN_SEQ_ID, REL_TYP_ID) SELECT gen_uuid(), char_to_uuid('5414f742-0854-4a0b-838d-772272fbbf1b'), char_to_uuid('bce17b21-05b2-4f02-bf7a-c6d3561aa948'), VRSN_SEQ_ID, char_to_uuid('2c4dafc2-566a-41ae-9ebc-3097d7d22f4a') FROM CD_VRSN_TBL WHERE CD_ID = char_to_uuid('bce17b21-05b2-4f02-bf7a-c6d3561aa948') AND OBSLT_UTC IS NULL;--#!
INSERT INTO CD_REF_TERM_ASSOC_TBL(CD_REF_TERM_ID, REF_TERM_ID, CD_ID, EFFT_VRSN_SEQ_ID, REL_TYP_ID) SELECT gen_uuid(), char_to_uuid('2092fce9-9396-4651-81d6-e3a8a28a60d3'), char_to_uuid('cff670e4-965e-4288-b966-47a44479d2ad'), VRSN_SEQ_ID, char_to_uuid('2c4dafc2-566a-41ae-9ebc-3097d7d22f4a') FROM CD_VRSN_TBL WHERE CD_ID = char_to_uuid('cff670e4-965e-4288-b966-47a44479d2ad') AND OBSLT_UTC IS NULL;--#!
INSERT INTO CD_REF_TERM_ASSOC_TBL(CD_REF_TERM_ID, REF_TERM_ID, CD_ID, EFFT_VRSN_SEQ_ID, REL_TYP_ID) SELECT gen_uuid(), char_to_uuid('45d889e4-655c-46f4-9b9f-697bed99a221'), char_to_uuid('020c28a0-7c52-42f4-a046-db9e329d5a42'), VRSN_SEQ_ID, char_to_uuid('2c4dafc2-566a-41ae-9ebc-3097d7d22f4a') FROM CD_VRSN_TBL WHERE CD_ID = char_to_uuid('020c28a0-7c52-42f4-a046-db9e329d5a42') AND OBSLT_UTC IS NULL;--#!
INSERT INTO CD_REF_TERM_ASSOC_TBL(CD_REF_TERM_ID, REF_TERM_ID, CD_ID, EFFT_VRSN_SEQ_ID, REL_TYP_ID) SELECT gen_uuid(), char_to_uuid('f7abb63f-2f58-4d3b-834c-0687fd07c401'), char_to_uuid('ca44a469-81d7-4484-9189-ca1d55afecbc'), VRSN_SEQ_ID, char_to_uuid('2c4dafc2-566a-41ae-9ebc-3097d7d22f4a') FROM CD_VRSN_TBL WHERE CD_ID = char_to_uuid('ca44a469-81d7-4484-9189-ca1d55afecbc') AND OBSLT_UTC IS NULL;--#!
INSERT INTO CD_REF_TERM_ASSOC_TBL(CD_REF_TERM_ID, REF_TERM_ID, CD_ID, EFFT_VRSN_SEQ_ID, REL_TYP_ID) SELECT gen_uuid(), char_to_uuid('81607aae-ece1-4bba-8cb3-d2a9f5d35067'), char_to_uuid('d874424e-c692-4fd8-b94e-642e1cbf83e9'), VRSN_SEQ_ID, char_to_uuid('2c4dafc2-566a-41ae-9ebc-3097d7d22f4a') FROM CD_VRSN_TBL WHERE CD_ID = char_to_uuid('d874424e-c692-4fd8-b94e-642e1cbf83e9') AND OBSLT_UTC IS NULL;--#!
INSERT INTO CD_REF_TERM_ASSOC_TBL(CD_REF_TERM_ID, REF_TERM_ID, CD_ID, EFFT_VRSN_SEQ_ID, REL_TYP_ID) SELECT gen_uuid(), char_to_uuid('34ef1f74-40b1-432c-9c86-5b77d3cd23c0'), char_to_uuid('846c2ccf-5b02-4b3f-beb4-3d69ce7830dd'), VRSN_SEQ_ID, char_to_uuid('2c4dafc2-566a-41ae-9ebc-3097d7d22f4a') FROM CD_VRSN_TBL WHERE CD_ID = char_to_uuid('846c2ccf-5b02-4b3f-beb4-3d69ce7830dd') AND OBSLT_UTC IS NULL;--#!
INSERT INTO CD_REF_TERM_ASSOC_TBL(CD_REF_TERM_ID, REF_TERM_ID, CD_ID, EFFT_VRSN_SEQ_ID, REL_TYP_ID) SELECT gen_uuid(), char_to_uuid('099ba749-979d-4ea1-a6fb-6b3253a25062'), char_to_uuid('03eb7808-0851-49e2-b773-663b0ac2bd38'), VRSN_SEQ_ID, char_to_uuid('2c4dafc2-566a-41ae-9ebc-3097d7d22f4a') FROM CD_VRSN_TBL WHERE CD_ID = char_to_uuid('03eb7808-0851-49e2-b773-663b0ac2bd38') AND OBSLT_UTC IS NULL;--#!
INSERT INTO CD_REF_TERM_ASSOC_TBL(CD_REF_TERM_ID, REF_TERM_ID, CD_ID, EFFT_VRSN_SEQ_ID, REL_TYP_ID) SELECT gen_uuid(), char_to_uuid('7d2cc381-306c-4d05-8644-e5781e9bcc9e'), char_to_uuid('1571297b-86ed-4002-8b40-13403cba68ab'), VRSN_SEQ_ID, char_to_uuid('2c4dafc2-566a-41ae-9ebc-3097d7d22f4a') FROM CD_VRSN_TBL WHERE CD_ID = char_to_uuid('1571297b-86ed-4002-8b40-13403cba68ab') AND OBSLT_UTC IS NULL;--#!
INSERT INTO CD_REF_TERM_ASSOC_TBL(CD_REF_TERM_ID, REF_TERM_ID, CD_ID, EFFT_VRSN_SEQ_ID, REL_TYP_ID) SELECT gen_uuid(), char_to_uuid('60d10daa-0f02-47d9-847d-abbfd07742df'), char_to_uuid('192f1768-d39e-409d-87be-5afd0ee0d1fe'), VRSN_SEQ_ID, char_to_uuid('2c4dafc2-566a-41ae-9ebc-3097d7d22f4a') FROM CD_VRSN_TBL WHERE CD_ID = char_to_uuid('192f1768-d39e-409d-87be-5afd0ee0d1fe') AND OBSLT_UTC IS NULL;--#!
INSERT INTO CD_REF_TERM_ASSOC_TBL(CD_REF_TERM_ID, REF_TERM_ID, CD_ID, EFFT_VRSN_SEQ_ID, REL_TYP_ID) SELECT gen_uuid(), char_to_uuid('51b3ea54-7f54-4700-a9cd-69c2478d2e49'), char_to_uuid('06af93c0-08fc-4df4-b084-190d680331e0'), VRSN_SEQ_ID, char_to_uuid('2c4dafc2-566a-41ae-9ebc-3097d7d22f4a') FROM CD_VRSN_TBL WHERE CD_ID = char_to_uuid('06af93c0-08fc-4df4-b084-190d680331e0') AND OBSLT_UTC IS NULL;--#!
INSERT INTO CD_REF_TERM_ASSOC_TBL(CD_REF_TERM_ID, REF_TERM_ID, CD_ID, EFFT_VRSN_SEQ_ID, REL_TYP_ID) SELECT gen_uuid(), char_to_uuid('e6422955-2c7d-4f32-a8e5-4e824f7bec4f'), char_to_uuid('6be8d358-f591-4a3a-9a57-1889b0147c7e'), VRSN_SEQ_ID, char_to_uuid('2c4dafc2-566a-41ae-9ebc-3097d7d22f4a') FROM CD_VRSN_TBL WHERE CD_ID = char_to_uuid('6be8d358-f591-4a3a-9a57-1889b0147c7e') AND OBSLT_UTC IS NULL;--#!
INSERT INTO CD_REF_TERM_ASSOC_TBL(CD_REF_TERM_ID, REF_TERM_ID, CD_ID, EFFT_VRSN_SEQ_ID, REL_TYP_ID) SELECT gen_uuid(), char_to_uuid('7784d6b7-218b-42c9-a767-186f070ba1c6'), char_to_uuid('7eae32b1-27ae-4e78-909b-9f7d07e1c446'), VRSN_SEQ_ID, char_to_uuid('2c4dafc2-566a-41ae-9ebc-3097d7d22f4a') FROM CD_VRSN_TBL WHERE CD_ID = char_to_uuid('7eae32b1-27ae-4e78-909b-9f7d07e1c446') AND OBSLT_UTC IS NULL;--#!
INSERT INTO CD_REF_TERM_ASSOC_TBL(CD_REF_TERM_ID, REF_TERM_ID, CD_ID, EFFT_VRSN_SEQ_ID, REL_TYP_ID) SELECT gen_uuid(), char_to_uuid('a9513fcc-4cf0-498c-87ab-2c55d29fc01d'), char_to_uuid('61677f76-dc05-466d-91de-47efc8e7a3e6'), VRSN_SEQ_ID, char_to_uuid('2c4dafc2-566a-41ae-9ebc-3097d7d22f4a') FROM CD_VRSN_TBL WHERE CD_ID = char_to_uuid('61677f76-dc05-466d-91de-47efc8e7a3e6') AND OBSLT_UTC IS NULL;--#!
INSERT INTO CD_REF_TERM_ASSOC_TBL(CD_REF_TERM_ID, REF_TERM_ID, CD_ID, EFFT_VRSN_SEQ_ID, REL_TYP_ID) SELECT gen_uuid(), char_to_uuid('79e22c9a-3549-4fa0-b172-5c8b14f971a7'), char_to_uuid('676de278-64aa-44f2-9b69-60d61fc1f5f5'), VRSN_SEQ_ID, char_to_uuid('2c4dafc2-566a-41ae-9ebc-3097d7d22f4a') FROM CD_VRSN_TBL WHERE CD_ID = char_to_uuid('676de278-64aa-44f2-9b69-60d61fc1f5f5') AND OBSLT_UTC IS NULL;--#!
INSERT INTO CD_REF_TERM_ASSOC_TBL(CD_REF_TERM_ID, REF_TERM_ID, CD_ID, EFFT_VRSN_SEQ_ID, REL_TYP_ID) SELECT gen_uuid(), char_to_uuid('e25859df-e131-4763-ab36-30f8a9b2d792'), char_to_uuid('d38091b5-9065-4721-8a1f-bfbb3b4bf447'), VRSN_SEQ_ID, char_to_uuid('2c4dafc2-566a-41ae-9ebc-3097d7d22f4a') FROM CD_VRSN_TBL WHERE CD_ID = char_to_uuid('d38091b5-9065-4721-8a1f-bfbb3b4bf447') AND OBSLT_UTC IS NULL;--#!
INSERT INTO CD_REF_TERM_ASSOC_TBL(CD_REF_TERM_ID, REF_TERM_ID, CD_ID, EFFT_VRSN_SEQ_ID, REL_TYP_ID) SELECT gen_uuid(), char_to_uuid('67207706-263c-4c71-958a-e96b0a9aaa3d'), char_to_uuid('3b14a426-6337-4f2a-b83b-e6be7dbcd5a5'), VRSN_SEQ_ID, char_to_uuid('2c4dafc2-566a-41ae-9ebc-3097d7d22f4a') FROM CD_VRSN_TBL WHERE CD_ID = char_to_uuid('3b14a426-6337-4f2a-b83b-e6be7dbcd5a5') AND OBSLT_UTC IS NULL;--#!
INSERT INTO CD_REF_TERM_ASSOC_TBL(CD_REF_TERM_ID, REF_TERM_ID, CD_ID, EFFT_VRSN_SEQ_ID, REL_TYP_ID) SELECT gen_uuid(), char_to_uuid('eb93e8af-e880-4684-a553-7651364cee4f'), char_to_uuid('ec74541f-87c4-4327-a4b9-97f325501747'), VRSN_SEQ_ID, char_to_uuid('2c4dafc2-566a-41ae-9ebc-3097d7d22f4a') FROM CD_VRSN_TBL WHERE CD_ID = char_to_uuid('ec74541f-87c4-4327-a4b9-97f325501747') AND OBSLT_UTC IS NULL;--#!
INSERT INTO CD_REF_TERM_ASSOC_TBL(CD_REF_TERM_ID, REF_TERM_ID, CD_ID, EFFT_VRSN_SEQ_ID, REL_TYP_ID) SELECT gen_uuid(), char_to_uuid('9c8b956b-ceac-49a7-bcd3-ea8a8b111b72'), char_to_uuid('13925967-e748-4dd6-b562-1e1da3ddfb06'), VRSN_SEQ_ID, char_to_uuid('2c4dafc2-566a-41ae-9ebc-3097d7d22f4a') FROM CD_VRSN_TBL WHERE CD_ID = char_to_uuid('13925967-e748-4dd6-b562-1e1da3ddfb06') AND OBSLT_UTC IS NULL;--#!
INSERT INTO CD_REF_TERM_ASSOC_TBL(CD_REF_TERM_ID, REF_TERM_ID, CD_ID, EFFT_VRSN_SEQ_ID, REL_TYP_ID) SELECT gen_uuid(), char_to_uuid('ccb14398-0b75-40f4-b3f3-c7af49ef1518'), char_to_uuid('099bcc5e-8e2f-4d50-b509-9f9d5bbeb58e'), VRSN_SEQ_ID, char_to_uuid('2c4dafc2-566a-41ae-9ebc-3097d7d22f4a') FROM CD_VRSN_TBL WHERE CD_ID = char_to_uuid('099bcc5e-8e2f-4d50-b509-9f9d5bbeb58e') AND OBSLT_UTC IS NULL;--#!
INSERT INTO CD_REF_TERM_ASSOC_TBL(CD_REF_TERM_ID, REF_TERM_ID, CD_ID, EFFT_VRSN_SEQ_ID, REL_TYP_ID) SELECT gen_uuid(), char_to_uuid('bd98202d-48a2-4a29-b6ab-2bf2be5479f7'), char_to_uuid('acf7baf2-221f-4bc2-8116-ceb5165be079'), VRSN_SEQ_ID, char_to_uuid('2c4dafc2-566a-41ae-9ebc-3097d7d22f4a') FROM CD_VRSN_TBL WHERE CD_ID = char_to_uuid('acf7baf2-221f-4bc2-8116-ceb5165be079') AND OBSLT_UTC IS NULL;--#!
INSERT INTO CD_REF_TERM_ASSOC_TBL(CD_REF_TERM_ID, REF_TERM_ID, CD_ID, EFFT_VRSN_SEQ_ID, REL_TYP_ID) SELECT gen_uuid(), char_to_uuid('ee5b963f-6aac-452a-bd2e-aba28630240f'), char_to_uuid('dc3df205-18ef-4854-ac00-68c295c9c744'), VRSN_SEQ_ID, char_to_uuid('2c4dafc2-566a-41ae-9ebc-3097d7d22f4a') FROM CD_VRSN_TBL WHERE CD_ID = char_to_uuid('dc3df205-18ef-4854-ac00-68c295c9c744') AND OBSLT_UTC IS NULL;--#!
INSERT INTO CD_REF_TERM_ASSOC_TBL(CD_REF_TERM_ID, REF_TERM_ID, CD_ID, EFFT_VRSN_SEQ_ID, REL_TYP_ID) SELECT gen_uuid(), char_to_uuid('221f6952-7635-4466-8276-cd93b83159e7'), char_to_uuid('d1578637-e1cb-415e-b319-4011da033813'), VRSN_SEQ_ID, char_to_uuid('2c4dafc2-566a-41ae-9ebc-3097d7d22f4a') FROM CD_VRSN_TBL WHERE CD_ID = char_to_uuid('d1578637-e1cb-415e-b319-4011da033813') AND OBSLT_UTC IS NULL;--#!
INSERT INTO CD_REF_TERM_ASSOC_TBL(CD_REF_TERM_ID, REF_TERM_ID, CD_ID, EFFT_VRSN_SEQ_ID, REL_TYP_ID) SELECT gen_uuid(), char_to_uuid('c62e8129-f15d-4de8-b58e-8ba1ae9126e9'), char_to_uuid('db2ae02a-ff12-4c1b-9c5b-ecdd41af8583'), VRSN_SEQ_ID, char_to_uuid('2c4dafc2-566a-41ae-9ebc-3097d7d22f4a') FROM CD_VRSN_TBL WHERE CD_ID = char_to_uuid('db2ae02a-ff12-4c1b-9c5b-ecdd41af8583') AND OBSLT_UTC IS NULL;--#!
INSERT INTO CD_REF_TERM_ASSOC_TBL(CD_REF_TERM_ID, REF_TERM_ID, CD_ID, EFFT_VRSN_SEQ_ID, REL_TYP_ID) SELECT gen_uuid(), char_to_uuid('a6f1b2c4-0b3f-49fa-87b3-cd9d3e2865e1'), char_to_uuid('78b9540f-438b-4b6f-8d83-aaf4979dbc64'), VRSN_SEQ_ID, char_to_uuid('2c4dafc2-566a-41ae-9ebc-3097d7d22f4a') FROM CD_VRSN_TBL WHERE CD_ID = char_to_uuid('78b9540f-438b-4b6f-8d83-aaf4979dbc64') AND OBSLT_UTC IS NULL;--#!
INSERT INTO CD_REF_TERM_ASSOC_TBL(CD_REF_TERM_ID, REF_TERM_ID, CD_ID, EFFT_VRSN_SEQ_ID, REL_TYP_ID) SELECT gen_uuid(), char_to_uuid('1f250c4f-0442-48b5-aaee-db711531536a'), char_to_uuid('81b6a0f8-b86a-495f-9d5d-8a4073fdd882'), VRSN_SEQ_ID, char_to_uuid('2c4dafc2-566a-41ae-9ebc-3097d7d22f4a') FROM CD_VRSN_TBL WHERE CD_ID = char_to_uuid('81b6a0f8-b86a-495f-9d5d-8a4073fdd882') AND OBSLT_UTC IS NULL;--#!
INSERT INTO CD_REF_TERM_ASSOC_TBL(CD_REF_TERM_ID, REF_TERM_ID, CD_ID, EFFT_VRSN_SEQ_ID, REL_TYP_ID) SELECT gen_uuid(), char_to_uuid('abf031be-7c1d-42fc-872d-0d6e37e91442'), char_to_uuid('57d81685-e399-4abd-8744-96454188a9fa'), VRSN_SEQ_ID, char_to_uuid('2c4dafc2-566a-41ae-9ebc-3097d7d22f4a') FROM CD_VRSN_TBL WHERE CD_ID = char_to_uuid('57d81685-e399-4abd-8744-96454188a9fa') AND OBSLT_UTC IS NULL;--#!
INSERT INTO CD_REF_TERM_ASSOC_TBL(CD_REF_TERM_ID, REF_TERM_ID, CD_ID, EFFT_VRSN_SEQ_ID, REL_TYP_ID) SELECT gen_uuid(), char_to_uuid('a6f1b2c4-0b3f-49fa-87b3-cd9d3e2865e1'), char_to_uuid('78b9540f-438b-4b6f-8d83-aaf4979dbc64'), VRSN_SEQ_ID, char_to_uuid('2c4dafc2-566a-41ae-9ebc-3097d7d22f4a') FROM CD_VRSN_TBL WHERE CD_ID = char_to_uuid('78b9540f-438b-4b6f-8d83-aaf4979dbc64') AND OBSLT_UTC IS NULL;--#!
INSERT INTO CD_REF_TERM_ASSOC_TBL(CD_REF_TERM_ID, REF_TERM_ID, CD_ID, EFFT_VRSN_SEQ_ID, REL_TYP_ID) SELECT gen_uuid(), char_to_uuid('a87084fd-a552-4a87-b756-171654198d87'), char_to_uuid('8dbeac94-cccb-4412-a990-09bab26dd048'), VRSN_SEQ_ID, char_to_uuid('2c4dafc2-566a-41ae-9ebc-3097d7d22f4a') FROM CD_VRSN_TBL WHERE CD_ID = char_to_uuid('8dbeac94-cccb-4412-a990-09bab26dd048') AND OBSLT_UTC IS NULL;--#!
INSERT INTO CD_REF_TERM_ASSOC_TBL(CD_REF_TERM_ID, REF_TERM_ID, CD_ID, EFFT_VRSN_SEQ_ID, REL_TYP_ID) SELECT gen_uuid(), char_to_uuid('c1ea1b70-37d8-4f71-98e7-237ab0386b4f'), char_to_uuid('22918d17-d3dc-4135-a003-4c1c52e57e75'), VRSN_SEQ_ID, char_to_uuid('2c4dafc2-566a-41ae-9ebc-3097d7d22f4a') FROM CD_VRSN_TBL WHERE CD_ID = char_to_uuid('22918d17-d3dc-4135-a003-4c1c52e57e75') AND OBSLT_UTC IS NULL;--#!
INSERT INTO CD_REF_TERM_ASSOC_TBL(CD_REF_TERM_ID, REF_TERM_ID, CD_ID, EFFT_VRSN_SEQ_ID, REL_TYP_ID) SELECT gen_uuid(), char_to_uuid('dc6423f4-88a4-4f91-b4fe-e7843dced168'), char_to_uuid('8fce259a-b859-4ae3-8160-0221f6ab1650'), VRSN_SEQ_ID, char_to_uuid('2c4dafc2-566a-41ae-9ebc-3097d7d22f4a') FROM CD_VRSN_TBL WHERE CD_ID = char_to_uuid('8fce259a-b859-4ae3-8160-0221f6ab1650') AND OBSLT_UTC IS NULL;--#!
INSERT INTO CD_REF_TERM_ASSOC_TBL(CD_REF_TERM_ID, REF_TERM_ID, CD_ID, EFFT_VRSN_SEQ_ID, REL_TYP_ID) SELECT gen_uuid(), char_to_uuid('6d3c7931-e873-47b7-9de7-2dea769e08a2'), char_to_uuid('55da61a2-7b86-47f3-9b0b-ba47dc99c950'), VRSN_SEQ_ID, char_to_uuid('2c4dafc2-566a-41ae-9ebc-3097d7d22f4a') FROM CD_VRSN_TBL WHERE CD_ID = char_to_uuid('55da61a2-7b86-47f3-9b0b-ba47dc99c950') AND OBSLT_UTC IS NULL;--#!
INSERT INTO CD_REF_TERM_ASSOC_TBL(CD_REF_TERM_ID, REF_TERM_ID, CD_ID, EFFT_VRSN_SEQ_ID, REL_TYP_ID) SELECT gen_uuid(), char_to_uuid('f453d868-844e-4d65-ad77-0c6c15ea7291'), char_to_uuid('c66d7ca9-c6c2-46b1-9276-ad76baf04b07'), VRSN_SEQ_ID, char_to_uuid('2c4dafc2-566a-41ae-9ebc-3097d7d22f4a') FROM CD_VRSN_TBL WHERE CD_ID = char_to_uuid('c66d7ca9-c6c2-46b1-9276-ad76baf04b07') AND OBSLT_UTC IS NULL;--#!
INSERT INTO CD_REF_TERM_ASSOC_TBL(CD_REF_TERM_ID, REF_TERM_ID, CD_ID, EFFT_VRSN_SEQ_ID, REL_TYP_ID) SELECT gen_uuid(), char_to_uuid('8a65c531-b4dd-43cc-9c55-e064d07533ce'), char_to_uuid('3209e3f1-2258-4b63-8182-2c888da66cf0'), VRSN_SEQ_ID, char_to_uuid('2c4dafc2-566a-41ae-9ebc-3097d7d22f4a') FROM CD_VRSN_TBL WHERE CD_ID = char_to_uuid('3209e3f1-2258-4b63-8182-2c888da66cf0') AND OBSLT_UTC IS NULL;--#!
INSERT INTO CD_REF_TERM_ASSOC_TBL(CD_REF_TERM_ID, REF_TERM_ID, CD_ID, EFFT_VRSN_SEQ_ID, REL_TYP_ID) SELECT gen_uuid(), char_to_uuid('9ae7e874-5c64-4867-8c84-c63ee5599b9c'), char_to_uuid('9871c3bc-b57a-479d-a031-7b56cb06fa84'), VRSN_SEQ_ID, char_to_uuid('2c4dafc2-566a-41ae-9ebc-3097d7d22f4a') FROM CD_VRSN_TBL WHERE CD_ID = char_to_uuid('9871c3bc-b57a-479d-a031-7b56cb06fa84') AND OBSLT_UTC IS NULL;--#!
INSERT INTO CD_REF_TERM_ASSOC_TBL(CD_REF_TERM_ID, REF_TERM_ID, CD_ID, EFFT_VRSN_SEQ_ID, REL_TYP_ID) SELECT gen_uuid(), char_to_uuid('060d431f-ba54-4312-a5d8-bb3bcefa1dd1'), char_to_uuid('ffc6e905-161d-4c0b-8cde-a04e9e9d0cd5'), VRSN_SEQ_ID, char_to_uuid('2c4dafc2-566a-41ae-9ebc-3097d7d22f4a') FROM CD_VRSN_TBL WHERE CD_ID = char_to_uuid('ffc6e905-161d-4c0b-8cde-a04e9e9d0cd5') AND OBSLT_UTC IS NULL;--#!
INSERT INTO CD_REF_TERM_ASSOC_TBL(CD_REF_TERM_ID, REF_TERM_ID, CD_ID, EFFT_VRSN_SEQ_ID, REL_TYP_ID) SELECT gen_uuid(), char_to_uuid('ee66d7f2-4f2e-471d-a032-142f8f6c08e4'), char_to_uuid('ebf9ac10-b5c9-407a-91a4-360bfb7e0fb9'), VRSN_SEQ_ID, char_to_uuid('2c4dafc2-566a-41ae-9ebc-3097d7d22f4a') FROM CD_VRSN_TBL WHERE CD_ID = char_to_uuid('ebf9ac10-b5c9-407a-91a4-360bfb7e0fb9') AND OBSLT_UTC IS NULL;--#!
INSERT INTO CD_REF_TERM_ASSOC_TBL(CD_REF_TERM_ID, REF_TERM_ID, CD_ID, EFFT_VRSN_SEQ_ID, REL_TYP_ID) SELECT gen_uuid(), char_to_uuid('dc6423f4-88a4-4f91-b4fe-e7843dced168'), char_to_uuid('8fce259a-b859-4ae3-8160-0221f6ab1650'), VRSN_SEQ_ID, char_to_uuid('2c4dafc2-566a-41ae-9ebc-3097d7d22f4a') FROM CD_VRSN_TBL WHERE CD_ID = char_to_uuid('8fce259a-b859-4ae3-8160-0221f6ab1650') AND OBSLT_UTC IS NULL;--#!
INSERT INTO CD_REF_TERM_ASSOC_TBL(CD_REF_TERM_ID, REF_TERM_ID, CD_ID, EFFT_VRSN_SEQ_ID, REL_TYP_ID) SELECT gen_uuid(), char_to_uuid('221f6952-7635-4466-8276-cd93b83159e7'), char_to_uuid('d1578637-e1cb-415e-b319-4011da033813'), VRSN_SEQ_ID, char_to_uuid('2c4dafc2-566a-41ae-9ebc-3097d7d22f4a') FROM CD_VRSN_TBL WHERE CD_ID = char_to_uuid('d1578637-e1cb-415e-b319-4011da033813') AND OBSLT_UTC IS NULL;--#!
INSERT INTO CD_REF_TERM_ASSOC_TBL(CD_REF_TERM_ID, REF_TERM_ID, CD_ID, EFFT_VRSN_SEQ_ID, REL_TYP_ID) SELECT gen_uuid(), char_to_uuid('8a65c531-b4dd-43cc-9c55-e064d07533ce'), char_to_uuid('3209e3f1-2258-4b63-8182-2c888da66cf0'), VRSN_SEQ_ID, char_to_uuid('2c4dafc2-566a-41ae-9ebc-3097d7d22f4a') FROM CD_VRSN_TBL WHERE CD_ID = char_to_uuid('3209e3f1-2258-4b63-8182-2c888da66cf0') AND OBSLT_UTC IS NULL;--#!
INSERT INTO CD_REF_TERM_ASSOC_TBL(CD_REF_TERM_ID, REF_TERM_ID, CD_ID, EFFT_VRSN_SEQ_ID, REL_TYP_ID) SELECT gen_uuid(), char_to_uuid('9ae7e874-5c64-4867-8c84-c63ee5599b9c'), char_to_uuid('9871c3bc-b57a-479d-a031-7b56cb06fa84'), VRSN_SEQ_ID, char_to_uuid('2c4dafc2-566a-41ae-9ebc-3097d7d22f4a') FROM CD_VRSN_TBL WHERE CD_ID = char_to_uuid('9871c3bc-b57a-479d-a031-7b56cb06fa84') AND OBSLT_UTC IS NULL;--#!
INSERT INTO CD_REF_TERM_ASSOC_TBL(CD_REF_TERM_ID, REF_TERM_ID, CD_ID, EFFT_VRSN_SEQ_ID, REL_TYP_ID) SELECT gen_uuid(), char_to_uuid('060d431f-ba54-4312-a5d8-bb3bcefa1dd1'), char_to_uuid('ffc6e905-161d-4c0b-8cde-a04e9e9d0cd5'), VRSN_SEQ_ID, char_to_uuid('2c4dafc2-566a-41ae-9ebc-3097d7d22f4a') FROM CD_VRSN_TBL WHERE CD_ID = char_to_uuid('ffc6e905-161d-4c0b-8cde-a04e9e9d0cd5') AND OBSLT_UTC IS NULL;--#!
INSERT INTO CD_REF_TERM_ASSOC_TBL(CD_REF_TERM_ID, REF_TERM_ID, CD_ID, EFFT_VRSN_SEQ_ID, REL_TYP_ID) SELECT gen_uuid(), char_to_uuid('a5fc7cb9-e77d-4a32-85d5-0089f5b87978'), char_to_uuid('c46eee70-5612-473f-8d24-595ea15c9c39'), VRSN_SEQ_ID, char_to_uuid('2c4dafc2-566a-41ae-9ebc-3097d7d22f4a') FROM CD_VRSN_TBL WHERE CD_ID = char_to_uuid('c46eee70-5612-473f-8d24-595ea15c9c39') AND OBSLT_UTC IS NULL;--#!
INSERT INTO CD_REF_TERM_ASSOC_TBL(CD_REF_TERM_ID, REF_TERM_ID, CD_ID, EFFT_VRSN_SEQ_ID, REL_TYP_ID) SELECT gen_uuid(), char_to_uuid('1419b157-af85-447f-a490-0d5b95dbd6cc'), char_to_uuid('0395f357-6821-4562-8192-49ac3c94f548'), VRSN_SEQ_ID, char_to_uuid('2c4dafc2-566a-41ae-9ebc-3097d7d22f4a') FROM CD_VRSN_TBL WHERE CD_ID = char_to_uuid('0395f357-6821-4562-8192-49ac3c94f548') AND OBSLT_UTC IS NULL;--#!
INSERT INTO CD_REF_TERM_ASSOC_TBL(CD_REF_TERM_ID, REF_TERM_ID, CD_ID, EFFT_VRSN_SEQ_ID, REL_TYP_ID) SELECT gen_uuid(), char_to_uuid('67207706-263c-4c71-958a-e96b0a9aaa3d'), char_to_uuid('3b14a426-6337-4f2a-b83b-e6be7dbcd5a5'), VRSN_SEQ_ID, char_to_uuid('2c4dafc2-566a-41ae-9ebc-3097d7d22f4a') FROM CD_VRSN_TBL WHERE CD_ID = char_to_uuid('3b14a426-6337-4f2a-b83b-e6be7dbcd5a5') AND OBSLT_UTC IS NULL;--#!
INSERT INTO CD_REF_TERM_ASSOC_TBL(CD_REF_TERM_ID, REF_TERM_ID, CD_ID, EFFT_VRSN_SEQ_ID, REL_TYP_ID) SELECT gen_uuid(), char_to_uuid('eb93e8af-e880-4684-a553-7651364cee4f'), char_to_uuid('ec74541f-87c4-4327-a4b9-97f325501747'), VRSN_SEQ_ID, char_to_uuid('2c4dafc2-566a-41ae-9ebc-3097d7d22f4a') FROM CD_VRSN_TBL WHERE CD_ID = char_to_uuid('ec74541f-87c4-4327-a4b9-97f325501747') AND OBSLT_UTC IS NULL;--#!
INSERT INTO CD_REF_TERM_ASSOC_TBL(CD_REF_TERM_ID, REF_TERM_ID, CD_ID, EFFT_VRSN_SEQ_ID, REL_TYP_ID) SELECT gen_uuid(), char_to_uuid('ccb14398-0b75-40f4-b3f3-c7af49ef1518'), char_to_uuid('099bcc5e-8e2f-4d50-b509-9f9d5bbeb58e'), VRSN_SEQ_ID, char_to_uuid('2c4dafc2-566a-41ae-9ebc-3097d7d22f4a') FROM CD_VRSN_TBL WHERE CD_ID = char_to_uuid('099bcc5e-8e2f-4d50-b509-9f9d5bbeb58e') AND OBSLT_UTC IS NULL;--#!
INSERT INTO CD_REF_TERM_ASSOC_TBL(CD_REF_TERM_ID, REF_TERM_ID, CD_ID, EFFT_VRSN_SEQ_ID, REL_TYP_ID) SELECT gen_uuid(), char_to_uuid('bd98202d-48a2-4a29-b6ab-2bf2be5479f7'), char_to_uuid('acf7baf2-221f-4bc2-8116-ceb5165be079'), VRSN_SEQ_ID, char_to_uuid('2c4dafc2-566a-41ae-9ebc-3097d7d22f4a') FROM CD_VRSN_TBL WHERE CD_ID = char_to_uuid('acf7baf2-221f-4bc2-8116-ceb5165be079') AND OBSLT_UTC IS NULL;--#!
INSERT INTO CD_REF_TERM_ASSOC_TBL(CD_REF_TERM_ID, REF_TERM_ID, CD_ID, EFFT_VRSN_SEQ_ID, REL_TYP_ID) SELECT gen_uuid(), char_to_uuid('a5fc7cb9-e77d-4a32-85d5-0089f5b87978'), char_to_uuid('c46eee70-5612-473f-8d24-595ea15c9c39'), VRSN_SEQ_ID, char_to_uuid('2c4dafc2-566a-41ae-9ebc-3097d7d22f4a') FROM CD_VRSN_TBL WHERE CD_ID = char_to_uuid('c46eee70-5612-473f-8d24-595ea15c9c39') AND OBSLT_UTC IS NULL;--#!
INSERT INTO CD_REF_TERM_ASSOC_TBL(CD_REF_TERM_ID, REF_TERM_ID, CD_ID, EFFT_VRSN_SEQ_ID, REL_TYP_ID) SELECT gen_uuid(), char_to_uuid('1419b157-af85-447f-a490-0d5b95dbd6cc'), char_to_uuid('0395f357-6821-4562-8192-49ac3c94f548'), VRSN_SEQ_ID, char_to_uuid('2c4dafc2-566a-41ae-9ebc-3097d7d22f4a') FROM CD_VRSN_TBL WHERE CD_ID = char_to_uuid('0395f357-6821-4562-8192-49ac3c94f548') AND OBSLT_UTC IS NULL;--#!
INSERT INTO CD_REF_TERM_ASSOC_TBL(CD_REF_TERM_ID, REF_TERM_ID, CD_ID, EFFT_VRSN_SEQ_ID, REL_TYP_ID) SELECT gen_uuid(), char_to_uuid('eb93e8af-e880-4684-a553-7651364cee4f'), char_to_uuid('ec74541f-87c4-4327-a4b9-97f325501747'), VRSN_SEQ_ID, char_to_uuid('2c4dafc2-566a-41ae-9ebc-3097d7d22f4a') FROM CD_VRSN_TBL WHERE CD_ID = char_to_uuid('ec74541f-87c4-4327-a4b9-97f325501747') AND OBSLT_UTC IS NULL;--#!
INSERT INTO CD_REF_TERM_ASSOC_TBL(CD_REF_TERM_ID, REF_TERM_ID, CD_ID, EFFT_VRSN_SEQ_ID, REL_TYP_ID) SELECT gen_uuid(), char_to_uuid('ccb14398-0b75-40f4-b3f3-c7af49ef1518'), char_to_uuid('099bcc5e-8e2f-4d50-b509-9f9d5bbeb58e'), VRSN_SEQ_ID, char_to_uuid('2c4dafc2-566a-41ae-9ebc-3097d7d22f4a') FROM CD_VRSN_TBL WHERE CD_ID = char_to_uuid('099bcc5e-8e2f-4d50-b509-9f9d5bbeb58e') AND OBSLT_UTC IS NULL;--#!
INSERT INTO CD_REF_TERM_ASSOC_TBL(CD_REF_TERM_ID, REF_TERM_ID, CD_ID, EFFT_VRSN_SEQ_ID, REL_TYP_ID) SELECT gen_uuid(), char_to_uuid('bd98202d-48a2-4a29-b6ab-2bf2be5479f7'), char_to_uuid('acf7baf2-221f-4bc2-8116-ceb5165be079'), VRSN_SEQ_ID, char_to_uuid('2c4dafc2-566a-41ae-9ebc-3097d7d22f4a') FROM CD_VRSN_TBL WHERE CD_ID = char_to_uuid('acf7baf2-221f-4bc2-8116-ceb5165be079') AND OBSLT_UTC IS NULL;--#!
INSERT INTO CD_REF_TERM_ASSOC_TBL(CD_REF_TERM_ID, REF_TERM_ID, CD_ID, EFFT_VRSN_SEQ_ID, REL_TYP_ID) SELECT gen_uuid(), char_to_uuid('a5fc7cb9-e77d-4a32-85d5-0089f5b87978'), char_to_uuid('c46eee70-5612-473f-8d24-595ea15c9c39'), VRSN_SEQ_ID, char_to_uuid('2c4dafc2-566a-41ae-9ebc-3097d7d22f4a') FROM CD_VRSN_TBL WHERE CD_ID = char_to_uuid('c46eee70-5612-473f-8d24-595ea15c9c39') AND OBSLT_UTC IS NULL;--#!
INSERT INTO CD_REF_TERM_ASSOC_TBL(CD_REF_TERM_ID, REF_TERM_ID, CD_ID, EFFT_VRSN_SEQ_ID, REL_TYP_ID) SELECT gen_uuid(), char_to_uuid('1419b157-af85-447f-a490-0d5b95dbd6cc'), char_to_uuid('0395f357-6821-4562-8192-49ac3c94f548'), VRSN_SEQ_ID, char_to_uuid('2c4dafc2-566a-41ae-9ebc-3097d7d22f4a') FROM CD_VRSN_TBL WHERE CD_ID = char_to_uuid('0395f357-6821-4562-8192-49ac3c94f548') AND OBSLT_UTC IS NULL;--#!
INSERT INTO CD_REF_TERM_ASSOC_TBL(CD_REF_TERM_ID, REF_TERM_ID, CD_ID, EFFT_VRSN_SEQ_ID, REL_TYP_ID) SELECT gen_uuid(), char_to_uuid('67207706-263c-4c71-958a-e96b0a9aaa3d'), char_to_uuid('3b14a426-6337-4f2a-b83b-e6be7dbcd5a5'), VRSN_SEQ_ID, char_to_uuid('2c4dafc2-566a-41ae-9ebc-3097d7d22f4a') FROM CD_VRSN_TBL WHERE CD_ID = char_to_uuid('3b14a426-6337-4f2a-b83b-e6be7dbcd5a5') AND OBSLT_UTC IS NULL;--#!
INSERT INTO CD_REF_TERM_ASSOC_TBL(CD_REF_TERM_ID, REF_TERM_ID, CD_ID, EFFT_VRSN_SEQ_ID, REL_TYP_ID) SELECT gen_uuid(), char_to_uuid('eb93e8af-e880-4684-a553-7651364cee4f'), char_to_uuid('ec74541f-87c4-4327-a4b9-97f325501747'), VRSN_SEQ_ID, char_to_uuid('2c4dafc2-566a-41ae-9ebc-3097d7d22f4a') FROM CD_VRSN_TBL WHERE CD_ID = char_to_uuid('ec74541f-87c4-4327-a4b9-97f325501747') AND OBSLT_UTC IS NULL;--#!
INSERT INTO CD_REF_TERM_ASSOC_TBL(CD_REF_TERM_ID, REF_TERM_ID, CD_ID, EFFT_VRSN_SEQ_ID, REL_TYP_ID) SELECT gen_uuid(), char_to_uuid('ccb14398-0b75-40f4-b3f3-c7af49ef1518'), char_to_uuid('099bcc5e-8e2f-4d50-b509-9f9d5bbeb58e'), VRSN_SEQ_ID, char_to_uuid('2c4dafc2-566a-41ae-9ebc-3097d7d22f4a') FROM CD_VRSN_TBL WHERE CD_ID = char_to_uuid('099bcc5e-8e2f-4d50-b509-9f9d5bbeb58e') AND OBSLT_UTC IS NULL;--#!
INSERT INTO CD_REF_TERM_ASSOC_TBL(CD_REF_TERM_ID, REF_TERM_ID, CD_ID, EFFT_VRSN_SEQ_ID, REL_TYP_ID) SELECT gen_uuid(), char_to_uuid('bd98202d-48a2-4a29-b6ab-2bf2be5479f7'), char_to_uuid('acf7baf2-221f-4bc2-8116-ceb5165be079'), VRSN_SEQ_ID, char_to_uuid('2c4dafc2-566a-41ae-9ebc-3097d7d22f4a') FROM CD_VRSN_TBL WHERE CD_ID = char_to_uuid('acf7baf2-221f-4bc2-8116-ceb5165be079') AND OBSLT_UTC IS NULL;--#!
INSERT INTO CD_REF_TERM_ASSOC_TBL(CD_REF_TERM_ID, REF_TERM_ID, CD_ID, EFFT_VRSN_SEQ_ID, REL_TYP_ID) SELECT gen_uuid(), char_to_uuid('266cdd72-5657-44f8-8109-432a43e368f4'), char_to_uuid('bacd9c6f-3fa9-481e-9636-37457962804d'), VRSN_SEQ_ID, char_to_uuid('2c4dafc2-566a-41ae-9ebc-3097d7d22f4a') FROM CD_VRSN_TBL WHERE CD_ID = char_to_uuid('bacd9c6f-3fa9-481e-9636-37457962804d') AND OBSLT_UTC IS NULL;--#!
INSERT INTO CD_REF_TERM_ASSOC_TBL(CD_REF_TERM_ID, REF_TERM_ID, CD_ID, EFFT_VRSN_SEQ_ID, REL_TYP_ID) SELECT gen_uuid(), char_to_uuid('ae48ba4f-a9ac-4f9b-bfa6-78d7921012fe'), char_to_uuid('abfd3fe8-9526-48fb-b366-35baca9bd170'), VRSN_SEQ_ID, char_to_uuid('2c4dafc2-566a-41ae-9ebc-3097d7d22f4a') FROM CD_VRSN_TBL WHERE CD_ID = char_to_uuid('abfd3fe8-9526-48fb-b366-35baca9bd170') AND OBSLT_UTC IS NULL;--#!
INSERT INTO CD_REF_TERM_ASSOC_TBL(CD_REF_TERM_ID, REF_TERM_ID, CD_ID, EFFT_VRSN_SEQ_ID, REL_TYP_ID) SELECT gen_uuid(), char_to_uuid('eb93e8af-e880-4684-a553-7651364cee4f'), char_to_uuid('ec74541f-87c4-4327-a4b9-97f325501747'), VRSN_SEQ_ID, char_to_uuid('2c4dafc2-566a-41ae-9ebc-3097d7d22f4a') FROM CD_VRSN_TBL WHERE CD_ID = char_to_uuid('ec74541f-87c4-4327-a4b9-97f325501747') AND OBSLT_UTC IS NULL;--#!
INSERT INTO CD_REF_TERM_ASSOC_TBL(CD_REF_TERM_ID, REF_TERM_ID, CD_ID, EFFT_VRSN_SEQ_ID, REL_TYP_ID) SELECT gen_uuid(), char_to_uuid('ccb14398-0b75-40f4-b3f3-c7af49ef1518'), char_to_uuid('099bcc5e-8e2f-4d50-b509-9f9d5bbeb58e'), VRSN_SEQ_ID, char_to_uuid('2c4dafc2-566a-41ae-9ebc-3097d7d22f4a') FROM CD_VRSN_TBL WHERE CD_ID = char_to_uuid('099bcc5e-8e2f-4d50-b509-9f9d5bbeb58e') AND OBSLT_UTC IS NULL;--#!
INSERT INTO CD_REF_TERM_ASSOC_TBL(CD_REF_TERM_ID, REF_TERM_ID, CD_ID, EFFT_VRSN_SEQ_ID, REL_TYP_ID) SELECT gen_uuid(), char_to_uuid('bd98202d-48a2-4a29-b6ab-2bf2be5479f7'), char_to_uuid('acf7baf2-221f-4bc2-8116-ceb5165be079'), VRSN_SEQ_ID, char_to_uuid('2c4dafc2-566a-41ae-9ebc-3097d7d22f4a') FROM CD_VRSN_TBL WHERE CD_ID = char_to_uuid('acf7baf2-221f-4bc2-8116-ceb5165be079') AND OBSLT_UTC IS NULL;--#!
INSERT INTO CD_REF_TERM_ASSOC_TBL(CD_REF_TERM_ID, REF_TERM_ID, CD_ID, EFFT_VRSN_SEQ_ID, REL_TYP_ID) SELECT gen_uuid(), char_to_uuid('2f18c510-1493-4764-b102-7881671586ed'), char_to_uuid('a0174216-6439-4351-9483-a241a48029b7'), VRSN_SEQ_ID, char_to_uuid('2c4dafc2-566a-41ae-9ebc-3097d7d22f4a') FROM CD_VRSN_TBL WHERE CD_ID = char_to_uuid('a0174216-6439-4351-9483-a241a48029b7') AND OBSLT_UTC IS NULL;--#!
INSERT INTO CD_REF_TERM_ASSOC_TBL(CD_REF_TERM_ID, REF_TERM_ID, CD_ID, EFFT_VRSN_SEQ_ID, REL_TYP_ID) SELECT gen_uuid(), char_to_uuid('332f68b4-ab20-443d-a37d-f7d0ec5e44f5'), char_to_uuid('6cbf29ad-ac51-48c9-885a-cfe3026ecf6e'), VRSN_SEQ_ID, char_to_uuid('2c4dafc2-566a-41ae-9ebc-3097d7d22f4a') FROM CD_VRSN_TBL WHERE CD_ID = char_to_uuid('6cbf29ad-ac51-48c9-885a-cfe3026ecf6e') AND OBSLT_UTC IS NULL;--#!
INSERT INTO CD_REF_TERM_ASSOC_TBL(CD_REF_TERM_ID, REF_TERM_ID, CD_ID, EFFT_VRSN_SEQ_ID, REL_TYP_ID) SELECT gen_uuid(), char_to_uuid('33d57233-b119-4925-8235-170e30060ed7'), char_to_uuid('0a364ad7-f961-4d8a-93f0-1fd4176548b3'), VRSN_SEQ_ID, char_to_uuid('2c4dafc2-566a-41ae-9ebc-3097d7d22f4a') FROM CD_VRSN_TBL WHERE CD_ID = char_to_uuid('0a364ad7-f961-4d8a-93f0-1fd4176548b3') AND OBSLT_UTC IS NULL;--#!
INSERT INTO CD_REF_TERM_ASSOC_TBL(CD_REF_TERM_ID, REF_TERM_ID, CD_ID, EFFT_VRSN_SEQ_ID, REL_TYP_ID) SELECT gen_uuid(), char_to_uuid('85721308-da99-4d46-aaa3-054f4576f15e'), char_to_uuid('a2594e6e-e8fe-4c68-82a5-d3a46dbec87d'), VRSN_SEQ_ID, char_to_uuid('2c4dafc2-566a-41ae-9ebc-3097d7d22f4a') FROM CD_VRSN_TBL WHERE CD_ID = char_to_uuid('a2594e6e-e8fe-4c68-82a5-d3a46dbec87d') AND OBSLT_UTC IS NULL;--#!
INSERT INTO CD_REF_TERM_ASSOC_TBL(CD_REF_TERM_ID, REF_TERM_ID, CD_ID, EFFT_VRSN_SEQ_ID, REL_TYP_ID) SELECT gen_uuid(), char_to_uuid('d5977dd7-6ce5-4319-843d-870b83497029'), char_to_uuid('5e8e0f8b-bc23-4847-82ab-49b8dd79981e'), VRSN_SEQ_ID, char_to_uuid('2c4dafc2-566a-41ae-9ebc-3097d7d22f4a') FROM CD_VRSN_TBL WHERE CD_ID = char_to_uuid('5e8e0f8b-bc23-4847-82ab-49b8dd79981e') AND OBSLT_UTC IS NULL;--#!
INSERT INTO CD_REF_TERM_ASSOC_TBL(CD_REF_TERM_ID, REF_TERM_ID, CD_ID, EFFT_VRSN_SEQ_ID, REL_TYP_ID) SELECT gen_uuid(), char_to_uuid('8856afda-0386-47d3-82a8-5c3f2cef89c7'), char_to_uuid('12ff7ad6-0acd-4bba-a624-c7a03d3f8a6b'), VRSN_SEQ_ID, char_to_uuid('2c4dafc2-566a-41ae-9ebc-3097d7d22f4a') FROM CD_VRSN_TBL WHERE CD_ID = char_to_uuid('12ff7ad6-0acd-4bba-a624-c7a03d3f8a6b') AND OBSLT_UTC IS NULL;--#!
INSERT INTO CD_REF_TERM_ASSOC_TBL(CD_REF_TERM_ID, REF_TERM_ID, CD_ID, EFFT_VRSN_SEQ_ID, REL_TYP_ID) SELECT gen_uuid(), char_to_uuid('d8fbaad0-effe-4fe6-a47b-30daa4b40ae4'), char_to_uuid('e5136fdf-ce72-4757-a1cc-24e1cc98f034'), VRSN_SEQ_ID, char_to_uuid('2c4dafc2-566a-41ae-9ebc-3097d7d22f4a') FROM CD_VRSN_TBL WHERE CD_ID = char_to_uuid('e5136fdf-ce72-4757-a1cc-24e1cc98f034') AND OBSLT_UTC IS NULL;--#!
INSERT INTO CD_REF_TERM_ASSOC_TBL(CD_REF_TERM_ID, REF_TERM_ID, CD_ID, EFFT_VRSN_SEQ_ID, REL_TYP_ID) SELECT gen_uuid(), char_to_uuid('8b3b575a-eba2-454b-a087-805f5083b048'), char_to_uuid('A87A6D21-2CA6-4AEA-88F3-6135CCEB58D1'), VRSN_SEQ_ID, char_to_uuid('2c4dafc2-566a-41ae-9ebc-3097d7d22f4a') FROM CD_VRSN_TBL WHERE CD_ID = char_to_uuid('A87A6D21-2CA6-4AEA-88F3-6135CCEB58D1') AND OBSLT_UTC IS NULL;--#!
INSERT INTO CD_REF_TERM_ASSOC_TBL(CD_REF_TERM_ID, REF_TERM_ID, CD_ID, EFFT_VRSN_SEQ_ID, REL_TYP_ID) SELECT gen_uuid(), char_to_uuid('6385e2a7-8a69-4420-bb4b-5b8ad3243e8b'), char_to_uuid('5b0f8c93-57c9-4dff-b59a-9564739ef445'), VRSN_SEQ_ID, char_to_uuid('2c4dafc2-566a-41ae-9ebc-3097d7d22f4a') FROM CD_VRSN_TBL WHERE CD_ID = char_to_uuid('5b0f8c93-57c9-4dff-b59a-9564739ef445') AND OBSLT_UTC IS NULL;--#!
INSERT INTO CD_REF_TERM_ASSOC_TBL(CD_REF_TERM_ID, REF_TERM_ID, CD_ID, EFFT_VRSN_SEQ_ID, REL_TYP_ID) SELECT gen_uuid(), char_to_uuid('1807ae4a-7d7e-4fb5-91d4-49e7841483f7'), char_to_uuid('d64ed94f-e4a4-49a2-a0d8-1e6f393aab36'), VRSN_SEQ_ID, char_to_uuid('2c4dafc2-566a-41ae-9ebc-3097d7d22f4a') FROM CD_VRSN_TBL WHERE CD_ID = char_to_uuid('d64ed94f-e4a4-49a2-a0d8-1e6f393aab36') AND OBSLT_UTC IS NULL;--#!
INSERT INTO CD_REF_TERM_ASSOC_TBL(CD_REF_TERM_ID, REF_TERM_ID, CD_ID, EFFT_VRSN_SEQ_ID, REL_TYP_ID) SELECT gen_uuid(), char_to_uuid('2a5db073-202e-4421-9207-60608da4c859'), char_to_uuid('baa88534-dc79-4942-90cd-e047ba24f34f'), VRSN_SEQ_ID, char_to_uuid('2c4dafc2-566a-41ae-9ebc-3097d7d22f4a') FROM CD_VRSN_TBL WHERE CD_ID = char_to_uuid('baa88534-dc79-4942-90cd-e047ba24f34f') AND OBSLT_UTC IS NULL;--#!
INSERT INTO CD_REF_TERM_ASSOC_TBL(CD_REF_TERM_ID, REF_TERM_ID, CD_ID, EFFT_VRSN_SEQ_ID, REL_TYP_ID) SELECT gen_uuid(), char_to_uuid('8d03dbb0-69e0-43cc-82fd-ad39e9154a2e'), char_to_uuid('4a287bfc-72ca-46b6-9d34-380eeae9369a'), VRSN_SEQ_ID, char_to_uuid('2c4dafc2-566a-41ae-9ebc-3097d7d22f4a') FROM CD_VRSN_TBL WHERE CD_ID = char_to_uuid('4a287bfc-72ca-46b6-9d34-380eeae9369a') AND OBSLT_UTC IS NULL;--#!
INSERT INTO CD_REF_TERM_ASSOC_TBL(CD_REF_TERM_ID, REF_TERM_ID, CD_ID, EFFT_VRSN_SEQ_ID, REL_TYP_ID) SELECT gen_uuid(), char_to_uuid('ebc2299c-2e0c-49f2-bacb-56284e0086dd'), char_to_uuid('71751e65-cc30-4080-85de-5c19d5201772'), VRSN_SEQ_ID, char_to_uuid('2c4dafc2-566a-41ae-9ebc-3097d7d22f4a') FROM CD_VRSN_TBL WHERE CD_ID = char_to_uuid('71751e65-cc30-4080-85de-5c19d5201772') AND OBSLT_UTC IS NULL;--#!
INSERT INTO CD_REF_TERM_ASSOC_TBL(CD_REF_TERM_ID, REF_TERM_ID, CD_ID, EFFT_VRSN_SEQ_ID, REL_TYP_ID) SELECT gen_uuid(), char_to_uuid('fe521c73-4e74-4d5a-a35d-0c51d404b3aa'), char_to_uuid('7fd001e8-5451-4a48-b5b6-da5928dce03f'), VRSN_SEQ_ID, char_to_uuid('2c4dafc2-566a-41ae-9ebc-3097d7d22f4a') FROM CD_VRSN_TBL WHERE CD_ID = char_to_uuid('7fd001e8-5451-4a48-b5b6-da5928dce03f') AND OBSLT_UTC IS NULL;--#!
INSERT INTO CD_REF_TERM_ASSOC_TBL(CD_REF_TERM_ID, REF_TERM_ID, CD_ID, EFFT_VRSN_SEQ_ID, REL_TYP_ID) SELECT gen_uuid(), char_to_uuid('c6e0672a-7872-4a0b-abca-12f6c512cea5'), char_to_uuid('8be192e3-971a-4c3c-b795-554b0b5ad672'), VRSN_SEQ_ID, char_to_uuid('2c4dafc2-566a-41ae-9ebc-3097d7d22f4a') FROM CD_VRSN_TBL WHERE CD_ID = char_to_uuid('8be192e3-971a-4c3c-b795-554b0b5ad672') AND OBSLT_UTC IS NULL;--#!
INSERT INTO CD_REF_TERM_ASSOC_TBL(CD_REF_TERM_ID, REF_TERM_ID, CD_ID, EFFT_VRSN_SEQ_ID, REL_TYP_ID) SELECT gen_uuid(), char_to_uuid('04d1a312-46ae-46ab-ab2a-d10998fd91cc'), char_to_uuid('59e13f51-0cca-433e-8a45-8ec24b332ece'), VRSN_SEQ_ID, char_to_uuid('2c4dafc2-566a-41ae-9ebc-3097d7d22f4a') FROM CD_VRSN_TBL WHERE CD_ID = char_to_uuid('59e13f51-0cca-433e-8a45-8ec24b332ece') AND OBSLT_UTC IS NULL;--#!
INSERT INTO CD_REF_TERM_ASSOC_TBL(CD_REF_TERM_ID, REF_TERM_ID, CD_ID, EFFT_VRSN_SEQ_ID, REL_TYP_ID) SELECT gen_uuid(), char_to_uuid('29a3310f-e0fb-4ed9-a262-06a7d60f14d4'), char_to_uuid('2be66881-87e1-4173-b950-5534334ee08b'), VRSN_SEQ_ID, char_to_uuid('2c4dafc2-566a-41ae-9ebc-3097d7d22f4a') FROM CD_VRSN_TBL WHERE CD_ID = char_to_uuid('2be66881-87e1-4173-b950-5534334ee08b') AND OBSLT_UTC IS NULL;--#!
INSERT INTO CD_REF_TERM_ASSOC_TBL(CD_REF_TERM_ID, REF_TERM_ID, CD_ID, EFFT_VRSN_SEQ_ID, REL_TYP_ID) SELECT gen_uuid(), char_to_uuid('dd2d9f32-71a1-415b-bde1-ed38cd92dec7'), char_to_uuid('04c76563-0e0b-49c4-9664-6eb3cbd771d1'), VRSN_SEQ_ID, char_to_uuid('2c4dafc2-566a-41ae-9ebc-3097d7d22f4a') FROM CD_VRSN_TBL WHERE CD_ID = char_to_uuid('04c76563-0e0b-49c4-9664-6eb3cbd771d1') AND OBSLT_UTC IS NULL;--#!
INSERT INTO CD_REF_TERM_ASSOC_TBL(CD_REF_TERM_ID, REF_TERM_ID, CD_ID, EFFT_VRSN_SEQ_ID, REL_TYP_ID) SELECT gen_uuid(), char_to_uuid('197ac8d7-ce96-4d6d-adf6-514e5ce5c551'), char_to_uuid('bd98bfb8-c621-48ec-919e-65a65e334d37'), VRSN_SEQ_ID, char_to_uuid('2c4dafc2-566a-41ae-9ebc-3097d7d22f4a') FROM CD_VRSN_TBL WHERE CD_ID = char_to_uuid('bd98bfb8-c621-48ec-919e-65a65e334d37') AND OBSLT_UTC IS NULL;--#!
INSERT INTO CD_REF_TERM_ASSOC_TBL(CD_REF_TERM_ID, REF_TERM_ID, CD_ID, EFFT_VRSN_SEQ_ID, REL_TYP_ID) SELECT gen_uuid(), char_to_uuid('ac512be2-ee9b-4be8-a77d-81907fefe6f8'), char_to_uuid('2d0d7c33-c3a0-497a-92d8-d27095f1e2e7'), VRSN_SEQ_ID, char_to_uuid('2c4dafc2-566a-41ae-9ebc-3097d7d22f4a') FROM CD_VRSN_TBL WHERE CD_ID = char_to_uuid('2d0d7c33-c3a0-497a-92d8-d27095f1e2e7') AND OBSLT_UTC IS NULL;--#!
INSERT INTO CD_REF_TERM_ASSOC_TBL(CD_REF_TERM_ID, REF_TERM_ID, CD_ID, EFFT_VRSN_SEQ_ID, REL_TYP_ID) SELECT gen_uuid(), char_to_uuid('6d2fc3dc-401b-4dc9-92aa-f2223abd4ede'), char_to_uuid('3fe3c67e-eb5a-4540-bdcd-5ae2a5ffbbef'), VRSN_SEQ_ID, char_to_uuid('2c4dafc2-566a-41ae-9ebc-3097d7d22f4a') FROM CD_VRSN_TBL WHERE CD_ID = char_to_uuid('3fe3c67e-eb5a-4540-bdcd-5ae2a5ffbbef') AND OBSLT_UTC IS NULL;--#!
INSERT INTO CD_REF_TERM_ASSOC_TBL(CD_REF_TERM_ID, REF_TERM_ID, CD_ID, EFFT_VRSN_SEQ_ID, REL_TYP_ID) SELECT gen_uuid(), char_to_uuid('53f71a94-b2bc-4b09-b9b9-6c0f5c006438'), char_to_uuid('a5e71f54-ce6c-48f4-8da5-f8c61b04b7cf'), VRSN_SEQ_ID, char_to_uuid('2c4dafc2-566a-41ae-9ebc-3097d7d22f4a') FROM CD_VRSN_TBL WHERE CD_ID = char_to_uuid('a5e71f54-ce6c-48f4-8da5-f8c61b04b7cf') AND OBSLT_UTC IS NULL;--#!
INSERT INTO CD_REF_TERM_ASSOC_TBL(CD_REF_TERM_ID, REF_TERM_ID, CD_ID, EFFT_VRSN_SEQ_ID, REL_TYP_ID) SELECT gen_uuid(), char_to_uuid('f765cd10-ab36-4baa-9241-8ff9c54f8cc4'), char_to_uuid('0413798d-4017-487a-9a8f-ddf40a21f48c'), VRSN_SEQ_ID, char_to_uuid('2c4dafc2-566a-41ae-9ebc-3097d7d22f4a') FROM CD_VRSN_TBL WHERE CD_ID = char_to_uuid('0413798d-4017-487a-9a8f-ddf40a21f48c') AND OBSLT_UTC IS NULL;--#!
INSERT INTO CD_REF_TERM_ASSOC_TBL(CD_REF_TERM_ID, REF_TERM_ID, CD_ID, EFFT_VRSN_SEQ_ID, REL_TYP_ID) SELECT gen_uuid(), char_to_uuid('18d8648c-09c1-461e-81a5-82d1aedfed8b'), char_to_uuid('231c88d8-2989-48f9-8ad7-df27adce9948'), VRSN_SEQ_ID, char_to_uuid('2c4dafc2-566a-41ae-9ebc-3097d7d22f4a') FROM CD_VRSN_TBL WHERE CD_ID = char_to_uuid('231c88d8-2989-48f9-8ad7-df27adce9948') AND OBSLT_UTC IS NULL;--#!
INSERT INTO CD_REF_TERM_ASSOC_TBL(CD_REF_TERM_ID, REF_TERM_ID, CD_ID, EFFT_VRSN_SEQ_ID, REL_TYP_ID) SELECT gen_uuid(), char_to_uuid('8da500d6-a896-47e0-801d-9b25c0c021c7'), char_to_uuid('c8581ff7-7699-4788-84dd-d6b28edfa919'), VRSN_SEQ_ID, char_to_uuid('2c4dafc2-566a-41ae-9ebc-3097d7d22f4a') FROM CD_VRSN_TBL WHERE CD_ID = char_to_uuid('c8581ff7-7699-4788-84dd-d6b28edfa919') AND OBSLT_UTC IS NULL;--#!
INSERT INTO CD_REF_TERM_ASSOC_TBL(CD_REF_TERM_ID, REF_TERM_ID, CD_ID, EFFT_VRSN_SEQ_ID, REL_TYP_ID) SELECT gen_uuid(), char_to_uuid('f6155c7a-b295-4e94-b2b7-45c01f0de1a6'), char_to_uuid('0c1af2f0-6162-4758-b532-ecece14d5a24'), VRSN_SEQ_ID, char_to_uuid('2c4dafc2-566a-41ae-9ebc-3097d7d22f4a') FROM CD_VRSN_TBL WHERE CD_ID = char_to_uuid('0c1af2f0-6162-4758-b532-ecece14d5a24') AND OBSLT_UTC IS NULL;--#!
INSERT INTO CD_REF_TERM_ASSOC_TBL(CD_REF_TERM_ID, REF_TERM_ID, CD_ID, EFFT_VRSN_SEQ_ID, REL_TYP_ID) SELECT gen_uuid(), char_to_uuid('202a7cec-87c2-4d71-8ad8-e781b25e1504'), char_to_uuid('b83c798b-1b67-47d8-9353-7a8687967a63'), VRSN_SEQ_ID, char_to_uuid('2c4dafc2-566a-41ae-9ebc-3097d7d22f4a') FROM CD_VRSN_TBL WHERE CD_ID = char_to_uuid('b83c798b-1b67-47d8-9353-7a8687967a63') AND OBSLT_UTC IS NULL;--#!
INSERT INTO CD_REF_TERM_ASSOC_TBL(CD_REF_TERM_ID, REF_TERM_ID, CD_ID, EFFT_VRSN_SEQ_ID, REL_TYP_ID) SELECT gen_uuid(), char_to_uuid('42e2d90d-abe8-40de-bf90-0a2f6153a855'), char_to_uuid('a8d497c5-c68c-4bdd-b833-1202735ba0ac'), VRSN_SEQ_ID, char_to_uuid('2c4dafc2-566a-41ae-9ebc-3097d7d22f4a') FROM CD_VRSN_TBL WHERE CD_ID = char_to_uuid('a8d497c5-c68c-4bdd-b833-1202735ba0ac') AND OBSLT_UTC IS NULL;--#!
INSERT INTO CD_REF_TERM_ASSOC_TBL(CD_REF_TERM_ID, REF_TERM_ID, CD_ID, EFFT_VRSN_SEQ_ID, REL_TYP_ID) SELECT gen_uuid(), char_to_uuid('a350c94b-5980-4c1f-8363-8664898c895d'), char_to_uuid('52aa67c9-4589-4d43-99fc-0e3da3b116e9'), VRSN_SEQ_ID, char_to_uuid('2c4dafc2-566a-41ae-9ebc-3097d7d22f4a') FROM CD_VRSN_TBL WHERE CD_ID = char_to_uuid('52aa67c9-4589-4d43-99fc-0e3da3b116e9') AND OBSLT_UTC IS NULL;--#!
INSERT INTO CD_REF_TERM_ASSOC_TBL(CD_REF_TERM_ID, REF_TERM_ID, CD_ID, EFFT_VRSN_SEQ_ID, REL_TYP_ID) SELECT gen_uuid(), char_to_uuid('177f4c88-ea90-4401-8b96-e3b66f3d45f9'), char_to_uuid('b2f4bc37-b7f5-4836-86f5-500d72a552d0'), VRSN_SEQ_ID, char_to_uuid('2c4dafc2-566a-41ae-9ebc-3097d7d22f4a') FROM CD_VRSN_TBL WHERE CD_ID = char_to_uuid('b2f4bc37-b7f5-4836-86f5-500d72a552d0') AND OBSLT_UTC IS NULL;--#!
INSERT INTO CD_REF_TERM_ASSOC_TBL(CD_REF_TERM_ID, REF_TERM_ID, CD_ID, EFFT_VRSN_SEQ_ID, REL_TYP_ID) SELECT gen_uuid(), char_to_uuid('fb8fe134-f4a5-462b-9dc0-2d87589249ce'), char_to_uuid('8f46d9b3-1a30-4092-b3ed-c1bc0c4189b7'), VRSN_SEQ_ID, char_to_uuid('2c4dafc2-566a-41ae-9ebc-3097d7d22f4a') FROM CD_VRSN_TBL WHERE CD_ID = char_to_uuid('8f46d9b3-1a30-4092-b3ed-c1bc0c4189b7') AND OBSLT_UTC IS NULL;--#!
INSERT INTO CD_REF_TERM_ASSOC_TBL(CD_REF_TERM_ID, REF_TERM_ID, CD_ID, EFFT_VRSN_SEQ_ID, REL_TYP_ID) SELECT gen_uuid(), char_to_uuid('58b32723-e2a4-4531-8df5-3800b653389c'), char_to_uuid('50a89363-3f59-4271-85fd-f79e8ac11f41'), VRSN_SEQ_ID, char_to_uuid('2c4dafc2-566a-41ae-9ebc-3097d7d22f4a') FROM CD_VRSN_TBL WHERE CD_ID = char_to_uuid('50a89363-3f59-4271-85fd-f79e8ac11f41') AND OBSLT_UTC IS NULL;--#!
INSERT INTO CD_REF_TERM_ASSOC_TBL(CD_REF_TERM_ID, REF_TERM_ID, CD_ID, EFFT_VRSN_SEQ_ID, REL_TYP_ID) SELECT gen_uuid(), char_to_uuid('77b1ee28-3918-43fc-b3e9-28ec6a7f1d2f'), char_to_uuid('dd5a11f6-91f8-44d2-aef1-7ad8f5b690a2'), VRSN_SEQ_ID, char_to_uuid('2c4dafc2-566a-41ae-9ebc-3097d7d22f4a') FROM CD_VRSN_TBL WHERE CD_ID = char_to_uuid('dd5a11f6-91f8-44d2-aef1-7ad8f5b690a2') AND OBSLT_UTC IS NULL;--#!
INSERT INTO CD_REF_TERM_ASSOC_TBL(CD_REF_TERM_ID, REF_TERM_ID, CD_ID, EFFT_VRSN_SEQ_ID, REL_TYP_ID) SELECT gen_uuid(), char_to_uuid('7af06377-1a5b-4737-8e02-0c3855471086'), char_to_uuid('5dc02c7b-88d9-4167-a0c7-3ebbe67ec625'), VRSN_SEQ_ID, char_to_uuid('2c4dafc2-566a-41ae-9ebc-3097d7d22f4a') FROM CD_VRSN_TBL WHERE CD_ID = char_to_uuid('5dc02c7b-88d9-4167-a0c7-3ebbe67ec625') AND OBSLT_UTC IS NULL;--#!
INSERT INTO CD_REF_TERM_ASSOC_TBL(CD_REF_TERM_ID, REF_TERM_ID, CD_ID, EFFT_VRSN_SEQ_ID, REL_TYP_ID) SELECT gen_uuid(), char_to_uuid('89c2bb65-45cb-4f04-82a7-ac16e2b3d547'), char_to_uuid('01afa2d5-ef17-4f41-83d4-b166308e998f'), VRSN_SEQ_ID, char_to_uuid('2c4dafc2-566a-41ae-9ebc-3097d7d22f4a') FROM CD_VRSN_TBL WHERE CD_ID = char_to_uuid('01afa2d5-ef17-4f41-83d4-b166308e998f') AND OBSLT_UTC IS NULL;--#!
INSERT INTO CD_REF_TERM_ASSOC_TBL(CD_REF_TERM_ID, REF_TERM_ID, CD_ID, EFFT_VRSN_SEQ_ID, REL_TYP_ID) SELECT gen_uuid(), char_to_uuid('9a76d8a7-3a4e-4b54-9242-bd0456b95cbe'), char_to_uuid('401b25e9-6096-4fe0-8fea-d7eb40e37592'), VRSN_SEQ_ID, char_to_uuid('2c4dafc2-566a-41ae-9ebc-3097d7d22f4a') FROM CD_VRSN_TBL WHERE CD_ID = char_to_uuid('401b25e9-6096-4fe0-8fea-d7eb40e37592') AND OBSLT_UTC IS NULL;--#!
INSERT INTO CD_REF_TERM_ASSOC_TBL(CD_REF_TERM_ID, REF_TERM_ID, CD_ID, EFFT_VRSN_SEQ_ID, REL_TYP_ID) SELECT gen_uuid(), char_to_uuid('afc0155b-d2a7-4257-ade1-ba2b2071c231'), char_to_uuid('ea397b83-59af-4d7a-93f8-71e615072aae'), VRSN_SEQ_ID, char_to_uuid('2c4dafc2-566a-41ae-9ebc-3097d7d22f4a') FROM CD_VRSN_TBL WHERE CD_ID = char_to_uuid('ea397b83-59af-4d7a-93f8-71e615072aae') AND OBSLT_UTC IS NULL;--#!
INSERT INTO CD_REF_TERM_ASSOC_TBL(CD_REF_TERM_ID, REF_TERM_ID, CD_ID, EFFT_VRSN_SEQ_ID, REL_TYP_ID) SELECT gen_uuid(), char_to_uuid('7903d460-1339-4c44-8017-c3191f14f664'), char_to_uuid('be912792-f637-4373-a48d-6c9f838191e2'), VRSN_SEQ_ID, char_to_uuid('2c4dafc2-566a-41ae-9ebc-3097d7d22f4a') FROM CD_VRSN_TBL WHERE CD_ID = char_to_uuid('be912792-f637-4373-a48d-6c9f838191e2') AND OBSLT_UTC IS NULL;--#!
INSERT INTO CD_REF_TERM_ASSOC_TBL(CD_REF_TERM_ID, REF_TERM_ID, CD_ID, EFFT_VRSN_SEQ_ID, REL_TYP_ID) SELECT gen_uuid(), char_to_uuid('a4468ec4-243a-42d7-aebc-4d4908ece836'), char_to_uuid('ec8a162b-81f7-4388-b695-e998369c2425'), VRSN_SEQ_ID, char_to_uuid('2c4dafc2-566a-41ae-9ebc-3097d7d22f4a') FROM CD_VRSN_TBL WHERE CD_ID = char_to_uuid('ec8a162b-81f7-4388-b695-e998369c2425') AND OBSLT_UTC IS NULL;--#!
INSERT INTO CD_REF_TERM_ASSOC_TBL(CD_REF_TERM_ID, REF_TERM_ID, CD_ID, EFFT_VRSN_SEQ_ID, REL_TYP_ID) SELECT gen_uuid(), char_to_uuid('71e2b1dc-52f7-4154-8836-636818bd3eb5'), char_to_uuid('69c13f8a-29e2-410b-b5ad-f616f7191b14'), VRSN_SEQ_ID, char_to_uuid('2c4dafc2-566a-41ae-9ebc-3097d7d22f4a') FROM CD_VRSN_TBL WHERE CD_ID = char_to_uuid('69c13f8a-29e2-410b-b5ad-f616f7191b14') AND OBSLT_UTC IS NULL;--#!
INSERT INTO CD_REF_TERM_ASSOC_TBL(CD_REF_TERM_ID, REF_TERM_ID, CD_ID, EFFT_VRSN_SEQ_ID, REL_TYP_ID) SELECT gen_uuid(), char_to_uuid('742fa676-159d-488a-9398-113d2fd4e5fd'), char_to_uuid('41ae57b4-5f5f-49e5-8c77-4ba7969ff469'), VRSN_SEQ_ID, char_to_uuid('2c4dafc2-566a-41ae-9ebc-3097d7d22f4a') FROM CD_VRSN_TBL WHERE CD_ID = char_to_uuid('41ae57b4-5f5f-49e5-8c77-4ba7969ff469') AND OBSLT_UTC IS NULL;--#!
INSERT INTO CD_REF_TERM_ASSOC_TBL(CD_REF_TERM_ID, REF_TERM_ID, CD_ID, EFFT_VRSN_SEQ_ID, REL_TYP_ID) SELECT gen_uuid(), char_to_uuid('08e38be3-619d-4947-8bde-d79026cf0511'), char_to_uuid('70797990-396d-4542-90a2-7f5f1abf0ad1'), VRSN_SEQ_ID, char_to_uuid('2c4dafc2-566a-41ae-9ebc-3097d7d22f4a') FROM CD_VRSN_TBL WHERE CD_ID = char_to_uuid('70797990-396d-4542-90a2-7f5f1abf0ad1') AND OBSLT_UTC IS NULL;--#!
INSERT INTO CD_REF_TERM_ASSOC_TBL(CD_REF_TERM_ID, REF_TERM_ID, CD_ID, EFFT_VRSN_SEQ_ID, REL_TYP_ID) SELECT gen_uuid(), char_to_uuid('a7003d5c-40a4-454a-8fab-b6884b8c0abe'), char_to_uuid('3e0ea001-123e-49a4-b28c-939e5d5ea488'), VRSN_SEQ_ID, char_to_uuid('2c4dafc2-566a-41ae-9ebc-3097d7d22f4a') FROM CD_VRSN_TBL WHERE CD_ID = char_to_uuid('3e0ea001-123e-49a4-b28c-939e5d5ea488') AND OBSLT_UTC IS NULL;--#!
INSERT INTO CD_REF_TERM_ASSOC_TBL(CD_REF_TERM_ID, REF_TERM_ID, CD_ID, EFFT_VRSN_SEQ_ID, REL_TYP_ID) SELECT gen_uuid(), char_to_uuid('5df735aa-b467-4a19-8ac9-52fedbb964d1'), char_to_uuid('84223e9b-3217-404d-ad47-3ef9bde43dcb'), VRSN_SEQ_ID, char_to_uuid('2c4dafc2-566a-41ae-9ebc-3097d7d22f4a') FROM CD_VRSN_TBL WHERE CD_ID = char_to_uuid('84223e9b-3217-404d-ad47-3ef9bde43dcb') AND OBSLT_UTC IS NULL;--#!
INSERT INTO CD_REF_TERM_ASSOC_TBL(CD_REF_TERM_ID, REF_TERM_ID, CD_ID, EFFT_VRSN_SEQ_ID, REL_TYP_ID) SELECT gen_uuid(), char_to_uuid('0d8fb68a-566e-4c68-b893-893ed8b4a737'), char_to_uuid('efc391b0-4d74-46e4-91e6-c03f315555e2'), VRSN_SEQ_ID, char_to_uuid('2c4dafc2-566a-41ae-9ebc-3097d7d22f4a') FROM CD_VRSN_TBL WHERE CD_ID = char_to_uuid('efc391b0-4d74-46e4-91e6-c03f315555e2') AND OBSLT_UTC IS NULL;--#!
INSERT INTO CD_REF_TERM_ASSOC_TBL(CD_REF_TERM_ID, REF_TERM_ID, CD_ID, EFFT_VRSN_SEQ_ID, REL_TYP_ID) SELECT gen_uuid(), char_to_uuid('305ac977-4630-4120-a558-909acf65e5d3'), char_to_uuid('2feab4d2-6bd5-4da8-9057-82ff9bf6a1bc'), VRSN_SEQ_ID, char_to_uuid('2c4dafc2-566a-41ae-9ebc-3097d7d22f4a') FROM CD_VRSN_TBL WHERE CD_ID = char_to_uuid('2feab4d2-6bd5-4da8-9057-82ff9bf6a1bc') AND OBSLT_UTC IS NULL;--#!
INSERT INTO CD_REF_TERM_ASSOC_TBL(CD_REF_TERM_ID, REF_TERM_ID, CD_ID, EFFT_VRSN_SEQ_ID, REL_TYP_ID) SELECT gen_uuid(), char_to_uuid('33c3da27-f665-40f1-b510-667600259efc'), char_to_uuid('2fb4dfbc-64dd-4668-b2e5-0d5c743c9a9f'), VRSN_SEQ_ID, char_to_uuid('2c4dafc2-566a-41ae-9ebc-3097d7d22f4a') FROM CD_VRSN_TBL WHERE CD_ID = char_to_uuid('2fb4dfbc-64dd-4668-b2e5-0d5c743c9a9f') AND OBSLT_UTC IS NULL;--#!
INSERT INTO CD_REF_TERM_ASSOC_TBL(CD_REF_TERM_ID, REF_TERM_ID, CD_ID, EFFT_VRSN_SEQ_ID, REL_TYP_ID) SELECT gen_uuid(), char_to_uuid('b74d1bcc-3dd5-4160-9dbb-5fa8d2ca0694'), char_to_uuid('4e9dbe60-3e4e-4074-a432-0bb4e47eb62d'), VRSN_SEQ_ID, char_to_uuid('2c4dafc2-566a-41ae-9ebc-3097d7d22f4a') FROM CD_VRSN_TBL WHERE CD_ID = char_to_uuid('4e9dbe60-3e4e-4074-a432-0bb4e47eb62d') AND OBSLT_UTC IS NULL;--#!
INSERT INTO CD_REF_TERM_ASSOC_TBL(CD_REF_TERM_ID, REF_TERM_ID, CD_ID, EFFT_VRSN_SEQ_ID, REL_TYP_ID) SELECT gen_uuid(), char_to_uuid('e51dbd55-21a7-4bf4-80d8-9c5dbcc1d332'), char_to_uuid('958a0b33-c3d7-47ef-9596-59eee434eb2d'), VRSN_SEQ_ID, char_to_uuid('2c4dafc2-566a-41ae-9ebc-3097d7d22f4a') FROM CD_VRSN_TBL WHERE CD_ID = char_to_uuid('958a0b33-c3d7-47ef-9596-59eee434eb2d') AND OBSLT_UTC IS NULL;--#!
INSERT INTO CD_REF_TERM_ASSOC_TBL(CD_REF_TERM_ID, REF_TERM_ID, CD_ID, EFFT_VRSN_SEQ_ID, REL_TYP_ID) SELECT gen_uuid(), char_to_uuid('1d549605-2811-4a5a-a0eb-c8789910dd2f'), char_to_uuid('17cd1669-5aaf-4960-bd23-988209eba352'), VRSN_SEQ_ID, char_to_uuid('2c4dafc2-566a-41ae-9ebc-3097d7d22f4a') FROM CD_VRSN_TBL WHERE CD_ID = char_to_uuid('17cd1669-5aaf-4960-bd23-988209eba352') AND OBSLT_UTC IS NULL;--#!
INSERT INTO CD_REF_TERM_ASSOC_TBL(CD_REF_TERM_ID, REF_TERM_ID, CD_ID, EFFT_VRSN_SEQ_ID, REL_TYP_ID) SELECT gen_uuid(), char_to_uuid('9a0aee14-03b0-42a6-90fa-4347776349f6'), char_to_uuid('e7bde797-deac-4c63-9f61-1ddbd38b98f3'), VRSN_SEQ_ID, char_to_uuid('2c4dafc2-566a-41ae-9ebc-3097d7d22f4a') FROM CD_VRSN_TBL WHERE CD_ID = char_to_uuid('e7bde797-deac-4c63-9f61-1ddbd38b98f3') AND OBSLT_UTC IS NULL;--#!
INSERT INTO CD_REF_TERM_ASSOC_TBL(CD_REF_TERM_ID, REF_TERM_ID, CD_ID, EFFT_VRSN_SEQ_ID, REL_TYP_ID) SELECT gen_uuid(), char_to_uuid('5a2f6675-71a4-460b-b3fc-b868f06552d7'), char_to_uuid('1d570bba-8242-4fdb-bd63-c2e7601a64c6'), VRSN_SEQ_ID, char_to_uuid('2c4dafc2-566a-41ae-9ebc-3097d7d22f4a') FROM CD_VRSN_TBL WHERE CD_ID = char_to_uuid('1d570bba-8242-4fdb-bd63-c2e7601a64c6') AND OBSLT_UTC IS NULL;--#!
INSERT INTO CD_REF_TERM_ASSOC_TBL(CD_REF_TERM_ID, REF_TERM_ID, CD_ID, EFFT_VRSN_SEQ_ID, REL_TYP_ID) SELECT gen_uuid(), char_to_uuid('ef835147-74c2-40ac-8dfa-32c7153a15a8'), char_to_uuid('091780d7-cd81-4c15-a082-fd969b5baf85'), VRSN_SEQ_ID, char_to_uuid('2c4dafc2-566a-41ae-9ebc-3097d7d22f4a') FROM CD_VRSN_TBL WHERE CD_ID = char_to_uuid('091780d7-cd81-4c15-a082-fd969b5baf85') AND OBSLT_UTC IS NULL;--#!
INSERT INTO CD_REF_TERM_ASSOC_TBL(CD_REF_TERM_ID, REF_TERM_ID, CD_ID, EFFT_VRSN_SEQ_ID, REL_TYP_ID) SELECT gen_uuid(), char_to_uuid('79a23f40-ef70-48a1-9068-86577b465c29'), char_to_uuid('ff15da84-64e6-47be-95c2-3c5f4629913a'), VRSN_SEQ_ID, char_to_uuid('2c4dafc2-566a-41ae-9ebc-3097d7d22f4a') FROM CD_VRSN_TBL WHERE CD_ID = char_to_uuid('ff15da84-64e6-47be-95c2-3c5f4629913a') AND OBSLT_UTC IS NULL;--#!
INSERT INTO CD_REF_TERM_ASSOC_TBL(CD_REF_TERM_ID, REF_TERM_ID, CD_ID, EFFT_VRSN_SEQ_ID, REL_TYP_ID) SELECT gen_uuid(), char_to_uuid('e0f13a43-1708-4ade-9edd-791b05397a53'), char_to_uuid('2beefd30-62af-40e4-83ec-127f3fb6834a'), VRSN_SEQ_ID, char_to_uuid('2c4dafc2-566a-41ae-9ebc-3097d7d22f4a') FROM CD_VRSN_TBL WHERE CD_ID = char_to_uuid('2beefd30-62af-40e4-83ec-127f3fb6834a') AND OBSLT_UTC IS NULL;--#!
INSERT INTO CD_REF_TERM_ASSOC_TBL(CD_REF_TERM_ID, REF_TERM_ID, CD_ID, EFFT_VRSN_SEQ_ID, REL_TYP_ID) SELECT gen_uuid(), char_to_uuid('eb8a75e4-3092-4cd9-9394-805f8aa9d51d'), char_to_uuid('f292cfc1-e4d1-483f-b67b-b2367bb53451'), VRSN_SEQ_ID, char_to_uuid('2c4dafc2-566a-41ae-9ebc-3097d7d22f4a') FROM CD_VRSN_TBL WHERE CD_ID = char_to_uuid('f292cfc1-e4d1-483f-b67b-b2367bb53451') AND OBSLT_UTC IS NULL;--#!
INSERT INTO CD_REF_TERM_ASSOC_TBL(CD_REF_TERM_ID, REF_TERM_ID, CD_ID, EFFT_VRSN_SEQ_ID, REL_TYP_ID) SELECT gen_uuid(), char_to_uuid('b7ddc7e7-514c-4f4c-90c9-6edd65628612'), char_to_uuid('0aac5109-30ae-4b49-a780-735cc77218ee'), VRSN_SEQ_ID, char_to_uuid('2c4dafc2-566a-41ae-9ebc-3097d7d22f4a') FROM CD_VRSN_TBL WHERE CD_ID = char_to_uuid('0aac5109-30ae-4b49-a780-735cc77218ee') AND OBSLT_UTC IS NULL;--#!
INSERT INTO CD_REF_TERM_ASSOC_TBL(CD_REF_TERM_ID, REF_TERM_ID, CD_ID, EFFT_VRSN_SEQ_ID, REL_TYP_ID) SELECT gen_uuid(), char_to_uuid('1c3f5e09-cce9-4af8-acef-3f6aebe6cf34'), char_to_uuid('1969675c-017e-480f-b0a8-33a03d4b4068'), VRSN_SEQ_ID, char_to_uuid('2c4dafc2-566a-41ae-9ebc-3097d7d22f4a') FROM CD_VRSN_TBL WHERE CD_ID = char_to_uuid('1969675c-017e-480f-b0a8-33a03d4b4068') AND OBSLT_UTC IS NULL;--#!
INSERT INTO CD_REF_TERM_ASSOC_TBL(CD_REF_TERM_ID, REF_TERM_ID, CD_ID, EFFT_VRSN_SEQ_ID, REL_TYP_ID) SELECT gen_uuid(), char_to_uuid('a8e2b4de-57fd-486d-b808-d4e4808ba20d'), char_to_uuid('2959b0d3-15a1-4672-9d07-4ece0497bdc5'), VRSN_SEQ_ID, char_to_uuid('2c4dafc2-566a-41ae-9ebc-3097d7d22f4a') FROM CD_VRSN_TBL WHERE CD_ID = char_to_uuid('2959b0d3-15a1-4672-9d07-4ece0497bdc5') AND OBSLT_UTC IS NULL;--#!
INSERT INTO CD_REF_TERM_ASSOC_TBL(CD_REF_TERM_ID, REF_TERM_ID, CD_ID, EFFT_VRSN_SEQ_ID, REL_TYP_ID) SELECT gen_uuid(), char_to_uuid('10d57feb-dac4-4daf-beac-08b86f8ee700'), char_to_uuid('5c04ef87-0ca3-4bd9-9b7f-4c2d41101535'), VRSN_SEQ_ID, char_to_uuid('2c4dafc2-566a-41ae-9ebc-3097d7d22f4a') FROM CD_VRSN_TBL WHERE CD_ID = char_to_uuid('5c04ef87-0ca3-4bd9-9b7f-4c2d41101535') AND OBSLT_UTC IS NULL;--#!
INSERT INTO CD_REF_TERM_ASSOC_TBL(CD_REF_TERM_ID, REF_TERM_ID, CD_ID, EFFT_VRSN_SEQ_ID, REL_TYP_ID) SELECT gen_uuid(), char_to_uuid('71d4756a-8c63-40ea-8581-61dba54aa484'), char_to_uuid('c8d5ab21-0a0a-4e19-9209-d0b23e06c1b1'), VRSN_SEQ_ID, char_to_uuid('2c4dafc2-566a-41ae-9ebc-3097d7d22f4a') FROM CD_VRSN_TBL WHERE CD_ID = char_to_uuid('c8d5ab21-0a0a-4e19-9209-d0b23e06c1b1') AND OBSLT_UTC IS NULL;--#!
INSERT INTO CD_REF_TERM_ASSOC_TBL(CD_REF_TERM_ID, REF_TERM_ID, CD_ID, EFFT_VRSN_SEQ_ID, REL_TYP_ID) SELECT gen_uuid(), char_to_uuid('8a1ea4f9-f710-4b24-8210-1bcea5815330'), char_to_uuid('4d1f6130-c060-4f8c-8eb3-c1dba2b0db81'), VRSN_SEQ_ID, char_to_uuid('2c4dafc2-566a-41ae-9ebc-3097d7d22f4a') FROM CD_VRSN_TBL WHERE CD_ID = char_to_uuid('4d1f6130-c060-4f8c-8eb3-c1dba2b0db81') AND OBSLT_UTC IS NULL;--#!
INSERT INTO CD_REF_TERM_ASSOC_TBL(CD_REF_TERM_ID, REF_TERM_ID, CD_ID, EFFT_VRSN_SEQ_ID, REL_TYP_ID) SELECT gen_uuid(), char_to_uuid('26f284dc-2035-4ebb-aed8-8d531054cae9'), char_to_uuid('c3000962-275e-4ccc-9bc9-4dd9525bb9c7'), VRSN_SEQ_ID, char_to_uuid('2c4dafc2-566a-41ae-9ebc-3097d7d22f4a') FROM CD_VRSN_TBL WHERE CD_ID = char_to_uuid('c3000962-275e-4ccc-9bc9-4dd9525bb9c7') AND OBSLT_UTC IS NULL;--#!
INSERT INTO CD_REF_TERM_ASSOC_TBL(CD_REF_TERM_ID, REF_TERM_ID, CD_ID, EFFT_VRSN_SEQ_ID, REL_TYP_ID) SELECT gen_uuid(), char_to_uuid('85b16ac4-cd58-4a3a-89e6-2017b18783df'), char_to_uuid('fedc3216-fd31-498f-ae54-d95296a73636'), VRSN_SEQ_ID, char_to_uuid('2c4dafc2-566a-41ae-9ebc-3097d7d22f4a') FROM CD_VRSN_TBL WHERE CD_ID = char_to_uuid('fedc3216-fd31-498f-ae54-d95296a73636') AND OBSLT_UTC IS NULL;--#!
INSERT INTO CD_REF_TERM_ASSOC_TBL(CD_REF_TERM_ID, REF_TERM_ID, CD_ID, EFFT_VRSN_SEQ_ID, REL_TYP_ID) SELECT gen_uuid(), char_to_uuid('8ee3e76f-ec2c-4b46-b8ce-5c2d1be58fbf'), char_to_uuid('2e34005b-7176-42be-81e1-67b63f68b4cd'), VRSN_SEQ_ID, char_to_uuid('2c4dafc2-566a-41ae-9ebc-3097d7d22f4a') FROM CD_VRSN_TBL WHERE CD_ID = char_to_uuid('2e34005b-7176-42be-81e1-67b63f68b4cd') AND OBSLT_UTC IS NULL;--#!
INSERT INTO CD_REF_TERM_ASSOC_TBL(CD_REF_TERM_ID, REF_TERM_ID, CD_ID, EFFT_VRSN_SEQ_ID, REL_TYP_ID) SELECT gen_uuid(), char_to_uuid('0f24fe4c-1e7a-4a91-95ce-9be09638c2a5'), char_to_uuid('0ef206eb-189a-4fd8-965c-6044ac8854b8'), VRSN_SEQ_ID, char_to_uuid('2c4dafc2-566a-41ae-9ebc-3097d7d22f4a') FROM CD_VRSN_TBL WHERE CD_ID = char_to_uuid('0ef206eb-189a-4fd8-965c-6044ac8854b8') AND OBSLT_UTC IS NULL;--#!
INSERT INTO CD_REF_TERM_ASSOC_TBL(CD_REF_TERM_ID, REF_TERM_ID, CD_ID, EFFT_VRSN_SEQ_ID, REL_TYP_ID) SELECT gen_uuid(), char_to_uuid('16ab7fd0-677d-4266-ab10-b33c24f43e19'), char_to_uuid('ebd2fa4c-a441-4429-aac6-68d46d8c96bf'), VRSN_SEQ_ID, char_to_uuid('2c4dafc2-566a-41ae-9ebc-3097d7d22f4a') FROM CD_VRSN_TBL WHERE CD_ID = char_to_uuid('ebd2fa4c-a441-4429-aac6-68d46d8c96bf') AND OBSLT_UTC IS NULL;--#!
INSERT INTO CD_REF_TERM_ASSOC_TBL(CD_REF_TERM_ID, REF_TERM_ID, CD_ID, EFFT_VRSN_SEQ_ID, REL_TYP_ID) SELECT gen_uuid(), char_to_uuid('0dfd6724-6311-4abe-b876-53daa2275ac1'), char_to_uuid('612d1915-8faf-475d-a190-6902591eb6dc'), VRSN_SEQ_ID, char_to_uuid('2c4dafc2-566a-41ae-9ebc-3097d7d22f4a') FROM CD_VRSN_TBL WHERE CD_ID = char_to_uuid('612d1915-8faf-475d-a190-6902591eb6dc') AND OBSLT_UTC IS NULL;--#!
INSERT INTO CD_REF_TERM_ASSOC_TBL(CD_REF_TERM_ID, REF_TERM_ID, CD_ID, EFFT_VRSN_SEQ_ID, REL_TYP_ID) SELECT gen_uuid(), char_to_uuid('eb958c4a-3342-41fc-83db-1916ae8d870e'), char_to_uuid('f8e9f0f1-d321-4638-a3a8-043511eaecfc'), VRSN_SEQ_ID, char_to_uuid('2c4dafc2-566a-41ae-9ebc-3097d7d22f4a') FROM CD_VRSN_TBL WHERE CD_ID = char_to_uuid('f8e9f0f1-d321-4638-a3a8-043511eaecfc') AND OBSLT_UTC IS NULL;--#!
INSERT INTO CD_REF_TERM_ASSOC_TBL(CD_REF_TERM_ID, REF_TERM_ID, CD_ID, EFFT_VRSN_SEQ_ID, REL_TYP_ID) SELECT gen_uuid(), char_to_uuid('8068508d-9ebc-45bf-a535-3d31952e0ee9'), char_to_uuid('cebefd83-e366-4264-ba13-70cfb2b4cdb2'), VRSN_SEQ_ID, char_to_uuid('2c4dafc2-566a-41ae-9ebc-3097d7d22f4a') FROM CD_VRSN_TBL WHERE CD_ID = char_to_uuid('cebefd83-e366-4264-ba13-70cfb2b4cdb2') AND OBSLT_UTC IS NULL;--#!
INSERT INTO CD_REF_TERM_ASSOC_TBL(CD_REF_TERM_ID, REF_TERM_ID, CD_ID, EFFT_VRSN_SEQ_ID, REL_TYP_ID) SELECT gen_uuid(), char_to_uuid('2269e3e9-b9c7-436d-9a6d-c0ee4fe0a4ff'), char_to_uuid('95d190e8-2282-4ac8-a53a-02b49d9d3a8c'), VRSN_SEQ_ID, char_to_uuid('2c4dafc2-566a-41ae-9ebc-3097d7d22f4a') FROM CD_VRSN_TBL WHERE CD_ID = char_to_uuid('95d190e8-2282-4ac8-a53a-02b49d9d3a8c') AND OBSLT_UTC IS NULL;--#!
INSERT INTO CD_REF_TERM_ASSOC_TBL(CD_REF_TERM_ID, REF_TERM_ID, CD_ID, EFFT_VRSN_SEQ_ID, REL_TYP_ID) SELECT gen_uuid(), char_to_uuid('18a78998-bf3f-43ec-8437-12cfc3132972'), char_to_uuid('4ea572f0-c86d-4839-bd45-344285157c92'), VRSN_SEQ_ID, char_to_uuid('2c4dafc2-566a-41ae-9ebc-3097d7d22f4a') FROM CD_VRSN_TBL WHERE CD_ID = char_to_uuid('4ea572f0-c86d-4839-bd45-344285157c92') AND OBSLT_UTC IS NULL;--#!
INSERT INTO CD_REF_TERM_ASSOC_TBL(CD_REF_TERM_ID, REF_TERM_ID, CD_ID, EFFT_VRSN_SEQ_ID, REL_TYP_ID) SELECT gen_uuid(), char_to_uuid('30eadccb-e3da-4239-87e8-cee633ccaf61'), char_to_uuid('86ec6fc5-b952-4e4e-8407-aa3369aa5d51'), VRSN_SEQ_ID, char_to_uuid('2c4dafc2-566a-41ae-9ebc-3097d7d22f4a') FROM CD_VRSN_TBL WHERE CD_ID = char_to_uuid('86ec6fc5-b952-4e4e-8407-aa3369aa5d51') AND OBSLT_UTC IS NULL;--#!
INSERT INTO CD_REF_TERM_ASSOC_TBL(CD_REF_TERM_ID, REF_TERM_ID, CD_ID, EFFT_VRSN_SEQ_ID, REL_TYP_ID) SELECT gen_uuid(), char_to_uuid('ee0ca467-5d42-485d-9952-25a20df854f4'), char_to_uuid('415d4872-5cd5-4030-b4b8-677959a2dd1a'), VRSN_SEQ_ID, char_to_uuid('2c4dafc2-566a-41ae-9ebc-3097d7d22f4a') FROM CD_VRSN_TBL WHERE CD_ID = char_to_uuid('415d4872-5cd5-4030-b4b8-677959a2dd1a') AND OBSLT_UTC IS NULL;--#!
INSERT INTO CD_REF_TERM_ASSOC_TBL(CD_REF_TERM_ID, REF_TERM_ID, CD_ID, EFFT_VRSN_SEQ_ID, REL_TYP_ID) SELECT gen_uuid(), char_to_uuid('b1d34568-5b4e-4f74-9b4c-f7463e229c47'), char_to_uuid('d4c77cd9-eed8-4462-9a44-2ab5af40b711'), VRSN_SEQ_ID, char_to_uuid('2c4dafc2-566a-41ae-9ebc-3097d7d22f4a') FROM CD_VRSN_TBL WHERE CD_ID = char_to_uuid('d4c77cd9-eed8-4462-9a44-2ab5af40b711') AND OBSLT_UTC IS NULL;--#!
INSERT INTO CD_REF_TERM_ASSOC_TBL(CD_REF_TERM_ID, REF_TERM_ID, CD_ID, EFFT_VRSN_SEQ_ID, REL_TYP_ID) SELECT gen_uuid(), char_to_uuid('21b24bdc-ec46-4bb3-aae5-44be6e3a748c'), char_to_uuid('3c7d6dbe-3dd0-4dcc-917d-d932375c021e'), VRSN_SEQ_ID, char_to_uuid('2c4dafc2-566a-41ae-9ebc-3097d7d22f4a') FROM CD_VRSN_TBL WHERE CD_ID = char_to_uuid('3c7d6dbe-3dd0-4dcc-917d-d932375c021e') AND OBSLT_UTC IS NULL;--#!
INSERT INTO CD_REF_TERM_ASSOC_TBL(CD_REF_TERM_ID, REF_TERM_ID, CD_ID, EFFT_VRSN_SEQ_ID, REL_TYP_ID) SELECT gen_uuid(), char_to_uuid('8015f29f-a0b6-43c5-9c78-dfa4cf416cbb'), char_to_uuid('65d1d69d-892c-4961-8379-91c5aa70d16e'), VRSN_SEQ_ID, char_to_uuid('2c4dafc2-566a-41ae-9ebc-3097d7d22f4a') FROM CD_VRSN_TBL WHERE CD_ID = char_to_uuid('65d1d69d-892c-4961-8379-91c5aa70d16e') AND OBSLT_UTC IS NULL;--#!
INSERT INTO CD_REF_TERM_ASSOC_TBL(CD_REF_TERM_ID, REF_TERM_ID, CD_ID, EFFT_VRSN_SEQ_ID, REL_TYP_ID) SELECT gen_uuid(), char_to_uuid('6306d725-8031-40fc-8e14-0b5a01030b6d'), char_to_uuid('ed267443-26fc-4e5f-9647-0c0ab3ad5696'), VRSN_SEQ_ID, char_to_uuid('2c4dafc2-566a-41ae-9ebc-3097d7d22f4a') FROM CD_VRSN_TBL WHERE CD_ID = char_to_uuid('ed267443-26fc-4e5f-9647-0c0ab3ad5696') AND OBSLT_UTC IS NULL;--#!
INSERT INTO CD_REF_TERM_ASSOC_TBL(CD_REF_TERM_ID, REF_TERM_ID, CD_ID, EFFT_VRSN_SEQ_ID, REL_TYP_ID) SELECT gen_uuid(), char_to_uuid('46128966-be6b-470b-8299-0e7cd67dca06'), char_to_uuid('71f4edb8-ff9f-4136-bb66-efee62ce4a74'), VRSN_SEQ_ID, char_to_uuid('2c4dafc2-566a-41ae-9ebc-3097d7d22f4a') FROM CD_VRSN_TBL WHERE CD_ID = char_to_uuid('71f4edb8-ff9f-4136-bb66-efee62ce4a74') AND OBSLT_UTC IS NULL;--#!
INSERT INTO CD_REF_TERM_ASSOC_TBL(CD_REF_TERM_ID, REF_TERM_ID, CD_ID, EFFT_VRSN_SEQ_ID, REL_TYP_ID) SELECT gen_uuid(), char_to_uuid('1368f02a-c2f4-4175-aa48-a3806eca662c'), char_to_uuid('6c7c4cbc-5519-463b-b23d-31dc0238b172'), VRSN_SEQ_ID, char_to_uuid('2c4dafc2-566a-41ae-9ebc-3097d7d22f4a') FROM CD_VRSN_TBL WHERE CD_ID = char_to_uuid('6c7c4cbc-5519-463b-b23d-31dc0238b172') AND OBSLT_UTC IS NULL;--#!
INSERT INTO CD_REF_TERM_ASSOC_TBL(CD_REF_TERM_ID, REF_TERM_ID, CD_ID, EFFT_VRSN_SEQ_ID, REL_TYP_ID) SELECT gen_uuid(), char_to_uuid('ae18e981-257a-44a1-81a4-6e15b240bd96'), char_to_uuid('caf15d91-dcaf-4201-88bb-1f41d116d01c'), VRSN_SEQ_ID, char_to_uuid('2c4dafc2-566a-41ae-9ebc-3097d7d22f4a') FROM CD_VRSN_TBL WHERE CD_ID = char_to_uuid('caf15d91-dcaf-4201-88bb-1f41d116d01c') AND OBSLT_UTC IS NULL;--#!
INSERT INTO CD_REF_TERM_ASSOC_TBL(CD_REF_TERM_ID, REF_TERM_ID, CD_ID, EFFT_VRSN_SEQ_ID, REL_TYP_ID) SELECT gen_uuid(), char_to_uuid('b7b73d4d-60e7-4668-b0e2-31b547a8e3ff'), char_to_uuid('d47b92c2-ae09-4d13-bc45-2d545706e731'), VRSN_SEQ_ID, char_to_uuid('2c4dafc2-566a-41ae-9ebc-3097d7d22f4a') FROM CD_VRSN_TBL WHERE CD_ID = char_to_uuid('d47b92c2-ae09-4d13-bc45-2d545706e731') AND OBSLT_UTC IS NULL;--#!
INSERT INTO CD_REF_TERM_ASSOC_TBL(CD_REF_TERM_ID, REF_TERM_ID, CD_ID, EFFT_VRSN_SEQ_ID, REL_TYP_ID) SELECT gen_uuid(), char_to_uuid('acb6cb87-e297-489a-9f0a-8e71dfa8e06b'), char_to_uuid('928da1ae-db55-450f-8129-73e7d1218653'), VRSN_SEQ_ID, char_to_uuid('2c4dafc2-566a-41ae-9ebc-3097d7d22f4a') FROM CD_VRSN_TBL WHERE CD_ID = char_to_uuid('928da1ae-db55-450f-8129-73e7d1218653') AND OBSLT_UTC IS NULL;--#!
INSERT INTO CD_REF_TERM_ASSOC_TBL(CD_REF_TERM_ID, REF_TERM_ID, CD_ID, EFFT_VRSN_SEQ_ID, REL_TYP_ID) SELECT gen_uuid(), char_to_uuid('a5b80ee4-db62-45dc-b61d-fc56bbd66f85'), char_to_uuid('ea99e6e9-ba42-4f8f-b0f7-cfb46b5df629'), VRSN_SEQ_ID, char_to_uuid('2c4dafc2-566a-41ae-9ebc-3097d7d22f4a') FROM CD_VRSN_TBL WHERE CD_ID = char_to_uuid('ea99e6e9-ba42-4f8f-b0f7-cfb46b5df629') AND OBSLT_UTC IS NULL;--#!
INSERT INTO CD_REF_TERM_ASSOC_TBL(CD_REF_TERM_ID, REF_TERM_ID, CD_ID, EFFT_VRSN_SEQ_ID, REL_TYP_ID) SELECT gen_uuid(), char_to_uuid('10b3d1ad-c77b-4222-bae7-12c846afc462'), char_to_uuid('abb0bfaa-3082-4294-b8f6-5e9ec041b5a0'), VRSN_SEQ_ID, char_to_uuid('2c4dafc2-566a-41ae-9ebc-3097d7d22f4a') FROM CD_VRSN_TBL WHERE CD_ID = char_to_uuid('abb0bfaa-3082-4294-b8f6-5e9ec041b5a0') AND OBSLT_UTC IS NULL;--#!
INSERT INTO CD_REF_TERM_ASSOC_TBL(CD_REF_TERM_ID, REF_TERM_ID, CD_ID, EFFT_VRSN_SEQ_ID, REL_TYP_ID) SELECT gen_uuid(), char_to_uuid('ed766984-b95f-4812-affa-66bfd47ce023'), char_to_uuid('0b8f2f1c-190b-4596-8912-88d21d367ee1'), VRSN_SEQ_ID, char_to_uuid('2c4dafc2-566a-41ae-9ebc-3097d7d22f4a') FROM CD_VRSN_TBL WHERE CD_ID = char_to_uuid('0b8f2f1c-190b-4596-8912-88d21d367ee1') AND OBSLT_UTC IS NULL;--#!
INSERT INTO CD_REF_TERM_ASSOC_TBL(CD_REF_TERM_ID, REF_TERM_ID, CD_ID, EFFT_VRSN_SEQ_ID, REL_TYP_ID) SELECT gen_uuid(), char_to_uuid('e23688f8-0eb2-4e5c-84a9-8db838301574'), char_to_uuid('a54a0e82-a7fa-4a9c-b36f-39e976bbe29a'), VRSN_SEQ_ID, char_to_uuid('2c4dafc2-566a-41ae-9ebc-3097d7d22f4a') FROM CD_VRSN_TBL WHERE CD_ID = char_to_uuid('a54a0e82-a7fa-4a9c-b36f-39e976bbe29a') AND OBSLT_UTC IS NULL;--#!
INSERT INTO CD_REF_TERM_ASSOC_TBL(CD_REF_TERM_ID, REF_TERM_ID, CD_ID, EFFT_VRSN_SEQ_ID, REL_TYP_ID) SELECT gen_uuid(), char_to_uuid('4e53b94a-9212-4bc5-a341-914ad879c6ee'), char_to_uuid('64813a52-19ec-43e8-aea9-e7527cdea88a'), VRSN_SEQ_ID, char_to_uuid('2c4dafc2-566a-41ae-9ebc-3097d7d22f4a') FROM CD_VRSN_TBL WHERE CD_ID = char_to_uuid('64813a52-19ec-43e8-aea9-e7527cdea88a') AND OBSLT_UTC IS NULL;--#!
INSERT INTO CD_REF_TERM_ASSOC_TBL(CD_REF_TERM_ID, REF_TERM_ID, CD_ID, EFFT_VRSN_SEQ_ID, REL_TYP_ID) SELECT gen_uuid(), char_to_uuid('f5f76984-b678-4316-81f9-57cf7e857453'), char_to_uuid('98023485-f85f-4151-8330-c4adfde0b579'), VRSN_SEQ_ID, char_to_uuid('2c4dafc2-566a-41ae-9ebc-3097d7d22f4a') FROM CD_VRSN_TBL WHERE CD_ID = char_to_uuid('98023485-f85f-4151-8330-c4adfde0b579') AND OBSLT_UTC IS NULL;--#!
INSERT INTO CD_REF_TERM_ASSOC_TBL(CD_REF_TERM_ID, REF_TERM_ID, CD_ID, EFFT_VRSN_SEQ_ID, REL_TYP_ID) SELECT gen_uuid(), char_to_uuid('93563fa3-d1f2-4248-8b9e-6362bf49f6dc'), char_to_uuid('eec32656-fa6a-40dc-9145-2487f1e561ef'), VRSN_SEQ_ID, char_to_uuid('2c4dafc2-566a-41ae-9ebc-3097d7d22f4a') FROM CD_VRSN_TBL WHERE CD_ID = char_to_uuid('eec32656-fa6a-40dc-9145-2487f1e561ef') AND OBSLT_UTC IS NULL;--#!
INSERT INTO CD_REF_TERM_ASSOC_TBL(CD_REF_TERM_ID, REF_TERM_ID, CD_ID, EFFT_VRSN_SEQ_ID, REL_TYP_ID) SELECT gen_uuid(), char_to_uuid('5b08dc3b-9ee6-452f-bf93-4c6bfd17b1ea'), char_to_uuid('192eb732-2226-44a8-a802-fe694c581a41'), VRSN_SEQ_ID, char_to_uuid('2c4dafc2-566a-41ae-9ebc-3097d7d22f4a') FROM CD_VRSN_TBL WHERE CD_ID = char_to_uuid('192eb732-2226-44a8-a802-fe694c581a41') AND OBSLT_UTC IS NULL;--#!
INSERT INTO CD_REF_TERM_ASSOC_TBL(CD_REF_TERM_ID, REF_TERM_ID, CD_ID, EFFT_VRSN_SEQ_ID, REL_TYP_ID) SELECT gen_uuid(), char_to_uuid('18095cc9-9e62-49b8-b96a-af5a063935a6'), char_to_uuid('b8b595a7-9c17-4d12-958a-8b098abdc638'), VRSN_SEQ_ID, char_to_uuid('2c4dafc2-566a-41ae-9ebc-3097d7d22f4a') FROM CD_VRSN_TBL WHERE CD_ID = char_to_uuid('b8b595a7-9c17-4d12-958a-8b098abdc638') AND OBSLT_UTC IS NULL;--#!
INSERT INTO CD_REF_TERM_ASSOC_TBL(CD_REF_TERM_ID, REF_TERM_ID, CD_ID, EFFT_VRSN_SEQ_ID, REL_TYP_ID) SELECT gen_uuid(), char_to_uuid('e1d8aee2-62d4-416e-983f-81e006198cd3'), char_to_uuid('bee02da3-a599-4d14-9053-38ce443bc2b8'), VRSN_SEQ_ID, char_to_uuid('2c4dafc2-566a-41ae-9ebc-3097d7d22f4a') FROM CD_VRSN_TBL WHERE CD_ID = char_to_uuid('bee02da3-a599-4d14-9053-38ce443bc2b8') AND OBSLT_UTC IS NULL;--#!
INSERT INTO CD_REF_TERM_ASSOC_TBL(CD_REF_TERM_ID, REF_TERM_ID, CD_ID, EFFT_VRSN_SEQ_ID, REL_TYP_ID) SELECT gen_uuid(), char_to_uuid('937e5c54-4b18-4e0b-aaa9-06e97260b96c'), char_to_uuid('b6b0854b-948f-47ee-b3c2-688bd722aeac'), VRSN_SEQ_ID, char_to_uuid('2c4dafc2-566a-41ae-9ebc-3097d7d22f4a') FROM CD_VRSN_TBL WHERE CD_ID = char_to_uuid('b6b0854b-948f-47ee-b3c2-688bd722aeac') AND OBSLT_UTC IS NULL;--#!
INSERT INTO CD_REF_TERM_ASSOC_TBL(CD_REF_TERM_ID, REF_TERM_ID, CD_ID, EFFT_VRSN_SEQ_ID, REL_TYP_ID) SELECT gen_uuid(), char_to_uuid('a3aacd8f-39b6-4455-8f1c-5232de05ab56'), char_to_uuid('318ced77-ccd6-48d0-b16f-6ea4be00a586'), VRSN_SEQ_ID, char_to_uuid('2c4dafc2-566a-41ae-9ebc-3097d7d22f4a') FROM CD_VRSN_TBL WHERE CD_ID = char_to_uuid('318ced77-ccd6-48d0-b16f-6ea4be00a586') AND OBSLT_UTC IS NULL;--#!
INSERT INTO CD_REF_TERM_ASSOC_TBL(CD_REF_TERM_ID, REF_TERM_ID, CD_ID, EFFT_VRSN_SEQ_ID, REL_TYP_ID) SELECT gen_uuid(), char_to_uuid('f766e171-ac0d-4a29-ba7d-d6b308e214de'), char_to_uuid('f193cab3-cffa-4671-99af-6be949ba96aa'), VRSN_SEQ_ID, char_to_uuid('2c4dafc2-566a-41ae-9ebc-3097d7d22f4a') FROM CD_VRSN_TBL WHERE CD_ID = char_to_uuid('f193cab3-cffa-4671-99af-6be949ba96aa') AND OBSLT_UTC IS NULL;--#!
INSERT INTO CD_REF_TERM_ASSOC_TBL(CD_REF_TERM_ID, REF_TERM_ID, CD_ID, EFFT_VRSN_SEQ_ID, REL_TYP_ID) SELECT gen_uuid(), char_to_uuid('beb0f18a-5637-4975-bf9c-aecd89e7813d'), char_to_uuid('2bcbc810-53bc-4337-9c0c-303c52356659'), VRSN_SEQ_ID, char_to_uuid('2c4dafc2-566a-41ae-9ebc-3097d7d22f4a') FROM CD_VRSN_TBL WHERE CD_ID = char_to_uuid('2bcbc810-53bc-4337-9c0c-303c52356659') AND OBSLT_UTC IS NULL;--#!
INSERT INTO CD_REF_TERM_ASSOC_TBL(CD_REF_TERM_ID, REF_TERM_ID, CD_ID, EFFT_VRSN_SEQ_ID, REL_TYP_ID) SELECT gen_uuid(), char_to_uuid('371b4b38-079f-4a0e-bc6e-8239c84cadfc'), char_to_uuid('c8763e54-4ea6-4fd4-ae31-5644ba0cbe0c'), VRSN_SEQ_ID, char_to_uuid('2c4dafc2-566a-41ae-9ebc-3097d7d22f4a') FROM CD_VRSN_TBL WHERE CD_ID = char_to_uuid('c8763e54-4ea6-4fd4-ae31-5644ba0cbe0c') AND OBSLT_UTC IS NULL;--#!
INSERT INTO CD_REF_TERM_ASSOC_TBL(CD_REF_TERM_ID, REF_TERM_ID, CD_ID, EFFT_VRSN_SEQ_ID, REL_TYP_ID) SELECT gen_uuid(), char_to_uuid('d5e82b3c-841e-4058-a613-5a04b111b3a1'), char_to_uuid('b2180b59-79b2-4cf5-9ea2-fb36d9ad8c03'), VRSN_SEQ_ID, char_to_uuid('2c4dafc2-566a-41ae-9ebc-3097d7d22f4a') FROM CD_VRSN_TBL WHERE CD_ID = char_to_uuid('b2180b59-79b2-4cf5-9ea2-fb36d9ad8c03') AND OBSLT_UTC IS NULL;--#!
INSERT INTO CD_REF_TERM_ASSOC_TBL(CD_REF_TERM_ID, REF_TERM_ID, CD_ID, EFFT_VRSN_SEQ_ID, REL_TYP_ID) SELECT gen_uuid(), char_to_uuid('bd9a5ad5-5eeb-4535-b98b-57529c53e9f3'), char_to_uuid('ca578e77-bcc2-4305-95d5-ffe559318aea'), VRSN_SEQ_ID, char_to_uuid('2c4dafc2-566a-41ae-9ebc-3097d7d22f4a') FROM CD_VRSN_TBL WHERE CD_ID = char_to_uuid('ca578e77-bcc2-4305-95d5-ffe559318aea') AND OBSLT_UTC IS NULL;--#!
INSERT INTO CD_REF_TERM_ASSOC_TBL(CD_REF_TERM_ID, REF_TERM_ID, CD_ID, EFFT_VRSN_SEQ_ID, REL_TYP_ID) SELECT gen_uuid(), char_to_uuid('0fd87977-c371-409a-8029-3392adf03ad0'), char_to_uuid('7c8e0e91-7849-4d05-a9e9-2663f3c738db'), VRSN_SEQ_ID, char_to_uuid('2c4dafc2-566a-41ae-9ebc-3097d7d22f4a') FROM CD_VRSN_TBL WHERE CD_ID = char_to_uuid('7c8e0e91-7849-4d05-a9e9-2663f3c738db') AND OBSLT_UTC IS NULL;--#!
INSERT INTO CD_REF_TERM_ASSOC_TBL(CD_REF_TERM_ID, REF_TERM_ID, CD_ID, EFFT_VRSN_SEQ_ID, REL_TYP_ID) SELECT gen_uuid(), char_to_uuid('ab06b931-b47e-4b2b-bd6b-7d02c7d7c836'), char_to_uuid('f73c6dc1-ddf4-4281-a4cf-2dafb8996b19'), VRSN_SEQ_ID, char_to_uuid('2c4dafc2-566a-41ae-9ebc-3097d7d22f4a') FROM CD_VRSN_TBL WHERE CD_ID = char_to_uuid('f73c6dc1-ddf4-4281-a4cf-2dafb8996b19') AND OBSLT_UTC IS NULL;--#!
INSERT INTO CD_REF_TERM_ASSOC_TBL(CD_REF_TERM_ID, REF_TERM_ID, CD_ID, EFFT_VRSN_SEQ_ID, REL_TYP_ID) SELECT gen_uuid(), char_to_uuid('61881223-b24f-4c65-bc76-6ec3d7efdb78'), char_to_uuid('439831fb-279b-4c63-a2ca-aa24a95bcecb'), VRSN_SEQ_ID, char_to_uuid('2c4dafc2-566a-41ae-9ebc-3097d7d22f4a') FROM CD_VRSN_TBL WHERE CD_ID = char_to_uuid('439831fb-279b-4c63-a2ca-aa24a95bcecb') AND OBSLT_UTC IS NULL;--#!
INSERT INTO CD_REF_TERM_ASSOC_TBL(CD_REF_TERM_ID, REF_TERM_ID, CD_ID, EFFT_VRSN_SEQ_ID, REL_TYP_ID) SELECT gen_uuid(), char_to_uuid('d2b9e86b-14f1-4a3b-aab7-005f1e3a3392'), char_to_uuid('4b0cc35d-e05c-46c4-afd8-2a03ecfe6df1'), VRSN_SEQ_ID, char_to_uuid('2c4dafc2-566a-41ae-9ebc-3097d7d22f4a') FROM CD_VRSN_TBL WHERE CD_ID = char_to_uuid('4b0cc35d-e05c-46c4-afd8-2a03ecfe6df1') AND OBSLT_UTC IS NULL;--#!
INSERT INTO CD_REF_TERM_ASSOC_TBL(CD_REF_TERM_ID, REF_TERM_ID, CD_ID, EFFT_VRSN_SEQ_ID, REL_TYP_ID) SELECT gen_uuid(), char_to_uuid('d582f480-a75e-4a0d-9e07-753c9f6571a8'), char_to_uuid('a67d6067-3e58-42cd-99d3-b3b25f9c0b1e'), VRSN_SEQ_ID, char_to_uuid('2c4dafc2-566a-41ae-9ebc-3097d7d22f4a') FROM CD_VRSN_TBL WHERE CD_ID = char_to_uuid('a67d6067-3e58-42cd-99d3-b3b25f9c0b1e') AND OBSLT_UTC IS NULL;--#!
INSERT INTO CD_REF_TERM_ASSOC_TBL(CD_REF_TERM_ID, REF_TERM_ID, CD_ID, EFFT_VRSN_SEQ_ID, REL_TYP_ID) SELECT gen_uuid(), char_to_uuid('d4e96699-1788-41af-aca3-45ee0c005ab4'), char_to_uuid('c17d2682-aa2b-421a-a096-f5d634234218'), VRSN_SEQ_ID, char_to_uuid('2c4dafc2-566a-41ae-9ebc-3097d7d22f4a') FROM CD_VRSN_TBL WHERE CD_ID = char_to_uuid('c17d2682-aa2b-421a-a096-f5d634234218') AND OBSLT_UTC IS NULL;--#!
INSERT INTO CD_REF_TERM_ASSOC_TBL(CD_REF_TERM_ID, REF_TERM_ID, CD_ID, EFFT_VRSN_SEQ_ID, REL_TYP_ID) SELECT gen_uuid(), char_to_uuid('3e84bbf5-dd64-41ee-951d-56a4cf89e967'), char_to_uuid('e0cc9b98-2de1-4ca7-9cc9-15cd488ae7ad'), VRSN_SEQ_ID, char_to_uuid('2c4dafc2-566a-41ae-9ebc-3097d7d22f4a') FROM CD_VRSN_TBL WHERE CD_ID = char_to_uuid('e0cc9b98-2de1-4ca7-9cc9-15cd488ae7ad') AND OBSLT_UTC IS NULL;--#!
INSERT INTO CD_REF_TERM_ASSOC_TBL(CD_REF_TERM_ID, REF_TERM_ID, CD_ID, EFFT_VRSN_SEQ_ID, REL_TYP_ID) SELECT gen_uuid(), char_to_uuid('ad35e3a8-337e-44a3-b4e5-dadbdb292bca'), char_to_uuid('c70d0aef-fc5f-48b6-a2ab-940667923dd1'), VRSN_SEQ_ID, char_to_uuid('2c4dafc2-566a-41ae-9ebc-3097d7d22f4a') FROM CD_VRSN_TBL WHERE CD_ID = char_to_uuid('c70d0aef-fc5f-48b6-a2ab-940667923dd1') AND OBSLT_UTC IS NULL;--#!
INSERT INTO CD_REF_TERM_ASSOC_TBL(CD_REF_TERM_ID, REF_TERM_ID, CD_ID, EFFT_VRSN_SEQ_ID, REL_TYP_ID) SELECT gen_uuid(), char_to_uuid('cb80dcf4-4da0-4763-bcb8-f57aa2c5538c'), char_to_uuid('35b73050-b433-4cb4-972a-d8e2cda72c7e'), VRSN_SEQ_ID, char_to_uuid('2c4dafc2-566a-41ae-9ebc-3097d7d22f4a') FROM CD_VRSN_TBL WHERE CD_ID = char_to_uuid('35b73050-b433-4cb4-972a-d8e2cda72c7e') AND OBSLT_UTC IS NULL;--#!
INSERT INTO CD_REF_TERM_ASSOC_TBL(CD_REF_TERM_ID, REF_TERM_ID, CD_ID, EFFT_VRSN_SEQ_ID, REL_TYP_ID) SELECT gen_uuid(), char_to_uuid('bbe0d322-a131-4afa-8150-d9ef9ed41d1f'), char_to_uuid('c8bf65bb-a749-4c2c-a841-2e3b3b4b4ca1'), VRSN_SEQ_ID, char_to_uuid('2c4dafc2-566a-41ae-9ebc-3097d7d22f4a') FROM CD_VRSN_TBL WHERE CD_ID = char_to_uuid('c8bf65bb-a749-4c2c-a841-2e3b3b4b4ca1') AND OBSLT_UTC IS NULL;--#!
INSERT INTO CD_REF_TERM_ASSOC_TBL(CD_REF_TERM_ID, REF_TERM_ID, CD_ID, EFFT_VRSN_SEQ_ID, REL_TYP_ID) SELECT gen_uuid(), char_to_uuid('3b0bff93-fcec-4127-a632-0fc760c9834d'), char_to_uuid('38dc64a8-3475-40b1-8621-38673dd243d1'), VRSN_SEQ_ID, char_to_uuid('2c4dafc2-566a-41ae-9ebc-3097d7d22f4a') FROM CD_VRSN_TBL WHERE CD_ID = char_to_uuid('38dc64a8-3475-40b1-8621-38673dd243d1') AND OBSLT_UTC IS NULL;--#!
INSERT INTO CD_REF_TERM_ASSOC_TBL(CD_REF_TERM_ID, REF_TERM_ID, CD_ID, EFFT_VRSN_SEQ_ID, REL_TYP_ID) SELECT gen_uuid(), char_to_uuid('dcdc83bb-b2e3-4903-b84e-d47ca04f4ea2'), char_to_uuid('f4723f52-e804-4153-8649-55a8c8cd0263'), VRSN_SEQ_ID, char_to_uuid('2c4dafc2-566a-41ae-9ebc-3097d7d22f4a') FROM CD_VRSN_TBL WHERE CD_ID = char_to_uuid('f4723f52-e804-4153-8649-55a8c8cd0263') AND OBSLT_UTC IS NULL;--#!
INSERT INTO CD_REF_TERM_ASSOC_TBL(CD_REF_TERM_ID, REF_TERM_ID, CD_ID, EFFT_VRSN_SEQ_ID, REL_TYP_ID) SELECT gen_uuid(), char_to_uuid('a94c2eb7-88b7-415c-b4a8-ac5702fecc33'), char_to_uuid('f99e2f28-49c8-4328-ad66-ec57950c758e'), VRSN_SEQ_ID, char_to_uuid('2c4dafc2-566a-41ae-9ebc-3097d7d22f4a') FROM CD_VRSN_TBL WHERE CD_ID = char_to_uuid('f99e2f28-49c8-4328-ad66-ec57950c758e') AND OBSLT_UTC IS NULL;--#!
INSERT INTO CD_REF_TERM_ASSOC_TBL(CD_REF_TERM_ID, REF_TERM_ID, CD_ID, EFFT_VRSN_SEQ_ID, REL_TYP_ID) SELECT gen_uuid(), char_to_uuid('08517749-66d3-49ee-99fe-17b64fe60ac7'), char_to_uuid('d365c5ab-4ad2-40d7-afc2-0cdc734d2b4f'), VRSN_SEQ_ID, char_to_uuid('2c4dafc2-566a-41ae-9ebc-3097d7d22f4a') FROM CD_VRSN_TBL WHERE CD_ID = char_to_uuid('d365c5ab-4ad2-40d7-afc2-0cdc734d2b4f') AND OBSLT_UTC IS NULL;--#!
INSERT INTO CD_REF_TERM_ASSOC_TBL(CD_REF_TERM_ID, REF_TERM_ID, CD_ID, EFFT_VRSN_SEQ_ID, REL_TYP_ID) SELECT gen_uuid(), char_to_uuid('3953c152-d8ca-4375-add6-f76f9f12e683'), char_to_uuid('cd2dd690-9b87-4f5e-a087-7bd0b1cf9248'), VRSN_SEQ_ID, char_to_uuid('2c4dafc2-566a-41ae-9ebc-3097d7d22f4a') FROM CD_VRSN_TBL WHERE CD_ID = char_to_uuid('cd2dd690-9b87-4f5e-a087-7bd0b1cf9248') AND OBSLT_UTC IS NULL;--#!
INSERT INTO CD_REF_TERM_ASSOC_TBL(CD_REF_TERM_ID, REF_TERM_ID, CD_ID, EFFT_VRSN_SEQ_ID, REL_TYP_ID) SELECT gen_uuid(), char_to_uuid('d6daf579-d366-40ef-adad-21887f9ebad3'), char_to_uuid('9c4b1f37-7428-4f8b-84a7-c08e8ff1fce0'), VRSN_SEQ_ID, char_to_uuid('2c4dafc2-566a-41ae-9ebc-3097d7d22f4a') FROM CD_VRSN_TBL WHERE CD_ID = char_to_uuid('9c4b1f37-7428-4f8b-84a7-c08e8ff1fce0') AND OBSLT_UTC IS NULL;--#!
INSERT INTO CD_REF_TERM_ASSOC_TBL(CD_REF_TERM_ID, REF_TERM_ID, CD_ID, EFFT_VRSN_SEQ_ID, REL_TYP_ID) SELECT gen_uuid(), char_to_uuid('d77fd655-f4dc-4964-bf52-aaa7db116cb4'), char_to_uuid('87b1e344-5a54-46ce-8668-ff4d2363f61b'), VRSN_SEQ_ID, char_to_uuid('2c4dafc2-566a-41ae-9ebc-3097d7d22f4a') FROM CD_VRSN_TBL WHERE CD_ID = char_to_uuid('87b1e344-5a54-46ce-8668-ff4d2363f61b') AND OBSLT_UTC IS NULL;--#!
INSERT INTO CD_REF_TERM_ASSOC_TBL(CD_REF_TERM_ID, REF_TERM_ID, CD_ID, EFFT_VRSN_SEQ_ID, REL_TYP_ID) SELECT gen_uuid(), char_to_uuid('26de1119-d2d2-49f1-b7b6-2329ff23d49e'), char_to_uuid('0331e13f-f471-4fbd-92dc-66e0a46239d5'), VRSN_SEQ_ID, char_to_uuid('2c4dafc2-566a-41ae-9ebc-3097d7d22f4a') FROM CD_VRSN_TBL WHERE CD_ID = char_to_uuid('0331e13f-f471-4fbd-92dc-66e0a46239d5') AND OBSLT_UTC IS NULL;--#!
INSERT INTO CD_REF_TERM_ASSOC_TBL(CD_REF_TERM_ID, REF_TERM_ID, CD_ID, EFFT_VRSN_SEQ_ID, REL_TYP_ID) SELECT gen_uuid(), char_to_uuid('51e53697-64eb-4cc7-a548-cf603881046a'), char_to_uuid('7d84a057-1fcc-4054-a51f-b77d230fc6d1'), VRSN_SEQ_ID, char_to_uuid('2c4dafc2-566a-41ae-9ebc-3097d7d22f4a') FROM CD_VRSN_TBL WHERE CD_ID = char_to_uuid('7d84a057-1fcc-4054-a51f-b77d230fc6d1') AND OBSLT_UTC IS NULL;--#!
INSERT INTO CD_REF_TERM_ASSOC_TBL(CD_REF_TERM_ID, REF_TERM_ID, CD_ID, EFFT_VRSN_SEQ_ID, REL_TYP_ID) SELECT gen_uuid(), char_to_uuid('8accce19-d2e3-4f49-986e-eb2e2d7785a2'), char_to_uuid('6e7a3521-2967-4c0a-80ec-6c5c197b2178'), VRSN_SEQ_ID, char_to_uuid('2c4dafc2-566a-41ae-9ebc-3097d7d22f4a') FROM CD_VRSN_TBL WHERE CD_ID = char_to_uuid('6e7a3521-2967-4c0a-80ec-6c5c197b2178') AND OBSLT_UTC IS NULL;--#!
INSERT INTO CD_REF_TERM_ASSOC_TBL(CD_REF_TERM_ID, REF_TERM_ID, CD_ID, EFFT_VRSN_SEQ_ID, REL_TYP_ID) SELECT gen_uuid(), char_to_uuid('195f4fcc-ee4e-4132-ba6d-222fb86cf4e7'), char_to_uuid('f3be6b88-bc8f-4263-a779-86f21ea10a47'), VRSN_SEQ_ID, char_to_uuid('2c4dafc2-566a-41ae-9ebc-3097d7d22f4a') FROM CD_VRSN_TBL WHERE CD_ID = char_to_uuid('f3be6b88-bc8f-4263-a779-86f21ea10a47') AND OBSLT_UTC IS NULL;--#!
INSERT INTO CD_REF_TERM_ASSOC_TBL(CD_REF_TERM_ID, REF_TERM_ID, CD_ID, EFFT_VRSN_SEQ_ID, REL_TYP_ID) SELECT gen_uuid(), char_to_uuid('bc832e84-491f-41fa-a53a-46770cd2697d'), char_to_uuid('094941e9-a3db-48b5-862c-bc289bd7f86c'), VRSN_SEQ_ID, char_to_uuid('2c4dafc2-566a-41ae-9ebc-3097d7d22f4a') FROM CD_VRSN_TBL WHERE CD_ID = char_to_uuid('094941e9-a3db-48b5-862c-bc289bd7f86c') AND OBSLT_UTC IS NULL;--#!
INSERT INTO CD_REF_TERM_ASSOC_TBL(CD_REF_TERM_ID, REF_TERM_ID, CD_ID, EFFT_VRSN_SEQ_ID, REL_TYP_ID) SELECT gen_uuid(), char_to_uuid('505aae7d-16f6-4600-9172-89e0ca36a3c1'), char_to_uuid('f4e3a6bb-612e-46b2-9f77-ff844d971198'), VRSN_SEQ_ID, char_to_uuid('2c4dafc2-566a-41ae-9ebc-3097d7d22f4a') FROM CD_VRSN_TBL WHERE CD_ID = char_to_uuid('f4e3a6bb-612e-46b2-9f77-ff844d971198') AND OBSLT_UTC IS NULL;--#!
INSERT INTO CD_REF_TERM_ASSOC_TBL(CD_REF_TERM_ID, REF_TERM_ID, CD_ID, EFFT_VRSN_SEQ_ID, REL_TYP_ID) SELECT gen_uuid(), char_to_uuid('d6e851a7-2d7e-4c63-81dc-efef7d12e9a1'), char_to_uuid('ae94a782-1485-4241-9bca-5b09db2156bf'), VRSN_SEQ_ID, char_to_uuid('2c4dafc2-566a-41ae-9ebc-3097d7d22f4a') FROM CD_VRSN_TBL WHERE CD_ID = char_to_uuid('ae94a782-1485-4241-9bca-5b09db2156bf') AND OBSLT_UTC IS NULL;--#!
INSERT INTO CD_REF_TERM_ASSOC_TBL(CD_REF_TERM_ID, REF_TERM_ID, CD_ID, EFFT_VRSN_SEQ_ID, REL_TYP_ID) SELECT gen_uuid(), char_to_uuid('fe55da81-df44-43c7-aa18-9283ffc38362'), char_to_uuid('0ff2ab03-6e0a-40d1-8947-04c4937b4cc4'), VRSN_SEQ_ID, char_to_uuid('2c4dafc2-566a-41ae-9ebc-3097d7d22f4a') FROM CD_VRSN_TBL WHERE CD_ID = char_to_uuid('0ff2ab03-6e0a-40d1-8947-04c4937b4cc4') AND OBSLT_UTC IS NULL;--#!
INSERT INTO CD_REF_TERM_ASSOC_TBL(CD_REF_TERM_ID, REF_TERM_ID, CD_ID, EFFT_VRSN_SEQ_ID, REL_TYP_ID) SELECT gen_uuid(), char_to_uuid('d8382b1a-2c20-4048-98c0-36cca22db74b'), char_to_uuid('24380d53-ea22-4820-9f06-8671f774f133'), VRSN_SEQ_ID, char_to_uuid('2c4dafc2-566a-41ae-9ebc-3097d7d22f4a') FROM CD_VRSN_TBL WHERE CD_ID = char_to_uuid('24380d53-ea22-4820-9f06-8671f774f133') AND OBSLT_UTC IS NULL;--#!
INSERT INTO CD_REF_TERM_ASSOC_TBL(CD_REF_TERM_ID, REF_TERM_ID, CD_ID, EFFT_VRSN_SEQ_ID, REL_TYP_ID) SELECT gen_uuid(), char_to_uuid('2a35f977-0a36-468c-8edc-f8a742450170'), char_to_uuid('0a4c87e2-16c3-4361-be3c-dd765ee4bc7d'), VRSN_SEQ_ID, char_to_uuid('2c4dafc2-566a-41ae-9ebc-3097d7d22f4a') FROM CD_VRSN_TBL WHERE CD_ID = char_to_uuid('0a4c87e2-16c3-4361-be3c-dd765ee4bc7d') AND OBSLT_UTC IS NULL;--#!
INSERT INTO CD_REF_TERM_ASSOC_TBL(CD_REF_TERM_ID, REF_TERM_ID, CD_ID, EFFT_VRSN_SEQ_ID, REL_TYP_ID) SELECT gen_uuid(), char_to_uuid('61afe90c-d752-42cf-a8d0-5a928c97b38c'), char_to_uuid('739457d0-835a-4a9c-811c-42b5e92ed1ca'), VRSN_SEQ_ID, char_to_uuid('2c4dafc2-566a-41ae-9ebc-3097d7d22f4a') FROM CD_VRSN_TBL WHERE CD_ID = char_to_uuid('739457d0-835a-4a9c-811c-42b5e92ed1ca') AND OBSLT_UTC IS NULL;--#!
INSERT INTO CD_REF_TERM_ASSOC_TBL(CD_REF_TERM_ID, REF_TERM_ID, CD_ID, EFFT_VRSN_SEQ_ID, REL_TYP_ID) SELECT gen_uuid(), char_to_uuid('b1e7070d-4b88-45fd-bccc-eff7316c15d9'), char_to_uuid('8fa25b69-c9c2-4c40-84c1-0ea9641a12ec'), VRSN_SEQ_ID, char_to_uuid('2c4dafc2-566a-41ae-9ebc-3097d7d22f4a') FROM CD_VRSN_TBL WHERE CD_ID = char_to_uuid('8fa25b69-c9c2-4c40-84c1-0ea9641a12ec') AND OBSLT_UTC IS NULL;--#!
INSERT INTO CD_REF_TERM_ASSOC_TBL(CD_REF_TERM_ID, REF_TERM_ID, CD_ID, EFFT_VRSN_SEQ_ID, REL_TYP_ID) SELECT gen_uuid(), char_to_uuid('5f63a762-4793-4f9d-826e-87612a6a2bbe'), char_to_uuid('abfe2637-d338-4090-b3a5-3ec19a47be6a'), VRSN_SEQ_ID, char_to_uuid('2c4dafc2-566a-41ae-9ebc-3097d7d22f4a') FROM CD_VRSN_TBL WHERE CD_ID = char_to_uuid('abfe2637-d338-4090-b3a5-3ec19a47be6a') AND OBSLT_UTC IS NULL;--#!
INSERT INTO CD_REF_TERM_ASSOC_TBL(CD_REF_TERM_ID, REF_TERM_ID, CD_ID, EFFT_VRSN_SEQ_ID, REL_TYP_ID) SELECT gen_uuid(), char_to_uuid('a3748d6d-cc9c-4686-acba-a0946e758ab5'), char_to_uuid('8bf23192-de75-48eb-abee-81a9a15332f8'), VRSN_SEQ_ID, char_to_uuid('2c4dafc2-566a-41ae-9ebc-3097d7d22f4a') FROM CD_VRSN_TBL WHERE CD_ID = char_to_uuid('8bf23192-de75-48eb-abee-81a9a15332f8') AND OBSLT_UTC IS NULL;--#!
INSERT INTO CD_REF_TERM_ASSOC_TBL(CD_REF_TERM_ID, REF_TERM_ID, CD_ID, EFFT_VRSN_SEQ_ID, REL_TYP_ID) SELECT gen_uuid(), char_to_uuid('354a9766-c8e5-4b7a-bd6c-4440d9e9e389'), char_to_uuid('1c0f931c-9c49-4a52-8fbf-5217c52ea778'), VRSN_SEQ_ID, char_to_uuid('2c4dafc2-566a-41ae-9ebc-3097d7d22f4a') FROM CD_VRSN_TBL WHERE CD_ID = char_to_uuid('1c0f931c-9c49-4a52-8fbf-5217c52ea778') AND OBSLT_UTC IS NULL;--#!
INSERT INTO CD_REF_TERM_ASSOC_TBL(CD_REF_TERM_ID, REF_TERM_ID, CD_ID, EFFT_VRSN_SEQ_ID, REL_TYP_ID) SELECT gen_uuid(), char_to_uuid('40ca0162-c12b-458b-97d6-fbc386e6fcc1'), char_to_uuid('6a181a3c-7241-4325-b011-630d3ca6dc4a'), VRSN_SEQ_ID, char_to_uuid('2c4dafc2-566a-41ae-9ebc-3097d7d22f4a') FROM CD_VRSN_TBL WHERE CD_ID = char_to_uuid('6a181a3c-7241-4325-b011-630d3ca6dc4a') AND OBSLT_UTC IS NULL;--#!
INSERT INTO CD_REF_TERM_ASSOC_TBL(CD_REF_TERM_ID, REF_TERM_ID, CD_ID, EFFT_VRSN_SEQ_ID, REL_TYP_ID) SELECT gen_uuid(), char_to_uuid('1193070f-3d8c-4b26-9d7d-8ef3d69ceb92'), char_to_uuid('2b4b2ed8-f90c-4193-870a-f48bc39657c1'), VRSN_SEQ_ID, char_to_uuid('2c4dafc2-566a-41ae-9ebc-3097d7d22f4a') FROM CD_VRSN_TBL WHERE CD_ID = char_to_uuid('2b4b2ed8-f90c-4193-870a-f48bc39657c1') AND OBSLT_UTC IS NULL;--#!
INSERT INTO CD_REF_TERM_ASSOC_TBL(CD_REF_TERM_ID, REF_TERM_ID, CD_ID, EFFT_VRSN_SEQ_ID, REL_TYP_ID) SELECT gen_uuid(), char_to_uuid('e122710f-e39f-40ec-be48-6972b1356046'), char_to_uuid('8165b43f-8103-4ed3-bac6-4fc0df8c1a84'), VRSN_SEQ_ID, char_to_uuid('2c4dafc2-566a-41ae-9ebc-3097d7d22f4a') FROM CD_VRSN_TBL WHERE CD_ID = char_to_uuid('8165b43f-8103-4ed3-bac6-4fc0df8c1a84') AND OBSLT_UTC IS NULL;--#!
INSERT INTO CD_REF_TERM_ASSOC_TBL(CD_REF_TERM_ID, REF_TERM_ID, CD_ID, EFFT_VRSN_SEQ_ID, REL_TYP_ID) SELECT gen_uuid(), char_to_uuid('33dcaee0-1476-4c79-80a4-96a6e6f720e3'), char_to_uuid('e81d6773-97e3-4b2d-b6a3-a4624ba5c6a9'), VRSN_SEQ_ID, char_to_uuid('2c4dafc2-566a-41ae-9ebc-3097d7d22f4a') FROM CD_VRSN_TBL WHERE CD_ID = char_to_uuid('e81d6773-97e3-4b2d-b6a3-a4624ba5c6a9') AND OBSLT_UTC IS NULL;--#!
INSERT INTO CD_REF_TERM_ASSOC_TBL(CD_REF_TERM_ID, REF_TERM_ID, CD_ID, EFFT_VRSN_SEQ_ID, REL_TYP_ID) SELECT gen_uuid(), char_to_uuid('93ca6c84-3ed5-4c55-afcd-8bdb1b7689e7'), char_to_uuid('76fdf0e7-cfe0-47b4-9630-c645f254cdfd'), VRSN_SEQ_ID, char_to_uuid('2c4dafc2-566a-41ae-9ebc-3097d7d22f4a') FROM CD_VRSN_TBL WHERE CD_ID = char_to_uuid('76fdf0e7-cfe0-47b4-9630-c645f254cdfd') AND OBSLT_UTC IS NULL;--#!
INSERT INTO CD_REF_TERM_ASSOC_TBL(CD_REF_TERM_ID, REF_TERM_ID, CD_ID, EFFT_VRSN_SEQ_ID, REL_TYP_ID) SELECT gen_uuid(), char_to_uuid('d8a535fc-e463-4564-a4fe-9ae7a94dddbe'), char_to_uuid('3db182e2-653b-4bfd-a300-32f23345d1c0'), VRSN_SEQ_ID, char_to_uuid('2c4dafc2-566a-41ae-9ebc-3097d7d22f4a') FROM CD_VRSN_TBL WHERE CD_ID = char_to_uuid('3db182e2-653b-4bfd-a300-32f23345d1c0') AND OBSLT_UTC IS NULL;--#!
INSERT INTO CD_REF_TERM_ASSOC_TBL(CD_REF_TERM_ID, REF_TERM_ID, CD_ID, EFFT_VRSN_SEQ_ID, REL_TYP_ID) SELECT gen_uuid(), char_to_uuid('4335ccc0-0ce4-4576-934f-e9eb1377e726'), char_to_uuid('38d66ec7-0cc8-4609-9675-b6ff91ede605'), VRSN_SEQ_ID, char_to_uuid('2c4dafc2-566a-41ae-9ebc-3097d7d22f4a') FROM CD_VRSN_TBL WHERE CD_ID = char_to_uuid('38d66ec7-0cc8-4609-9675-b6ff91ede605') AND OBSLT_UTC IS NULL;--#!
INSERT INTO CD_REF_TERM_ASSOC_TBL(CD_REF_TERM_ID, REF_TERM_ID, CD_ID, EFFT_VRSN_SEQ_ID, REL_TYP_ID) SELECT gen_uuid(), char_to_uuid('879c0084-a30a-4e55-b3eb-9cdb302caad3'), char_to_uuid('40d18ecc-8ff8-4e03-8e58-97a980f04060'), VRSN_SEQ_ID, char_to_uuid('2c4dafc2-566a-41ae-9ebc-3097d7d22f4a') FROM CD_VRSN_TBL WHERE CD_ID = char_to_uuid('40d18ecc-8ff8-4e03-8e58-97a980f04060') AND OBSLT_UTC IS NULL;--#!
INSERT INTO CD_REF_TERM_ASSOC_TBL(CD_REF_TERM_ID, REF_TERM_ID, CD_ID, EFFT_VRSN_SEQ_ID, REL_TYP_ID) SELECT gen_uuid(), char_to_uuid('b8838483-dcc7-4e43-a6e5-63823b37d5da'), char_to_uuid('b401dd81-931c-4aad-8fd8-22a6ac2ea3dc'), VRSN_SEQ_ID, char_to_uuid('2c4dafc2-566a-41ae-9ebc-3097d7d22f4a') FROM CD_VRSN_TBL WHERE CD_ID = char_to_uuid('b401dd81-931c-4aad-8fd8-22a6ac2ea3dc') AND OBSLT_UTC IS NULL;--#!
INSERT INTO CD_REF_TERM_ASSOC_TBL(CD_REF_TERM_ID, REF_TERM_ID, CD_ID, EFFT_VRSN_SEQ_ID, REL_TYP_ID) SELECT gen_uuid(), char_to_uuid('30c6a13b-9fb0-4986-84d6-8afff8fe4e02'), char_to_uuid('bfe24b5d-9c32-4df3-ad7b-eaa19e7d4afb'), VRSN_SEQ_ID, char_to_uuid('2c4dafc2-566a-41ae-9ebc-3097d7d22f4a') FROM CD_VRSN_TBL WHERE CD_ID = char_to_uuid('bfe24b5d-9c32-4df3-ad7b-eaa19e7d4afb') AND OBSLT_UTC IS NULL;--#!
INSERT INTO CD_REF_TERM_ASSOC_TBL(CD_REF_TERM_ID, REF_TERM_ID, CD_ID, EFFT_VRSN_SEQ_ID, REL_TYP_ID) SELECT gen_uuid(), char_to_uuid('e1b8007e-2e65-4502-a5b8-b0d8e6242147'), char_to_uuid('02fbc345-1a25-4f78-aeea-a12584a1eec3'), VRSN_SEQ_ID, char_to_uuid('2c4dafc2-566a-41ae-9ebc-3097d7d22f4a') FROM CD_VRSN_TBL WHERE CD_ID = char_to_uuid('02fbc345-1a25-4f78-aeea-a12584a1eec3') AND OBSLT_UTC IS NULL;--#!
INSERT INTO CD_REF_TERM_ASSOC_TBL(CD_REF_TERM_ID, REF_TERM_ID, CD_ID, EFFT_VRSN_SEQ_ID, REL_TYP_ID) SELECT gen_uuid(), char_to_uuid('f0fa827f-9de1-4199-9f4d-e90d69b3f24f'), char_to_uuid('528feb11-ae81-426a-be1f-ce74c83009eb'), VRSN_SEQ_ID, char_to_uuid('2c4dafc2-566a-41ae-9ebc-3097d7d22f4a') FROM CD_VRSN_TBL WHERE CD_ID = char_to_uuid('528feb11-ae81-426a-be1f-ce74c83009eb') AND OBSLT_UTC IS NULL;--#!
INSERT INTO CD_REF_TERM_ASSOC_TBL(CD_REF_TERM_ID, REF_TERM_ID, CD_ID, EFFT_VRSN_SEQ_ID, REL_TYP_ID) SELECT gen_uuid(), char_to_uuid('473e61b2-83f6-4114-89c6-d556846e45da'), char_to_uuid('48c59444-fec0-43b8-aa2c-7aedb70733ad'), VRSN_SEQ_ID, char_to_uuid('2c4dafc2-566a-41ae-9ebc-3097d7d22f4a') FROM CD_VRSN_TBL WHERE CD_ID = char_to_uuid('48c59444-fec0-43b8-aa2c-7aedb70733ad') AND OBSLT_UTC IS NULL;--#!
INSERT INTO CD_REF_TERM_ASSOC_TBL(CD_REF_TERM_ID, REF_TERM_ID, CD_ID, EFFT_VRSN_SEQ_ID, REL_TYP_ID) SELECT gen_uuid(), char_to_uuid('c459c266-6e8f-4933-b39c-d55450f32341'), char_to_uuid('b630ba2c-8a00-46d8-bf64-870d381d8917'), VRSN_SEQ_ID, char_to_uuid('2c4dafc2-566a-41ae-9ebc-3097d7d22f4a') FROM CD_VRSN_TBL WHERE CD_ID = char_to_uuid('b630ba2c-8a00-46d8-bf64-870d381d8917') AND OBSLT_UTC IS NULL;--#!
INSERT INTO CD_REF_TERM_ASSOC_TBL(CD_REF_TERM_ID, REF_TERM_ID, CD_ID, EFFT_VRSN_SEQ_ID, REL_TYP_ID) SELECT gen_uuid(), char_to_uuid('e043df5c-b5d9-44b6-bd4c-d4901accb63c'), char_to_uuid('c33adda2-a4ed-4092-8d9c-b8e3fbd5d90b'), VRSN_SEQ_ID, char_to_uuid('2c4dafc2-566a-41ae-9ebc-3097d7d22f4a') FROM CD_VRSN_TBL WHERE CD_ID = char_to_uuid('c33adda2-a4ed-4092-8d9c-b8e3fbd5d90b') AND OBSLT_UTC IS NULL;--#!
INSERT INTO CD_REF_TERM_ASSOC_TBL(CD_REF_TERM_ID, REF_TERM_ID, CD_ID, EFFT_VRSN_SEQ_ID, REL_TYP_ID) SELECT gen_uuid(), char_to_uuid('aee1d6f8-878e-4209-88df-4e06d8a453a4'), char_to_uuid('3cb1993f-3703-453f-87be-21b606db7631'), VRSN_SEQ_ID, char_to_uuid('2c4dafc2-566a-41ae-9ebc-3097d7d22f4a') FROM CD_VRSN_TBL WHERE CD_ID = char_to_uuid('3cb1993f-3703-453f-87be-21b606db7631') AND OBSLT_UTC IS NULL;--#!
INSERT INTO CD_REF_TERM_ASSOC_TBL(CD_REF_TERM_ID, REF_TERM_ID, CD_ID, EFFT_VRSN_SEQ_ID, REL_TYP_ID) SELECT gen_uuid(), char_to_uuid('3554927b-357e-41cc-8034-1d25ccaf1f9c'), char_to_uuid('f7a64463-bc75-44d4-a8ca-c9fbc2c87175'), VRSN_SEQ_ID, char_to_uuid('2c4dafc2-566a-41ae-9ebc-3097d7d22f4a') FROM CD_VRSN_TBL WHERE CD_ID = char_to_uuid('f7a64463-bc75-44d4-a8ca-c9fbc2c87175') AND OBSLT_UTC IS NULL;--#!
INSERT INTO CD_REF_TERM_ASSOC_TBL(CD_REF_TERM_ID, REF_TERM_ID, CD_ID, EFFT_VRSN_SEQ_ID, REL_TYP_ID) SELECT gen_uuid(), char_to_uuid('e7f76349-5953-4945-8a62-91781c612367'), char_to_uuid('fa646df9-7d64-4d1f-ae9a-6261fd5fd6ae'), VRSN_SEQ_ID, char_to_uuid('2c4dafc2-566a-41ae-9ebc-3097d7d22f4a') FROM CD_VRSN_TBL WHERE CD_ID = char_to_uuid('fa646df9-7d64-4d1f-ae9a-6261fd5fd6ae') AND OBSLT_UTC IS NULL;--#!
INSERT INTO CD_REF_TERM_ASSOC_TBL(CD_REF_TERM_ID, REF_TERM_ID, CD_ID, EFFT_VRSN_SEQ_ID, REL_TYP_ID) SELECT gen_uuid(), char_to_uuid('110c6e8f-a7c6-4695-8a3c-fb100b116920'), char_to_uuid('25cae2f2-d1ec-4efe-a92f-d479785f7d8a'), VRSN_SEQ_ID, char_to_uuid('2c4dafc2-566a-41ae-9ebc-3097d7d22f4a') FROM CD_VRSN_TBL WHERE CD_ID = char_to_uuid('25cae2f2-d1ec-4efe-a92f-d479785f7d8a') AND OBSLT_UTC IS NULL;--#!
INSERT INTO CD_REF_TERM_ASSOC_TBL(CD_REF_TERM_ID, REF_TERM_ID, CD_ID, EFFT_VRSN_SEQ_ID, REL_TYP_ID) SELECT gen_uuid(), char_to_uuid('825c4ed0-c877-4beb-b679-a5968b81e29f'), char_to_uuid('8452ecb9-d762-4c4a-96b2-81d130cb729b'), VRSN_SEQ_ID, char_to_uuid('2c4dafc2-566a-41ae-9ebc-3097d7d22f4a') FROM CD_VRSN_TBL WHERE CD_ID = char_to_uuid('8452ecb9-d762-4c4a-96b2-81d130cb729b') AND OBSLT_UTC IS NULL;--#!
INSERT INTO CD_REF_TERM_ASSOC_TBL(CD_REF_TERM_ID, REF_TERM_ID, CD_ID, EFFT_VRSN_SEQ_ID, REL_TYP_ID) SELECT gen_uuid(), char_to_uuid('3c5873bd-9014-4239-9062-4c2c1c3e852e'), char_to_uuid('ce42c680-a783-4cde-bcd1-e261d6fd68a0'), VRSN_SEQ_ID, char_to_uuid('2c4dafc2-566a-41ae-9ebc-3097d7d22f4a') FROM CD_VRSN_TBL WHERE CD_ID = char_to_uuid('ce42c680-a783-4cde-bcd1-e261d6fd68a0') AND OBSLT_UTC IS NULL;--#!
INSERT INTO CD_REF_TERM_ASSOC_TBL(CD_REF_TERM_ID, REF_TERM_ID, CD_ID, EFFT_VRSN_SEQ_ID, REL_TYP_ID) SELECT gen_uuid(), char_to_uuid('c851390a-50ae-4a37-8ecf-6938b31d1620'), char_to_uuid('62aca44c-b57c-44fd-9703-fcdff97c04b6'), VRSN_SEQ_ID, char_to_uuid('2c4dafc2-566a-41ae-9ebc-3097d7d22f4a') FROM CD_VRSN_TBL WHERE CD_ID = char_to_uuid('62aca44c-b57c-44fd-9703-fcdff97c04b6') AND OBSLT_UTC IS NULL;--#!
INSERT INTO CD_REF_TERM_ASSOC_TBL(CD_REF_TERM_ID, REF_TERM_ID, CD_ID, EFFT_VRSN_SEQ_ID, REL_TYP_ID) SELECT gen_uuid(), char_to_uuid('8f27937b-75c1-4349-b641-e7d08b064a0e'), char_to_uuid('96ea355d-0c68-481f-8b6f-1b00a101ab8f'), VRSN_SEQ_ID, char_to_uuid('2c4dafc2-566a-41ae-9ebc-3097d7d22f4a') FROM CD_VRSN_TBL WHERE CD_ID = char_to_uuid('96ea355d-0c68-481f-8b6f-1b00a101ab8f') AND OBSLT_UTC IS NULL;--#!
INSERT INTO CD_REF_TERM_ASSOC_TBL(CD_REF_TERM_ID, REF_TERM_ID, CD_ID, EFFT_VRSN_SEQ_ID, REL_TYP_ID) SELECT gen_uuid(), char_to_uuid('436f5020-0473-4596-aa08-1ef19bedb905'), char_to_uuid('d874cde5-7d76-4f1d-97e6-db7e82bac958'), VRSN_SEQ_ID, char_to_uuid('2c4dafc2-566a-41ae-9ebc-3097d7d22f4a') FROM CD_VRSN_TBL WHERE CD_ID = char_to_uuid('d874cde5-7d76-4f1d-97e6-db7e82bac958') AND OBSLT_UTC IS NULL;--#!
INSERT INTO CD_REF_TERM_ASSOC_TBL(CD_REF_TERM_ID, REF_TERM_ID, CD_ID, EFFT_VRSN_SEQ_ID, REL_TYP_ID) SELECT gen_uuid(), char_to_uuid('55eefd51-0a82-418f-a3dd-80e1282313d2'), char_to_uuid('abe6d0d1-4e37-4b7c-9acc-eedb2c36f9cd'), VRSN_SEQ_ID, char_to_uuid('2c4dafc2-566a-41ae-9ebc-3097d7d22f4a') FROM CD_VRSN_TBL WHERE CD_ID = char_to_uuid('abe6d0d1-4e37-4b7c-9acc-eedb2c36f9cd') AND OBSLT_UTC IS NULL;--#!
INSERT INTO CD_REF_TERM_ASSOC_TBL(CD_REF_TERM_ID, REF_TERM_ID, CD_ID, EFFT_VRSN_SEQ_ID, REL_TYP_ID) SELECT gen_uuid(), char_to_uuid('995d9763-a0b1-4bc5-90aa-4656f3787116'), char_to_uuid('fe4f72e6-84f8-4276-ae64-2ef1f2ff406f'), VRSN_SEQ_ID, char_to_uuid('2c4dafc2-566a-41ae-9ebc-3097d7d22f4a') FROM CD_VRSN_TBL WHERE CD_ID = char_to_uuid('fe4f72e6-84f8-4276-ae64-2ef1f2ff406f') AND OBSLT_UTC IS NULL;--#!
INSERT INTO CD_REF_TERM_ASSOC_TBL(CD_REF_TERM_ID, REF_TERM_ID, CD_ID, EFFT_VRSN_SEQ_ID, REL_TYP_ID) SELECT gen_uuid(), char_to_uuid('3dcccb69-00f5-407a-b272-640342c4f625'), char_to_uuid('59bc87d3-1618-4f14-81d2-71072c1f37e9'), VRSN_SEQ_ID, char_to_uuid('2c4dafc2-566a-41ae-9ebc-3097d7d22f4a') FROM CD_VRSN_TBL WHERE CD_ID = char_to_uuid('59bc87d3-1618-4f14-81d2-71072c1f37e9') AND OBSLT_UTC IS NULL;--#!
INSERT INTO CD_REF_TERM_ASSOC_TBL(CD_REF_TERM_ID, REF_TERM_ID, CD_ID, EFFT_VRSN_SEQ_ID, REL_TYP_ID) SELECT gen_uuid(), char_to_uuid('f99ad0cf-9a13-436d-88a8-c98255272ed0'), char_to_uuid('360f6a77-fdb5-4fb6-b223-3cd1047fd08e'), VRSN_SEQ_ID, char_to_uuid('2c4dafc2-566a-41ae-9ebc-3097d7d22f4a') FROM CD_VRSN_TBL WHERE CD_ID = char_to_uuid('360f6a77-fdb5-4fb6-b223-3cd1047fd08e') AND OBSLT_UTC IS NULL;--#!
INSERT INTO CD_REF_TERM_ASSOC_TBL(CD_REF_TERM_ID, REF_TERM_ID, CD_ID, EFFT_VRSN_SEQ_ID, REL_TYP_ID) SELECT gen_uuid(), char_to_uuid('ea152fb7-1218-4bf0-87e4-5d88ec76f8a1'), char_to_uuid('ea13832b-2e38-4bb6-b55d-ae749ccaba95'), VRSN_SEQ_ID, char_to_uuid('2c4dafc2-566a-41ae-9ebc-3097d7d22f4a') FROM CD_VRSN_TBL WHERE CD_ID = char_to_uuid('ea13832b-2e38-4bb6-b55d-ae749ccaba95') AND OBSLT_UTC IS NULL;--#!
INSERT INTO CD_REF_TERM_ASSOC_TBL(CD_REF_TERM_ID, REF_TERM_ID, CD_ID, EFFT_VRSN_SEQ_ID, REL_TYP_ID) SELECT gen_uuid(), char_to_uuid('cf1ea9c7-88c2-4a37-b3d1-ff54403aa9c9'), char_to_uuid('66e0dbd1-9065-4af8-808d-89edd302f264'), VRSN_SEQ_ID, char_to_uuid('2c4dafc2-566a-41ae-9ebc-3097d7d22f4a') FROM CD_VRSN_TBL WHERE CD_ID = char_to_uuid('66e0dbd1-9065-4af8-808d-89edd302f264') AND OBSLT_UTC IS NULL;--#!
INSERT INTO CD_REF_TERM_ASSOC_TBL(CD_REF_TERM_ID, REF_TERM_ID, CD_ID, EFFT_VRSN_SEQ_ID, REL_TYP_ID) SELECT gen_uuid(), char_to_uuid('ece41d56-6915-4324-922c-f85178db8f65'), char_to_uuid('29ff64e5-b564-411a-92c7-6818c02a9e48'), VRSN_SEQ_ID, char_to_uuid('2c4dafc2-566a-41ae-9ebc-3097d7d22f4a') FROM CD_VRSN_TBL WHERE CD_ID = char_to_uuid('29ff64e5-b564-411a-92c7-6818c02a9e48') AND OBSLT_UTC IS NULL;--#!
INSERT INTO CD_REF_TERM_ASSOC_TBL(CD_REF_TERM_ID, REF_TERM_ID, CD_ID, EFFT_VRSN_SEQ_ID, REL_TYP_ID) SELECT gen_uuid(), char_to_uuid('ba97f1f6-8a49-4788-8f54-4aa84bfc6139'), char_to_uuid('f941988a-1c55-4408-ab57-e9ed35b2a24d'), VRSN_SEQ_ID, char_to_uuid('2c4dafc2-566a-41ae-9ebc-3097d7d22f4a') FROM CD_VRSN_TBL WHERE CD_ID = char_to_uuid('f941988a-1c55-4408-ab57-e9ed35b2a24d') AND OBSLT_UTC IS NULL;--#!
INSERT INTO CD_REF_TERM_ASSOC_TBL(CD_REF_TERM_ID, REF_TERM_ID, CD_ID, EFFT_VRSN_SEQ_ID, REL_TYP_ID) SELECT gen_uuid(), char_to_uuid('5f675080-c748-4650-b4a1-4d798b324128'), char_to_uuid('4e299c46-f06f-4efc-b3c0-b7b659a120f2'), VRSN_SEQ_ID, char_to_uuid('2c4dafc2-566a-41ae-9ebc-3097d7d22f4a') FROM CD_VRSN_TBL WHERE CD_ID = char_to_uuid('4e299c46-f06f-4efc-b3c0-b7b659a120f2') AND OBSLT_UTC IS NULL;--#!
INSERT INTO CD_REF_TERM_ASSOC_TBL(CD_REF_TERM_ID, REF_TERM_ID, CD_ID, EFFT_VRSN_SEQ_ID, REL_TYP_ID) SELECT gen_uuid(), char_to_uuid('b3e5d4ff-cdab-4a54-89dd-3721539313c2'), char_to_uuid('daf11eb1-fcc2-4521-a1c0-daebaf0a923a'), VRSN_SEQ_ID, char_to_uuid('2c4dafc2-566a-41ae-9ebc-3097d7d22f4a') FROM CD_VRSN_TBL WHERE CD_ID = char_to_uuid('daf11eb1-fcc2-4521-a1c0-daebaf0a923a') AND OBSLT_UTC IS NULL;--#!
INSERT INTO CD_REF_TERM_ASSOC_TBL(CD_REF_TERM_ID, REF_TERM_ID, CD_ID, EFFT_VRSN_SEQ_ID, REL_TYP_ID) SELECT gen_uuid(), char_to_uuid('86a693bb-f2f8-4f4a-a522-c06eb63eec3c'), char_to_uuid('80097e75-a232-4a9f-878f-7e60ec70f921'), VRSN_SEQ_ID, char_to_uuid('2c4dafc2-566a-41ae-9ebc-3097d7d22f4a') FROM CD_VRSN_TBL WHERE CD_ID = char_to_uuid('80097e75-a232-4a9f-878f-7e60ec70f921') AND OBSLT_UTC IS NULL;--#!
INSERT INTO CD_REF_TERM_ASSOC_TBL(CD_REF_TERM_ID, REF_TERM_ID, CD_ID, EFFT_VRSN_SEQ_ID, REL_TYP_ID) SELECT gen_uuid(), char_to_uuid('592802fb-5c5b-4519-975b-262454d669d5'), char_to_uuid('5c5af1d2-0e6d-458f-9574-3ad61c393a90'), VRSN_SEQ_ID, char_to_uuid('2c4dafc2-566a-41ae-9ebc-3097d7d22f4a') FROM CD_VRSN_TBL WHERE CD_ID = char_to_uuid('5c5af1d2-0e6d-458f-9574-3ad61c393a90') AND OBSLT_UTC IS NULL;--#!
INSERT INTO CD_REF_TERM_ASSOC_TBL(CD_REF_TERM_ID, REF_TERM_ID, CD_ID, EFFT_VRSN_SEQ_ID, REL_TYP_ID) SELECT gen_uuid(), char_to_uuid('bff1c242-9767-43a6-bef0-28596435046c'), char_to_uuid('233d890b-04ef-4365-99ad-26cb4e1f75f3'), VRSN_SEQ_ID, char_to_uuid('2c4dafc2-566a-41ae-9ebc-3097d7d22f4a') FROM CD_VRSN_TBL WHERE CD_ID = char_to_uuid('233d890b-04ef-4365-99ad-26cb4e1f75f3') AND OBSLT_UTC IS NULL;--#!
INSERT INTO CD_REF_TERM_ASSOC_TBL(CD_REF_TERM_ID, REF_TERM_ID, CD_ID, EFFT_VRSN_SEQ_ID, REL_TYP_ID) SELECT gen_uuid(), char_to_uuid('0367c3d8-3453-4b9c-9589-60dd4ba6ae09'), char_to_uuid('8e88debc-d175-46f3-9b48-106f9c151cd2'), VRSN_SEQ_ID, char_to_uuid('2c4dafc2-566a-41ae-9ebc-3097d7d22f4a') FROM CD_VRSN_TBL WHERE CD_ID = char_to_uuid('8e88debc-d175-46f3-9b48-106f9c151cd2') AND OBSLT_UTC IS NULL;--#!
INSERT INTO CD_REF_TERM_ASSOC_TBL(CD_REF_TERM_ID, REF_TERM_ID, CD_ID, EFFT_VRSN_SEQ_ID, REL_TYP_ID) SELECT gen_uuid(), char_to_uuid('d5a3874c-8145-4b44-980b-0c35a7e47aa5'), char_to_uuid('0a50962a-60b4-44d8-a7f6-1eb2aa5967cc'), VRSN_SEQ_ID, char_to_uuid('2c4dafc2-566a-41ae-9ebc-3097d7d22f4a') FROM CD_VRSN_TBL WHERE CD_ID = char_to_uuid('0a50962a-60b4-44d8-a7f6-1eb2aa5967cc') AND OBSLT_UTC IS NULL;--#!
INSERT INTO CD_REF_TERM_ASSOC_TBL(CD_REF_TERM_ID, REF_TERM_ID, CD_ID, EFFT_VRSN_SEQ_ID, REL_TYP_ID) SELECT gen_uuid(), char_to_uuid('5b1a7098-3da5-4877-880f-935d2ef73e15'), char_to_uuid('a907e4d8-d823-478f-9c5a-6facae6b4b5b'), VRSN_SEQ_ID, char_to_uuid('2c4dafc2-566a-41ae-9ebc-3097d7d22f4a') FROM CD_VRSN_TBL WHERE CD_ID = char_to_uuid('a907e4d8-d823-478f-9c5a-6facae6b4b5b') AND OBSLT_UTC IS NULL;--#!
INSERT INTO CD_REF_TERM_ASSOC_TBL(CD_REF_TERM_ID, REF_TERM_ID, CD_ID, EFFT_VRSN_SEQ_ID, REL_TYP_ID) SELECT gen_uuid(), char_to_uuid('f11a352a-ca4b-42b1-b0dc-c2f3c04c8e29'), char_to_uuid('059d689a-2392-4ffb-b6ae-682c9ded8da2'), VRSN_SEQ_ID, char_to_uuid('2c4dafc2-566a-41ae-9ebc-3097d7d22f4a') FROM CD_VRSN_TBL WHERE CD_ID = char_to_uuid('059d689a-2392-4ffb-b6ae-682c9ded8da2') AND OBSLT_UTC IS NULL;--#!
INSERT INTO CD_REF_TERM_ASSOC_TBL(CD_REF_TERM_ID, REF_TERM_ID, CD_ID, EFFT_VRSN_SEQ_ID, REL_TYP_ID) SELECT gen_uuid(), char_to_uuid('1bec4c5f-ea04-4398-8a56-c18425de229e'), char_to_uuid('e6851b39-a771-4a5e-8aa8-9ba140b3dca3'), VRSN_SEQ_ID, char_to_uuid('2c4dafc2-566a-41ae-9ebc-3097d7d22f4a') FROM CD_VRSN_TBL WHERE CD_ID = char_to_uuid('e6851b39-a771-4a5e-8aa8-9ba140b3dca3') AND OBSLT_UTC IS NULL;--#!
INSERT INTO CD_REF_TERM_ASSOC_TBL(CD_REF_TERM_ID, REF_TERM_ID, CD_ID, EFFT_VRSN_SEQ_ID, REL_TYP_ID) SELECT gen_uuid(), char_to_uuid('9219dd59-27d4-405b-9536-07097d5e7b8f'), char_to_uuid('0b89fb65-ca8e-4a4d-9d25-0bae3f4d7a59'), VRSN_SEQ_ID, char_to_uuid('2c4dafc2-566a-41ae-9ebc-3097d7d22f4a') FROM CD_VRSN_TBL WHERE CD_ID = char_to_uuid('0b89fb65-ca8e-4a4d-9d25-0bae3f4d7a59') AND OBSLT_UTC IS NULL;--#!
INSERT INTO CD_REF_TERM_ASSOC_TBL(CD_REF_TERM_ID, REF_TERM_ID, CD_ID, EFFT_VRSN_SEQ_ID, REL_TYP_ID) SELECT gen_uuid(), char_to_uuid('ce3377ec-f6fe-4469-9c2d-44e7a8b4fadd'), char_to_uuid('8ea21d7d-6ee9-449b-a1dc-c4aa0ff7f5b9'), VRSN_SEQ_ID, char_to_uuid('2c4dafc2-566a-41ae-9ebc-3097d7d22f4a') FROM CD_VRSN_TBL WHERE CD_ID = char_to_uuid('8ea21d7d-6ee9-449b-a1dc-c4aa0ff7f5b9') AND OBSLT_UTC IS NULL;--#!
INSERT INTO CD_REF_TERM_ASSOC_TBL(CD_REF_TERM_ID, REF_TERM_ID, CD_ID, EFFT_VRSN_SEQ_ID, REL_TYP_ID) SELECT gen_uuid(), char_to_uuid('1fa96925-2fc9-4f8c-8777-d355550928dc'), char_to_uuid('6a1e9e8b-d0c3-44f0-9906-a6458685e269'), VRSN_SEQ_ID, char_to_uuid('2c4dafc2-566a-41ae-9ebc-3097d7d22f4a') FROM CD_VRSN_TBL WHERE CD_ID = char_to_uuid('6a1e9e8b-d0c3-44f0-9906-a6458685e269') AND OBSLT_UTC IS NULL;--#!
INSERT INTO CD_REF_TERM_ASSOC_TBL(CD_REF_TERM_ID, REF_TERM_ID, CD_ID, EFFT_VRSN_SEQ_ID, REL_TYP_ID) SELECT gen_uuid(), char_to_uuid('978d9e11-ef5a-4c5a-835f-7bae6a1eb7ff'), char_to_uuid('60affe56-126d-43ee-9fde-5f117e41c7a8'), VRSN_SEQ_ID, char_to_uuid('2c4dafc2-566a-41ae-9ebc-3097d7d22f4a') FROM CD_VRSN_TBL WHERE CD_ID = char_to_uuid('60affe56-126d-43ee-9fde-5f117e41c7a8') AND OBSLT_UTC IS NULL;--#!
INSERT INTO CD_REF_TERM_ASSOC_TBL(CD_REF_TERM_ID, REF_TERM_ID, CD_ID, EFFT_VRSN_SEQ_ID, REL_TYP_ID) SELECT gen_uuid(), char_to_uuid('97342d87-19d9-4fed-84cc-98326864ccfe'), char_to_uuid('0aeec758-c20f-43e4-9789-8c44629f5941'), VRSN_SEQ_ID, char_to_uuid('2c4dafc2-566a-41ae-9ebc-3097d7d22f4a') FROM CD_VRSN_TBL WHERE CD_ID = char_to_uuid('0aeec758-c20f-43e4-9789-8c44629f5941') AND OBSLT_UTC IS NULL;--#!
INSERT INTO CD_REF_TERM_ASSOC_TBL(CD_REF_TERM_ID, REF_TERM_ID, CD_ID, EFFT_VRSN_SEQ_ID, REL_TYP_ID) SELECT gen_uuid(), char_to_uuid('24f4399c-4f90-4701-85f0-28cf4a46b141'), char_to_uuid('0fcba203-1238-4001-beb7-19a667506ade'), VRSN_SEQ_ID, char_to_uuid('2c4dafc2-566a-41ae-9ebc-3097d7d22f4a') FROM CD_VRSN_TBL WHERE CD_ID = char_to_uuid('0fcba203-1238-4001-beb7-19a667506ade') AND OBSLT_UTC IS NULL;--#!
INSERT INTO CD_REF_TERM_ASSOC_TBL(CD_REF_TERM_ID, REF_TERM_ID, CD_ID, EFFT_VRSN_SEQ_ID, REL_TYP_ID) SELECT gen_uuid(), char_to_uuid('e9e03c6d-a93c-450a-8bcb-a09815e8bb11'), char_to_uuid('08a98950-3391-4a66-a1c8-421c6fd82911'), VRSN_SEQ_ID, char_to_uuid('2c4dafc2-566a-41ae-9ebc-3097d7d22f4a') FROM CD_VRSN_TBL WHERE CD_ID = char_to_uuid('08a98950-3391-4a66-a1c8-421c6fd82911') AND OBSLT_UTC IS NULL;--#!
INSERT INTO CD_REF_TERM_ASSOC_TBL(CD_REF_TERM_ID, REF_TERM_ID, CD_ID, EFFT_VRSN_SEQ_ID, REL_TYP_ID) SELECT gen_uuid(), char_to_uuid('edc84a2b-e402-468f-9d4e-864a36b2c143'), char_to_uuid('2fd5c939-c508-4250-8efb-13b772e56b7f'), VRSN_SEQ_ID, char_to_uuid('2c4dafc2-566a-41ae-9ebc-3097d7d22f4a') FROM CD_VRSN_TBL WHERE CD_ID = char_to_uuid('2fd5c939-c508-4250-8efb-13b772e56b7f') AND OBSLT_UTC IS NULL;--#!
INSERT INTO CD_REF_TERM_ASSOC_TBL(CD_REF_TERM_ID, REF_TERM_ID, CD_ID, EFFT_VRSN_SEQ_ID, REL_TYP_ID) SELECT gen_uuid(), char_to_uuid('4f62efe5-2219-44b2-a347-65748d36560d'), char_to_uuid('bfdb07db-9721-4ec3-94e1-4bd9f0d6985c'), VRSN_SEQ_ID, char_to_uuid('2c4dafc2-566a-41ae-9ebc-3097d7d22f4a') FROM CD_VRSN_TBL WHERE CD_ID = char_to_uuid('bfdb07db-9721-4ec3-94e1-4bd9f0d6985c') AND OBSLT_UTC IS NULL;--#!
INSERT INTO CD_REF_TERM_ASSOC_TBL(CD_REF_TERM_ID, REF_TERM_ID, CD_ID, EFFT_VRSN_SEQ_ID, REL_TYP_ID) SELECT gen_uuid(), char_to_uuid('50b71872-6ff0-4c1a-8902-177cf765b264'), char_to_uuid('a3d362a4-4931-4bef-af18-ac59dd092981'), VRSN_SEQ_ID, char_to_uuid('2c4dafc2-566a-41ae-9ebc-3097d7d22f4a') FROM CD_VRSN_TBL WHERE CD_ID = char_to_uuid('a3d362a4-4931-4bef-af18-ac59dd092981') AND OBSLT_UTC IS NULL;--#!
INSERT INTO CD_REF_TERM_ASSOC_TBL(CD_REF_TERM_ID, REF_TERM_ID, CD_ID, EFFT_VRSN_SEQ_ID, REL_TYP_ID) SELECT gen_uuid(), char_to_uuid('80012f60-29d0-435e-a2e8-999e87c6d603'), char_to_uuid('bfcbb345-86db-43ba-b47e-e7411276ac7c'), VRSN_SEQ_ID, char_to_uuid('2c4dafc2-566a-41ae-9ebc-3097d7d22f4a') FROM CD_VRSN_TBL WHERE CD_ID = char_to_uuid('bfcbb345-86db-43ba-b47e-e7411276ac7c') AND OBSLT_UTC IS NULL;--#!
INSERT INTO CD_REF_TERM_ASSOC_TBL(CD_REF_TERM_ID, REF_TERM_ID, CD_ID, EFFT_VRSN_SEQ_ID, REL_TYP_ID) SELECT gen_uuid(), char_to_uuid('a3e33a20-0051-4a3b-a66c-bf394ce77369'), char_to_uuid('5e2b0afe-724e-41cd-9be2-9030646f2529'), VRSN_SEQ_ID, char_to_uuid('2c4dafc2-566a-41ae-9ebc-3097d7d22f4a') FROM CD_VRSN_TBL WHERE CD_ID = char_to_uuid('5e2b0afe-724e-41cd-9be2-9030646f2529') AND OBSLT_UTC IS NULL;--#!
INSERT INTO CD_REF_TERM_ASSOC_TBL(CD_REF_TERM_ID, REF_TERM_ID, CD_ID, EFFT_VRSN_SEQ_ID, REL_TYP_ID) SELECT gen_uuid(), char_to_uuid('89e2ba5d-e125-4a03-8369-eacf75aa7741'), char_to_uuid('853c85de-4817-4328-a121-6a3bdafbf82e'), VRSN_SEQ_ID, char_to_uuid('2c4dafc2-566a-41ae-9ebc-3097d7d22f4a') FROM CD_VRSN_TBL WHERE CD_ID = char_to_uuid('853c85de-4817-4328-a121-6a3bdafbf82e') AND OBSLT_UTC IS NULL;--#!
INSERT INTO CD_REF_TERM_ASSOC_TBL(CD_REF_TERM_ID, REF_TERM_ID, CD_ID, EFFT_VRSN_SEQ_ID, REL_TYP_ID) SELECT gen_uuid(), char_to_uuid('f81fdd52-10cb-4e15-8228-8db4b4b612a2'), char_to_uuid('bbfac1ed-5464-4100-93c3-8685b052a2cf'), VRSN_SEQ_ID, char_to_uuid('2c4dafc2-566a-41ae-9ebc-3097d7d22f4a') FROM CD_VRSN_TBL WHERE CD_ID = char_to_uuid('bbfac1ed-5464-4100-93c3-8685b052a2cf') AND OBSLT_UTC IS NULL;--#!
INSERT INTO CD_REF_TERM_ASSOC_TBL(CD_REF_TERM_ID, REF_TERM_ID, CD_ID, EFFT_VRSN_SEQ_ID, REL_TYP_ID) SELECT gen_uuid(), char_to_uuid('038f56a3-5169-4ef9-be2e-a1a439427f01'), char_to_uuid('685eb506-6b97-41c1-b201-b6b932a3f3aa'), VRSN_SEQ_ID, char_to_uuid('2c4dafc2-566a-41ae-9ebc-3097d7d22f4a') FROM CD_VRSN_TBL WHERE CD_ID = char_to_uuid('685eb506-6b97-41c1-b201-b6b932a3f3aa') AND OBSLT_UTC IS NULL;--#!
INSERT INTO CD_REF_TERM_ASSOC_TBL(CD_REF_TERM_ID, REF_TERM_ID, CD_ID, EFFT_VRSN_SEQ_ID, REL_TYP_ID) SELECT gen_uuid(), char_to_uuid('3430a356-8d2f-4de1-9aee-921cf64e45ff'), char_to_uuid('fd892cf8-db4f-4e4e-a13b-4eb3bdde5be5'), VRSN_SEQ_ID, char_to_uuid('2c4dafc2-566a-41ae-9ebc-3097d7d22f4a') FROM CD_VRSN_TBL WHERE CD_ID = char_to_uuid('fd892cf8-db4f-4e4e-a13b-4eb3bdde5be5') AND OBSLT_UTC IS NULL;--#!
INSERT INTO CD_REF_TERM_ASSOC_TBL(CD_REF_TERM_ID, REF_TERM_ID, CD_ID, EFFT_VRSN_SEQ_ID, REL_TYP_ID) SELECT gen_uuid(), char_to_uuid('c94e83a7-a566-4fb4-bfc5-ef18434fc5d0'), char_to_uuid('2eab5298-bc83-492c-9004-ed3499246afe'), VRSN_SEQ_ID, char_to_uuid('2c4dafc2-566a-41ae-9ebc-3097d7d22f4a') FROM CD_VRSN_TBL WHERE CD_ID = char_to_uuid('2eab5298-bc83-492c-9004-ed3499246afe') AND OBSLT_UTC IS NULL;--#!
INSERT INTO CD_REF_TERM_ASSOC_TBL(CD_REF_TERM_ID, REF_TERM_ID, CD_ID, EFFT_VRSN_SEQ_ID, REL_TYP_ID) SELECT gen_uuid(), char_to_uuid('62cc7dd9-af57-4eb7-a425-667b631975a1'), char_to_uuid('cd1e8904-31dc-4374-902d-c91f1de23c46'), VRSN_SEQ_ID, char_to_uuid('2c4dafc2-566a-41ae-9ebc-3097d7d22f4a') FROM CD_VRSN_TBL WHERE CD_ID = char_to_uuid('cd1e8904-31dc-4374-902d-c91f1de23c46') AND OBSLT_UTC IS NULL;--#!
INSERT INTO CD_REF_TERM_ASSOC_TBL(CD_REF_TERM_ID, REF_TERM_ID, CD_ID, EFFT_VRSN_SEQ_ID, REL_TYP_ID) SELECT gen_uuid(), char_to_uuid('23da8443-94a4-4d25-b76e-5c02b380e081'), char_to_uuid('dcae9718-ab81-4737-b071-36cf1175804d'), VRSN_SEQ_ID, char_to_uuid('2c4dafc2-566a-41ae-9ebc-3097d7d22f4a') FROM CD_VRSN_TBL WHERE CD_ID = char_to_uuid('dcae9718-ab81-4737-b071-36cf1175804d') AND OBSLT_UTC IS NULL;--#!
INSERT INTO CD_REF_TERM_ASSOC_TBL(CD_REF_TERM_ID, REF_TERM_ID, CD_ID, EFFT_VRSN_SEQ_ID, REL_TYP_ID) SELECT gen_uuid(), char_to_uuid('ca6bf75e-905b-4802-849c-e4be95fe97fc'), char_to_uuid('9f17d4cf-a67f-4ac6-8c50-718af6e264ee'), VRSN_SEQ_ID, char_to_uuid('2c4dafc2-566a-41ae-9ebc-3097d7d22f4a') FROM CD_VRSN_TBL WHERE CD_ID = char_to_uuid('9f17d4cf-a67f-4ac6-8c50-718af6e264ee') AND OBSLT_UTC IS NULL;--#!
INSERT INTO CD_REF_TERM_ASSOC_TBL(CD_REF_TERM_ID, REF_TERM_ID, CD_ID, EFFT_VRSN_SEQ_ID, REL_TYP_ID) SELECT gen_uuid(), char_to_uuid('a70df556-dd53-4d03-9414-17a1aeedf2df'), char_to_uuid('ce50ba92-cd21-43c4-8582-34e7fbb3170f'), VRSN_SEQ_ID, char_to_uuid('2c4dafc2-566a-41ae-9ebc-3097d7d22f4a') FROM CD_VRSN_TBL WHERE CD_ID = char_to_uuid('ce50ba92-cd21-43c4-8582-34e7fbb3170f') AND OBSLT_UTC IS NULL;--#!
INSERT INTO CD_REF_TERM_ASSOC_TBL(CD_REF_TERM_ID, REF_TERM_ID, CD_ID, EFFT_VRSN_SEQ_ID, REL_TYP_ID) SELECT gen_uuid(), char_to_uuid('491f214d-a47f-4059-a340-ed7fc06d9920'), char_to_uuid('f115c204-8485-4cf3-8815-3c6738465e30'), VRSN_SEQ_ID, char_to_uuid('2c4dafc2-566a-41ae-9ebc-3097d7d22f4a') FROM CD_VRSN_TBL WHERE CD_ID = char_to_uuid('f115c204-8485-4cf3-8815-3c6738465e30') AND OBSLT_UTC IS NULL;--#!
INSERT INTO CD_REF_TERM_ASSOC_TBL(CD_REF_TERM_ID, REF_TERM_ID, CD_ID, EFFT_VRSN_SEQ_ID, REL_TYP_ID) SELECT gen_uuid(), char_to_uuid('be4804b9-034a-4e0f-91ca-bfc74988b41b'), char_to_uuid('decd6250-7e8b-4b77-895d-31953cf1387a'), VRSN_SEQ_ID, char_to_uuid('2c4dafc2-566a-41ae-9ebc-3097d7d22f4a') FROM CD_VRSN_TBL WHERE CD_ID = char_to_uuid('decd6250-7e8b-4b77-895d-31953cf1387a') AND OBSLT_UTC IS NULL;--#!
INSERT INTO CD_REF_TERM_ASSOC_TBL(CD_REF_TERM_ID, REF_TERM_ID, CD_ID, EFFT_VRSN_SEQ_ID, REL_TYP_ID) SELECT gen_uuid(), char_to_uuid('4a9bef50-079b-47e1-b694-a3614ea6f71f'), char_to_uuid('34f7bc11-2288-471a-af38-553ae6b8410c'), VRSN_SEQ_ID, char_to_uuid('2c4dafc2-566a-41ae-9ebc-3097d7d22f4a') FROM CD_VRSN_TBL WHERE CD_ID = char_to_uuid('34f7bc11-2288-471a-af38-553ae6b8410c') AND OBSLT_UTC IS NULL;--#!
INSERT INTO CD_REF_TERM_ASSOC_TBL(CD_REF_TERM_ID, REF_TERM_ID, CD_ID, EFFT_VRSN_SEQ_ID, REL_TYP_ID) SELECT gen_uuid(), char_to_uuid('f217f97f-bdc3-430e-b5de-086c2c52dbd0'), char_to_uuid('89bdc57b-d85c-4e85-94e8-c17049540a0d'), VRSN_SEQ_ID, char_to_uuid('2c4dafc2-566a-41ae-9ebc-3097d7d22f4a') FROM CD_VRSN_TBL WHERE CD_ID = char_to_uuid('89bdc57b-d85c-4e85-94e8-c17049540a0d') AND OBSLT_UTC IS NULL;--#!
INSERT INTO CD_REF_TERM_ASSOC_TBL(CD_REF_TERM_ID, REF_TERM_ID, CD_ID, EFFT_VRSN_SEQ_ID, REL_TYP_ID) SELECT gen_uuid(), char_to_uuid('fabee839-47cd-4f16-9a1c-a6f66782fe0e'), char_to_uuid('5951097b-1a13-4bce-bbf2-9abf52f98dc8'), VRSN_SEQ_ID, char_to_uuid('2c4dafc2-566a-41ae-9ebc-3097d7d22f4a') FROM CD_VRSN_TBL WHERE CD_ID = char_to_uuid('5951097b-1a13-4bce-bbf2-9abf52f98dc8') AND OBSLT_UTC IS NULL;--#!
INSERT INTO CD_REF_TERM_ASSOC_TBL(CD_REF_TERM_ID, REF_TERM_ID, CD_ID, EFFT_VRSN_SEQ_ID, REL_TYP_ID) SELECT gen_uuid(), char_to_uuid('4e91efae-95ec-470d-86b2-a3a5202b651a'), char_to_uuid('4cdef917-4fb0-4cdf-b44d-b73486c41845'), VRSN_SEQ_ID, char_to_uuid('2c4dafc2-566a-41ae-9ebc-3097d7d22f4a') FROM CD_VRSN_TBL WHERE CD_ID = char_to_uuid('4cdef917-4fb0-4cdf-b44d-b73486c41845') AND OBSLT_UTC IS NULL;--#!
INSERT INTO CD_REF_TERM_ASSOC_TBL(CD_REF_TERM_ID, REF_TERM_ID, CD_ID, EFFT_VRSN_SEQ_ID, REL_TYP_ID) SELECT gen_uuid(), char_to_uuid('897e3c92-efb1-469b-8014-aca72b90ed3d'), char_to_uuid('f71e193a-0562-46e9-99dd-437d23663ec3'), VRSN_SEQ_ID, char_to_uuid('2c4dafc2-566a-41ae-9ebc-3097d7d22f4a') FROM CD_VRSN_TBL WHERE CD_ID = char_to_uuid('f71e193a-0562-46e9-99dd-437d23663ec3') AND OBSLT_UTC IS NULL;--#!
INSERT INTO CD_REF_TERM_ASSOC_TBL(CD_REF_TERM_ID, REF_TERM_ID, CD_ID, EFFT_VRSN_SEQ_ID, REL_TYP_ID) SELECT gen_uuid(), char_to_uuid('165ca910-6a2c-4fa2-b511-1d004de75a7b'), char_to_uuid('bb437e4d-7472-48c1-a6e7-576545a782fa'), VRSN_SEQ_ID, char_to_uuid('2c4dafc2-566a-41ae-9ebc-3097d7d22f4a') FROM CD_VRSN_TBL WHERE CD_ID = char_to_uuid('bb437e4d-7472-48c1-a6e7-576545a782fa') AND OBSLT_UTC IS NULL;--#!
INSERT INTO CD_REF_TERM_ASSOC_TBL(CD_REF_TERM_ID, REF_TERM_ID, CD_ID, EFFT_VRSN_SEQ_ID, REL_TYP_ID) SELECT gen_uuid(), char_to_uuid('465ab53f-616b-4231-8915-48dda5ee3f3b'), char_to_uuid('5a0539cc-093b-448e-aec6-0d529ed0087f'), VRSN_SEQ_ID, char_to_uuid('2c4dafc2-566a-41ae-9ebc-3097d7d22f4a') FROM CD_VRSN_TBL WHERE CD_ID = char_to_uuid('5a0539cc-093b-448e-aec6-0d529ed0087f') AND OBSLT_UTC IS NULL;--#!
INSERT INTO CD_REF_TERM_ASSOC_TBL(CD_REF_TERM_ID, REF_TERM_ID, CD_ID, EFFT_VRSN_SEQ_ID, REL_TYP_ID) SELECT gen_uuid(), char_to_uuid('3a68b733-a635-492f-bc39-558913c8b348'), char_to_uuid('f172eee7-7f4b-4022-81d0-76393a1200ae'), VRSN_SEQ_ID, char_to_uuid('2c4dafc2-566a-41ae-9ebc-3097d7d22f4a') FROM CD_VRSN_TBL WHERE CD_ID = char_to_uuid('f172eee7-7f4b-4022-81d0-76393a1200ae') AND OBSLT_UTC IS NULL;--#!
INSERT INTO CD_REF_TERM_ASSOC_TBL(CD_REF_TERM_ID, REF_TERM_ID, CD_ID, EFFT_VRSN_SEQ_ID, REL_TYP_ID) SELECT gen_uuid(), char_to_uuid('3bd8dd0c-dca1-4e54-a402-75193e75461d'), char_to_uuid('7e6bc25d-5dea-4645-af3d-aa854b7b6f2f'), VRSN_SEQ_ID, char_to_uuid('2c4dafc2-566a-41ae-9ebc-3097d7d22f4a') FROM CD_VRSN_TBL WHERE CD_ID = char_to_uuid('7e6bc25d-5dea-4645-af3d-aa854b7b6f2f') AND OBSLT_UTC IS NULL;--#!
INSERT INTO CD_REF_TERM_ASSOC_TBL(CD_REF_TERM_ID, REF_TERM_ID, CD_ID, EFFT_VRSN_SEQ_ID, REL_TYP_ID) SELECT gen_uuid(), char_to_uuid('8c4fb863-090c-4ea7-b315-faafb1718a3e'), char_to_uuid('cb73d085-026c-4bc7-a1de-356bfd636246'), VRSN_SEQ_ID, char_to_uuid('2c4dafc2-566a-41ae-9ebc-3097d7d22f4a') FROM CD_VRSN_TBL WHERE CD_ID = char_to_uuid('cb73d085-026c-4bc7-a1de-356bfd636246') AND OBSLT_UTC IS NULL;--#!
INSERT INTO CD_REF_TERM_ASSOC_TBL(CD_REF_TERM_ID, REF_TERM_ID, CD_ID, EFFT_VRSN_SEQ_ID, REL_TYP_ID) SELECT gen_uuid(), char_to_uuid('d388f8e5-18ab-43d9-9184-7dd3502093b9'), char_to_uuid('cfa978f4-140c-430d-82f8-1e6f2d74f48d'), VRSN_SEQ_ID, char_to_uuid('2c4dafc2-566a-41ae-9ebc-3097d7d22f4a') FROM CD_VRSN_TBL WHERE CD_ID = char_to_uuid('cfa978f4-140c-430d-82f8-1e6f2d74f48d') AND OBSLT_UTC IS NULL;--#!
INSERT INTO CD_REF_TERM_ASSOC_TBL(CD_REF_TERM_ID, REF_TERM_ID, CD_ID, EFFT_VRSN_SEQ_ID, REL_TYP_ID) SELECT gen_uuid(), char_to_uuid('b9fc7529-e47d-4980-a441-81f0392eabcb'), char_to_uuid('cdd99260-107c-4a4e-acaf-d7c9c7e90fdd'), VRSN_SEQ_ID, char_to_uuid('2c4dafc2-566a-41ae-9ebc-3097d7d22f4a') FROM CD_VRSN_TBL WHERE CD_ID = char_to_uuid('cdd99260-107c-4a4e-acaf-d7c9c7e90fdd') AND OBSLT_UTC IS NULL;--#!
INSERT INTO CD_REF_TERM_ASSOC_TBL(CD_REF_TERM_ID, REF_TERM_ID, CD_ID, EFFT_VRSN_SEQ_ID, REL_TYP_ID) SELECT gen_uuid(), char_to_uuid('bdb39719-830b-4d78-b0b6-d76cb645695d'), char_to_uuid('a3ff423e-81d5-4571-8edf-03c295189a23'), VRSN_SEQ_ID, char_to_uuid('2c4dafc2-566a-41ae-9ebc-3097d7d22f4a') FROM CD_VRSN_TBL WHERE CD_ID = char_to_uuid('a3ff423e-81d5-4571-8edf-03c295189a23') AND OBSLT_UTC IS NULL;--#!
INSERT INTO CD_REF_TERM_ASSOC_TBL(CD_REF_TERM_ID, REF_TERM_ID, CD_ID, EFFT_VRSN_SEQ_ID, REL_TYP_ID) SELECT gen_uuid(), char_to_uuid('4e0814cf-f66f-400b-98aa-b69de7d24b99'), char_to_uuid('7ee5c1d2-1a21-41b1-8459-cb160fa36c60'), VRSN_SEQ_ID, char_to_uuid('2c4dafc2-566a-41ae-9ebc-3097d7d22f4a') FROM CD_VRSN_TBL WHERE CD_ID = char_to_uuid('7ee5c1d2-1a21-41b1-8459-cb160fa36c60') AND OBSLT_UTC IS NULL;--#!
INSERT INTO CD_REF_TERM_ASSOC_TBL(CD_REF_TERM_ID, REF_TERM_ID, CD_ID, EFFT_VRSN_SEQ_ID, REL_TYP_ID) SELECT gen_uuid(), char_to_uuid('8c35ec18-20f6-44ea-94db-2d209373a5d3'), char_to_uuid('71112058-63f9-4b38-97d9-4ccf58574e51'), VRSN_SEQ_ID, char_to_uuid('2c4dafc2-566a-41ae-9ebc-3097d7d22f4a') FROM CD_VRSN_TBL WHERE CD_ID = char_to_uuid('71112058-63f9-4b38-97d9-4ccf58574e51') AND OBSLT_UTC IS NULL;--#!
INSERT INTO CD_REF_TERM_ASSOC_TBL(CD_REF_TERM_ID, REF_TERM_ID, CD_ID, EFFT_VRSN_SEQ_ID, REL_TYP_ID) SELECT gen_uuid(), char_to_uuid('fdc0a8e1-3241-4bbd-9390-32f2f30dfbb4'), char_to_uuid('12df3395-b43b-421e-b505-049515c228b1'), VRSN_SEQ_ID, char_to_uuid('2c4dafc2-566a-41ae-9ebc-3097d7d22f4a') FROM CD_VRSN_TBL WHERE CD_ID = char_to_uuid('12df3395-b43b-421e-b505-049515c228b1') AND OBSLT_UTC IS NULL;--#!
INSERT INTO CD_REF_TERM_ASSOC_TBL(CD_REF_TERM_ID, REF_TERM_ID, CD_ID, EFFT_VRSN_SEQ_ID, REL_TYP_ID) SELECT gen_uuid(), char_to_uuid('0f2f2fa4-6426-48c2-89a9-d406f8004a94'), char_to_uuid('8b071aec-9063-4398-b242-e561915abb51'), VRSN_SEQ_ID, char_to_uuid('2c4dafc2-566a-41ae-9ebc-3097d7d22f4a') FROM CD_VRSN_TBL WHERE CD_ID = char_to_uuid('8b071aec-9063-4398-b242-e561915abb51') AND OBSLT_UTC IS NULL;--#!
INSERT INTO CD_REF_TERM_ASSOC_TBL(CD_REF_TERM_ID, REF_TERM_ID, CD_ID, EFFT_VRSN_SEQ_ID, REL_TYP_ID) SELECT gen_uuid(), char_to_uuid('3acd1096-f64e-4275-a5b9-271e9a4eee28'), char_to_uuid('04321b6c-5b19-44a2-be7a-4a53a221a456'), VRSN_SEQ_ID, char_to_uuid('2c4dafc2-566a-41ae-9ebc-3097d7d22f4a') FROM CD_VRSN_TBL WHERE CD_ID = char_to_uuid('04321b6c-5b19-44a2-be7a-4a53a221a456') AND OBSLT_UTC IS NULL;--#!
INSERT INTO CD_REF_TERM_ASSOC_TBL(CD_REF_TERM_ID, REF_TERM_ID, CD_ID, EFFT_VRSN_SEQ_ID, REL_TYP_ID) SELECT gen_uuid(), char_to_uuid('a48c8730-70e4-4f6c-bb4a-bf4a5aae0a20'), char_to_uuid('b32962c3-eafa-4146-bbcd-0e33789de32c'), VRSN_SEQ_ID, char_to_uuid('2c4dafc2-566a-41ae-9ebc-3097d7d22f4a') FROM CD_VRSN_TBL WHERE CD_ID = char_to_uuid('b32962c3-eafa-4146-bbcd-0e33789de32c') AND OBSLT_UTC IS NULL;--#!
INSERT INTO CD_REF_TERM_ASSOC_TBL(CD_REF_TERM_ID, REF_TERM_ID, CD_ID, EFFT_VRSN_SEQ_ID, REL_TYP_ID) SELECT gen_uuid(), char_to_uuid('52609c95-960d-45ec-8351-53e378ade473'), char_to_uuid('93c93d62-048d-4e64-a0ce-7f2f62a8ec6e'), VRSN_SEQ_ID, char_to_uuid('2c4dafc2-566a-41ae-9ebc-3097d7d22f4a') FROM CD_VRSN_TBL WHERE CD_ID = char_to_uuid('93c93d62-048d-4e64-a0ce-7f2f62a8ec6e') AND OBSLT_UTC IS NULL;--#!
INSERT INTO CD_REF_TERM_ASSOC_TBL(CD_REF_TERM_ID, REF_TERM_ID, CD_ID, EFFT_VRSN_SEQ_ID, REL_TYP_ID) SELECT gen_uuid(), char_to_uuid('539ae587-0ed7-446d-8e48-1b3735e6c423'), char_to_uuid('573a7fb8-fead-4bed-b325-c0fe68ce96ce'), VRSN_SEQ_ID, char_to_uuid('2c4dafc2-566a-41ae-9ebc-3097d7d22f4a') FROM CD_VRSN_TBL WHERE CD_ID = char_to_uuid('573a7fb8-fead-4bed-b325-c0fe68ce96ce') AND OBSLT_UTC IS NULL;--#!
INSERT INTO CD_REF_TERM_ASSOC_TBL(CD_REF_TERM_ID, REF_TERM_ID, CD_ID, EFFT_VRSN_SEQ_ID, REL_TYP_ID) SELECT gen_uuid(), char_to_uuid('fb314812-1d33-414b-84b1-dd7b1a16d770'), char_to_uuid('dc5e8411-cb3f-4b7f-8e0e-fc1d1ff3b084'), VRSN_SEQ_ID, char_to_uuid('2c4dafc2-566a-41ae-9ebc-3097d7d22f4a') FROM CD_VRSN_TBL WHERE CD_ID = char_to_uuid('dc5e8411-cb3f-4b7f-8e0e-fc1d1ff3b084') AND OBSLT_UTC IS NULL;--#!
INSERT INTO CD_REF_TERM_ASSOC_TBL(CD_REF_TERM_ID, REF_TERM_ID, CD_ID, EFFT_VRSN_SEQ_ID, REL_TYP_ID) SELECT gen_uuid(), char_to_uuid('51b3ea54-7f54-4700-a9cd-69c2478d2e49'), char_to_uuid('1071d24e-6fe9-480f-8a20-b1825ae4d707'), VRSN_SEQ_ID, char_to_uuid('2c4dafc2-566a-41ae-9ebc-3097d7d22f4a') FROM CD_VRSN_TBL WHERE CD_ID = char_to_uuid('1071d24e-6fe9-480f-8a20-b1825ae4d707') AND OBSLT_UTC IS NULL;--#!
INSERT INTO CD_REF_TERM_ASSOC_TBL(CD_REF_TERM_ID, REF_TERM_ID, CD_ID, EFFT_VRSN_SEQ_ID, REL_TYP_ID) SELECT gen_uuid(), char_to_uuid('1bc2a587-a9d8-4577-81ce-9afa65921a19'), char_to_uuid('8cc5ef0d-3911-4d99-937f-6cfdc2a27d55'), VRSN_SEQ_ID, char_to_uuid('2c4dafc2-566a-41ae-9ebc-3097d7d22f4a') FROM CD_VRSN_TBL WHERE CD_ID = char_to_uuid('8cc5ef0d-3911-4d99-937f-6cfdc2a27d55') AND OBSLT_UTC IS NULL;--#!
INSERT INTO CD_REF_TERM_ASSOC_TBL(CD_REF_TERM_ID, REF_TERM_ID, CD_ID, EFFT_VRSN_SEQ_ID, REL_TYP_ID) SELECT gen_uuid(), char_to_uuid('67207706-263c-4c71-958a-e96b0a9aaa3d'), char_to_uuid('3b14a426-6337-4f2a-b83b-e6be7dbcd5a5'), VRSN_SEQ_ID, char_to_uuid('2c4dafc2-566a-41ae-9ebc-3097d7d22f4a') FROM CD_VRSN_TBL WHERE CD_ID = char_to_uuid('3b14a426-6337-4f2a-b83b-e6be7dbcd5a5') AND OBSLT_UTC IS NULL;--#!
INSERT INTO CD_REF_TERM_ASSOC_TBL(CD_REF_TERM_ID, REF_TERM_ID, CD_ID, EFFT_VRSN_SEQ_ID, REL_TYP_ID) SELECT gen_uuid(), char_to_uuid('eb93e8af-e880-4684-a553-7651364cee4f'), char_to_uuid('ec74541f-87c4-4327-a4b9-97f325501747'), VRSN_SEQ_ID, char_to_uuid('2c4dafc2-566a-41ae-9ebc-3097d7d22f4a') FROM CD_VRSN_TBL WHERE CD_ID = char_to_uuid('ec74541f-87c4-4327-a4b9-97f325501747') AND OBSLT_UTC IS NULL;--#!
INSERT INTO CD_REF_TERM_ASSOC_TBL(CD_REF_TERM_ID, REF_TERM_ID, CD_ID, EFFT_VRSN_SEQ_ID, REL_TYP_ID) SELECT gen_uuid(), char_to_uuid('259cc454-a9ca-4032-89f5-af11a6c89653'), char_to_uuid('e658ca72-3b6a-4099-ab6e-7cf6861a5b61'), VRSN_SEQ_ID, char_to_uuid('2c4dafc2-566a-41ae-9ebc-3097d7d22f4a') FROM CD_VRSN_TBL WHERE CD_ID = char_to_uuid('e658ca72-3b6a-4099-ab6e-7cf6861a5b61') AND OBSLT_UTC IS NULL;--#!
INSERT INTO CD_REF_TERM_ASSOC_TBL(CD_REF_TERM_ID, REF_TERM_ID, CD_ID, EFFT_VRSN_SEQ_ID, REL_TYP_ID) SELECT gen_uuid(), char_to_uuid('eb93e8af-e880-4684-a553-7651364cee4f'), char_to_uuid('ec74541f-87c4-4327-a4b9-97f325501747'), VRSN_SEQ_ID, char_to_uuid('2c4dafc2-566a-41ae-9ebc-3097d7d22f4a') FROM CD_VRSN_TBL WHERE CD_ID = char_to_uuid('ec74541f-87c4-4327-a4b9-97f325501747') AND OBSLT_UTC IS NULL;--#!
INSERT INTO CD_REF_TERM_ASSOC_TBL(CD_REF_TERM_ID, REF_TERM_ID, CD_ID, EFFT_VRSN_SEQ_ID, REL_TYP_ID) SELECT gen_uuid(), char_to_uuid('d3d31050-5616-4271-baa9-75c1e7b61e7b'), char_to_uuid('b389dedf-be61-456b-aa70-786e1a5a69e0'), VRSN_SEQ_ID, char_to_uuid('2c4dafc2-566a-41ae-9ebc-3097d7d22f4a') FROM CD_VRSN_TBL WHERE CD_ID = char_to_uuid('b389dedf-be61-456b-aa70-786e1a5a69e0') AND OBSLT_UTC IS NULL;--#!
INSERT INTO CD_REF_TERM_ASSOC_TBL(CD_REF_TERM_ID, REF_TERM_ID, CD_ID, EFFT_VRSN_SEQ_ID, REL_TYP_ID) SELECT gen_uuid(), char_to_uuid('259cc454-a9ca-4032-89f5-af11a6c89653'), char_to_uuid('e658ca72-3b6a-4099-ab6e-7cf6861a5b61'), VRSN_SEQ_ID, char_to_uuid('2c4dafc2-566a-41ae-9ebc-3097d7d22f4a') FROM CD_VRSN_TBL WHERE CD_ID = char_to_uuid('e658ca72-3b6a-4099-ab6e-7cf6861a5b61') AND OBSLT_UTC IS NULL;--#!
-- Concept Reference Names
INSERT INTO REF_TERM_NAME_TBL (REF_TERM_NAME_ID, REF_TERM_ID,  LANG_CS, TERM_NAME, CRT_PROV_ID, PHON_ALG_ID) VALUES (gen_uuid(), char_to_uuid('83aac30c-0df1-4fd0-abd7-d7fceb00e04c'), 'en', 'left lateral decubitus', char_to_uuid('fadca076-3690-4a6e-af9e-f1cd68e8c7e8'), char_to_uuid('402CD339-D0E4-46CE-8FC2-12A4B0E17226'));--#!
INSERT INTO REF_TERM_NAME_TBL (REF_TERM_NAME_ID, REF_TERM_ID,  LANG_CS, TERM_NAME, CRT_PROV_ID, PHON_ALG_ID) VALUES (gen_uuid(), char_to_uuid('8b48fe39-c489-42a8-8800-f2a97480c6af'), 'en', 'prone', char_to_uuid('fadca076-3690-4a6e-af9e-f1cd68e8c7e8'), char_to_uuid('402CD339-D0E4-46CE-8FC2-12A4B0E17226'));--#!
INSERT INTO REF_TERM_NAME_TBL (REF_TERM_NAME_ID, REF_TERM_ID,  LANG_CS, TERM_NAME, CRT_PROV_ID, PHON_ALG_ID) VALUES (gen_uuid(), char_to_uuid('36ae7fc5-f2ad-4f66-a00d-e4bce99cd4e1'), 'en', 'right lateral decubitus', char_to_uuid('fadca076-3690-4a6e-af9e-f1cd68e8c7e8'), char_to_uuid('402CD339-D0E4-46CE-8FC2-12A4B0E17226'));--#!
INSERT INTO REF_TERM_NAME_TBL (REF_TERM_NAME_ID, REF_TERM_ID,  LANG_CS, TERM_NAME, CRT_PROV_ID, PHON_ALG_ID) VALUES (gen_uuid(), char_to_uuid('2df19451-c5a3-415b-95e8-f1724bd840fb'), 'en', 'Semi-Fowler''s', char_to_uuid('fadca076-3690-4a6e-af9e-f1cd68e8c7e8'), char_to_uuid('402CD339-D0E4-46CE-8FC2-12A4B0E17226'));--#!
INSERT INTO REF_TERM_NAME_TBL (REF_TERM_NAME_ID, REF_TERM_ID,  LANG_CS, TERM_NAME, CRT_PROV_ID, PHON_ALG_ID) VALUES (gen_uuid(), char_to_uuid('d19c93b5-5364-4426-8171-081f7efcf115'), 'en', 'sitting', char_to_uuid('fadca076-3690-4a6e-af9e-f1cd68e8c7e8'), char_to_uuid('402CD339-D0E4-46CE-8FC2-12A4B0E17226'));--#!
INSERT INTO REF_TERM_NAME_TBL (REF_TERM_NAME_ID, REF_TERM_ID,  LANG_CS, TERM_NAME, CRT_PROV_ID, PHON_ALG_ID) VALUES (gen_uuid(), char_to_uuid('2630f5a3-649a-43d1-b039-20b06f55a222'), 'en', 'standing', char_to_uuid('fadca076-3690-4a6e-af9e-f1cd68e8c7e8'), char_to_uuid('402CD339-D0E4-46CE-8FC2-12A4B0E17226'));--#!
INSERT INTO REF_TERM_NAME_TBL (REF_TERM_NAME_ID, REF_TERM_ID,  LANG_CS, TERM_NAME, CRT_PROV_ID, PHON_ALG_ID) VALUES (gen_uuid(), char_to_uuid('fce8bdf3-12cd-4f04-a250-7e69f553347a'), 'en', 'supine', char_to_uuid('fadca076-3690-4a6e-af9e-f1cd68e8c7e8'), char_to_uuid('402CD339-D0E4-46CE-8FC2-12A4B0E17226'));--#!
INSERT INTO REF_TERM_NAME_TBL (REF_TERM_NAME_ID, REF_TERM_ID,  LANG_CS, TERM_NAME, CRT_PROV_ID, PHON_ALG_ID) VALUES (gen_uuid(), char_to_uuid('2adccb38-6ecf-4c42-8221-4dcff3ce4c69'), 'en', 'reverse trendelenburg', char_to_uuid('fadca076-3690-4a6e-af9e-f1cd68e8c7e8'), char_to_uuid('402CD339-D0E4-46CE-8FC2-12A4B0E17226'));--#!
INSERT INTO REF_TERM_NAME_TBL (REF_TERM_NAME_ID, REF_TERM_ID,  LANG_CS, TERM_NAME, CRT_PROV_ID, PHON_ALG_ID) VALUES (gen_uuid(), char_to_uuid('955cddc3-d4db-46be-9b04-1114fd41e424'), 'en', 'trendelenburg', char_to_uuid('fadca076-3690-4a6e-af9e-f1cd68e8c7e8'), char_to_uuid('402CD339-D0E4-46CE-8FC2-12A4B0E17226'));--#!
INSERT INTO REF_TERM_NAME_TBL (REF_TERM_NAME_ID, REF_TERM_ID,  LANG_CS, TERM_NAME, CRT_PROV_ID, PHON_ALG_ID) VALUES (gen_uuid(), char_to_uuid('de69f5eb-3ed9-46dd-b516-cd034085d7c5'), 'en', 'overlay ROI', char_to_uuid('fadca076-3690-4a6e-af9e-f1cd68e8c7e8'), char_to_uuid('402CD339-D0E4-46CE-8FC2-12A4B0E17226'));--#!
INSERT INTO REF_TERM_NAME_TBL (REF_TERM_NAME_ID, REF_TERM_ID,  LANG_CS, TERM_NAME, CRT_PROV_ID, PHON_ALG_ID) VALUES (gen_uuid(), char_to_uuid('cdb7f4cf-91fb-4af7-86b9-9d0d5363245b'), 'en', 'ambulatory', char_to_uuid('fadca076-3690-4a6e-af9e-f1cd68e8c7e8'), char_to_uuid('402CD339-D0E4-46CE-8FC2-12A4B0E17226'));--#!
INSERT INTO REF_TERM_NAME_TBL (REF_TERM_NAME_ID, REF_TERM_ID,  LANG_CS, TERM_NAME, CRT_PROV_ID, PHON_ALG_ID) VALUES (gen_uuid(), char_to_uuid('b7d419d0-f64a-4ab8-b0ec-94e961bcc7cb'), 'en', 'emergency', char_to_uuid('fadca076-3690-4a6e-af9e-f1cd68e8c7e8'), char_to_uuid('402CD339-D0E4-46CE-8FC2-12A4B0E17226'));--#!
INSERT INTO REF_TERM_NAME_TBL (REF_TERM_NAME_ID, REF_TERM_ID,  LANG_CS, TERM_NAME, CRT_PROV_ID, PHON_ALG_ID) VALUES (gen_uuid(), char_to_uuid('2da49834-3c58-45c6-9528-e0598cc692a3'), 'en', 'field', char_to_uuid('fadca076-3690-4a6e-af9e-f1cd68e8c7e8'), char_to_uuid('402CD339-D0E4-46CE-8FC2-12A4B0E17226'));--#!
INSERT INTO REF_TERM_NAME_TBL (REF_TERM_NAME_ID, REF_TERM_ID,  LANG_CS, TERM_NAME, CRT_PROV_ID, PHON_ALG_ID) VALUES (gen_uuid(), char_to_uuid('7cd92207-8263-43e0-b910-b660e1b0b111'), 'en', 'home health', char_to_uuid('fadca076-3690-4a6e-af9e-f1cd68e8c7e8'), char_to_uuid('402CD339-D0E4-46CE-8FC2-12A4B0E17226'));--#!
INSERT INTO REF_TERM_NAME_TBL (REF_TERM_NAME_ID, REF_TERM_ID,  LANG_CS, TERM_NAME, CRT_PROV_ID, PHON_ALG_ID) VALUES (gen_uuid(), char_to_uuid('64c4c372-d4d9-4bcc-9838-479e4bc14e96'), 'en', 'inpatient encounter', char_to_uuid('fadca076-3690-4a6e-af9e-f1cd68e8c7e8'), char_to_uuid('402CD339-D0E4-46CE-8FC2-12A4B0E17226'));--#!
INSERT INTO REF_TERM_NAME_TBL (REF_TERM_NAME_ID, REF_TERM_ID,  LANG_CS, TERM_NAME, CRT_PROV_ID, PHON_ALG_ID) VALUES (gen_uuid(), char_to_uuid('1121942c-5ca4-466f-8bf4-d060d1b13a7e'), 'en', 'inpatient acute', char_to_uuid('fadca076-3690-4a6e-af9e-f1cd68e8c7e8'), char_to_uuid('402CD339-D0E4-46CE-8FC2-12A4B0E17226'));--#!
INSERT INTO REF_TERM_NAME_TBL (REF_TERM_NAME_ID, REF_TERM_ID,  LANG_CS, TERM_NAME, CRT_PROV_ID, PHON_ALG_ID) VALUES (gen_uuid(), char_to_uuid('0cc77549-2e56-44bc-9c7e-e41119e2fc6e'), 'en', 'inpatient non-acute', char_to_uuid('fadca076-3690-4a6e-af9e-f1cd68e8c7e8'), char_to_uuid('402CD339-D0E4-46CE-8FC2-12A4B0E17226'));--#!
INSERT INTO REF_TERM_NAME_TBL (REF_TERM_NAME_ID, REF_TERM_ID,  LANG_CS, TERM_NAME, CRT_PROV_ID, PHON_ALG_ID) VALUES (gen_uuid(), char_to_uuid('baf12ffd-24d1-4d44-8bf8-888115e13e32'), 'en', 'short stay', char_to_uuid('fadca076-3690-4a6e-af9e-f1cd68e8c7e8'), char_to_uuid('402CD339-D0E4-46CE-8FC2-12A4B0E17226'));--#!
INSERT INTO REF_TERM_NAME_TBL (REF_TERM_NAME_ID, REF_TERM_ID,  LANG_CS, TERM_NAME, CRT_PROV_ID, PHON_ALG_ID) VALUES (gen_uuid(), char_to_uuid('15772372-5a16-4a89-95d9-19c710493c3f'), 'en', 'virtual', char_to_uuid('fadca076-3690-4a6e-af9e-f1cd68e8c7e8'), char_to_uuid('402CD339-D0E4-46CE-8FC2-12A4B0E17226'));--#!
INSERT INTO REF_TERM_NAME_TBL (REF_TERM_NAME_ID, REF_TERM_ID,  LANG_CS, TERM_NAME, CRT_PROV_ID, PHON_ALG_ID) VALUES (gen_uuid(), char_to_uuid('eb93e8af-e880-4684-a553-7651364cee4f'), 'en', 'event (occurrence)', char_to_uuid('fadca076-3690-4a6e-af9e-f1cd68e8c7e8'), char_to_uuid('402CD339-D0E4-46CE-8FC2-12A4B0E17226'));--#!
INSERT INTO REF_TERM_NAME_TBL (REF_TERM_NAME_ID, REF_TERM_ID,  LANG_CS, TERM_NAME, CRT_PROV_ID, PHON_ALG_ID) VALUES (gen_uuid(), char_to_uuid('a6f1b2c4-0b3f-49fa-87b3-cd9d3e2865e1'), 'en', 'has component', char_to_uuid('fadca076-3690-4a6e-af9e-f1cd68e8c7e8'), char_to_uuid('402CD339-D0E4-46CE-8FC2-12A4B0E17226'));--#!
INSERT INTO REF_TERM_NAME_TBL (REF_TERM_NAME_ID, REF_TERM_ID,  LANG_CS, TERM_NAME, CRT_PROV_ID, PHON_ALG_ID) VALUES (gen_uuid(), char_to_uuid('16ac17df-955e-4c1e-a1e7-77d60da3e5fd'), 'en', 'arrival', char_to_uuid('fadca076-3690-4a6e-af9e-f1cd68e8c7e8'), char_to_uuid('402CD339-D0E4-46CE-8FC2-12A4B0E17226'));--#!
INSERT INTO REF_TERM_NAME_TBL (REF_TERM_NAME_ID, REF_TERM_ID,  LANG_CS, TERM_NAME, CRT_PROV_ID, PHON_ALG_ID) VALUES (gen_uuid(), char_to_uuid('efba2a18-2a51-411f-a69c-ef6fcd86a8f4'), 'en', 'has control variable', char_to_uuid('fadca076-3690-4a6e-af9e-f1cd68e8c7e8'), char_to_uuid('402CD339-D0E4-46CE-8FC2-12A4B0E17226'));--#!
INSERT INTO REF_TERM_NAME_TBL (REF_TERM_NAME_ID, REF_TERM_ID,  LANG_CS, TERM_NAME, CRT_PROV_ID, PHON_ALG_ID) VALUES (gen_uuid(), char_to_uuid('22c7f32c-30e7-4e39-b027-be18d56c0d69'), 'en', 'departure', char_to_uuid('fadca076-3690-4a6e-af9e-f1cd68e8c7e8'), char_to_uuid('402CD339-D0E4-46CE-8FC2-12A4B0E17226'));--#!
INSERT INTO REF_TERM_NAME_TBL (REF_TERM_NAME_ID, REF_TERM_ID,  LANG_CS, TERM_NAME, CRT_PROV_ID, PHON_ALG_ID) VALUES (gen_uuid(), char_to_uuid('a41b04aa-21a2-4dc3-a1b0-63b6c1abb638'), 'en', 'has pre-condition', char_to_uuid('fadca076-3690-4a6e-af9e-f1cd68e8c7e8'), char_to_uuid('402CD339-D0E4-46CE-8FC2-12A4B0E17226'));--#!
INSERT INTO REF_TERM_NAME_TBL (REF_TERM_NAME_ID, REF_TERM_ID,  LANG_CS, TERM_NAME, CRT_PROV_ID, PHON_ALG_ID) VALUES (gen_uuid(), char_to_uuid('d820400c-d81c-42bc-8880-2bd8c96bb84c'), 'en', 'REFV', char_to_uuid('fadca076-3690-4a6e-af9e-f1cd68e8c7e8'), char_to_uuid('402CD339-D0E4-46CE-8FC2-12A4B0E17226'));--#!
INSERT INTO REF_TERM_NAME_TBL (REF_TERM_NAME_ID, REF_TERM_ID,  LANG_CS, TERM_NAME, CRT_PROV_ID, PHON_ALG_ID) VALUES (gen_uuid(), char_to_uuid('7e2a582a-6e75-440a-89a0-34762981052e'), 'en', 'Argentine Peso', char_to_uuid('fadca076-3690-4a6e-af9e-f1cd68e8c7e8'), char_to_uuid('402CD339-D0E4-46CE-8FC2-12A4B0E17226'));--#!
INSERT INTO REF_TERM_NAME_TBL (REF_TERM_NAME_ID, REF_TERM_ID,  LANG_CS, TERM_NAME, CRT_PROV_ID, PHON_ALG_ID) VALUES (gen_uuid(), char_to_uuid('c5883d98-e0e7-4dca-9a5d-0ec3b3f6cf62'), 'en', 'Australian Dollar', char_to_uuid('fadca076-3690-4a6e-af9e-f1cd68e8c7e8'), char_to_uuid('402CD339-D0E4-46CE-8FC2-12A4B0E17226'));--#!
INSERT INTO REF_TERM_NAME_TBL (REF_TERM_NAME_ID, REF_TERM_ID,  LANG_CS, TERM_NAME, CRT_PROV_ID, PHON_ALG_ID) VALUES (gen_uuid(), char_to_uuid('57312fe4-0ffc-4935-b957-da64de9c1f41'), 'en', 'Brazilian Real', char_to_uuid('fadca076-3690-4a6e-af9e-f1cd68e8c7e8'), char_to_uuid('402CD339-D0E4-46CE-8FC2-12A4B0E17226'));--#!
INSERT INTO REF_TERM_NAME_TBL (REF_TERM_NAME_ID, REF_TERM_ID,  LANG_CS, TERM_NAME, CRT_PROV_ID, PHON_ALG_ID) VALUES (gen_uuid(), char_to_uuid('c888fc8b-a2b5-405a-b6f5-997b92737cb0'), 'en', 'Canadian Dollar', char_to_uuid('fadca076-3690-4a6e-af9e-f1cd68e8c7e8'), char_to_uuid('402CD339-D0E4-46CE-8FC2-12A4B0E17226'));--#!
INSERT INTO REF_TERM_NAME_TBL (REF_TERM_NAME_ID, REF_TERM_ID,  LANG_CS, TERM_NAME, CRT_PROV_ID, PHON_ALG_ID) VALUES (gen_uuid(), char_to_uuid('02c89413-02df-4b0d-99a9-32ad4e8c6a36'), 'en', 'Swiss Franc', char_to_uuid('fadca076-3690-4a6e-af9e-f1cd68e8c7e8'), char_to_uuid('402CD339-D0E4-46CE-8FC2-12A4B0E17226'));--#!
INSERT INTO REF_TERM_NAME_TBL (REF_TERM_NAME_ID, REF_TERM_ID,  LANG_CS, TERM_NAME, CRT_PROV_ID, PHON_ALG_ID) VALUES (gen_uuid(), char_to_uuid('a65ac557-6bf0-4ca9-970c-97ffd1399800'), 'en', 'Unidades de Formento', char_to_uuid('fadca076-3690-4a6e-af9e-f1cd68e8c7e8'), char_to_uuid('402CD339-D0E4-46CE-8FC2-12A4B0E17226'));--#!
INSERT INTO REF_TERM_NAME_TBL (REF_TERM_NAME_ID, REF_TERM_ID,  LANG_CS, TERM_NAME, CRT_PROV_ID, PHON_ALG_ID) VALUES (gen_uuid(), char_to_uuid('94e95780-1911-4f67-98c3-1536e561962f'), 'en', 'Yuan Renminbi', char_to_uuid('fadca076-3690-4a6e-af9e-f1cd68e8c7e8'), char_to_uuid('402CD339-D0E4-46CE-8FC2-12A4B0E17226'));--#!
INSERT INTO REF_TERM_NAME_TBL (REF_TERM_NAME_ID, REF_TERM_ID,  LANG_CS, TERM_NAME, CRT_PROV_ID, PHON_ALG_ID) VALUES (gen_uuid(), char_to_uuid('08fd8ad2-d974-4179-8718-342341b0f498'), 'en', 'Deutsche Mark', char_to_uuid('fadca076-3690-4a6e-af9e-f1cd68e8c7e8'), char_to_uuid('402CD339-D0E4-46CE-8FC2-12A4B0E17226'));--#!
INSERT INTO REF_TERM_NAME_TBL (REF_TERM_NAME_ID, REF_TERM_ID,  LANG_CS, TERM_NAME, CRT_PROV_ID, PHON_ALG_ID) VALUES (gen_uuid(), char_to_uuid('cfcccba3-aad1-4685-9e0b-39f53b8da4bb'), 'en', 'Spanish Peseta', char_to_uuid('fadca076-3690-4a6e-af9e-f1cd68e8c7e8'), char_to_uuid('402CD339-D0E4-46CE-8FC2-12A4B0E17226'));--#!
INSERT INTO REF_TERM_NAME_TBL (REF_TERM_NAME_ID, REF_TERM_ID,  LANG_CS, TERM_NAME, CRT_PROV_ID, PHON_ALG_ID) VALUES (gen_uuid(), char_to_uuid('a74279d6-96f0-4cda-94a9-a3e233c58036'), 'en', 'Euro', char_to_uuid('fadca076-3690-4a6e-af9e-f1cd68e8c7e8'), char_to_uuid('402CD339-D0E4-46CE-8FC2-12A4B0E17226'));--#!
INSERT INTO REF_TERM_NAME_TBL (REF_TERM_NAME_ID, REF_TERM_ID,  LANG_CS, TERM_NAME, CRT_PROV_ID, PHON_ALG_ID) VALUES (gen_uuid(), char_to_uuid('230a62a1-05f1-4f83-8450-48dda67dcd69'), 'en', 'Markka', char_to_uuid('fadca076-3690-4a6e-af9e-f1cd68e8c7e8'), char_to_uuid('402CD339-D0E4-46CE-8FC2-12A4B0E17226'));--#!
INSERT INTO REF_TERM_NAME_TBL (REF_TERM_NAME_ID, REF_TERM_ID,  LANG_CS, TERM_NAME, CRT_PROV_ID, PHON_ALG_ID) VALUES (gen_uuid(), char_to_uuid('59b90a5a-a72a-4e1f-ae45-2073c357c5be'), 'en', 'French Franc', char_to_uuid('fadca076-3690-4a6e-af9e-f1cd68e8c7e8'), char_to_uuid('402CD339-D0E4-46CE-8FC2-12A4B0E17226'));--#!
INSERT INTO REF_TERM_NAME_TBL (REF_TERM_NAME_ID, REF_TERM_ID,  LANG_CS, TERM_NAME, CRT_PROV_ID, PHON_ALG_ID) VALUES (gen_uuid(), char_to_uuid('8ccd6a0d-4e2a-4b54-8045-2786eda31b46'), 'en', 'Pound Sterling', char_to_uuid('fadca076-3690-4a6e-af9e-f1cd68e8c7e8'), char_to_uuid('402CD339-D0E4-46CE-8FC2-12A4B0E17226'));--#!
INSERT INTO REF_TERM_NAME_TBL (REF_TERM_NAME_ID, REF_TERM_ID,  LANG_CS, TERM_NAME, CRT_PROV_ID, PHON_ALG_ID) VALUES (gen_uuid(), char_to_uuid('9da2deff-231f-41d4-a64a-0f4ca0d4e407'), 'en', 'Shekel', char_to_uuid('fadca076-3690-4a6e-af9e-f1cd68e8c7e8'), char_to_uuid('402CD339-D0E4-46CE-8FC2-12A4B0E17226'));--#!
INSERT INTO REF_TERM_NAME_TBL (REF_TERM_NAME_ID, REF_TERM_ID,  LANG_CS, TERM_NAME, CRT_PROV_ID, PHON_ALG_ID) VALUES (gen_uuid(), char_to_uuid('15fc312c-cb80-40e7-92ab-83a4ee511de4'), 'en', 'Indian Rupee', char_to_uuid('fadca076-3690-4a6e-af9e-f1cd68e8c7e8'), char_to_uuid('402CD339-D0E4-46CE-8FC2-12A4B0E17226'));--#!
INSERT INTO REF_TERM_NAME_TBL (REF_TERM_NAME_ID, REF_TERM_ID,  LANG_CS, TERM_NAME, CRT_PROV_ID, PHON_ALG_ID) VALUES (gen_uuid(), char_to_uuid('9333fcc0-fecd-413d-8007-5fcf555ede1a'), 'en', 'Yen', char_to_uuid('fadca076-3690-4a6e-af9e-f1cd68e8c7e8'), char_to_uuid('402CD339-D0E4-46CE-8FC2-12A4B0E17226'));--#!
INSERT INTO REF_TERM_NAME_TBL (REF_TERM_NAME_ID, REF_TERM_ID,  LANG_CS, TERM_NAME, CRT_PROV_ID, PHON_ALG_ID) VALUES (gen_uuid(), char_to_uuid('2cde2dbe-3f75-4549-9bd1-316b133428d9'), 'en', 'Won', char_to_uuid('fadca076-3690-4a6e-af9e-f1cd68e8c7e8'), char_to_uuid('402CD339-D0E4-46CE-8FC2-12A4B0E17226'));--#!
INSERT INTO REF_TERM_NAME_TBL (REF_TERM_NAME_ID, REF_TERM_ID,  LANG_CS, TERM_NAME, CRT_PROV_ID, PHON_ALG_ID) VALUES (gen_uuid(), char_to_uuid('24a617a5-a5eb-4c6a-8b91-90ba50366082'), 'en', 'Mexican Nuevo Peso', char_to_uuid('fadca076-3690-4a6e-af9e-f1cd68e8c7e8'), char_to_uuid('402CD339-D0E4-46CE-8FC2-12A4B0E17226'));--#!
INSERT INTO REF_TERM_NAME_TBL (REF_TERM_NAME_ID, REF_TERM_ID,  LANG_CS, TERM_NAME, CRT_PROV_ID, PHON_ALG_ID) VALUES (gen_uuid(), char_to_uuid('999c31b1-e279-4281-a2f0-48bb69af48d6'), 'en', 'Netherlands Guilder', char_to_uuid('fadca076-3690-4a6e-af9e-f1cd68e8c7e8'), char_to_uuid('402CD339-D0E4-46CE-8FC2-12A4B0E17226'));--#!
INSERT INTO REF_TERM_NAME_TBL (REF_TERM_NAME_ID, REF_TERM_ID,  LANG_CS, TERM_NAME, CRT_PROV_ID, PHON_ALG_ID) VALUES (gen_uuid(), char_to_uuid('22292ed4-8f63-46fb-94fb-eb028fc26282'), 'en', 'New Zealand Dollar', char_to_uuid('fadca076-3690-4a6e-af9e-f1cd68e8c7e8'), char_to_uuid('402CD339-D0E4-46CE-8FC2-12A4B0E17226'));--#!
INSERT INTO REF_TERM_NAME_TBL (REF_TERM_NAME_ID, REF_TERM_ID,  LANG_CS, TERM_NAME, CRT_PROV_ID, PHON_ALG_ID) VALUES (gen_uuid(), char_to_uuid('113236d8-e96c-49c1-8aba-e1ae73042287'), 'en', 'Philippine Peso', char_to_uuid('fadca076-3690-4a6e-af9e-f1cd68e8c7e8'), char_to_uuid('402CD339-D0E4-46CE-8FC2-12A4B0E17226'));--#!
INSERT INTO REF_TERM_NAME_TBL (REF_TERM_NAME_ID, REF_TERM_ID,  LANG_CS, TERM_NAME, CRT_PROV_ID, PHON_ALG_ID) VALUES (gen_uuid(), char_to_uuid('c2e7306d-2aea-436a-a36e-c74ec266b39b'), 'en', 'Russian Ruble', char_to_uuid('fadca076-3690-4a6e-af9e-f1cd68e8c7e8'), char_to_uuid('402CD339-D0E4-46CE-8FC2-12A4B0E17226'));--#!
INSERT INTO REF_TERM_NAME_TBL (REF_TERM_NAME_ID, REF_TERM_ID,  LANG_CS, TERM_NAME, CRT_PROV_ID, PHON_ALG_ID) VALUES (gen_uuid(), char_to_uuid('e202e081-5d3c-42a1-8efd-9f3e068eb87e'), 'en', 'Baht', char_to_uuid('fadca076-3690-4a6e-af9e-f1cd68e8c7e8'), char_to_uuid('402CD339-D0E4-46CE-8FC2-12A4B0E17226'));--#!
INSERT INTO REF_TERM_NAME_TBL (REF_TERM_NAME_ID, REF_TERM_ID,  LANG_CS, TERM_NAME, CRT_PROV_ID, PHON_ALG_ID) VALUES (gen_uuid(), char_to_uuid('4269be06-e554-4714-8381-287a0edbadbb'), 'en', 'Lira', char_to_uuid('fadca076-3690-4a6e-af9e-f1cd68e8c7e8'), char_to_uuid('402CD339-D0E4-46CE-8FC2-12A4B0E17226'));--#!
INSERT INTO REF_TERM_NAME_TBL (REF_TERM_NAME_ID, REF_TERM_ID,  LANG_CS, TERM_NAME, CRT_PROV_ID, PHON_ALG_ID) VALUES (gen_uuid(), char_to_uuid('4609e1fb-df75-4209-ac1e-70e14eb18c1e'), 'en', 'Taiwan Dollar', char_to_uuid('fadca076-3690-4a6e-af9e-f1cd68e8c7e8'), char_to_uuid('402CD339-D0E4-46CE-8FC2-12A4B0E17226'));--#!
INSERT INTO REF_TERM_NAME_TBL (REF_TERM_NAME_ID, REF_TERM_ID,  LANG_CS, TERM_NAME, CRT_PROV_ID, PHON_ALG_ID) VALUES (gen_uuid(), char_to_uuid('2018e5f4-fee1-40ec-a368-350da5fbf212'), 'en', 'US Dollar', char_to_uuid('fadca076-3690-4a6e-af9e-f1cd68e8c7e8'), char_to_uuid('402CD339-D0E4-46CE-8FC2-12A4B0E17226'));--#!
INSERT INTO REF_TERM_NAME_TBL (REF_TERM_NAME_ID, REF_TERM_ID,  LANG_CS, TERM_NAME, CRT_PROV_ID, PHON_ALG_ID) VALUES (gen_uuid(), char_to_uuid('73f4abdf-9d2a-491b-982e-8e683ff0abdc'), 'en', 'Rand', char_to_uuid('fadca076-3690-4a6e-af9e-f1cd68e8c7e8'), char_to_uuid('402CD339-D0E4-46CE-8FC2-12A4B0E17226'));--#!
INSERT INTO REF_TERM_NAME_TBL (REF_TERM_NAME_ID, REF_TERM_ID,  LANG_CS, TERM_NAME, CRT_PROV_ID, PHON_ALG_ID) VALUES (gen_uuid(), char_to_uuid('134b5597-e21a-4e98-8f44-97c5df2d4bd9'), 'en', 'entity', char_to_uuid('fadca076-3690-4a6e-af9e-f1cd68e8c7e8'), char_to_uuid('402CD339-D0E4-46CE-8FC2-12A4B0E17226'));--#!
INSERT INTO REF_TERM_NAME_TBL (REF_TERM_NAME_ID, REF_TERM_ID,  LANG_CS, TERM_NAME, CRT_PROV_ID, PHON_ALG_ID) VALUES (gen_uuid(), char_to_uuid('87f88600-45fe-4cd6-be2f-d52c69a33a42'), 'en', 'health chart entity', char_to_uuid('fadca076-3690-4a6e-af9e-f1cd68e8c7e8'), char_to_uuid('402CD339-D0E4-46CE-8FC2-12A4B0E17226'));--#!
INSERT INTO REF_TERM_NAME_TBL (REF_TERM_NAME_ID, REF_TERM_ID,  LANG_CS, TERM_NAME, CRT_PROV_ID, PHON_ALG_ID) VALUES (gen_uuid(), char_to_uuid('b2f28b5c-2f30-453f-971c-e0c55a15b3f5'), 'en', 'living subject', char_to_uuid('fadca076-3690-4a6e-af9e-f1cd68e8c7e8'), char_to_uuid('402CD339-D0E4-46CE-8FC2-12A4B0E17226'));--#!
INSERT INTO REF_TERM_NAME_TBL (REF_TERM_NAME_ID, REF_TERM_ID,  LANG_CS, TERM_NAME, CRT_PROV_ID, PHON_ALG_ID) VALUES (gen_uuid(), char_to_uuid('a12235e5-2361-45c5-8e4a-ab5947d7354d'), 'en', 'non-person living subject', char_to_uuid('fadca076-3690-4a6e-af9e-f1cd68e8c7e8'), char_to_uuid('402CD339-D0E4-46CE-8FC2-12A4B0E17226'));--#!
INSERT INTO REF_TERM_NAME_TBL (REF_TERM_NAME_ID, REF_TERM_ID,  LANG_CS, TERM_NAME, CRT_PROV_ID, PHON_ALG_ID) VALUES (gen_uuid(), char_to_uuid('47a3eb04-9f55-44ee-abb8-920649ec70cc'), 'en', 'animal', char_to_uuid('fadca076-3690-4a6e-af9e-f1cd68e8c7e8'), char_to_uuid('402CD339-D0E4-46CE-8FC2-12A4B0E17226'));--#!
INSERT INTO REF_TERM_NAME_TBL (REF_TERM_NAME_ID, REF_TERM_ID,  LANG_CS, TERM_NAME, CRT_PROV_ID, PHON_ALG_ID) VALUES (gen_uuid(), char_to_uuid('064be6eb-73c0-4df4-834b-5e40e4d8de55'), 'en', 'microorganism', char_to_uuid('fadca076-3690-4a6e-af9e-f1cd68e8c7e8'), char_to_uuid('402CD339-D0E4-46CE-8FC2-12A4B0E17226'));--#!
INSERT INTO REF_TERM_NAME_TBL (REF_TERM_NAME_ID, REF_TERM_ID,  LANG_CS, TERM_NAME, CRT_PROV_ID, PHON_ALG_ID) VALUES (gen_uuid(), char_to_uuid('13b395a2-7f2c-42a8-bf32-234429ffb424'), 'en', 'plant', char_to_uuid('fadca076-3690-4a6e-af9e-f1cd68e8c7e8'), char_to_uuid('402CD339-D0E4-46CE-8FC2-12A4B0E17226'));--#!
INSERT INTO REF_TERM_NAME_TBL (REF_TERM_NAME_ID, REF_TERM_ID,  LANG_CS, TERM_NAME, CRT_PROV_ID, PHON_ALG_ID) VALUES (gen_uuid(), char_to_uuid('381eac72-38a6-4904-9e6d-a5dcd499ed72'), 'en', 'material', char_to_uuid('fadca076-3690-4a6e-af9e-f1cd68e8c7e8'), char_to_uuid('402CD339-D0E4-46CE-8FC2-12A4B0E17226'));--#!
INSERT INTO REF_TERM_NAME_TBL (REF_TERM_NAME_ID, REF_TERM_ID,  LANG_CS, TERM_NAME, CRT_PROV_ID, PHON_ALG_ID) VALUES (gen_uuid(), char_to_uuid('187d4148-d9d8-4a0f-b642-ce17dbd9b8a4'), 'en', 'chemical substance', char_to_uuid('fadca076-3690-4a6e-af9e-f1cd68e8c7e8'), char_to_uuid('402CD339-D0E4-46CE-8FC2-12A4B0E17226'));--#!
INSERT INTO REF_TERM_NAME_TBL (REF_TERM_NAME_ID, REF_TERM_ID,  LANG_CS, TERM_NAME, CRT_PROV_ID, PHON_ALG_ID) VALUES (gen_uuid(), char_to_uuid('c0b026c0-e65f-47c8-8e05-2812a54516af'), 'en', 'food', char_to_uuid('fadca076-3690-4a6e-af9e-f1cd68e8c7e8'), char_to_uuid('402CD339-D0E4-46CE-8FC2-12A4B0E17226'));--#!
INSERT INTO REF_TERM_NAME_TBL (REF_TERM_NAME_ID, REF_TERM_ID,  LANG_CS, TERM_NAME, CRT_PROV_ID, PHON_ALG_ID) VALUES (gen_uuid(), char_to_uuid('a1d6f704-6f54-4ccf-a189-385b9014b4a9'), 'en', 'holder', char_to_uuid('fadca076-3690-4a6e-af9e-f1cd68e8c7e8'), char_to_uuid('402CD339-D0E4-46CE-8FC2-12A4B0E17226'));--#!
INSERT INTO REF_TERM_NAME_TBL (REF_TERM_NAME_ID, REF_TERM_ID,  LANG_CS, TERM_NAME, CRT_PROV_ID, PHON_ALG_ID) VALUES (gen_uuid(), char_to_uuid('763f65ac-9735-403d-8826-2d974ac0b371'), 'en', 'certificate representation', char_to_uuid('fadca076-3690-4a6e-af9e-f1cd68e8c7e8'), char_to_uuid('402CD339-D0E4-46CE-8FC2-12A4B0E17226'));--#!
INSERT INTO REF_TERM_NAME_TBL (REF_TERM_NAME_ID, REF_TERM_ID,  LANG_CS, TERM_NAME, CRT_PROV_ID, PHON_ALG_ID) VALUES (gen_uuid(), char_to_uuid('69bf72cc-d383-45c3-8335-eb8d709e8e58'), 'en', 'imaging modality', char_to_uuid('fadca076-3690-4a6e-af9e-f1cd68e8c7e8'), char_to_uuid('402CD339-D0E4-46CE-8FC2-12A4B0E17226'));--#!
INSERT INTO REF_TERM_NAME_TBL (REF_TERM_NAME_ID, REF_TERM_ID,  LANG_CS, TERM_NAME, CRT_PROV_ID, PHON_ALG_ID) VALUES (gen_uuid(), char_to_uuid('a05812c1-137b-449c-ad42-ec079cd353da'), 'en', 'public institution', char_to_uuid('fadca076-3690-4a6e-af9e-f1cd68e8c7e8'), char_to_uuid('402CD339-D0E4-46CE-8FC2-12A4B0E17226'));--#!
INSERT INTO REF_TERM_NAME_TBL (REF_TERM_NAME_ID, REF_TERM_ID,  LANG_CS, TERM_NAME, CRT_PROV_ID, PHON_ALG_ID) VALUES (gen_uuid(), char_to_uuid('53d79a52-fd69-4e10-8a90-7244299ca595'), 'en', 'Nation', char_to_uuid('fadca076-3690-4a6e-af9e-f1cd68e8c7e8'), char_to_uuid('402CD339-D0E4-46CE-8FC2-12A4B0E17226'));--#!
INSERT INTO REF_TERM_NAME_TBL (REF_TERM_NAME_ID, REF_TERM_ID,  LANG_CS, TERM_NAME, CRT_PROV_ID, PHON_ALG_ID) VALUES (gen_uuid(), char_to_uuid('b7c9f62d-54db-4b6e-8e55-dec103d4aa75'), 'en', 'city or town', char_to_uuid('fadca076-3690-4a6e-af9e-f1cd68e8c7e8'), char_to_uuid('402CD339-D0E4-46CE-8FC2-12A4B0E17226'));--#!
INSERT INTO REF_TERM_NAME_TBL (REF_TERM_NAME_ID, REF_TERM_ID,  LANG_CS, TERM_NAME, CRT_PROV_ID, PHON_ALG_ID) VALUES (gen_uuid(), char_to_uuid('3fe3ebc2-d0e2-49ea-bd2e-28b4bc4982b1'), 'en', 'country', char_to_uuid('fadca076-3690-4a6e-af9e-f1cd68e8c7e8'), char_to_uuid('402CD339-D0E4-46CE-8FC2-12A4B0E17226'));--#!
INSERT INTO REF_TERM_NAME_TBL (REF_TERM_NAME_ID, REF_TERM_ID,  LANG_CS, TERM_NAME, CRT_PROV_ID, PHON_ALG_ID) VALUES (gen_uuid(), char_to_uuid('78a9d9f6-b9c3-4ea7-8c74-2d689fca8f2a'), 'en', 'county or parish', char_to_uuid('fadca076-3690-4a6e-af9e-f1cd68e8c7e8'), char_to_uuid('402CD339-D0E4-46CE-8FC2-12A4B0E17226'));--#!
INSERT INTO REF_TERM_NAME_TBL (REF_TERM_NAME_ID, REF_TERM_ID,  LANG_CS, TERM_NAME, CRT_PROV_ID, PHON_ALG_ID) VALUES (gen_uuid(), char_to_uuid('e9d0f10e-6a79-4104-b5fc-e9d21ef1f9fd'), 'en', 'state or province', char_to_uuid('fadca076-3690-4a6e-af9e-f1cd68e8c7e8'), char_to_uuid('402CD339-D0E4-46CE-8FC2-12A4B0E17226'));--#!
INSERT INTO REF_TERM_NAME_TBL (REF_TERM_NAME_ID, REF_TERM_ID,  LANG_CS, TERM_NAME, CRT_PROV_ID, PHON_ALG_ID) VALUES (gen_uuid(), char_to_uuid('b8c01e74-19b1-4489-bd96-9e8c2ad44913'), 'en', 'group', char_to_uuid('fadca076-3690-4a6e-af9e-f1cd68e8c7e8'), char_to_uuid('402CD339-D0E4-46CE-8FC2-12A4B0E17226'));--#!
INSERT INTO REF_TERM_NAME_TBL (REF_TERM_NAME_ID, REF_TERM_ID,  LANG_CS, TERM_NAME, CRT_PROV_ID, PHON_ALG_ID) VALUES (gen_uuid(), char_to_uuid('d5204acd-3bf5-46b3-9ca2-f4fe64034311'), 'en', 'specific', char_to_uuid('fadca076-3690-4a6e-af9e-f1cd68e8c7e8'), char_to_uuid('402CD339-D0E4-46CE-8FC2-12A4B0E17226'));--#!
INSERT INTO REF_TERM_NAME_TBL (REF_TERM_NAME_ID, REF_TERM_ID,  LANG_CS, TERM_NAME, CRT_PROV_ID, PHON_ALG_ID) VALUES (gen_uuid(), char_to_uuid('25bc74a7-7ab1-4744-aedd-a08962d40021'), 'en', 'described', char_to_uuid('fadca076-3690-4a6e-af9e-f1cd68e8c7e8'), char_to_uuid('402CD339-D0E4-46CE-8FC2-12A4B0E17226'));--#!
INSERT INTO REF_TERM_NAME_TBL (REF_TERM_NAME_ID, REF_TERM_ID,  LANG_CS, TERM_NAME, CRT_PROV_ID, PHON_ALG_ID) VALUES (gen_uuid(), char_to_uuid('22e3932d-2df5-4313-a6f5-9a47c65075b1'), 'en', 'described quantified', char_to_uuid('fadca076-3690-4a6e-af9e-f1cd68e8c7e8'), char_to_uuid('402CD339-D0E4-46CE-8FC2-12A4B0E17226'));--#!
INSERT INTO REF_TERM_NAME_TBL (REF_TERM_NAME_ID, REF_TERM_ID,  LANG_CS, TERM_NAME, CRT_PROV_ID, PHON_ALG_ID) VALUES (gen_uuid(), char_to_uuid('c7358a21-d2cc-46d8-8fe9-87c794f72571'), 'en', 'author (originator)', char_to_uuid('fadca076-3690-4a6e-af9e-f1cd68e8c7e8'), char_to_uuid('402CD339-D0E4-46CE-8FC2-12A4B0E17226'));--#!
INSERT INTO REF_TERM_NAME_TBL (REF_TERM_NAME_ID, REF_TERM_ID,  LANG_CS, TERM_NAME, CRT_PROV_ID, PHON_ALG_ID) VALUES (gen_uuid(), char_to_uuid('11b99d82-95c7-4534-b22b-2201848e128b'), 'en', 'informant', char_to_uuid('fadca076-3690-4a6e-af9e-f1cd68e8c7e8'), char_to_uuid('402CD339-D0E4-46CE-8FC2-12A4B0E17226'));--#!
INSERT INTO REF_TERM_NAME_TBL (REF_TERM_NAME_ID, REF_TERM_ID,  LANG_CS, TERM_NAME, CRT_PROV_ID, PHON_ALG_ID) VALUES (gen_uuid(), char_to_uuid('2f18c510-1493-4764-b102-7881671586ed'), 'en', 'admitter', char_to_uuid('fadca076-3690-4a6e-af9e-f1cd68e8c7e8'), char_to_uuid('402CD339-D0E4-46CE-8FC2-12A4B0E17226'));--#!
INSERT INTO REF_TERM_NAME_TBL (REF_TERM_NAME_ID, REF_TERM_ID,  LANG_CS, TERM_NAME, CRT_PROV_ID, PHON_ALG_ID) VALUES (gen_uuid(), char_to_uuid('332f68b4-ab20-443d-a37d-f7d0ec5e44f5'), 'en', 'attender', char_to_uuid('fadca076-3690-4a6e-af9e-f1cd68e8c7e8'), char_to_uuid('402CD339-D0E4-46CE-8FC2-12A4B0E17226'));--#!
INSERT INTO REF_TERM_NAME_TBL (REF_TERM_NAME_ID, REF_TERM_ID,  LANG_CS, TERM_NAME, CRT_PROV_ID, PHON_ALG_ID) VALUES (gen_uuid(), char_to_uuid('1827607d-80b0-4ea1-9cf5-a4e4d57ee02a'), 'en', 'callback contact', char_to_uuid('fadca076-3690-4a6e-af9e-f1cd68e8c7e8'), char_to_uuid('402CD339-D0E4-46CE-8FC2-12A4B0E17226'));--#!
INSERT INTO REF_TERM_NAME_TBL (REF_TERM_NAME_ID, REF_TERM_ID,  LANG_CS, TERM_NAME, CRT_PROV_ID, PHON_ALG_ID) VALUES (gen_uuid(), char_to_uuid('33d57233-b119-4925-8235-170e30060ed7'), 'en', 'consultant', char_to_uuid('fadca076-3690-4a6e-af9e-f1cd68e8c7e8'), char_to_uuid('402CD339-D0E4-46CE-8FC2-12A4B0E17226'));--#!
INSERT INTO REF_TERM_NAME_TBL (REF_TERM_NAME_ID, REF_TERM_ID,  LANG_CS, TERM_NAME, CRT_PROV_ID, PHON_ALG_ID) VALUES (gen_uuid(), char_to_uuid('85721308-da99-4d46-aaa3-054f4576f15e'), 'en', 'discharger', char_to_uuid('fadca076-3690-4a6e-af9e-f1cd68e8c7e8'), char_to_uuid('402CD339-D0E4-46CE-8FC2-12A4B0E17226'));--#!
INSERT INTO REF_TERM_NAME_TBL (REF_TERM_NAME_ID, REF_TERM_ID,  LANG_CS, TERM_NAME, CRT_PROV_ID, PHON_ALG_ID) VALUES (gen_uuid(), char_to_uuid('eaba31f4-f772-447d-8e67-082e64cdc64f'), 'en', 'escort', char_to_uuid('fadca076-3690-4a6e-af9e-f1cd68e8c7e8'), char_to_uuid('402CD339-D0E4-46CE-8FC2-12A4B0E17226'));--#!
INSERT INTO REF_TERM_NAME_TBL (REF_TERM_NAME_ID, REF_TERM_ID,  LANG_CS, TERM_NAME, CRT_PROV_ID, PHON_ALG_ID) VALUES (gen_uuid(), char_to_uuid('ee1645a8-1d36-4a6a-a0b0-f262a4b1dff3'), 'en', 'Participation', char_to_uuid('fadca076-3690-4a6e-af9e-f1cd68e8c7e8'), char_to_uuid('402CD339-D0E4-46CE-8FC2-12A4B0E17226'));--#!
INSERT INTO REF_TERM_NAME_TBL (REF_TERM_NAME_ID, REF_TERM_ID,  LANG_CS, TERM_NAME, CRT_PROV_ID, PHON_ALG_ID) VALUES (gen_uuid(), char_to_uuid('d5977dd7-6ce5-4319-843d-870b83497029'), 'en', 'referrer', char_to_uuid('fadca076-3690-4a6e-af9e-f1cd68e8c7e8'), char_to_uuid('402CD339-D0E4-46CE-8FC2-12A4B0E17226'));--#!
INSERT INTO REF_TERM_NAME_TBL (REF_TERM_NAME_ID, REF_TERM_ID,  LANG_CS, TERM_NAME, CRT_PROV_ID, PHON_ALG_ID) VALUES (gen_uuid(), char_to_uuid('6d6392ac-cc7b-4bcf-af2f-49534dbd4d63'), 'en', 'Transcriber', char_to_uuid('fadca076-3690-4a6e-af9e-f1cd68e8c7e8'), char_to_uuid('402CD339-D0E4-46CE-8FC2-12A4B0E17226'));--#!
INSERT INTO REF_TERM_NAME_TBL (REF_TERM_NAME_ID, REF_TERM_ID,  LANG_CS, TERM_NAME, CRT_PROV_ID, PHON_ALG_ID) VALUES (gen_uuid(), char_to_uuid('4242797c-19a5-4ead-8987-54891b80ed26'), 'en', 'witness', char_to_uuid('fadca076-3690-4a6e-af9e-f1cd68e8c7e8'), char_to_uuid('402CD339-D0E4-46CE-8FC2-12A4B0E17226'));--#!
INSERT INTO REF_TERM_NAME_TBL (REF_TERM_NAME_ID, REF_TERM_ID,  LANG_CS, TERM_NAME, CRT_PROV_ID, PHON_ALG_ID) VALUES (gen_uuid(), char_to_uuid('f7ce8e5b-aa68-4458-a8ec-25d2b7cb26fb'), 'en', 'baby', char_to_uuid('fadca076-3690-4a6e-af9e-f1cd68e8c7e8'), char_to_uuid('402CD339-D0E4-46CE-8FC2-12A4B0E17226'));--#!
INSERT INTO REF_TERM_NAME_TBL (REF_TERM_NAME_ID, REF_TERM_ID,  LANG_CS, TERM_NAME, CRT_PROV_ID, PHON_ALG_ID) VALUES (gen_uuid(), char_to_uuid('e271da88-767b-4779-8534-4416029faed6'), 'en', 'non-reuseable device', char_to_uuid('fadca076-3690-4a6e-af9e-f1cd68e8c7e8'), char_to_uuid('402CD339-D0E4-46CE-8FC2-12A4B0E17226'));--#!
INSERT INTO REF_TERM_NAME_TBL (REF_TERM_NAME_ID, REF_TERM_ID,  LANG_CS, TERM_NAME, CRT_PROV_ID, PHON_ALG_ID) VALUES (gen_uuid(), char_to_uuid('95ecfb32-090b-40f8-b7d8-231525b4214f'), 'en', 'reusable device', char_to_uuid('fadca076-3690-4a6e-af9e-f1cd68e8c7e8'), char_to_uuid('402CD339-D0E4-46CE-8FC2-12A4B0E17226'));--#!
INSERT INTO REF_TERM_NAME_TBL (REF_TERM_NAME_ID, REF_TERM_ID,  LANG_CS, TERM_NAME, CRT_PROV_ID, PHON_ALG_ID) VALUES (gen_uuid(), char_to_uuid('41e9042a-f8e0-4bc9-89cc-64fa7cb0db7d'), 'en', 'donor', char_to_uuid('fadca076-3690-4a6e-af9e-f1cd68e8c7e8'), char_to_uuid('402CD339-D0E4-46CE-8FC2-12A4B0E17226'));--#!
INSERT INTO REF_TERM_NAME_TBL (REF_TERM_NAME_ID, REF_TERM_ID,  LANG_CS, TERM_NAME, CRT_PROV_ID, PHON_ALG_ID) VALUES (gen_uuid(), char_to_uuid('278988c2-bec3-4ad1-98a9-f66a3a38f6c9'), 'en', 'ExposureAgent', char_to_uuid('fadca076-3690-4a6e-af9e-f1cd68e8c7e8'), char_to_uuid('402CD339-D0E4-46CE-8FC2-12A4B0E17226'));--#!
INSERT INTO REF_TERM_NAME_TBL (REF_TERM_NAME_ID, REF_TERM_ID,  LANG_CS, TERM_NAME, CRT_PROV_ID, PHON_ALG_ID) VALUES (gen_uuid(), char_to_uuid('cdd00b51-3223-49f8-b8e2-31f213addc87'), 'en', 'ExposureTarget', char_to_uuid('fadca076-3690-4a6e-af9e-f1cd68e8c7e8'), char_to_uuid('402CD339-D0E4-46CE-8FC2-12A4B0E17226'));--#!
INSERT INTO REF_TERM_NAME_TBL (REF_TERM_NAME_ID, REF_TERM_ID,  LANG_CS, TERM_NAME, CRT_PROV_ID, PHON_ALG_ID) VALUES (gen_uuid(), char_to_uuid('6779b1f1-4e45-4aab-a5dc-cc746e953d73'), 'en', 'ExposureSource', char_to_uuid('fadca076-3690-4a6e-af9e-f1cd68e8c7e8'), char_to_uuid('402CD339-D0E4-46CE-8FC2-12A4B0E17226'));--#!
INSERT INTO REF_TERM_NAME_TBL (REF_TERM_NAME_ID, REF_TERM_ID,  LANG_CS, TERM_NAME, CRT_PROV_ID, PHON_ALG_ID) VALUES (gen_uuid(), char_to_uuid('0cf19f58-5bd8-4e54-a6ed-c261a3e0d322'), 'en', 'beneficiary', char_to_uuid('fadca076-3690-4a6e-af9e-f1cd68e8c7e8'), char_to_uuid('402CD339-D0E4-46CE-8FC2-12A4B0E17226'));--#!
INSERT INTO REF_TERM_NAME_TBL (REF_TERM_NAME_ID, REF_TERM_ID,  LANG_CS, TERM_NAME, CRT_PROV_ID, PHON_ALG_ID) VALUES (gen_uuid(), char_to_uuid('5eaafdf9-0d21-4074-9323-6ec92718dd84'), 'en', 'causative agent', char_to_uuid('fadca076-3690-4a6e-af9e-f1cd68e8c7e8'), char_to_uuid('402CD339-D0E4-46CE-8FC2-12A4B0E17226'));--#!
INSERT INTO REF_TERM_NAME_TBL (REF_TERM_NAME_ID, REF_TERM_ID,  LANG_CS, TERM_NAME, CRT_PROV_ID, PHON_ALG_ID) VALUES (gen_uuid(), char_to_uuid('18490620-c230-4ae4-a0b3-b680c1984ff3'), 'en', 'coverage target', char_to_uuid('fadca076-3690-4a6e-af9e-f1cd68e8c7e8'), char_to_uuid('402CD339-D0E4-46CE-8FC2-12A4B0E17226'));--#!
INSERT INTO REF_TERM_NAME_TBL (REF_TERM_NAME_ID, REF_TERM_ID,  LANG_CS, TERM_NAME, CRT_PROV_ID, PHON_ALG_ID) VALUES (gen_uuid(), char_to_uuid('4c82cc9e-b292-48a4-91c7-dac3df5e547c'), 'en', 'guarantor party', char_to_uuid('fadca076-3690-4a6e-af9e-f1cd68e8c7e8'), char_to_uuid('402CD339-D0E4-46CE-8FC2-12A4B0E17226'));--#!
INSERT INTO REF_TERM_NAME_TBL (REF_TERM_NAME_ID, REF_TERM_ID,  LANG_CS, TERM_NAME, CRT_PROV_ID, PHON_ALG_ID) VALUES (gen_uuid(), char_to_uuid('ca0124e4-dbd5-4756-a0bf-f7d84002570e'), 'en', 'holder', char_to_uuid('fadca076-3690-4a6e-af9e-f1cd68e8c7e8'), char_to_uuid('402CD339-D0E4-46CE-8FC2-12A4B0E17226'));--#!
INSERT INTO REF_TERM_NAME_TBL (REF_TERM_NAME_ID, REF_TERM_ID,  LANG_CS, TERM_NAME, CRT_PROV_ID, PHON_ALG_ID) VALUES (gen_uuid(), char_to_uuid('bdf6fee7-efd1-445b-bfbc-ba192be966d3'), 'en', 'receiver', char_to_uuid('fadca076-3690-4a6e-af9e-f1cd68e8c7e8'), char_to_uuid('402CD339-D0E4-46CE-8FC2-12A4B0E17226'));--#!
INSERT INTO REF_TERM_NAME_TBL (REF_TERM_NAME_ID, REF_TERM_ID,  LANG_CS, TERM_NAME, CRT_PROV_ID, PHON_ALG_ID) VALUES (gen_uuid(), char_to_uuid('1edfe367-b9d1-4e9c-bb95-83df6e2c20bc'), 'en', 'ugent notification contact', char_to_uuid('fadca076-3690-4a6e-af9e-f1cd68e8c7e8'), char_to_uuid('402CD339-D0E4-46CE-8FC2-12A4B0E17226'));--#!
INSERT INTO REF_TERM_NAME_TBL (REF_TERM_NAME_ID, REF_TERM_ID,  LANG_CS, TERM_NAME, CRT_PROV_ID, PHON_ALG_ID) VALUES (gen_uuid(), char_to_uuid('8856afda-0386-47d3-82a8-5c3f2cef89c7'), 'en', 'primary information recipient', char_to_uuid('fadca076-3690-4a6e-af9e-f1cd68e8c7e8'), char_to_uuid('402CD339-D0E4-46CE-8FC2-12A4B0E17226'));--#!
INSERT INTO REF_TERM_NAME_TBL (REF_TERM_NAME_ID, REF_TERM_ID,  LANG_CS, TERM_NAME, CRT_PROV_ID, PHON_ALG_ID) VALUES (gen_uuid(), char_to_uuid('4734e169-33e1-484d-81a4-125acbb701d3'), 'en', 'Referred By', char_to_uuid('fadca076-3690-4a6e-af9e-f1cd68e8c7e8'), char_to_uuid('402CD339-D0E4-46CE-8FC2-12A4B0E17226'));--#!
INSERT INTO REF_TERM_NAME_TBL (REF_TERM_NAME_ID, REF_TERM_ID,  LANG_CS, TERM_NAME, CRT_PROV_ID, PHON_ALG_ID) VALUES (gen_uuid(), char_to_uuid('d922fc47-1c04-49df-95bd-eb13305c315b'), 'en', 'Referred to', char_to_uuid('fadca076-3690-4a6e-af9e-f1cd68e8c7e8'), char_to_uuid('402CD339-D0E4-46CE-8FC2-12A4B0E17226'));--#!
INSERT INTO REF_TERM_NAME_TBL (REF_TERM_NAME_ID, REF_TERM_ID,  LANG_CS, TERM_NAME, CRT_PROV_ID, PHON_ALG_ID) VALUES (gen_uuid(), char_to_uuid('d8fbaad0-effe-4fe6-a47b-30daa4b40ae4'), 'en', 'tracker', char_to_uuid('fadca076-3690-4a6e-af9e-f1cd68e8c7e8'), char_to_uuid('402CD339-D0E4-46CE-8FC2-12A4B0E17226'));--#!
INSERT INTO REF_TERM_NAME_TBL (REF_TERM_NAME_ID, REF_TERM_ID,  LANG_CS, TERM_NAME, CRT_PROV_ID, PHON_ALG_ID) VALUES (gen_uuid(), char_to_uuid('3e852956-ae73-4712-8e2e-c69735297ac1'), 'en', 'destination', char_to_uuid('fadca076-3690-4a6e-af9e-f1cd68e8c7e8'), char_to_uuid('402CD339-D0E4-46CE-8FC2-12A4B0E17226'));--#!
INSERT INTO REF_TERM_NAME_TBL (REF_TERM_NAME_ID, REF_TERM_ID,  LANG_CS, TERM_NAME, CRT_PROV_ID, PHON_ALG_ID) VALUES (gen_uuid(), char_to_uuid('7230b7e1-153d-4739-b8e6-30c9dafb3514'), 'en', 'entry location', char_to_uuid('fadca076-3690-4a6e-af9e-f1cd68e8c7e8'), char_to_uuid('402CD339-D0E4-46CE-8FC2-12A4B0E17226'));--#!
INSERT INTO REF_TERM_NAME_TBL (REF_TERM_NAME_ID, REF_TERM_ID,  LANG_CS, TERM_NAME, CRT_PROV_ID, PHON_ALG_ID) VALUES (gen_uuid(), char_to_uuid('fba3674d-1a75-42bf-ac4f-a1d8e4591482'), 'en', 'origin', char_to_uuid('fadca076-3690-4a6e-af9e-f1cd68e8c7e8'), char_to_uuid('402CD339-D0E4-46CE-8FC2-12A4B0E17226'));--#!
INSERT INTO REF_TERM_NAME_TBL (REF_TERM_NAME_ID, REF_TERM_ID,  LANG_CS, TERM_NAME, CRT_PROV_ID, PHON_ALG_ID) VALUES (gen_uuid(), char_to_uuid('4b40a86a-356f-483c-88d5-0eb6f5029930'), 'en', 'remote', char_to_uuid('fadca076-3690-4a6e-af9e-f1cd68e8c7e8'), char_to_uuid('402CD339-D0E4-46CE-8FC2-12A4B0E17226'));--#!
INSERT INTO REF_TERM_NAME_TBL (REF_TERM_NAME_ID, REF_TERM_ID,  LANG_CS, TERM_NAME, CRT_PROV_ID, PHON_ALG_ID) VALUES (gen_uuid(), char_to_uuid('fb4ec5be-1e2d-44aa-baa6-171dbec94fc3'), 'en', 'via', char_to_uuid('fadca076-3690-4a6e-af9e-f1cd68e8c7e8'), char_to_uuid('402CD339-D0E4-46CE-8FC2-12A4B0E17226'));--#!
INSERT INTO REF_TERM_NAME_TBL (REF_TERM_NAME_ID, REF_TERM_ID,  LANG_CS, TERM_NAME, CRT_PROV_ID, PHON_ALG_ID) VALUES (gen_uuid(), char_to_uuid('864e68b3-c143-4b87-b408-56a258289dec'), 'en', 'distributor', char_to_uuid('fadca076-3690-4a6e-af9e-f1cd68e8c7e8'), char_to_uuid('402CD339-D0E4-46CE-8FC2-12A4B0E17226'));--#!
INSERT INTO REF_TERM_NAME_TBL (REF_TERM_NAME_ID, REF_TERM_ID,  LANG_CS, TERM_NAME, CRT_PROV_ID, PHON_ALG_ID) VALUES (gen_uuid(), char_to_uuid('ad0cc2e5-a1b0-4f00-8a06-933b1960d333'), 'en', 'primary performer', char_to_uuid('fadca076-3690-4a6e-af9e-f1cd68e8c7e8'), char_to_uuid('402CD339-D0E4-46CE-8FC2-12A4B0E17226'));--#!
INSERT INTO REF_TERM_NAME_TBL (REF_TERM_NAME_ID, REF_TERM_ID,  LANG_CS, TERM_NAME, CRT_PROV_ID, PHON_ALG_ID) VALUES (gen_uuid(), char_to_uuid('2a5db073-202e-4421-9207-60608da4c859'), 'en', 'secondary performer', char_to_uuid('fadca076-3690-4a6e-af9e-f1cd68e8c7e8'), char_to_uuid('402CD339-D0E4-46CE-8FC2-12A4B0E17226'));--#!
INSERT INTO REF_TERM_NAME_TBL (REF_TERM_NAME_ID, REF_TERM_ID,  LANG_CS, TERM_NAME, CRT_PROV_ID, PHON_ALG_ID) VALUES (gen_uuid(), char_to_uuid('67c0ef65-3ff8-4af2-b8f1-6ea961b67906'), 'en', 'verifier', char_to_uuid('fadca076-3690-4a6e-af9e-f1cd68e8c7e8'), char_to_uuid('402CD339-D0E4-46CE-8FC2-12A4B0E17226'));--#!
INSERT INTO REF_TERM_NAME_TBL (REF_TERM_NAME_ID, REF_TERM_ID,  LANG_CS, TERM_NAME, CRT_PROV_ID, PHON_ALG_ID) VALUES (gen_uuid(), char_to_uuid('e643f60a-8967-47d8-894e-44b231dbee8e'), 'en', 'circle', char_to_uuid('fadca076-3690-4a6e-af9e-f1cd68e8c7e8'), char_to_uuid('402CD339-D0E4-46CE-8FC2-12A4B0E17226'));--#!
INSERT INTO REF_TERM_NAME_TBL (REF_TERM_NAME_ID, REF_TERM_ID,  LANG_CS, TERM_NAME, CRT_PROV_ID, PHON_ALG_ID) VALUES (gen_uuid(), char_to_uuid('3d772089-587a-4c93-b7ee-aa43c4fc0985'), 'en', 'ellipse', char_to_uuid('fadca076-3690-4a6e-af9e-f1cd68e8c7e8'), char_to_uuid('402CD339-D0E4-46CE-8FC2-12A4B0E17226'));--#!
INSERT INTO REF_TERM_NAME_TBL (REF_TERM_NAME_ID, REF_TERM_ID,  LANG_CS, TERM_NAME, CRT_PROV_ID, PHON_ALG_ID) VALUES (gen_uuid(), char_to_uuid('86379a68-fd81-4567-b2cd-8b57d4035c03'), 'en', 'point', char_to_uuid('fadca076-3690-4a6e-af9e-f1cd68e8c7e8'), char_to_uuid('402CD339-D0E4-46CE-8FC2-12A4B0E17226'));--#!
INSERT INTO REF_TERM_NAME_TBL (REF_TERM_NAME_ID, REF_TERM_ID,  LANG_CS, TERM_NAME, CRT_PROV_ID, PHON_ALG_ID) VALUES (gen_uuid(), char_to_uuid('1318f9be-9571-464c-8eb7-96177b4e7fb9'), 'en', 'polyline', char_to_uuid('fadca076-3690-4a6e-af9e-f1cd68e8c7e8'), char_to_uuid('402CD339-D0E4-46CE-8FC2-12A4B0E17226'));--#!
INSERT INTO REF_TERM_NAME_TBL (REF_TERM_NAME_ID, REF_TERM_ID,  LANG_CS, TERM_NAME, CRT_PROV_ID, PHON_ALG_ID) VALUES (gen_uuid(), char_to_uuid('8b3b575a-eba2-454b-a087-805f5083b048'), 'en', 'ASSIGNED', char_to_uuid('fadca076-3690-4a6e-af9e-f1cd68e8c7e8'), char_to_uuid('402CD339-D0E4-46CE-8FC2-12A4B0E17226'));--#!
INSERT INTO REF_TERM_NAME_TBL (REF_TERM_NAME_ID, REF_TERM_ID,  LANG_CS, TERM_NAME, CRT_PROV_ID, PHON_ALG_ID) VALUES (gen_uuid(), char_to_uuid('8936fd76-58bd-42e8-9bf2-21fe275531b8'), 'en', 'CON', char_to_uuid('fadca076-3690-4a6e-af9e-f1cd68e8c7e8'), char_to_uuid('402CD339-D0E4-46CE-8FC2-12A4B0E17226'));--#!
INSERT INTO REF_TERM_NAME_TBL (REF_TERM_NAME_ID, REF_TERM_ID,  LANG_CS, TERM_NAME, CRT_PROV_ID, PHON_ALG_ID) VALUES (gen_uuid(), char_to_uuid('e2c9f647-eb48-4270-a7b8-77c1ae858bb0'), 'en', 'affiliate', char_to_uuid('fadca076-3690-4a6e-af9e-f1cd68e8c7e8'), char_to_uuid('402CD339-D0E4-46CE-8FC2-12A4B0E17226'));--#!
INSERT INTO REF_TERM_NAME_TBL (REF_TERM_NAME_ID, REF_TERM_ID,  LANG_CS, TERM_NAME, CRT_PROV_ID, PHON_ALG_ID) VALUES (gen_uuid(), char_to_uuid('1ecadba0-3665-414c-8566-54e5ea9de11c'), 'en', 'agent', char_to_uuid('fadca076-3690-4a6e-af9e-f1cd68e8c7e8'), char_to_uuid('402CD339-D0E4-46CE-8FC2-12A4B0E17226'));--#!
INSERT INTO REF_TERM_NAME_TBL (REF_TERM_NAME_ID, REF_TERM_ID,  LANG_CS, TERM_NAME, CRT_PROV_ID, PHON_ALG_ID) VALUES (gen_uuid(), char_to_uuid('9a6b3c58-e387-4d87-bc10-545eae914484'), 'en', 'commissioning party', char_to_uuid('fadca076-3690-4a6e-af9e-f1cd68e8c7e8'), char_to_uuid('402CD339-D0E4-46CE-8FC2-12A4B0E17226'));--#!
INSERT INTO REF_TERM_NAME_TBL (REF_TERM_NAME_ID, REF_TERM_ID,  LANG_CS, TERM_NAME, CRT_PROV_ID, PHON_ALG_ID) VALUES (gen_uuid(), char_to_uuid('c57da98d-d22a-449b-b0fa-315e52676275'), 'en', 'signing authority or officer', char_to_uuid('fadca076-3690-4a6e-af9e-f1cd68e8c7e8'), char_to_uuid('402CD339-D0E4-46CE-8FC2-12A4B0E17226'));--#!
INSERT INTO REF_TERM_NAME_TBL (REF_TERM_NAME_ID, REF_TERM_ID,  LANG_CS, TERM_NAME, CRT_PROV_ID, PHON_ALG_ID) VALUES (gen_uuid(), char_to_uuid('3f8b819a-5920-4315-a8dd-d6ae323999ac'), 'en', 'emergency contact', char_to_uuid('fadca076-3690-4a6e-af9e-f1cd68e8c7e8'), char_to_uuid('402CD339-D0E4-46CE-8FC2-12A4B0E17226'));--#!
INSERT INTO REF_TERM_NAME_TBL (REF_TERM_NAME_ID, REF_TERM_ID,  LANG_CS, TERM_NAME, CRT_PROV_ID, PHON_ALG_ID) VALUES (gen_uuid(), char_to_uuid('f0d2e84a-e637-490c-9ed7-d65d411d7c86'), 'en', 'next of kin', char_to_uuid('fadca076-3690-4a6e-af9e-f1cd68e8c7e8'), char_to_uuid('402CD339-D0E4-46CE-8FC2-12A4B0E17226'));--#!
INSERT INTO REF_TERM_NAME_TBL (REF_TERM_NAME_ID, REF_TERM_ID,  LANG_CS, TERM_NAME, CRT_PROV_ID, PHON_ALG_ID) VALUES (gen_uuid(), char_to_uuid('fa067e46-55b3-4b1e-909e-a8464dc77c64'), 'en', 'guardian', char_to_uuid('fadca076-3690-4a6e-af9e-f1cd68e8c7e8'), char_to_uuid('402CD339-D0E4-46CE-8FC2-12A4B0E17226'));--#!
INSERT INTO REF_TERM_NAME_TBL (REF_TERM_NAME_ID, REF_TERM_ID,  LANG_CS, TERM_NAME, CRT_PROV_ID, PHON_ALG_ID) VALUES (gen_uuid(), char_to_uuid('110695e0-f60a-4327-9ecd-e2462abaae67'), 'en', 'citizen', char_to_uuid('fadca076-3690-4a6e-af9e-f1cd68e8c7e8'), char_to_uuid('402CD339-D0E4-46CE-8FC2-12A4B0E17226'));--#!
INSERT INTO REF_TERM_NAME_TBL (REF_TERM_NAME_ID, REF_TERM_ID,  LANG_CS, TERM_NAME, CRT_PROV_ID, PHON_ALG_ID) VALUES (gen_uuid(), char_to_uuid('6ca03348-fb5f-42ba-a6cf-d453b36fcc94'), 'en', 'covered party', char_to_uuid('fadca076-3690-4a6e-af9e-f1cd68e8c7e8'), char_to_uuid('402CD339-D0E4-46CE-8FC2-12A4B0E17226'));--#!
INSERT INTO REF_TERM_NAME_TBL (REF_TERM_NAME_ID, REF_TERM_ID,  LANG_CS, TERM_NAME, CRT_PROV_ID, PHON_ALG_ID) VALUES (gen_uuid(), char_to_uuid('e0ff836c-ebee-4c08-9baf-fda73e900f4e'), 'en', 'claimant', char_to_uuid('fadca076-3690-4a6e-af9e-f1cd68e8c7e8'), char_to_uuid('402CD339-D0E4-46CE-8FC2-12A4B0E17226'));--#!
INSERT INTO REF_TERM_NAME_TBL (REF_TERM_NAME_ID, REF_TERM_ID,  LANG_CS, TERM_NAME, CRT_PROV_ID, PHON_ALG_ID) VALUES (gen_uuid(), char_to_uuid('fca0dda5-f132-4b2a-8b05-1feca58272c9'), 'en', 'named insured', char_to_uuid('fadca076-3690-4a6e-af9e-f1cd68e8c7e8'), char_to_uuid('402CD339-D0E4-46CE-8FC2-12A4B0E17226'));--#!
INSERT INTO REF_TERM_NAME_TBL (REF_TERM_NAME_ID, REF_TERM_ID,  LANG_CS, TERM_NAME, CRT_PROV_ID, PHON_ALG_ID) VALUES (gen_uuid(), char_to_uuid('0a4e2112-0d7e-40a0-8b77-b3b5dfac6c87'), 'en', 'dependent', char_to_uuid('fadca076-3690-4a6e-af9e-f1cd68e8c7e8'), char_to_uuid('402CD339-D0E4-46CE-8FC2-12A4B0E17226'));--#!
INSERT INTO REF_TERM_NAME_TBL (REF_TERM_NAME_ID, REF_TERM_ID,  LANG_CS, TERM_NAME, CRT_PROV_ID, PHON_ALG_ID) VALUES (gen_uuid(), char_to_uuid('342d57bc-87df-475d-85e3-04690e9901a0'), 'en', 'individual', char_to_uuid('fadca076-3690-4a6e-af9e-f1cd68e8c7e8'), char_to_uuid('402CD339-D0E4-46CE-8FC2-12A4B0E17226'));--#!
INSERT INTO REF_TERM_NAME_TBL (REF_TERM_NAME_ID, REF_TERM_ID,  LANG_CS, TERM_NAME, CRT_PROV_ID, PHON_ALG_ID) VALUES (gen_uuid(), char_to_uuid('662aa4be-a671-43ab-86fb-9ec88d87b07f'), 'en', 'subscriber', char_to_uuid('fadca076-3690-4a6e-af9e-f1cd68e8c7e8'), char_to_uuid('402CD339-D0E4-46CE-8FC2-12A4B0E17226'));--#!
INSERT INTO REF_TERM_NAME_TBL (REF_TERM_NAME_ID, REF_TERM_ID,  LANG_CS, TERM_NAME, CRT_PROV_ID, PHON_ALG_ID) VALUES (gen_uuid(), char_to_uuid('8bed4875-70f5-4301-b65e-55bb54ea6b93'), 'en', 'program eligible', char_to_uuid('fadca076-3690-4a6e-af9e-f1cd68e8c7e8'), char_to_uuid('402CD339-D0E4-46CE-8FC2-12A4B0E17226'));--#!
INSERT INTO REF_TERM_NAME_TBL (REF_TERM_NAME_ID, REF_TERM_ID,  LANG_CS, TERM_NAME, CRT_PROV_ID, PHON_ALG_ID) VALUES (gen_uuid(), char_to_uuid('90ef33da-42bf-402a-803c-5d8d366fe3a7'), 'en', 'clinical research investigator', char_to_uuid('fadca076-3690-4a6e-af9e-f1cd68e8c7e8'), char_to_uuid('402CD339-D0E4-46CE-8FC2-12A4B0E17226'));--#!
INSERT INTO REF_TERM_NAME_TBL (REF_TERM_NAME_ID, REF_TERM_ID,  LANG_CS, TERM_NAME, CRT_PROV_ID, PHON_ALG_ID) VALUES (gen_uuid(), char_to_uuid('c1f895d2-ef88-42cc-91c5-4ab2c80e0700'), 'en', 'clinical research sponsor', char_to_uuid('fadca076-3690-4a6e-af9e-f1cd68e8c7e8'), char_to_uuid('402CD339-D0E4-46CE-8FC2-12A4B0E17226'));--#!
INSERT INTO REF_TERM_NAME_TBL (REF_TERM_NAME_ID, REF_TERM_ID,  LANG_CS, TERM_NAME, CRT_PROV_ID, PHON_ALG_ID) VALUES (gen_uuid(), char_to_uuid('ee215548-b8c6-4b63-b47b-da29c4e23b5e'), 'en', 'employee', char_to_uuid('fadca076-3690-4a6e-af9e-f1cd68e8c7e8'), char_to_uuid('402CD339-D0E4-46CE-8FC2-12A4B0E17226'));--#!
INSERT INTO REF_TERM_NAME_TBL (REF_TERM_NAME_ID, REF_TERM_ID,  LANG_CS, TERM_NAME, CRT_PROV_ID, PHON_ALG_ID) VALUES (gen_uuid(), char_to_uuid('eb49a695-72b7-4a36-a64a-9a2560068f14'), 'en', 'military person', char_to_uuid('fadca076-3690-4a6e-af9e-f1cd68e8c7e8'), char_to_uuid('402CD339-D0E4-46CE-8FC2-12A4B0E17226'));--#!
INSERT INTO REF_TERM_NAME_TBL (REF_TERM_NAME_ID, REF_TERM_ID,  LANG_CS, TERM_NAME, CRT_PROV_ID, PHON_ALG_ID) VALUES (gen_uuid(), char_to_uuid('ccc12c7d-9f2b-450e-a29b-441c6262b1a2'), 'en', 'guarantor', char_to_uuid('fadca076-3690-4a6e-af9e-f1cd68e8c7e8'), char_to_uuid('402CD339-D0E4-46CE-8FC2-12A4B0E17226'));--#!
INSERT INTO REF_TERM_NAME_TBL (REF_TERM_NAME_ID, REF_TERM_ID,  LANG_CS, TERM_NAME, CRT_PROV_ID, PHON_ALG_ID) VALUES (gen_uuid(), char_to_uuid('d39e3305-f1b5-4340-a611-3a50423d3fe0'), 'en', 'Investigation Subject', char_to_uuid('fadca076-3690-4a6e-af9e-f1cd68e8c7e8'), char_to_uuid('402CD339-D0E4-46CE-8FC2-12A4B0E17226'));--#!
INSERT INTO REF_TERM_NAME_TBL (REF_TERM_NAME_ID, REF_TERM_ID,  LANG_CS, TERM_NAME, CRT_PROV_ID, PHON_ALG_ID) VALUES (gen_uuid(), char_to_uuid('ccfbf201-de03-40ee-8739-4f0f32b2b7c1'), 'en', 'Case Subject', char_to_uuid('fadca076-3690-4a6e-af9e-f1cd68e8c7e8'), char_to_uuid('402CD339-D0E4-46CE-8FC2-12A4B0E17226'));--#!
INSERT INTO REF_TERM_NAME_TBL (REF_TERM_NAME_ID, REF_TERM_ID,  LANG_CS, TERM_NAME, CRT_PROV_ID, PHON_ALG_ID) VALUES (gen_uuid(), char_to_uuid('2ec3092d-0090-421e-b01f-37fea0805f7e'), 'en', 'research subject', char_to_uuid('fadca076-3690-4a6e-af9e-f1cd68e8c7e8'), char_to_uuid('402CD339-D0E4-46CE-8FC2-12A4B0E17226'));--#!
INSERT INTO REF_TERM_NAME_TBL (REF_TERM_NAME_ID, REF_TERM_ID,  LANG_CS, TERM_NAME, CRT_PROV_ID, PHON_ALG_ID) VALUES (gen_uuid(), char_to_uuid('14b79963-aff8-46a8-98f3-065bd572b4d2'), 'en', 'licensed entity', char_to_uuid('fadca076-3690-4a6e-af9e-f1cd68e8c7e8'), char_to_uuid('402CD339-D0E4-46CE-8FC2-12A4B0E17226'));--#!
INSERT INTO REF_TERM_NAME_TBL (REF_TERM_NAME_ID, REF_TERM_ID,  LANG_CS, TERM_NAME, CRT_PROV_ID, PHON_ALG_ID) VALUES (gen_uuid(), char_to_uuid('38f6b214-ed35-4233-a262-71dd30e4a826'), 'en', 'notary public', char_to_uuid('fadca076-3690-4a6e-af9e-f1cd68e8c7e8'), char_to_uuid('402CD339-D0E4-46CE-8FC2-12A4B0E17226'));--#!
INSERT INTO REF_TERM_NAME_TBL (REF_TERM_NAME_ID, REF_TERM_ID,  LANG_CS, TERM_NAME, CRT_PROV_ID, PHON_ALG_ID) VALUES (gen_uuid(), char_to_uuid('6d4886c2-86a8-40b6-ac0a-46aeead4d060'), 'en', 'healthcare provider', char_to_uuid('fadca076-3690-4a6e-af9e-f1cd68e8c7e8'), char_to_uuid('402CD339-D0E4-46CE-8FC2-12A4B0E17226'));--#!
INSERT INTO REF_TERM_NAME_TBL (REF_TERM_NAME_ID, REF_TERM_ID,  LANG_CS, TERM_NAME, CRT_PROV_ID, PHON_ALG_ID) VALUES (gen_uuid(), char_to_uuid('266cdd72-5657-44f8-8109-432a43e368f4'), 'en', 'patient', char_to_uuid('fadca076-3690-4a6e-af9e-f1cd68e8c7e8'), char_to_uuid('402CD339-D0E4-46CE-8FC2-12A4B0E17226'));--#!
INSERT INTO REF_TERM_NAME_TBL (REF_TERM_NAME_ID, REF_TERM_ID,  LANG_CS, TERM_NAME, CRT_PROV_ID, PHON_ALG_ID) VALUES (gen_uuid(), char_to_uuid('85788bcc-c03c-4a29-8847-954f0c5988f2'), 'en', 'payee', char_to_uuid('fadca076-3690-4a6e-af9e-f1cd68e8c7e8'), char_to_uuid('402CD339-D0E4-46CE-8FC2-12A4B0E17226'));--#!
INSERT INTO REF_TERM_NAME_TBL (REF_TERM_NAME_ID, REF_TERM_ID,  LANG_CS, TERM_NAME, CRT_PROV_ID, PHON_ALG_ID) VALUES (gen_uuid(), char_to_uuid('0a37a1c5-0265-4579-a252-b040601905c0'), 'en', 'invoice payor', char_to_uuid('fadca076-3690-4a6e-af9e-f1cd68e8c7e8'), char_to_uuid('402CD339-D0E4-46CE-8FC2-12A4B0E17226'));--#!
INSERT INTO REF_TERM_NAME_TBL (REF_TERM_NAME_ID, REF_TERM_ID,  LANG_CS, TERM_NAME, CRT_PROV_ID, PHON_ALG_ID) VALUES (gen_uuid(), char_to_uuid('9299a99f-f92d-4af8-aac9-f1f14868a31a'), 'en', 'policy holder', char_to_uuid('fadca076-3690-4a6e-af9e-f1cd68e8c7e8'), char_to_uuid('402CD339-D0E4-46CE-8FC2-12A4B0E17226'));--#!
INSERT INTO REF_TERM_NAME_TBL (REF_TERM_NAME_ID, REF_TERM_ID,  LANG_CS, TERM_NAME, CRT_PROV_ID, PHON_ALG_ID) VALUES (gen_uuid(), char_to_uuid('4fd0f42e-45ae-49b9-bf0e-b8f1817aaac4'), 'en', 'qualified entity', char_to_uuid('fadca076-3690-4a6e-af9e-f1cd68e8c7e8'), char_to_uuid('402CD339-D0E4-46CE-8FC2-12A4B0E17226'));--#!
INSERT INTO REF_TERM_NAME_TBL (REF_TERM_NAME_ID, REF_TERM_ID,  LANG_CS, TERM_NAME, CRT_PROV_ID, PHON_ALG_ID) VALUES (gen_uuid(), char_to_uuid('0daf6c3e-5801-45d3-8792-eb8b1d172889'), 'en', 'coverage sponsor', char_to_uuid('fadca076-3690-4a6e-af9e-f1cd68e8c7e8'), char_to_uuid('402CD339-D0E4-46CE-8FC2-12A4B0E17226'));--#!
INSERT INTO REF_TERM_NAME_TBL (REF_TERM_NAME_ID, REF_TERM_ID,  LANG_CS, TERM_NAME, CRT_PROV_ID, PHON_ALG_ID) VALUES (gen_uuid(), char_to_uuid('fb832e06-e0fc-482c-a063-bc238f20802d'), 'en', 'student', char_to_uuid('fadca076-3690-4a6e-af9e-f1cd68e8c7e8'), char_to_uuid('402CD339-D0E4-46CE-8FC2-12A4B0E17226'));--#!
INSERT INTO REF_TERM_NAME_TBL (REF_TERM_NAME_ID, REF_TERM_ID,  LANG_CS, TERM_NAME, CRT_PROV_ID, PHON_ALG_ID) VALUES (gen_uuid(), char_to_uuid('284d75fc-7779-439f-8d7a-27a2537d688f'), 'en', 'underwriter', char_to_uuid('fadca076-3690-4a6e-af9e-f1cd68e8c7e8'), char_to_uuid('402CD339-D0E4-46CE-8FC2-12A4B0E17226'));--#!
INSERT INTO REF_TERM_NAME_TBL (REF_TERM_NAME_ID, REF_TERM_ID,  LANG_CS, TERM_NAME, CRT_PROV_ID, PHON_ALG_ID) VALUES (gen_uuid(), char_to_uuid('b30eb677-1dd2-4dd4-8d93-03104c814c44'), 'en', 'access', char_to_uuid('fadca076-3690-4a6e-af9e-f1cd68e8c7e8'), char_to_uuid('402CD339-D0E4-46CE-8FC2-12A4B0E17226'));--#!
INSERT INTO REF_TERM_NAME_TBL (REF_TERM_NAME_ID, REF_TERM_ID,  LANG_CS, TERM_NAME, CRT_PROV_ID, PHON_ALG_ID) VALUES (gen_uuid(), char_to_uuid('ba25f207-2539-4758-826f-94e18cd982ad'), 'en', 'Administerable Material', char_to_uuid('fadca076-3690-4a6e-af9e-f1cd68e8c7e8'), char_to_uuid('402CD339-D0E4-46CE-8FC2-12A4B0E17226'));--#!
INSERT INTO REF_TERM_NAME_TBL (REF_TERM_NAME_ID, REF_TERM_ID,  LANG_CS, TERM_NAME, CRT_PROV_ID, PHON_ALG_ID) VALUES (gen_uuid(), char_to_uuid('5ad438fb-96ea-49b6-8c2b-e4f8b19ae895'), 'en', 'birthplace', char_to_uuid('fadca076-3690-4a6e-af9e-f1cd68e8c7e8'), char_to_uuid('402CD339-D0E4-46CE-8FC2-12A4B0E17226'));--#!
INSERT INTO REF_TERM_NAME_TBL (REF_TERM_NAME_ID, REF_TERM_ID,  LANG_CS, TERM_NAME, CRT_PROV_ID, PHON_ALG_ID) VALUES (gen_uuid(), char_to_uuid('9ef1cd8c-1c7c-41f3-8f91-36bde9313507'), 'en', 'caregiver', char_to_uuid('fadca076-3690-4a6e-af9e-f1cd68e8c7e8'), char_to_uuid('402CD339-D0E4-46CE-8FC2-12A4B0E17226'));--#!
INSERT INTO REF_TERM_NAME_TBL (REF_TERM_NAME_ID, REF_TERM_ID,  LANG_CS, TERM_NAME, CRT_PROV_ID, PHON_ALG_ID) VALUES (gen_uuid(), char_to_uuid('7a02741e-a1cd-4a78-8e2c-d77be33ba8f0'), 'en', 'place of death', char_to_uuid('fadca076-3690-4a6e-af9e-f1cd68e8c7e8'), char_to_uuid('402CD339-D0E4-46CE-8FC2-12A4B0E17226'));--#!
INSERT INTO REF_TERM_NAME_TBL (REF_TERM_NAME_ID, REF_TERM_ID,  LANG_CS, TERM_NAME, CRT_PROV_ID, PHON_ALG_ID) VALUES (gen_uuid(), char_to_uuid('4be4ad81-0ac1-478b-b6d4-bcfb9ab822c0'), 'en', 'distributed material', char_to_uuid('fadca076-3690-4a6e-af9e-f1cd68e8c7e8'), char_to_uuid('402CD339-D0E4-46CE-8FC2-12A4B0E17226'));--#!
INSERT INTO REF_TERM_NAME_TBL (REF_TERM_NAME_ID, REF_TERM_ID,  LANG_CS, TERM_NAME, CRT_PROV_ID, PHON_ALG_ID) VALUES (gen_uuid(), char_to_uuid('c1787d5e-f168-48bf-9589-894b7813aa07'), 'en', 'retailed material', char_to_uuid('fadca076-3690-4a6e-af9e-f1cd68e8c7e8'), char_to_uuid('402CD339-D0E4-46CE-8FC2-12A4B0E17226'));--#!
INSERT INTO REF_TERM_NAME_TBL (REF_TERM_NAME_ID, REF_TERM_ID,  LANG_CS, TERM_NAME, CRT_PROV_ID, PHON_ALG_ID) VALUES (gen_uuid(), char_to_uuid('bbaacea3-9283-4d90-9f2c-6a6f32976858'), 'en', 'exposed entity', char_to_uuid('fadca076-3690-4a6e-af9e-f1cd68e8c7e8'), char_to_uuid('402CD339-D0E4-46CE-8FC2-12A4B0E17226'));--#!
INSERT INTO REF_TERM_NAME_TBL (REF_TERM_NAME_ID, REF_TERM_ID,  LANG_CS, TERM_NAME, CRT_PROV_ID, PHON_ALG_ID) VALUES (gen_uuid(), char_to_uuid('c070096f-6011-495e-9887-377221165dc7'), 'en', 'held entity', char_to_uuid('fadca076-3690-4a6e-af9e-f1cd68e8c7e8'), char_to_uuid('402CD339-D0E4-46CE-8FC2-12A4B0E17226'));--#!
INSERT INTO REF_TERM_NAME_TBL (REF_TERM_NAME_ID, REF_TERM_ID,  LANG_CS, TERM_NAME, CRT_PROV_ID, PHON_ALG_ID) VALUES (gen_uuid(), char_to_uuid('6385e2a7-8a69-4420-bb4b-5b8ad3243e8b'), 'en', 'health chart', char_to_uuid('fadca076-3690-4a6e-af9e-f1cd68e8c7e8'), char_to_uuid('402CD339-D0E4-46CE-8FC2-12A4B0E17226'));--#!
INSERT INTO REF_TERM_NAME_TBL (REF_TERM_NAME_ID, REF_TERM_ID,  LANG_CS, TERM_NAME, CRT_PROV_ID, PHON_ALG_ID) VALUES (gen_uuid(), char_to_uuid('778a328d-ce87-4897-b46b-d563c968b944'), 'en', 'identified entity', char_to_uuid('fadca076-3690-4a6e-af9e-f1cd68e8c7e8'), char_to_uuid('402CD339-D0E4-46CE-8FC2-12A4B0E17226'));--#!
INSERT INTO REF_TERM_NAME_TBL (REF_TERM_NAME_ID, REF_TERM_ID,  LANG_CS, TERM_NAME, CRT_PROV_ID, PHON_ALG_ID) VALUES (gen_uuid(), char_to_uuid('548a1fad-f5d5-4162-94a4-641d1885bb0e'), 'en', 'manufactured product', char_to_uuid('fadca076-3690-4a6e-af9e-f1cd68e8c7e8'), char_to_uuid('402CD339-D0E4-46CE-8FC2-12A4B0E17226'));--#!
INSERT INTO REF_TERM_NAME_TBL (REF_TERM_NAME_ID, REF_TERM_ID,  LANG_CS, TERM_NAME, CRT_PROV_ID, PHON_ALG_ID) VALUES (gen_uuid(), char_to_uuid('5cb86675-ade9-4c22-8ff7-071a8550a957'), 'en', 'therapeutic agent', char_to_uuid('fadca076-3690-4a6e-af9e-f1cd68e8c7e8'), char_to_uuid('402CD339-D0E4-46CE-8FC2-12A4B0E17226'));--#!
INSERT INTO REF_TERM_NAME_TBL (REF_TERM_NAME_ID, REF_TERM_ID,  LANG_CS, TERM_NAME, CRT_PROV_ID, PHON_ALG_ID) VALUES (gen_uuid(), char_to_uuid('c9796abf-f537-4b07-ab02-476c1948f2b8'), 'en', 'maintained entity', char_to_uuid('fadca076-3690-4a6e-af9e-f1cd68e8c7e8'), char_to_uuid('402CD339-D0E4-46CE-8FC2-12A4B0E17226'));--#!
INSERT INTO REF_TERM_NAME_TBL (REF_TERM_NAME_ID, REF_TERM_ID,  LANG_CS, TERM_NAME, CRT_PROV_ID, PHON_ALG_ID) VALUES (gen_uuid(), char_to_uuid('5286d9b4-4b77-4154-a3eb-cf40cd51f26c'), 'en', 'owned entity', char_to_uuid('fadca076-3690-4a6e-af9e-f1cd68e8c7e8'), char_to_uuid('402CD339-D0E4-46CE-8FC2-12A4B0E17226'));--#!
INSERT INTO REF_TERM_NAME_TBL (REF_TERM_NAME_ID, REF_TERM_ID,  LANG_CS, TERM_NAME, CRT_PROV_ID, PHON_ALG_ID) VALUES (gen_uuid(), char_to_uuid('ae48ba4f-a9ac-4f9b-bfa6-78d7921012fe'), 'en', 'personal relationship', char_to_uuid('fadca076-3690-4a6e-af9e-f1cd68e8c7e8'), char_to_uuid('402CD339-D0E4-46CE-8FC2-12A4B0E17226'));--#!
INSERT INTO REF_TERM_NAME_TBL (REF_TERM_NAME_ID, REF_TERM_ID,  LANG_CS, TERM_NAME, CRT_PROV_ID, PHON_ALG_ID) VALUES (gen_uuid(), char_to_uuid('9d7e751c-7169-4dc5-9d90-7c1d9b2643fa'), 'en', 'regulated product', char_to_uuid('fadca076-3690-4a6e-af9e-f1cd68e8c7e8'), char_to_uuid('402CD339-D0E4-46CE-8FC2-12A4B0E17226'));--#!
INSERT INTO REF_TERM_NAME_TBL (REF_TERM_NAME_ID, REF_TERM_ID,  LANG_CS, TERM_NAME, CRT_PROV_ID, PHON_ALG_ID) VALUES (gen_uuid(), char_to_uuid('4e7add04-ad21-4ae7-bccc-0a6424bd4701'), 'en', 'service delivery location', char_to_uuid('fadca076-3690-4a6e-af9e-f1cd68e8c7e8'), char_to_uuid('402CD339-D0E4-46CE-8FC2-12A4B0E17226'));--#!
INSERT INTO REF_TERM_NAME_TBL (REF_TERM_NAME_ID, REF_TERM_ID,  LANG_CS, TERM_NAME, CRT_PROV_ID, PHON_ALG_ID) VALUES (gen_uuid(), char_to_uuid('93863719-f048-4000-92d0-4d9fcb3a32f7'), 'en', 'dedicated service delivery location', char_to_uuid('fadca076-3690-4a6e-af9e-f1cd68e8c7e8'), char_to_uuid('402CD339-D0E4-46CE-8FC2-12A4B0E17226'));--#!
INSERT INTO REF_TERM_NAME_TBL (REF_TERM_NAME_ID, REF_TERM_ID,  LANG_CS, TERM_NAME, CRT_PROV_ID, PHON_ALG_ID) VALUES (gen_uuid(), char_to_uuid('872c2705-a17d-4ec4-b2ae-039b76a292a2'), 'en', 'incidental service delivery location', char_to_uuid('fadca076-3690-4a6e-af9e-f1cd68e8c7e8'), char_to_uuid('402CD339-D0E4-46CE-8FC2-12A4B0E17226'));--#!
INSERT INTO REF_TERM_NAME_TBL (REF_TERM_NAME_ID, REF_TERM_ID,  LANG_CS, TERM_NAME, CRT_PROV_ID, PHON_ALG_ID) VALUES (gen_uuid(), char_to_uuid('ed52ddd0-98e3-4b35-9136-8bbad2e4dab1'), 'en', 'territory of authority', char_to_uuid('fadca076-3690-4a6e-af9e-f1cd68e8c7e8'), char_to_uuid('402CD339-D0E4-46CE-8FC2-12A4B0E17226'));--#!
INSERT INTO REF_TERM_NAME_TBL (REF_TERM_NAME_ID, REF_TERM_ID,  LANG_CS, TERM_NAME, CRT_PROV_ID, PHON_ALG_ID) VALUES (gen_uuid(), char_to_uuid('0349d8ab-d5ea-43b8-9d04-92c24cfa04d4'), 'en', 'used entity', char_to_uuid('fadca076-3690-4a6e-af9e-f1cd68e8c7e8'), char_to_uuid('402CD339-D0E4-46CE-8FC2-12A4B0E17226'));--#!
INSERT INTO REF_TERM_NAME_TBL (REF_TERM_NAME_ID, REF_TERM_ID,  LANG_CS, TERM_NAME, CRT_PROV_ID, PHON_ALG_ID) VALUES (gen_uuid(), char_to_uuid('8160f62b-732f-434f-be24-dd5ff96c4ed3'), 'en', 'warranted product', char_to_uuid('fadca076-3690-4a6e-af9e-f1cd68e8c7e8'), char_to_uuid('402CD339-D0E4-46CE-8FC2-12A4B0E17226'));--#!
INSERT INTO REF_TERM_NAME_TBL (REF_TERM_NAME_ID, REF_TERM_ID,  LANG_CS, TERM_NAME, CRT_PROV_ID, PHON_ALG_ID) VALUES (gen_uuid(), char_to_uuid('ca290ed0-330c-49e7-a644-3e52728cfc0f'), 'en', 'part', char_to_uuid('fadca076-3690-4a6e-af9e-f1cd68e8c7e8'), char_to_uuid('402CD339-D0E4-46CE-8FC2-12A4B0E17226'));--#!
INSERT INTO REF_TERM_NAME_TBL (REF_TERM_NAME_ID, REF_TERM_ID,  LANG_CS, TERM_NAME, CRT_PROV_ID, PHON_ALG_ID) VALUES (gen_uuid(), char_to_uuid('9cc5465d-8617-4595-ab40-b3c2776451fd'), 'en', 'active moiety', char_to_uuid('fadca076-3690-4a6e-af9e-f1cd68e8c7e8'), char_to_uuid('402CD339-D0E4-46CE-8FC2-12A4B0E17226'));--#!
INSERT INTO REF_TERM_NAME_TBL (REF_TERM_NAME_ID, REF_TERM_ID,  LANG_CS, TERM_NAME, CRT_PROV_ID, PHON_ALG_ID) VALUES (gen_uuid(), char_to_uuid('5414f742-0854-4a0b-838d-772272fbbf1b'), 'en', 'specimen', char_to_uuid('fadca076-3690-4a6e-af9e-f1cd68e8c7e8'), char_to_uuid('402CD339-D0E4-46CE-8FC2-12A4B0E17226'));--#!
INSERT INTO REF_TERM_NAME_TBL (REF_TERM_NAME_ID, REF_TERM_ID,  LANG_CS, TERM_NAME, CRT_PROV_ID, PHON_ALG_ID) VALUES (gen_uuid(), char_to_uuid('2092fce9-9396-4651-81d6-e3a8a28a60d3'), 'en', 'aliquot', char_to_uuid('fadca076-3690-4a6e-af9e-f1cd68e8c7e8'), char_to_uuid('402CD339-D0E4-46CE-8FC2-12A4B0E17226'));--#!
INSERT INTO REF_TERM_NAME_TBL (REF_TERM_NAME_ID, REF_TERM_ID,  LANG_CS, TERM_NAME, CRT_PROV_ID, PHON_ALG_ID) VALUES (gen_uuid(), char_to_uuid('45d889e4-655c-46f4-9b9f-697bed99a221'), 'en', 'isolate', char_to_uuid('fadca076-3690-4a6e-af9e-f1cd68e8c7e8'), char_to_uuid('402CD339-D0E4-46CE-8FC2-12A4B0E17226'));--#!
INSERT INTO REF_TERM_NAME_TBL (REF_TERM_NAME_ID, REF_TERM_ID,  LANG_CS, TERM_NAME, CRT_PROV_ID, PHON_ALG_ID) VALUES (gen_uuid(), char_to_uuid('f7abb63f-2f58-4d3b-834c-0687fd07c401'), 'en', 'ACCM', char_to_uuid('fadca076-3690-4a6e-af9e-f1cd68e8c7e8'), char_to_uuid('402CD339-D0E4-46CE-8FC2-12A4B0E17226'));--#!
INSERT INTO REF_TERM_NAME_TBL (REF_TERM_NAME_ID, REF_TERM_ID,  LANG_CS, TERM_NAME, CRT_PROV_ID, PHON_ALG_ID) VALUES (gen_uuid(), char_to_uuid('81607aae-ece1-4bba-8cb3-d2a9f5d35067'), 'en', 'act', char_to_uuid('fadca076-3690-4a6e-af9e-f1cd68e8c7e8'), char_to_uuid('402CD339-D0E4-46CE-8FC2-12A4B0E17226'));--#!
INSERT INTO REF_TERM_NAME_TBL (REF_TERM_NAME_ID, REF_TERM_ID,  LANG_CS, TERM_NAME, CRT_PROV_ID, PHON_ALG_ID) VALUES (gen_uuid(), char_to_uuid('67207706-263c-4c71-958a-e96b0a9aaa3d'), 'en', 'definition', char_to_uuid('fadca076-3690-4a6e-af9e-f1cd68e8c7e8'), char_to_uuid('402CD339-D0E4-46CE-8FC2-12A4B0E17226'));--#!
INSERT INTO REF_TERM_NAME_TBL (REF_TERM_NAME_ID, REF_TERM_ID,  LANG_CS, TERM_NAME, CRT_PROV_ID, PHON_ALG_ID) VALUES (gen_uuid(), char_to_uuid('9c8b956b-ceac-49a7-bcd3-ea8a8b111b72'), 'en', 'Goal', char_to_uuid('fadca076-3690-4a6e-af9e-f1cd68e8c7e8'), char_to_uuid('402CD339-D0E4-46CE-8FC2-12A4B0E17226'));--#!
INSERT INTO REF_TERM_NAME_TBL (REF_TERM_NAME_ID, REF_TERM_ID,  LANG_CS, TERM_NAME, CRT_PROV_ID, PHON_ALG_ID) VALUES (gen_uuid(), char_to_uuid('ccb14398-0b75-40f4-b3f3-c7af49ef1518'), 'en', 'intent', char_to_uuid('fadca076-3690-4a6e-af9e-f1cd68e8c7e8'), char_to_uuid('402CD339-D0E4-46CE-8FC2-12A4B0E17226'));--#!
INSERT INTO REF_TERM_NAME_TBL (REF_TERM_NAME_ID, REF_TERM_ID,  LANG_CS, TERM_NAME, CRT_PROV_ID, PHON_ALG_ID) VALUES (gen_uuid(), char_to_uuid('6d3c7931-e873-47b7-9de7-2dea769e08a2'), 'en', 'has reason', char_to_uuid('fadca076-3690-4a6e-af9e-f1cd68e8c7e8'), char_to_uuid('402CD339-D0E4-46CE-8FC2-12A4B0E17226'));--#!
INSERT INTO REF_TERM_NAME_TBL (REF_TERM_NAME_ID, REF_TERM_ID,  LANG_CS, TERM_NAME, CRT_PROV_ID, PHON_ALG_ID) VALUES (gen_uuid(), char_to_uuid('f453d868-844e-4d65-ad77-0c6c15ea7291'), 'en', 'starts after start of', char_to_uuid('fadca076-3690-4a6e-af9e-f1cd68e8c7e8'), char_to_uuid('402CD339-D0E4-46CE-8FC2-12A4B0E17226'));--#!
INSERT INTO REF_TERM_NAME_TBL (REF_TERM_NAME_ID, REF_TERM_ID,  LANG_CS, TERM_NAME, CRT_PROV_ID, PHON_ALG_ID) VALUES (gen_uuid(), char_to_uuid('8d03dbb0-69e0-43cc-82fd-ad39e9154a2e'), 'en', 'adjudicated with adjustments', char_to_uuid('fadca076-3690-4a6e-af9e-f1cd68e8c7e8'), char_to_uuid('402CD339-D0E4-46CE-8FC2-12A4B0E17226'));--#!
INSERT INTO REF_TERM_NAME_TBL (REF_TERM_NAME_ID, REF_TERM_ID,  LANG_CS, TERM_NAME, CRT_PROV_ID, PHON_ALG_ID) VALUES (gen_uuid(), char_to_uuid('ebc2299c-2e0c-49f2-bacb-56284e0086dd'), 'en', 'adjudicated with adjustments and no financial impact', char_to_uuid('fadca076-3690-4a6e-af9e-f1cd68e8c7e8'), char_to_uuid('402CD339-D0E4-46CE-8FC2-12A4B0E17226'));--#!
INSERT INTO REF_TERM_NAME_TBL (REF_TERM_NAME_ID, REF_TERM_ID,  LANG_CS, TERM_NAME, CRT_PROV_ID, PHON_ALG_ID) VALUES (gen_uuid(), char_to_uuid('fe521c73-4e74-4d5a-a35d-0c51d404b3aa'), 'en', 'adjudicated as refused', char_to_uuid('fadca076-3690-4a6e-af9e-f1cd68e8c7e8'), char_to_uuid('402CD339-D0E4-46CE-8FC2-12A4B0E17226'));--#!
INSERT INTO REF_TERM_NAME_TBL (REF_TERM_NAME_ID, REF_TERM_ID,  LANG_CS, TERM_NAME, CRT_PROV_ID, PHON_ALG_ID) VALUES (gen_uuid(), char_to_uuid('c6e0672a-7872-4a0b-abca-12f6c512cea5'), 'en', 'adjudicated as submitted', char_to_uuid('fadca076-3690-4a6e-af9e-f1cd68e8c7e8'), char_to_uuid('402CD339-D0E4-46CE-8FC2-12A4B0E17226'));--#!
INSERT INTO REF_TERM_NAME_TBL (REF_TERM_NAME_ID, REF_TERM_ID,  LANG_CS, TERM_NAME, CRT_PROV_ID, PHON_ALG_ID) VALUES (gen_uuid(), char_to_uuid('04d1a312-46ae-46ab-ab2a-d10998fd91cc'), 'en', 'Display', char_to_uuid('fadca076-3690-4a6e-af9e-f1cd68e8c7e8'), char_to_uuid('402CD339-D0E4-46CE-8FC2-12A4B0E17226'));--#!
INSERT INTO REF_TERM_NAME_TBL (REF_TERM_NAME_ID, REF_TERM_ID,  LANG_CS, TERM_NAME, CRT_PROV_ID, PHON_ALG_ID) VALUES (gen_uuid(), char_to_uuid('29a3310f-e0fb-4ed9-a262-06a7d60f14d4'), 'en', 'Print on Form', char_to_uuid('fadca076-3690-4a6e-af9e-f1cd68e8c7e8'), char_to_uuid('402CD339-D0E4-46CE-8FC2-12A4B0E17226'));--#!
INSERT INTO REF_TERM_NAME_TBL (REF_TERM_NAME_ID, REF_TERM_ID,  LANG_CS, TERM_NAME, CRT_PROV_ID, PHON_ALG_ID) VALUES (gen_uuid(), char_to_uuid('dd2d9f32-71a1-415b-bde1-ed38cd92dec7'), 'en', 'automobile', char_to_uuid('fadca076-3690-4a6e-af9e-f1cd68e8c7e8'), char_to_uuid('402CD339-D0E4-46CE-8FC2-12A4B0E17226'));--#!
INSERT INTO REF_TERM_NAME_TBL (REF_TERM_NAME_ID, REF_TERM_ID,  LANG_CS, TERM_NAME, CRT_PROV_ID, PHON_ALG_ID) VALUES (gen_uuid(), char_to_uuid('197ac8d7-ce96-4d6d-adf6-514e5ce5c551'), 'en', 'disease program', char_to_uuid('fadca076-3690-4a6e-af9e-f1cd68e8c7e8'), char_to_uuid('402CD339-D0E4-46CE-8FC2-12A4B0E17226'));--#!
INSERT INTO REF_TERM_NAME_TBL (REF_TERM_NAME_ID, REF_TERM_ID,  LANG_CS, TERM_NAME, CRT_PROV_ID, PHON_ALG_ID) VALUES (gen_uuid(), char_to_uuid('ac512be2-ee9b-4be8-a77d-81907fefe6f8'), 'en', 'collision coverage policy', char_to_uuid('fadca076-3690-4a6e-af9e-f1cd68e8c7e8'), char_to_uuid('402CD339-D0E4-46CE-8FC2-12A4B0E17226'));--#!
INSERT INTO REF_TERM_NAME_TBL (REF_TERM_NAME_ID, REF_TERM_ID,  LANG_CS, TERM_NAME, CRT_PROV_ID, PHON_ALG_ID) VALUES (gen_uuid(), char_to_uuid('6d2fc3dc-401b-4dc9-92aa-f2223abd4ede'), 'en', 'dental program', char_to_uuid('fadca076-3690-4a6e-af9e-f1cd68e8c7e8'), char_to_uuid('402CD339-D0E4-46CE-8FC2-12A4B0E17226'));--#!
INSERT INTO REF_TERM_NAME_TBL (REF_TERM_NAME_ID, REF_TERM_ID,  LANG_CS, TERM_NAME, CRT_PROV_ID, PHON_ALG_ID) VALUES (gen_uuid(), char_to_uuid('53f71a94-b2bc-4b09-b9b9-6c0f5c006438'), 'en', 'extended healthcare', char_to_uuid('fadca076-3690-4a6e-af9e-f1cd68e8c7e8'), char_to_uuid('402CD339-D0E4-46CE-8FC2-12A4B0E17226'));--#!
INSERT INTO REF_TERM_NAME_TBL (REF_TERM_NAME_ID, REF_TERM_ID,  LANG_CS, TERM_NAME, CRT_PROV_ID, PHON_ALG_ID) VALUES (gen_uuid(), char_to_uuid('f765cd10-ab36-4baa-9241-8ff9c54f8cc4'), 'en', 'end renal program', char_to_uuid('fadca076-3690-4a6e-af9e-f1cd68e8c7e8'), char_to_uuid('402CD339-D0E4-46CE-8FC2-12A4B0E17226'));--#!
INSERT INTO REF_TERM_NAME_TBL (REF_TERM_NAME_ID, REF_TERM_ID,  LANG_CS, TERM_NAME, CRT_PROV_ID, PHON_ALG_ID) VALUES (gen_uuid(), char_to_uuid('18d8648c-09c1-461e-81a5-82d1aedfed8b'), 'en', 'HIV-AIDS program', char_to_uuid('fadca076-3690-4a6e-af9e-f1cd68e8c7e8'), char_to_uuid('402CD339-D0E4-46CE-8FC2-12A4B0E17226'));--#!
INSERT INTO REF_TERM_NAME_TBL (REF_TERM_NAME_ID, REF_TERM_ID,  LANG_CS, TERM_NAME, CRT_PROV_ID, PHON_ALG_ID) VALUES (gen_uuid(), char_to_uuid('8da500d6-a896-47e0-801d-9b25c0c021c7'), 'en', 'health spending account', char_to_uuid('fadca076-3690-4a6e-af9e-f1cd68e8c7e8'), char_to_uuid('402CD339-D0E4-46CE-8FC2-12A4B0E17226'));--#!
INSERT INTO REF_TERM_NAME_TBL (REF_TERM_NAME_ID, REF_TERM_ID,  LANG_CS, TERM_NAME, CRT_PROV_ID, PHON_ALG_ID) VALUES (gen_uuid(), char_to_uuid('f6155c7a-b295-4e94-b2b7-45c01f0de1a6'), 'en', 'mandatory health program', char_to_uuid('fadca076-3690-4a6e-af9e-f1cd68e8c7e8'), char_to_uuid('402CD339-D0E4-46CE-8FC2-12A4B0E17226'));--#!
INSERT INTO REF_TERM_NAME_TBL (REF_TERM_NAME_ID, REF_TERM_ID,  LANG_CS, TERM_NAME, CRT_PROV_ID, PHON_ALG_ID) VALUES (gen_uuid(), char_to_uuid('202a7cec-87c2-4d71-8ad8-e781b25e1504'), 'en', 'mental health program', char_to_uuid('fadca076-3690-4a6e-af9e-f1cd68e8c7e8'), char_to_uuid('402CD339-D0E4-46CE-8FC2-12A4B0E17226'));--#!
INSERT INTO REF_TERM_NAME_TBL (REF_TERM_NAME_ID, REF_TERM_ID,  LANG_CS, TERM_NAME, CRT_PROV_ID, PHON_ALG_ID) VALUES (gen_uuid(), char_to_uuid('42e2d90d-abe8-40de-bf90-0a2f6153a855'), 'en', 'public healthcare', char_to_uuid('fadca076-3690-4a6e-af9e-f1cd68e8c7e8'), char_to_uuid('402CD339-D0E4-46CE-8FC2-12A4B0E17226'));--#!
INSERT INTO REF_TERM_NAME_TBL (REF_TERM_NAME_ID, REF_TERM_ID,  LANG_CS, TERM_NAME, CRT_PROV_ID, PHON_ALG_ID) VALUES (gen_uuid(), char_to_uuid('a350c94b-5980-4c1f-8363-8664898c895d'), 'en', 'safety net clinic program', char_to_uuid('fadca076-3690-4a6e-af9e-f1cd68e8c7e8'), char_to_uuid('402CD339-D0E4-46CE-8FC2-12A4B0E17226'));--#!
INSERT INTO REF_TERM_NAME_TBL (REF_TERM_NAME_ID, REF_TERM_ID,  LANG_CS, TERM_NAME, CRT_PROV_ID, PHON_ALG_ID) VALUES (gen_uuid(), char_to_uuid('177f4c88-ea90-4401-8b96-e3b66f3d45f9'), 'en', 'substance use program', char_to_uuid('fadca076-3690-4a6e-af9e-f1cd68e8c7e8'), char_to_uuid('402CD339-D0E4-46CE-8FC2-12A4B0E17226'));--#!
INSERT INTO REF_TERM_NAME_TBL (REF_TERM_NAME_ID, REF_TERM_ID,  LANG_CS, TERM_NAME, CRT_PROV_ID, PHON_ALG_ID) VALUES (gen_uuid(), char_to_uuid('fb8fe134-f4a5-462b-9dc0-2d87589249ce'), 'en', 'subsidized health program', char_to_uuid('fadca076-3690-4a6e-af9e-f1cd68e8c7e8'), char_to_uuid('402CD339-D0E4-46CE-8FC2-12A4B0E17226'));--#!
INSERT INTO REF_TERM_NAME_TBL (REF_TERM_NAME_ID, REF_TERM_ID,  LANG_CS, TERM_NAME, CRT_PROV_ID, PHON_ALG_ID) VALUES (gen_uuid(), char_to_uuid('58b32723-e2a4-4531-8df5-3800b653389c'), 'en', 'subsidized managed care program', char_to_uuid('fadca076-3690-4a6e-af9e-f1cd68e8c7e8'), char_to_uuid('402CD339-D0E4-46CE-8FC2-12A4B0E17226'));--#!
INSERT INTO REF_TERM_NAME_TBL (REF_TERM_NAME_ID, REF_TERM_ID,  LANG_CS, TERM_NAME, CRT_PROV_ID, PHON_ALG_ID) VALUES (gen_uuid(), char_to_uuid('77b1ee28-3918-43fc-b3e9-28ec6a7f1d2f'), 'en', 'subsidized supplemental health program', char_to_uuid('fadca076-3690-4a6e-af9e-f1cd68e8c7e8'), char_to_uuid('402CD339-D0E4-46CE-8FC2-12A4B0E17226'));--#!
INSERT INTO REF_TERM_NAME_TBL (REF_TERM_NAME_ID, REF_TERM_ID,  LANG_CS, TERM_NAME, CRT_PROV_ID, PHON_ALG_ID) VALUES (gen_uuid(), char_to_uuid('7af06377-1a5b-4737-8e02-0c3855471086'), 'en', 'uninsured motorist policy', char_to_uuid('fadca076-3690-4a6e-af9e-f1cd68e8c7e8'), char_to_uuid('402CD339-D0E4-46CE-8FC2-12A4B0E17226'));--#!
INSERT INTO REF_TERM_NAME_TBL (REF_TERM_NAME_ID, REF_TERM_ID,  LANG_CS, TERM_NAME, CRT_PROV_ID, PHON_ALG_ID) VALUES (gen_uuid(), char_to_uuid('89c2bb65-45cb-4f04-82a7-ac16e2b3d547'), 'en', 'worker''s compensation', char_to_uuid('fadca076-3690-4a6e-af9e-f1cd68e8c7e8'), char_to_uuid('402CD339-D0E4-46CE-8FC2-12A4B0E17226'));--#!
INSERT INTO REF_TERM_NAME_TBL (REF_TERM_NAME_ID, REF_TERM_ID,  LANG_CS, TERM_NAME, CRT_PROV_ID, PHON_ALG_ID) VALUES (gen_uuid(), char_to_uuid('9a76d8a7-3a4e-4b54-9242-bd0456b95cbe'), 'en', 'federal sales tax', char_to_uuid('fadca076-3690-4a6e-af9e-f1cd68e8c7e8'), char_to_uuid('402CD339-D0E4-46CE-8FC2-12A4B0E17226'));--#!
INSERT INTO REF_TERM_NAME_TBL (REF_TERM_NAME_ID, REF_TERM_ID,  LANG_CS, TERM_NAME, CRT_PROV_ID, PHON_ALG_ID) VALUES (gen_uuid(), char_to_uuid('afc0155b-d2a7-4257-ade1-ba2b2071c231'), 'en', 'harmonized sales Tax', char_to_uuid('fadca076-3690-4a6e-af9e-f1cd68e8c7e8'), char_to_uuid('402CD339-D0E4-46CE-8FC2-12A4B0E17226'));--#!
INSERT INTO REF_TERM_NAME_TBL (REF_TERM_NAME_ID, REF_TERM_ID,  LANG_CS, TERM_NAME, CRT_PROV_ID, PHON_ALG_ID) VALUES (gen_uuid(), char_to_uuid('7903d460-1339-4c44-8017-c3191f14f664'), 'en', 'provincial/state sales tax', char_to_uuid('fadca076-3690-4a6e-af9e-f1cd68e8c7e8'), char_to_uuid('402CD339-D0E4-46CE-8FC2-12A4B0E17226'));--#!
INSERT INTO REF_TERM_NAME_TBL (REF_TERM_NAME_ID, REF_TERM_ID,  LANG_CS, TERM_NAME, CRT_PROV_ID, PHON_ALG_ID) VALUES (gen_uuid(), char_to_uuid('a4468ec4-243a-42d7-aebc-4d4908ece836'), 'en', 'adjud. nullified prior-period electronic amount', char_to_uuid('fadca076-3690-4a6e-af9e-f1cd68e8c7e8'), char_to_uuid('402CD339-D0E4-46CE-8FC2-12A4B0E17226'));--#!
INSERT INTO REF_TERM_NAME_TBL (REF_TERM_NAME_ID, REF_TERM_ID,  LANG_CS, TERM_NAME, CRT_PROV_ID, PHON_ALG_ID) VALUES (gen_uuid(), char_to_uuid('71e2b1dc-52f7-4154-8836-636818bd3eb5'), 'en', 'adjud. nullified prior-period electronic count', char_to_uuid('fadca076-3690-4a6e-af9e-f1cd68e8c7e8'), char_to_uuid('402CD339-D0E4-46CE-8FC2-12A4B0E17226'));--#!
INSERT INTO REF_TERM_NAME_TBL (REF_TERM_NAME_ID, REF_TERM_ID,  LANG_CS, TERM_NAME, CRT_PROV_ID, PHON_ALG_ID) VALUES (gen_uuid(), char_to_uuid('742fa676-159d-488a-9398-113d2fd4e5fd'), 'en', 'adjud. nullified prior-period manual amount', char_to_uuid('fadca076-3690-4a6e-af9e-f1cd68e8c7e8'), char_to_uuid('402CD339-D0E4-46CE-8FC2-12A4B0E17226'));--#!
INSERT INTO REF_TERM_NAME_TBL (REF_TERM_NAME_ID, REF_TERM_ID,  LANG_CS, TERM_NAME, CRT_PROV_ID, PHON_ALG_ID) VALUES (gen_uuid(), char_to_uuid('08e38be3-619d-4947-8bde-d79026cf0511'), 'en', 'adjud. nullified prior-period manual count', char_to_uuid('fadca076-3690-4a6e-af9e-f1cd68e8c7e8'), char_to_uuid('402CD339-D0E4-46CE-8FC2-12A4B0E17226'));--#!
INSERT INTO REF_TERM_NAME_TBL (REF_TERM_NAME_ID, REF_TERM_ID,  LANG_CS, TERM_NAME, CRT_PROV_ID, PHON_ALG_ID) VALUES (gen_uuid(), char_to_uuid('a7003d5c-40a4-454a-8fab-b6884b8c0abe'), 'en', 'adjud. nullified same-period electronic amount', char_to_uuid('fadca076-3690-4a6e-af9e-f1cd68e8c7e8'), char_to_uuid('402CD339-D0E4-46CE-8FC2-12A4B0E17226'));--#!
INSERT INTO REF_TERM_NAME_TBL (REF_TERM_NAME_ID, REF_TERM_ID,  LANG_CS, TERM_NAME, CRT_PROV_ID, PHON_ALG_ID) VALUES (gen_uuid(), char_to_uuid('5df735aa-b467-4a19-8ac9-52fedbb964d1'), 'en', 'adjud. nullified same-period electronic count', char_to_uuid('fadca076-3690-4a6e-af9e-f1cd68e8c7e8'), char_to_uuid('402CD339-D0E4-46CE-8FC2-12A4B0E17226'));--#!
INSERT INTO REF_TERM_NAME_TBL (REF_TERM_NAME_ID, REF_TERM_ID,  LANG_CS, TERM_NAME, CRT_PROV_ID, PHON_ALG_ID) VALUES (gen_uuid(), char_to_uuid('0d8fb68a-566e-4c68-b893-893ed8b4a737'), 'en', 'adjud. nullified same-period manual amount', char_to_uuid('fadca076-3690-4a6e-af9e-f1cd68e8c7e8'), char_to_uuid('402CD339-D0E4-46CE-8FC2-12A4B0E17226'));--#!
INSERT INTO REF_TERM_NAME_TBL (REF_TERM_NAME_ID, REF_TERM_ID,  LANG_CS, TERM_NAME, CRT_PROV_ID, PHON_ALG_ID) VALUES (gen_uuid(), char_to_uuid('305ac977-4630-4120-a558-909acf65e5d3'), 'en', 'adjud. nullified same-period manual count', char_to_uuid('fadca076-3690-4a6e-af9e-f1cd68e8c7e8'), char_to_uuid('402CD339-D0E4-46CE-8FC2-12A4B0E17226'));--#!
INSERT INTO REF_TERM_NAME_TBL (REF_TERM_NAME_ID, REF_TERM_ID,  LANG_CS, TERM_NAME, CRT_PROV_ID, PHON_ALG_ID) VALUES (gen_uuid(), char_to_uuid('33c3da27-f665-40f1-b510-667600259efc'), 'en', 'adjud. non-payee payable prior-period electronic amount', char_to_uuid('fadca076-3690-4a6e-af9e-f1cd68e8c7e8'), char_to_uuid('402CD339-D0E4-46CE-8FC2-12A4B0E17226'));--#!
INSERT INTO REF_TERM_NAME_TBL (REF_TERM_NAME_ID, REF_TERM_ID,  LANG_CS, TERM_NAME, CRT_PROV_ID, PHON_ALG_ID) VALUES (gen_uuid(), char_to_uuid('b74d1bcc-3dd5-4160-9dbb-5fa8d2ca0694'), 'en', 'adjud. non-payee payable prior-period electronic count', char_to_uuid('fadca076-3690-4a6e-af9e-f1cd68e8c7e8'), char_to_uuid('402CD339-D0E4-46CE-8FC2-12A4B0E17226'));--#!
INSERT INTO REF_TERM_NAME_TBL (REF_TERM_NAME_ID, REF_TERM_ID,  LANG_CS, TERM_NAME, CRT_PROV_ID, PHON_ALG_ID) VALUES (gen_uuid(), char_to_uuid('e51dbd55-21a7-4bf4-80d8-9c5dbcc1d332'), 'en', 'adjud. non-payee payable prior-period manual amount', char_to_uuid('fadca076-3690-4a6e-af9e-f1cd68e8c7e8'), char_to_uuid('402CD339-D0E4-46CE-8FC2-12A4B0E17226'));--#!
INSERT INTO REF_TERM_NAME_TBL (REF_TERM_NAME_ID, REF_TERM_ID,  LANG_CS, TERM_NAME, CRT_PROV_ID, PHON_ALG_ID) VALUES (gen_uuid(), char_to_uuid('1d549605-2811-4a5a-a0eb-c8789910dd2f'), 'en', 'adjud. non-payee payable prior-period manual count', char_to_uuid('fadca076-3690-4a6e-af9e-f1cd68e8c7e8'), char_to_uuid('402CD339-D0E4-46CE-8FC2-12A4B0E17226'));--#!
INSERT INTO REF_TERM_NAME_TBL (REF_TERM_NAME_ID, REF_TERM_ID,  LANG_CS, TERM_NAME, CRT_PROV_ID, PHON_ALG_ID) VALUES (gen_uuid(), char_to_uuid('9a0aee14-03b0-42a6-90fa-4347776349f6'), 'en', 'adjud. non-payee payable same-period electronic amount', char_to_uuid('fadca076-3690-4a6e-af9e-f1cd68e8c7e8'), char_to_uuid('402CD339-D0E4-46CE-8FC2-12A4B0E17226'));--#!
INSERT INTO REF_TERM_NAME_TBL (REF_TERM_NAME_ID, REF_TERM_ID,  LANG_CS, TERM_NAME, CRT_PROV_ID, PHON_ALG_ID) VALUES (gen_uuid(), char_to_uuid('5a2f6675-71a4-460b-b3fc-b868f06552d7'), 'en', 'adjud. non-payee payable same-period electronic count', char_to_uuid('fadca076-3690-4a6e-af9e-f1cd68e8c7e8'), char_to_uuid('402CD339-D0E4-46CE-8FC2-12A4B0E17226'));--#!
INSERT INTO REF_TERM_NAME_TBL (REF_TERM_NAME_ID, REF_TERM_ID,  LANG_CS, TERM_NAME, CRT_PROV_ID, PHON_ALG_ID) VALUES (gen_uuid(), char_to_uuid('ef835147-74c2-40ac-8dfa-32c7153a15a8'), 'en', 'adjud. non-payee payable same-period manual amount', char_to_uuid('fadca076-3690-4a6e-af9e-f1cd68e8c7e8'), char_to_uuid('402CD339-D0E4-46CE-8FC2-12A4B0E17226'));--#!
INSERT INTO REF_TERM_NAME_TBL (REF_TERM_NAME_ID, REF_TERM_ID,  LANG_CS, TERM_NAME, CRT_PROV_ID, PHON_ALG_ID) VALUES (gen_uuid(), char_to_uuid('79a23f40-ef70-48a1-9068-86577b465c29'), 'en', 'adjud. non-payee payable same-period manual count', char_to_uuid('fadca076-3690-4a6e-af9e-f1cd68e8c7e8'), char_to_uuid('402CD339-D0E4-46CE-8FC2-12A4B0E17226'));--#!
INSERT INTO REF_TERM_NAME_TBL (REF_TERM_NAME_ID, REF_TERM_ID,  LANG_CS, TERM_NAME, CRT_PROV_ID, PHON_ALG_ID) VALUES (gen_uuid(), char_to_uuid('e0f13a43-1708-4ade-9edd-791b05397a53'), 'en', 'adjud. payee payable prior-period electronic amount', char_to_uuid('fadca076-3690-4a6e-af9e-f1cd68e8c7e8'), char_to_uuid('402CD339-D0E4-46CE-8FC2-12A4B0E17226'));--#!
INSERT INTO REF_TERM_NAME_TBL (REF_TERM_NAME_ID, REF_TERM_ID,  LANG_CS, TERM_NAME, CRT_PROV_ID, PHON_ALG_ID) VALUES (gen_uuid(), char_to_uuid('eb8a75e4-3092-4cd9-9394-805f8aa9d51d'), 'en', 'adjud. payee payable prior-period electronic count', char_to_uuid('fadca076-3690-4a6e-af9e-f1cd68e8c7e8'), char_to_uuid('402CD339-D0E4-46CE-8FC2-12A4B0E17226'));--#!
INSERT INTO REF_TERM_NAME_TBL (REF_TERM_NAME_ID, REF_TERM_ID,  LANG_CS, TERM_NAME, CRT_PROV_ID, PHON_ALG_ID) VALUES (gen_uuid(), char_to_uuid('b7ddc7e7-514c-4f4c-90c9-6edd65628612'), 'en', 'adjud. payee payable prior-period manual amout', char_to_uuid('fadca076-3690-4a6e-af9e-f1cd68e8c7e8'), char_to_uuid('402CD339-D0E4-46CE-8FC2-12A4B0E17226'));--#!
INSERT INTO REF_TERM_NAME_TBL (REF_TERM_NAME_ID, REF_TERM_ID,  LANG_CS, TERM_NAME, CRT_PROV_ID, PHON_ALG_ID) VALUES (gen_uuid(), char_to_uuid('1c3f5e09-cce9-4af8-acef-3f6aebe6cf34'), 'en', 'adjud. payee payable prior-period manual count', char_to_uuid('fadca076-3690-4a6e-af9e-f1cd68e8c7e8'), char_to_uuid('402CD339-D0E4-46CE-8FC2-12A4B0E17226'));--#!
INSERT INTO REF_TERM_NAME_TBL (REF_TERM_NAME_ID, REF_TERM_ID,  LANG_CS, TERM_NAME, CRT_PROV_ID, PHON_ALG_ID) VALUES (gen_uuid(), char_to_uuid('a8e2b4de-57fd-486d-b808-d4e4808ba20d'), 'en', 'adjud. payee payable same-period electronic amount', char_to_uuid('fadca076-3690-4a6e-af9e-f1cd68e8c7e8'), char_to_uuid('402CD339-D0E4-46CE-8FC2-12A4B0E17226'));--#!
INSERT INTO REF_TERM_NAME_TBL (REF_TERM_NAME_ID, REF_TERM_ID,  LANG_CS, TERM_NAME, CRT_PROV_ID, PHON_ALG_ID) VALUES (gen_uuid(), char_to_uuid('10d57feb-dac4-4daf-beac-08b86f8ee700'), 'en', 'adjud. payee payable same-period electronic count', char_to_uuid('fadca076-3690-4a6e-af9e-f1cd68e8c7e8'), char_to_uuid('402CD339-D0E4-46CE-8FC2-12A4B0E17226'));--#!
INSERT INTO REF_TERM_NAME_TBL (REF_TERM_NAME_ID, REF_TERM_ID,  LANG_CS, TERM_NAME, CRT_PROV_ID, PHON_ALG_ID) VALUES (gen_uuid(), char_to_uuid('71d4756a-8c63-40ea-8581-61dba54aa484'), 'en', 'adjud. payee payable same-period manual amount', char_to_uuid('fadca076-3690-4a6e-af9e-f1cd68e8c7e8'), char_to_uuid('402CD339-D0E4-46CE-8FC2-12A4B0E17226'));--#!
INSERT INTO REF_TERM_NAME_TBL (REF_TERM_NAME_ID, REF_TERM_ID,  LANG_CS, TERM_NAME, CRT_PROV_ID, PHON_ALG_ID) VALUES (gen_uuid(), char_to_uuid('8a1ea4f9-f710-4b24-8210-1bcea5815330'), 'en', 'adjud. payee payable same-period manual count', char_to_uuid('fadca076-3690-4a6e-af9e-f1cd68e8c7e8'), char_to_uuid('402CD339-D0E4-46CE-8FC2-12A4B0E17226'));--#!
INSERT INTO REF_TERM_NAME_TBL (REF_TERM_NAME_ID, REF_TERM_ID,  LANG_CS, TERM_NAME, CRT_PROV_ID, PHON_ALG_ID) VALUES (gen_uuid(), char_to_uuid('26f284dc-2035-4ebb-aed8-8d531054cae9'), 'en', 'adjud. refused prior-period electronic amount', char_to_uuid('fadca076-3690-4a6e-af9e-f1cd68e8c7e8'), char_to_uuid('402CD339-D0E4-46CE-8FC2-12A4B0E17226'));--#!
INSERT INTO REF_TERM_NAME_TBL (REF_TERM_NAME_ID, REF_TERM_ID,  LANG_CS, TERM_NAME, CRT_PROV_ID, PHON_ALG_ID) VALUES (gen_uuid(), char_to_uuid('85b16ac4-cd58-4a3a-89e6-2017b18783df'), 'en', 'adjud. refused prior-period electronic count', char_to_uuid('fadca076-3690-4a6e-af9e-f1cd68e8c7e8'), char_to_uuid('402CD339-D0E4-46CE-8FC2-12A4B0E17226'));--#!
INSERT INTO REF_TERM_NAME_TBL (REF_TERM_NAME_ID, REF_TERM_ID,  LANG_CS, TERM_NAME, CRT_PROV_ID, PHON_ALG_ID) VALUES (gen_uuid(), char_to_uuid('8ee3e76f-ec2c-4b46-b8ce-5c2d1be58fbf'), 'en', 'adjud. refused prior-period manual amount', char_to_uuid('fadca076-3690-4a6e-af9e-f1cd68e8c7e8'), char_to_uuid('402CD339-D0E4-46CE-8FC2-12A4B0E17226'));--#!
INSERT INTO REF_TERM_NAME_TBL (REF_TERM_NAME_ID, REF_TERM_ID,  LANG_CS, TERM_NAME, CRT_PROV_ID, PHON_ALG_ID) VALUES (gen_uuid(), char_to_uuid('0f24fe4c-1e7a-4a91-95ce-9be09638c2a5'), 'en', 'adjud. refused prior-period manual count', char_to_uuid('fadca076-3690-4a6e-af9e-f1cd68e8c7e8'), char_to_uuid('402CD339-D0E4-46CE-8FC2-12A4B0E17226'));--#!
INSERT INTO REF_TERM_NAME_TBL (REF_TERM_NAME_ID, REF_TERM_ID,  LANG_CS, TERM_NAME, CRT_PROV_ID, PHON_ALG_ID) VALUES (gen_uuid(), char_to_uuid('16ab7fd0-677d-4266-ab10-b33c24f43e19'), 'en', 'adjud. refused same-period electronic amount', char_to_uuid('fadca076-3690-4a6e-af9e-f1cd68e8c7e8'), char_to_uuid('402CD339-D0E4-46CE-8FC2-12A4B0E17226'));--#!
INSERT INTO REF_TERM_NAME_TBL (REF_TERM_NAME_ID, REF_TERM_ID,  LANG_CS, TERM_NAME, CRT_PROV_ID, PHON_ALG_ID) VALUES (gen_uuid(), char_to_uuid('0dfd6724-6311-4abe-b876-53daa2275ac1'), 'en', 'adjud. refused same-period electronic count', char_to_uuid('fadca076-3690-4a6e-af9e-f1cd68e8c7e8'), char_to_uuid('402CD339-D0E4-46CE-8FC2-12A4B0E17226'));--#!
INSERT INTO REF_TERM_NAME_TBL (REF_TERM_NAME_ID, REF_TERM_ID,  LANG_CS, TERM_NAME, CRT_PROV_ID, PHON_ALG_ID) VALUES (gen_uuid(), char_to_uuid('eb958c4a-3342-41fc-83db-1916ae8d870e'), 'en', 'adjud. refused same-period manual amount', char_to_uuid('fadca076-3690-4a6e-af9e-f1cd68e8c7e8'), char_to_uuid('402CD339-D0E4-46CE-8FC2-12A4B0E17226'));--#!
INSERT INTO REF_TERM_NAME_TBL (REF_TERM_NAME_ID, REF_TERM_ID,  LANG_CS, TERM_NAME, CRT_PROV_ID, PHON_ALG_ID) VALUES (gen_uuid(), char_to_uuid('8068508d-9ebc-45bf-a535-3d31952e0ee9'), 'en', 'adjud. refused same-period manual count', char_to_uuid('fadca076-3690-4a6e-af9e-f1cd68e8c7e8'), char_to_uuid('402CD339-D0E4-46CE-8FC2-12A4B0E17226'));--#!
INSERT INTO REF_TERM_NAME_TBL (REF_TERM_NAME_ID, REF_TERM_ID,  LANG_CS, TERM_NAME, CRT_PROV_ID, PHON_ALG_ID) VALUES (gen_uuid(), char_to_uuid('2269e3e9-b9c7-436d-9a6d-c0ee4fe0a4ff'), 'en', 'paid nullified prior-period electronic amount', char_to_uuid('fadca076-3690-4a6e-af9e-f1cd68e8c7e8'), char_to_uuid('402CD339-D0E4-46CE-8FC2-12A4B0E17226'));--#!
INSERT INTO REF_TERM_NAME_TBL (REF_TERM_NAME_ID, REF_TERM_ID,  LANG_CS, TERM_NAME, CRT_PROV_ID, PHON_ALG_ID) VALUES (gen_uuid(), char_to_uuid('18a78998-bf3f-43ec-8437-12cfc3132972'), 'en', 'paid nullified prior-period electronic count', char_to_uuid('fadca076-3690-4a6e-af9e-f1cd68e8c7e8'), char_to_uuid('402CD339-D0E4-46CE-8FC2-12A4B0E17226'));--#!
INSERT INTO REF_TERM_NAME_TBL (REF_TERM_NAME_ID, REF_TERM_ID,  LANG_CS, TERM_NAME, CRT_PROV_ID, PHON_ALG_ID) VALUES (gen_uuid(), char_to_uuid('30eadccb-e3da-4239-87e8-cee633ccaf61'), 'en', 'paid nullified prior-period manual amount', char_to_uuid('fadca076-3690-4a6e-af9e-f1cd68e8c7e8'), char_to_uuid('402CD339-D0E4-46CE-8FC2-12A4B0E17226'));--#!
INSERT INTO REF_TERM_NAME_TBL (REF_TERM_NAME_ID, REF_TERM_ID,  LANG_CS, TERM_NAME, CRT_PROV_ID, PHON_ALG_ID) VALUES (gen_uuid(), char_to_uuid('ee0ca467-5d42-485d-9952-25a20df854f4'), 'en', 'paid nullified prior-period manual count', char_to_uuid('fadca076-3690-4a6e-af9e-f1cd68e8c7e8'), char_to_uuid('402CD339-D0E4-46CE-8FC2-12A4B0E17226'));--#!
INSERT INTO REF_TERM_NAME_TBL (REF_TERM_NAME_ID, REF_TERM_ID,  LANG_CS, TERM_NAME, CRT_PROV_ID, PHON_ALG_ID) VALUES (gen_uuid(), char_to_uuid('b1d34568-5b4e-4f74-9b4c-f7463e229c47'), 'en', 'paid nullified same-period electronic amount', char_to_uuid('fadca076-3690-4a6e-af9e-f1cd68e8c7e8'), char_to_uuid('402CD339-D0E4-46CE-8FC2-12A4B0E17226'));--#!
INSERT INTO REF_TERM_NAME_TBL (REF_TERM_NAME_ID, REF_TERM_ID,  LANG_CS, TERM_NAME, CRT_PROV_ID, PHON_ALG_ID) VALUES (gen_uuid(), char_to_uuid('21b24bdc-ec46-4bb3-aae5-44be6e3a748c'), 'en', 'paid nullified same-period electronic count', char_to_uuid('fadca076-3690-4a6e-af9e-f1cd68e8c7e8'), char_to_uuid('402CD339-D0E4-46CE-8FC2-12A4B0E17226'));--#!
INSERT INTO REF_TERM_NAME_TBL (REF_TERM_NAME_ID, REF_TERM_ID,  LANG_CS, TERM_NAME, CRT_PROV_ID, PHON_ALG_ID) VALUES (gen_uuid(), char_to_uuid('8015f29f-a0b6-43c5-9c78-dfa4cf416cbb'), 'en', 'paid nullified same-period manual amount', char_to_uuid('fadca076-3690-4a6e-af9e-f1cd68e8c7e8'), char_to_uuid('402CD339-D0E4-46CE-8FC2-12A4B0E17226'));--#!
INSERT INTO REF_TERM_NAME_TBL (REF_TERM_NAME_ID, REF_TERM_ID,  LANG_CS, TERM_NAME, CRT_PROV_ID, PHON_ALG_ID) VALUES (gen_uuid(), char_to_uuid('6306d725-8031-40fc-8e14-0b5a01030b6d'), 'en', 'paid nullified same-period manual count', char_to_uuid('fadca076-3690-4a6e-af9e-f1cd68e8c7e8'), char_to_uuid('402CD339-D0E4-46CE-8FC2-12A4B0E17226'));--#!
INSERT INTO REF_TERM_NAME_TBL (REF_TERM_NAME_ID, REF_TERM_ID,  LANG_CS, TERM_NAME, CRT_PROV_ID, PHON_ALG_ID) VALUES (gen_uuid(), char_to_uuid('46128966-be6b-470b-8299-0e7cd67dca06'), 'en', 'paid non-payee payable prior-period electronic amount', char_to_uuid('fadca076-3690-4a6e-af9e-f1cd68e8c7e8'), char_to_uuid('402CD339-D0E4-46CE-8FC2-12A4B0E17226'));--#!
INSERT INTO REF_TERM_NAME_TBL (REF_TERM_NAME_ID, REF_TERM_ID,  LANG_CS, TERM_NAME, CRT_PROV_ID, PHON_ALG_ID) VALUES (gen_uuid(), char_to_uuid('1368f02a-c2f4-4175-aa48-a3806eca662c'), 'en', 'paid non-payee payable prior-period electronic count', char_to_uuid('fadca076-3690-4a6e-af9e-f1cd68e8c7e8'), char_to_uuid('402CD339-D0E4-46CE-8FC2-12A4B0E17226'));--#!
INSERT INTO REF_TERM_NAME_TBL (REF_TERM_NAME_ID, REF_TERM_ID,  LANG_CS, TERM_NAME, CRT_PROV_ID, PHON_ALG_ID) VALUES (gen_uuid(), char_to_uuid('ae18e981-257a-44a1-81a4-6e15b240bd96'), 'en', 'paid non-payee payable prior-period manual amount', char_to_uuid('fadca076-3690-4a6e-af9e-f1cd68e8c7e8'), char_to_uuid('402CD339-D0E4-46CE-8FC2-12A4B0E17226'));--#!
INSERT INTO REF_TERM_NAME_TBL (REF_TERM_NAME_ID, REF_TERM_ID,  LANG_CS, TERM_NAME, CRT_PROV_ID, PHON_ALG_ID) VALUES (gen_uuid(), char_to_uuid('b7b73d4d-60e7-4668-b0e2-31b547a8e3ff'), 'en', 'paid non-payee payable prior-period manual count', char_to_uuid('fadca076-3690-4a6e-af9e-f1cd68e8c7e8'), char_to_uuid('402CD339-D0E4-46CE-8FC2-12A4B0E17226'));--#!
INSERT INTO REF_TERM_NAME_TBL (REF_TERM_NAME_ID, REF_TERM_ID,  LANG_CS, TERM_NAME, CRT_PROV_ID, PHON_ALG_ID) VALUES (gen_uuid(), char_to_uuid('acb6cb87-e297-489a-9f0a-8e71dfa8e06b'), 'en', 'paid non-payee payable same-period electronic amount', char_to_uuid('fadca076-3690-4a6e-af9e-f1cd68e8c7e8'), char_to_uuid('402CD339-D0E4-46CE-8FC2-12A4B0E17226'));--#!
INSERT INTO REF_TERM_NAME_TBL (REF_TERM_NAME_ID, REF_TERM_ID,  LANG_CS, TERM_NAME, CRT_PROV_ID, PHON_ALG_ID) VALUES (gen_uuid(), char_to_uuid('a5b80ee4-db62-45dc-b61d-fc56bbd66f85'), 'en', 'paid non-payee payable same-period electronic count', char_to_uuid('fadca076-3690-4a6e-af9e-f1cd68e8c7e8'), char_to_uuid('402CD339-D0E4-46CE-8FC2-12A4B0E17226'));--#!
INSERT INTO REF_TERM_NAME_TBL (REF_TERM_NAME_ID, REF_TERM_ID,  LANG_CS, TERM_NAME, CRT_PROV_ID, PHON_ALG_ID) VALUES (gen_uuid(), char_to_uuid('10b3d1ad-c77b-4222-bae7-12c846afc462'), 'en', 'paid non-payee payable same-period manual amount', char_to_uuid('fadca076-3690-4a6e-af9e-f1cd68e8c7e8'), char_to_uuid('402CD339-D0E4-46CE-8FC2-12A4B0E17226'));--#!
INSERT INTO REF_TERM_NAME_TBL (REF_TERM_NAME_ID, REF_TERM_ID,  LANG_CS, TERM_NAME, CRT_PROV_ID, PHON_ALG_ID) VALUES (gen_uuid(), char_to_uuid('ed766984-b95f-4812-affa-66bfd47ce023'), 'en', 'paid non-payee payable same-period manual count', char_to_uuid('fadca076-3690-4a6e-af9e-f1cd68e8c7e8'), char_to_uuid('402CD339-D0E4-46CE-8FC2-12A4B0E17226'));--#!
INSERT INTO REF_TERM_NAME_TBL (REF_TERM_NAME_ID, REF_TERM_ID,  LANG_CS, TERM_NAME, CRT_PROV_ID, PHON_ALG_ID) VALUES (gen_uuid(), char_to_uuid('e23688f8-0eb2-4e5c-84a9-8db838301574'), 'en', 'paid payee payable prior-period electronic amount', char_to_uuid('fadca076-3690-4a6e-af9e-f1cd68e8c7e8'), char_to_uuid('402CD339-D0E4-46CE-8FC2-12A4B0E17226'));--#!
INSERT INTO REF_TERM_NAME_TBL (REF_TERM_NAME_ID, REF_TERM_ID,  LANG_CS, TERM_NAME, CRT_PROV_ID, PHON_ALG_ID) VALUES (gen_uuid(), char_to_uuid('4e53b94a-9212-4bc5-a341-914ad879c6ee'), 'en', 'paid payee payable prior-period electronic count', char_to_uuid('fadca076-3690-4a6e-af9e-f1cd68e8c7e8'), char_to_uuid('402CD339-D0E4-46CE-8FC2-12A4B0E17226'));--#!
INSERT INTO REF_TERM_NAME_TBL (REF_TERM_NAME_ID, REF_TERM_ID,  LANG_CS, TERM_NAME, CRT_PROV_ID, PHON_ALG_ID) VALUES (gen_uuid(), char_to_uuid('f5f76984-b678-4316-81f9-57cf7e857453'), 'en', 'paid payee payable prior-period manual amount', char_to_uuid('fadca076-3690-4a6e-af9e-f1cd68e8c7e8'), char_to_uuid('402CD339-D0E4-46CE-8FC2-12A4B0E17226'));--#!
INSERT INTO REF_TERM_NAME_TBL (REF_TERM_NAME_ID, REF_TERM_ID,  LANG_CS, TERM_NAME, CRT_PROV_ID, PHON_ALG_ID) VALUES (gen_uuid(), char_to_uuid('93563fa3-d1f2-4248-8b9e-6362bf49f6dc'), 'en', 'paid payee payable prior-period manual count', char_to_uuid('fadca076-3690-4a6e-af9e-f1cd68e8c7e8'), char_to_uuid('402CD339-D0E4-46CE-8FC2-12A4B0E17226'));--#!
INSERT INTO REF_TERM_NAME_TBL (REF_TERM_NAME_ID, REF_TERM_ID,  LANG_CS, TERM_NAME, CRT_PROV_ID, PHON_ALG_ID) VALUES (gen_uuid(), char_to_uuid('5b08dc3b-9ee6-452f-bf93-4c6bfd17b1ea'), 'en', 'paid payee payable same-period electronic amount', char_to_uuid('fadca076-3690-4a6e-af9e-f1cd68e8c7e8'), char_to_uuid('402CD339-D0E4-46CE-8FC2-12A4B0E17226'));--#!
INSERT INTO REF_TERM_NAME_TBL (REF_TERM_NAME_ID, REF_TERM_ID,  LANG_CS, TERM_NAME, CRT_PROV_ID, PHON_ALG_ID) VALUES (gen_uuid(), char_to_uuid('18095cc9-9e62-49b8-b96a-af5a063935a6'), 'en', 'paid payee payable same-period electronic count', char_to_uuid('fadca076-3690-4a6e-af9e-f1cd68e8c7e8'), char_to_uuid('402CD339-D0E4-46CE-8FC2-12A4B0E17226'));--#!
INSERT INTO REF_TERM_NAME_TBL (REF_TERM_NAME_ID, REF_TERM_ID,  LANG_CS, TERM_NAME, CRT_PROV_ID, PHON_ALG_ID) VALUES (gen_uuid(), char_to_uuid('e1d8aee2-62d4-416e-983f-81e006198cd3'), 'en', 'paid payee payable same-period manual amount', char_to_uuid('fadca076-3690-4a6e-af9e-f1cd68e8c7e8'), char_to_uuid('402CD339-D0E4-46CE-8FC2-12A4B0E17226'));--#!
INSERT INTO REF_TERM_NAME_TBL (REF_TERM_NAME_ID, REF_TERM_ID,  LANG_CS, TERM_NAME, CRT_PROV_ID, PHON_ALG_ID) VALUES (gen_uuid(), char_to_uuid('937e5c54-4b18-4e0b-aaa9-06e97260b96c'), 'en', 'paid payee payable same-period manual count', char_to_uuid('fadca076-3690-4a6e-af9e-f1cd68e8c7e8'), char_to_uuid('402CD339-D0E4-46CE-8FC2-12A4B0E17226'));--#!
INSERT INTO REF_TERM_NAME_TBL (REF_TERM_NAME_ID, REF_TERM_ID,  LANG_CS, TERM_NAME, CRT_PROV_ID, PHON_ALG_ID) VALUES (gen_uuid(), char_to_uuid('a3aacd8f-39b6-4455-8f1c-5232de05ab56'), 'en', 'submitted billed electronic amount', char_to_uuid('fadca076-3690-4a6e-af9e-f1cd68e8c7e8'), char_to_uuid('402CD339-D0E4-46CE-8FC2-12A4B0E17226'));--#!
INSERT INTO REF_TERM_NAME_TBL (REF_TERM_NAME_ID, REF_TERM_ID,  LANG_CS, TERM_NAME, CRT_PROV_ID, PHON_ALG_ID) VALUES (gen_uuid(), char_to_uuid('f766e171-ac0d-4a29-ba7d-d6b308e214de'), 'en', 'submitted billed electronic count', char_to_uuid('fadca076-3690-4a6e-af9e-f1cd68e8c7e8'), char_to_uuid('402CD339-D0E4-46CE-8FC2-12A4B0E17226'));--#!
INSERT INTO REF_TERM_NAME_TBL (REF_TERM_NAME_ID, REF_TERM_ID,  LANG_CS, TERM_NAME, CRT_PROV_ID, PHON_ALG_ID) VALUES (gen_uuid(), char_to_uuid('beb0f18a-5637-4975-bf9c-aecd89e7813d'), 'en', 'submitted nullified electronic amount', char_to_uuid('fadca076-3690-4a6e-af9e-f1cd68e8c7e8'), char_to_uuid('402CD339-D0E4-46CE-8FC2-12A4B0E17226'));--#!
INSERT INTO REF_TERM_NAME_TBL (REF_TERM_NAME_ID, REF_TERM_ID,  LANG_CS, TERM_NAME, CRT_PROV_ID, PHON_ALG_ID) VALUES (gen_uuid(), char_to_uuid('371b4b38-079f-4a0e-bc6e-8239c84cadfc'), 'en', 'submitted cancelled electronic count', char_to_uuid('fadca076-3690-4a6e-af9e-f1cd68e8c7e8'), char_to_uuid('402CD339-D0E4-46CE-8FC2-12A4B0E17226'));--#!
INSERT INTO REF_TERM_NAME_TBL (REF_TERM_NAME_ID, REF_TERM_ID,  LANG_CS, TERM_NAME, CRT_PROV_ID, PHON_ALG_ID) VALUES (gen_uuid(), char_to_uuid('d5e82b3c-841e-4058-a613-5a04b111b3a1'), 'en', 'submitted pending electronic amount', char_to_uuid('fadca076-3690-4a6e-af9e-f1cd68e8c7e8'), char_to_uuid('402CD339-D0E4-46CE-8FC2-12A4B0E17226'));--#!
INSERT INTO REF_TERM_NAME_TBL (REF_TERM_NAME_ID, REF_TERM_ID,  LANG_CS, TERM_NAME, CRT_PROV_ID, PHON_ALG_ID) VALUES (gen_uuid(), char_to_uuid('bd9a5ad5-5eeb-4535-b98b-57529c53e9f3'), 'en', 'submitted pending electronic count', char_to_uuid('fadca076-3690-4a6e-af9e-f1cd68e8c7e8'), char_to_uuid('402CD339-D0E4-46CE-8FC2-12A4B0E17226'));--#!
INSERT INTO REF_TERM_NAME_TBL (REF_TERM_NAME_ID, REF_TERM_ID,  LANG_CS, TERM_NAME, CRT_PROV_ID, PHON_ALG_ID) VALUES (gen_uuid(), char_to_uuid('0fd87977-c371-409a-8029-3392adf03ad0'), 'en', 'clinical product invoice', char_to_uuid('fadca076-3690-4a6e-af9e-f1cd68e8c7e8'), char_to_uuid('402CD339-D0E4-46CE-8FC2-12A4B0E17226'));--#!
INSERT INTO REF_TERM_NAME_TBL (REF_TERM_NAME_ID, REF_TERM_ID,  LANG_CS, TERM_NAME, CRT_PROV_ID, PHON_ALG_ID) VALUES (gen_uuid(), char_to_uuid('ab06b931-b47e-4b2b-bd6b-7d02c7d7c836'), 'en', 'compound drug invoice group', char_to_uuid('fadca076-3690-4a6e-af9e-f1cd68e8c7e8'), char_to_uuid('402CD339-D0E4-46CE-8FC2-12A4B0E17226'));--#!
INSERT INTO REF_TERM_NAME_TBL (REF_TERM_NAME_ID, REF_TERM_ID,  LANG_CS, TERM_NAME, CRT_PROV_ID, PHON_ALG_ID) VALUES (gen_uuid(), char_to_uuid('61881223-b24f-4c65-bc76-6ec3d7efdb78'), 'en', 'compound ingredient invoice group', char_to_uuid('fadca076-3690-4a6e-af9e-f1cd68e8c7e8'), char_to_uuid('402CD339-D0E4-46CE-8FC2-12A4B0E17226'));--#!
INSERT INTO REF_TERM_NAME_TBL (REF_TERM_NAME_ID, REF_TERM_ID,  LANG_CS, TERM_NAME, CRT_PROV_ID, PHON_ALG_ID) VALUES (gen_uuid(), char_to_uuid('d2b9e86b-14f1-4a3b-aab7-005f1e3a3392'), 'en', 'compound supply invoice group', char_to_uuid('fadca076-3690-4a6e-af9e-f1cd68e8c7e8'), char_to_uuid('402CD339-D0E4-46CE-8FC2-12A4B0E17226'));--#!
INSERT INTO REF_TERM_NAME_TBL (REF_TERM_NAME_ID, REF_TERM_ID,  LANG_CS, TERM_NAME, CRT_PROV_ID, PHON_ALG_ID) VALUES (gen_uuid(), char_to_uuid('d582f480-a75e-4a0d-9e07-753c9f6571a8'), 'en', 'clinical service invoice', char_to_uuid('fadca076-3690-4a6e-af9e-f1cd68e8c7e8'), char_to_uuid('402CD339-D0E4-46CE-8FC2-12A4B0E17226'));--#!
INSERT INTO REF_TERM_NAME_TBL (REF_TERM_NAME_ID, REF_TERM_ID,  LANG_CS, TERM_NAME, CRT_PROV_ID, PHON_ALG_ID) VALUES (gen_uuid(), char_to_uuid('d4e96699-1788-41af-aca3-45ee0c005ab4'), 'en', 'clinical service and product', char_to_uuid('fadca076-3690-4a6e-af9e-f1cd68e8c7e8'), char_to_uuid('402CD339-D0E4-46CE-8FC2-12A4B0E17226'));--#!
INSERT INTO REF_TERM_NAME_TBL (REF_TERM_NAME_ID, REF_TERM_ID,  LANG_CS, TERM_NAME, CRT_PROV_ID, PHON_ALG_ID) VALUES (gen_uuid(), char_to_uuid('3e84bbf5-dd64-41ee-951d-56a4cf89e967'), 'en', 'drug invoice group', char_to_uuid('fadca076-3690-4a6e-af9e-f1cd68e8c7e8'), char_to_uuid('402CD339-D0E4-46CE-8FC2-12A4B0E17226'));--#!
INSERT INTO REF_TERM_NAME_TBL (REF_TERM_NAME_ID, REF_TERM_ID,  LANG_CS, TERM_NAME, CRT_PROV_ID, PHON_ALG_ID) VALUES (gen_uuid(), char_to_uuid('ad35e3a8-337e-44a3-b4e5-dadbdb292bca'), 'en', 'financial invoice', char_to_uuid('fadca076-3690-4a6e-af9e-f1cd68e8c7e8'), char_to_uuid('402CD339-D0E4-46CE-8FC2-12A4B0E17226'));--#!
INSERT INTO REF_TERM_NAME_TBL (REF_TERM_NAME_ID, REF_TERM_ID,  LANG_CS, TERM_NAME, CRT_PROV_ID, PHON_ALG_ID) VALUES (gen_uuid(), char_to_uuid('cb80dcf4-4da0-4763-bcb8-f57aa2c5538c'), 'en', 'frame invoice group', char_to_uuid('fadca076-3690-4a6e-af9e-f1cd68e8c7e8'), char_to_uuid('402CD339-D0E4-46CE-8FC2-12A4B0E17226'));--#!
INSERT INTO REF_TERM_NAME_TBL (REF_TERM_NAME_ID, REF_TERM_ID,  LANG_CS, TERM_NAME, CRT_PROV_ID, PHON_ALG_ID) VALUES (gen_uuid(), char_to_uuid('bbe0d322-a131-4afa-8150-d9ef9ed41d1f'), 'en', 'lens invoice group', char_to_uuid('fadca076-3690-4a6e-af9e-f1cd68e8c7e8'), char_to_uuid('402CD339-D0E4-46CE-8FC2-12A4B0E17226'));--#!
INSERT INTO REF_TERM_NAME_TBL (REF_TERM_NAME_ID, REF_TERM_ID,  LANG_CS, TERM_NAME, CRT_PROV_ID, PHON_ALG_ID) VALUES (gen_uuid(), char_to_uuid('3b0bff93-fcec-4127-a632-0fc760c9834d'), 'en', 'oral health service', char_to_uuid('fadca076-3690-4a6e-af9e-f1cd68e8c7e8'), char_to_uuid('402CD339-D0E4-46CE-8FC2-12A4B0E17226'));--#!
INSERT INTO REF_TERM_NAME_TBL (REF_TERM_NAME_ID, REF_TERM_ID,  LANG_CS, TERM_NAME, CRT_PROV_ID, PHON_ALG_ID) VALUES (gen_uuid(), char_to_uuid('dcdc83bb-b2e3-4903-b84e-d47ca04f4ea2'), 'en', 'preferred accommodation invoice', char_to_uuid('fadca076-3690-4a6e-af9e-f1cd68e8c7e8'), char_to_uuid('402CD339-D0E4-46CE-8FC2-12A4B0E17226'));--#!
INSERT INTO REF_TERM_NAME_TBL (REF_TERM_NAME_ID, REF_TERM_ID,  LANG_CS, TERM_NAME, CRT_PROV_ID, PHON_ALG_ID) VALUES (gen_uuid(), char_to_uuid('a94c2eb7-88b7-415c-b4a8-ac5702fecc33'), 'en', 'product invoice group', char_to_uuid('fadca076-3690-4a6e-af9e-f1cd68e8c7e8'), char_to_uuid('402CD339-D0E4-46CE-8FC2-12A4B0E17226'));--#!
INSERT INTO REF_TERM_NAME_TBL (REF_TERM_NAME_ID, REF_TERM_ID,  LANG_CS, TERM_NAME, CRT_PROV_ID, PHON_ALG_ID) VALUES (gen_uuid(), char_to_uuid('08517749-66d3-49ee-99fe-17b64fe60ac7'), 'en', 'Rx compound invoice', char_to_uuid('fadca076-3690-4a6e-af9e-f1cd68e8c7e8'), char_to_uuid('402CD339-D0E4-46CE-8FC2-12A4B0E17226'));--#!
INSERT INTO REF_TERM_NAME_TBL (REF_TERM_NAME_ID, REF_TERM_ID,  LANG_CS, TERM_NAME, CRT_PROV_ID, PHON_ALG_ID) VALUES (gen_uuid(), char_to_uuid('3953c152-d8ca-4375-add6-f76f9f12e683'), 'en', 'Rx dispense invoice', char_to_uuid('fadca076-3690-4a6e-af9e-f1cd68e8c7e8'), char_to_uuid('402CD339-D0E4-46CE-8FC2-12A4B0E17226'));--#!
INSERT INTO REF_TERM_NAME_TBL (REF_TERM_NAME_ID, REF_TERM_ID,  LANG_CS, TERM_NAME, CRT_PROV_ID, PHON_ALG_ID) VALUES (gen_uuid(), char_to_uuid('d6daf579-d366-40ef-adad-21887f9ebad3'), 'en', 'sessional or block fee invoice', char_to_uuid('fadca076-3690-4a6e-af9e-f1cd68e8c7e8'), char_to_uuid('402CD339-D0E4-46CE-8FC2-12A4B0E17226'));--#!
INSERT INTO REF_TERM_NAME_TBL (REF_TERM_NAME_ID, REF_TERM_ID,  LANG_CS, TERM_NAME, CRT_PROV_ID, PHON_ALG_ID) VALUES (gen_uuid(), char_to_uuid('d77fd655-f4dc-4964-bf52-aaa7db116cb4'), 'en', 'vision dispense invoice', char_to_uuid('fadca076-3690-4a6e-af9e-f1cd68e8c7e8'), char_to_uuid('402CD339-D0E4-46CE-8FC2-12A4B0E17226'));--#!
INSERT INTO REF_TERM_NAME_TBL (REF_TERM_NAME_ID, REF_TERM_ID,  LANG_CS, TERM_NAME, CRT_PROV_ID, PHON_ALG_ID) VALUES (gen_uuid(), char_to_uuid('26de1119-d2d2-49f1-b7b6-2329ff23d49e'), 'en', 'Booster Immunization', char_to_uuid('fadca076-3690-4a6e-af9e-f1cd68e8c7e8'), char_to_uuid('402CD339-D0E4-46CE-8FC2-12A4B0E17226'));--#!
INSERT INTO REF_TERM_NAME_TBL (REF_TERM_NAME_ID, REF_TERM_ID,  LANG_CS, TERM_NAME, CRT_PROV_ID, PHON_ALG_ID) VALUES (gen_uuid(), char_to_uuid('51e53697-64eb-4cc7-a548-cf603881046a'), 'en', 'drug therapy', char_to_uuid('fadca076-3690-4a6e-af9e-f1cd68e8c7e8'), char_to_uuid('402CD339-D0E4-46CE-8FC2-12A4B0E17226'));--#!
INSERT INTO REF_TERM_NAME_TBL (REF_TERM_NAME_ID, REF_TERM_ID,  LANG_CS, TERM_NAME, CRT_PROV_ID, PHON_ALG_ID) VALUES (gen_uuid(), char_to_uuid('8accce19-d2e3-4f49-986e-eb2e2d7785a2'), 'en', 'immunization', char_to_uuid('fadca076-3690-4a6e-af9e-f1cd68e8c7e8'), char_to_uuid('402CD339-D0E4-46CE-8FC2-12A4B0E17226'));--#!
INSERT INTO REF_TERM_NAME_TBL (REF_TERM_NAME_ID, REF_TERM_ID,  LANG_CS, TERM_NAME, CRT_PROV_ID, PHON_ALG_ID) VALUES (gen_uuid(), char_to_uuid('195f4fcc-ee4e-4132-ba6d-222fb86cf4e7'), 'en', 'Initial Immunization', char_to_uuid('fadca076-3690-4a6e-af9e-f1cd68e8c7e8'), char_to_uuid('402CD339-D0E4-46CE-8FC2-12A4B0E17226'));--#!
INSERT INTO REF_TERM_NAME_TBL (REF_TERM_NAME_ID, REF_TERM_ID,  LANG_CS, TERM_NAME, CRT_PROV_ID, PHON_ALG_ID) VALUES (gen_uuid(), char_to_uuid('bc832e84-491f-41fa-a53a-46770cd2697d'), 'en', 'female', char_to_uuid('fadca076-3690-4a6e-af9e-f1cd68e8c7e8'), char_to_uuid('402CD339-D0E4-46CE-8FC2-12A4B0E17226'));--#!
INSERT INTO REF_TERM_NAME_TBL (REF_TERM_NAME_ID, REF_TERM_ID,  LANG_CS, TERM_NAME, CRT_PROV_ID, PHON_ALG_ID) VALUES (gen_uuid(), char_to_uuid('505aae7d-16f6-4600-9172-89e0ca36a3c1'), 'en', 'male', char_to_uuid('fadca076-3690-4a6e-af9e-f1cd68e8c7e8'), char_to_uuid('402CD339-D0E4-46CE-8FC2-12A4B0E17226'));--#!
INSERT INTO REF_TERM_NAME_TBL (REF_TERM_NAME_ID, REF_TERM_ID,  LANG_CS, TERM_NAME, CRT_PROV_ID, PHON_ALG_ID) VALUES (gen_uuid(), char_to_uuid('d6e851a7-2d7e-4c63-81dc-efef7d12e9a1'), 'en', 'undifferentiated', char_to_uuid('fadca076-3690-4a6e-af9e-f1cd68e8c7e8'), char_to_uuid('402CD339-D0E4-46CE-8FC2-12A4B0E17226'));--#!
INSERT INTO REF_TERM_NAME_TBL (REF_TERM_NAME_ID, REF_TERM_ID,  LANG_CS, TERM_NAME, CRT_PROV_ID, PHON_ALG_ID) VALUES (gen_uuid(), char_to_uuid('fe55da81-df44-43c7-aa18-9283ffc38362'), 'en', 'aunt', char_to_uuid('fadca076-3690-4a6e-af9e-f1cd68e8c7e8'), char_to_uuid('402CD339-D0E4-46CE-8FC2-12A4B0E17226'));--#!
INSERT INTO REF_TERM_NAME_TBL (REF_TERM_NAME_ID, REF_TERM_ID,  LANG_CS, TERM_NAME, CRT_PROV_ID, PHON_ALG_ID) VALUES (gen_uuid(), char_to_uuid('d8382b1a-2c20-4048-98c0-36cca22db74b'), 'en', 'Brother', char_to_uuid('fadca076-3690-4a6e-af9e-f1cd68e8c7e8'), char_to_uuid('402CD339-D0E4-46CE-8FC2-12A4B0E17226'));--#!
INSERT INTO REF_TERM_NAME_TBL (REF_TERM_NAME_ID, REF_TERM_ID,  LANG_CS, TERM_NAME, CRT_PROV_ID, PHON_ALG_ID) VALUES (gen_uuid(), char_to_uuid('2a35f977-0a36-468c-8edc-f8a742450170'), 'en', 'brother-in-law', char_to_uuid('fadca076-3690-4a6e-af9e-f1cd68e8c7e8'), char_to_uuid('402CD339-D0E4-46CE-8FC2-12A4B0E17226'));--#!
INSERT INTO REF_TERM_NAME_TBL (REF_TERM_NAME_ID, REF_TERM_ID,  LANG_CS, TERM_NAME, CRT_PROV_ID, PHON_ALG_ID) VALUES (gen_uuid(), char_to_uuid('61afe90c-d752-42cf-a8d0-5a928c97b38c'), 'en', 'Child', char_to_uuid('fadca076-3690-4a6e-af9e-f1cd68e8c7e8'), char_to_uuid('402CD339-D0E4-46CE-8FC2-12A4B0E17226'));--#!
INSERT INTO REF_TERM_NAME_TBL (REF_TERM_NAME_ID, REF_TERM_ID,  LANG_CS, TERM_NAME, CRT_PROV_ID, PHON_ALG_ID) VALUES (gen_uuid(), char_to_uuid('b1e7070d-4b88-45fd-bccc-eff7316c15d9'), 'en', 'adopted child', char_to_uuid('fadca076-3690-4a6e-af9e-f1cd68e8c7e8'), char_to_uuid('402CD339-D0E4-46CE-8FC2-12A4B0E17226'));--#!
INSERT INTO REF_TERM_NAME_TBL (REF_TERM_NAME_ID, REF_TERM_ID,  LANG_CS, TERM_NAME, CRT_PROV_ID, PHON_ALG_ID) VALUES (gen_uuid(), char_to_uuid('5f63a762-4793-4f9d-826e-87612a6a2bbe'), 'en', 'foster child', char_to_uuid('fadca076-3690-4a6e-af9e-f1cd68e8c7e8'), char_to_uuid('402CD339-D0E4-46CE-8FC2-12A4B0E17226'));--#!
INSERT INTO REF_TERM_NAME_TBL (REF_TERM_NAME_ID, REF_TERM_ID,  LANG_CS, TERM_NAME, CRT_PROV_ID, PHON_ALG_ID) VALUES (gen_uuid(), char_to_uuid('a3748d6d-cc9c-4686-acba-a0946e758ab5'), 'en', 'child in-law', char_to_uuid('fadca076-3690-4a6e-af9e-f1cd68e8c7e8'), char_to_uuid('402CD339-D0E4-46CE-8FC2-12A4B0E17226'));--#!
INSERT INTO REF_TERM_NAME_TBL (REF_TERM_NAME_ID, REF_TERM_ID,  LANG_CS, TERM_NAME, CRT_PROV_ID, PHON_ALG_ID) VALUES (gen_uuid(), char_to_uuid('354a9766-c8e5-4b7a-bd6c-4440d9e9e389'), 'en', 'cousin', char_to_uuid('fadca076-3690-4a6e-af9e-f1cd68e8c7e8'), char_to_uuid('402CD339-D0E4-46CE-8FC2-12A4B0E17226'));--#!
INSERT INTO REF_TERM_NAME_TBL (REF_TERM_NAME_ID, REF_TERM_ID,  LANG_CS, TERM_NAME, CRT_PROV_ID, PHON_ALG_ID) VALUES (gen_uuid(), char_to_uuid('40ca0162-c12b-458b-97d6-fbc386e6fcc1'), 'en', 'natural daughter', char_to_uuid('fadca076-3690-4a6e-af9e-f1cd68e8c7e8'), char_to_uuid('402CD339-D0E4-46CE-8FC2-12A4B0E17226'));--#!
INSERT INTO REF_TERM_NAME_TBL (REF_TERM_NAME_ID, REF_TERM_ID,  LANG_CS, TERM_NAME, CRT_PROV_ID, PHON_ALG_ID) VALUES (gen_uuid(), char_to_uuid('1193070f-3d8c-4b26-9d7d-8ef3d69ceb92'), 'en', 'adopted daughter', char_to_uuid('fadca076-3690-4a6e-af9e-f1cd68e8c7e8'), char_to_uuid('402CD339-D0E4-46CE-8FC2-12A4B0E17226'));--#!
INSERT INTO REF_TERM_NAME_TBL (REF_TERM_NAME_ID, REF_TERM_ID,  LANG_CS, TERM_NAME, CRT_PROV_ID, PHON_ALG_ID) VALUES (gen_uuid(), char_to_uuid('e122710f-e39f-40ec-be48-6972b1356046'), 'en', 'Daughter', char_to_uuid('fadca076-3690-4a6e-af9e-f1cd68e8c7e8'), char_to_uuid('402CD339-D0E4-46CE-8FC2-12A4B0E17226'));--#!
INSERT INTO REF_TERM_NAME_TBL (REF_TERM_NAME_ID, REF_TERM_ID,  LANG_CS, TERM_NAME, CRT_PROV_ID, PHON_ALG_ID) VALUES (gen_uuid(), char_to_uuid('33dcaee0-1476-4c79-80a4-96a6e6f720e3'), 'en', 'foster daughter', char_to_uuid('fadca076-3690-4a6e-af9e-f1cd68e8c7e8'), char_to_uuid('402CD339-D0E4-46CE-8FC2-12A4B0E17226'));--#!
INSERT INTO REF_TERM_NAME_TBL (REF_TERM_NAME_ID, REF_TERM_ID,  LANG_CS, TERM_NAME, CRT_PROV_ID, PHON_ALG_ID) VALUES (gen_uuid(), char_to_uuid('93ca6c84-3ed5-4c55-afcd-8bdb1b7689e7'), 'en', 'daughter in-law', char_to_uuid('fadca076-3690-4a6e-af9e-f1cd68e8c7e8'), char_to_uuid('402CD339-D0E4-46CE-8FC2-12A4B0E17226'));--#!
INSERT INTO REF_TERM_NAME_TBL (REF_TERM_NAME_ID, REF_TERM_ID,  LANG_CS, TERM_NAME, CRT_PROV_ID, PHON_ALG_ID) VALUES (gen_uuid(), char_to_uuid('d8a535fc-e463-4564-a4fe-9ae7a94dddbe'), 'en', 'domestic partner', char_to_uuid('fadca076-3690-4a6e-af9e-f1cd68e8c7e8'), char_to_uuid('402CD339-D0E4-46CE-8FC2-12A4B0E17226'));--#!
INSERT INTO REF_TERM_NAME_TBL (REF_TERM_NAME_ID, REF_TERM_ID,  LANG_CS, TERM_NAME, CRT_PROV_ID, PHON_ALG_ID) VALUES (gen_uuid(), char_to_uuid('4335ccc0-0ce4-4576-934f-e9eb1377e726'), 'en', 'Family Member', char_to_uuid('fadca076-3690-4a6e-af9e-f1cd68e8c7e8'), char_to_uuid('402CD339-D0E4-46CE-8FC2-12A4B0E17226'));--#!
INSERT INTO REF_TERM_NAME_TBL (REF_TERM_NAME_ID, REF_TERM_ID,  LANG_CS, TERM_NAME, CRT_PROV_ID, PHON_ALG_ID) VALUES (gen_uuid(), char_to_uuid('879c0084-a30a-4e55-b3eb-9cdb302caad3'), 'en', 'Father', char_to_uuid('fadca076-3690-4a6e-af9e-f1cd68e8c7e8'), char_to_uuid('402CD339-D0E4-46CE-8FC2-12A4B0E17226'));--#!
INSERT INTO REF_TERM_NAME_TBL (REF_TERM_NAME_ID, REF_TERM_ID,  LANG_CS, TERM_NAME, CRT_PROV_ID, PHON_ALG_ID) VALUES (gen_uuid(), char_to_uuid('b8838483-dcc7-4e43-a6e5-63823b37d5da'), 'en', 'father-in-law', char_to_uuid('fadca076-3690-4a6e-af9e-f1cd68e8c7e8'), char_to_uuid('402CD339-D0E4-46CE-8FC2-12A4B0E17226'));--#!
INSERT INTO REF_TERM_NAME_TBL (REF_TERM_NAME_ID, REF_TERM_ID,  LANG_CS, TERM_NAME, CRT_PROV_ID, PHON_ALG_ID) VALUES (gen_uuid(), char_to_uuid('30c6a13b-9fb0-4986-84d6-8afff8fe4e02'), 'en', 'great grandfather', char_to_uuid('fadca076-3690-4a6e-af9e-f1cd68e8c7e8'), char_to_uuid('402CD339-D0E4-46CE-8FC2-12A4B0E17226'));--#!
INSERT INTO REF_TERM_NAME_TBL (REF_TERM_NAME_ID, REF_TERM_ID,  LANG_CS, TERM_NAME, CRT_PROV_ID, PHON_ALG_ID) VALUES (gen_uuid(), char_to_uuid('e1b8007e-2e65-4502-a5b8-b0d8e6242147'), 'en', 'great grandmother', char_to_uuid('fadca076-3690-4a6e-af9e-f1cd68e8c7e8'), char_to_uuid('402CD339-D0E4-46CE-8FC2-12A4B0E17226'));--#!
INSERT INTO REF_TERM_NAME_TBL (REF_TERM_NAME_ID, REF_TERM_ID,  LANG_CS, TERM_NAME, CRT_PROV_ID, PHON_ALG_ID) VALUES (gen_uuid(), char_to_uuid('f0fa827f-9de1-4199-9f4d-e90d69b3f24f'), 'en', 'great grandparent', char_to_uuid('fadca076-3690-4a6e-af9e-f1cd68e8c7e8'), char_to_uuid('402CD339-D0E4-46CE-8FC2-12A4B0E17226'));--#!
INSERT INTO REF_TERM_NAME_TBL (REF_TERM_NAME_ID, REF_TERM_ID,  LANG_CS, TERM_NAME, CRT_PROV_ID, PHON_ALG_ID) VALUES (gen_uuid(), char_to_uuid('473e61b2-83f6-4114-89c6-d556846e45da'), 'en', 'Grandfather', char_to_uuid('fadca076-3690-4a6e-af9e-f1cd68e8c7e8'), char_to_uuid('402CD339-D0E4-46CE-8FC2-12A4B0E17226'));--#!
INSERT INTO REF_TERM_NAME_TBL (REF_TERM_NAME_ID, REF_TERM_ID,  LANG_CS, TERM_NAME, CRT_PROV_ID, PHON_ALG_ID) VALUES (gen_uuid(), char_to_uuid('c459c266-6e8f-4933-b39c-d55450f32341'), 'en', 'Grandmother', char_to_uuid('fadca076-3690-4a6e-af9e-f1cd68e8c7e8'), char_to_uuid('402CD339-D0E4-46CE-8FC2-12A4B0E17226'));--#!
INSERT INTO REF_TERM_NAME_TBL (REF_TERM_NAME_ID, REF_TERM_ID,  LANG_CS, TERM_NAME, CRT_PROV_ID, PHON_ALG_ID) VALUES (gen_uuid(), char_to_uuid('e043df5c-b5d9-44b6-bd4c-d4901accb63c'), 'en', 'grandchild', char_to_uuid('fadca076-3690-4a6e-af9e-f1cd68e8c7e8'), char_to_uuid('402CD339-D0E4-46CE-8FC2-12A4B0E17226'));--#!
INSERT INTO REF_TERM_NAME_TBL (REF_TERM_NAME_ID, REF_TERM_ID,  LANG_CS, TERM_NAME, CRT_PROV_ID, PHON_ALG_ID) VALUES (gen_uuid(), char_to_uuid('aee1d6f8-878e-4209-88df-4e06d8a453a4'), 'en', 'granddaughter', char_to_uuid('fadca076-3690-4a6e-af9e-f1cd68e8c7e8'), char_to_uuid('402CD339-D0E4-46CE-8FC2-12A4B0E17226'));--#!
INSERT INTO REF_TERM_NAME_TBL (REF_TERM_NAME_ID, REF_TERM_ID,  LANG_CS, TERM_NAME, CRT_PROV_ID, PHON_ALG_ID) VALUES (gen_uuid(), char_to_uuid('3554927b-357e-41cc-8034-1d25ccaf1f9c'), 'en', 'grandson', char_to_uuid('fadca076-3690-4a6e-af9e-f1cd68e8c7e8'), char_to_uuid('402CD339-D0E4-46CE-8FC2-12A4B0E17226'));--#!
INSERT INTO REF_TERM_NAME_TBL (REF_TERM_NAME_ID, REF_TERM_ID,  LANG_CS, TERM_NAME, CRT_PROV_ID, PHON_ALG_ID) VALUES (gen_uuid(), char_to_uuid('e7f76349-5953-4945-8a62-91781c612367'), 'en', 'Grandparent', char_to_uuid('fadca076-3690-4a6e-af9e-f1cd68e8c7e8'), char_to_uuid('402CD339-D0E4-46CE-8FC2-12A4B0E17226'));--#!
INSERT INTO REF_TERM_NAME_TBL (REF_TERM_NAME_ID, REF_TERM_ID,  LANG_CS, TERM_NAME, CRT_PROV_ID, PHON_ALG_ID) VALUES (gen_uuid(), char_to_uuid('110c6e8f-a7c6-4695-8a3c-fb100b116920'), 'en', 'half-brother', char_to_uuid('fadca076-3690-4a6e-af9e-f1cd68e8c7e8'), char_to_uuid('402CD339-D0E4-46CE-8FC2-12A4B0E17226'));--#!
INSERT INTO REF_TERM_NAME_TBL (REF_TERM_NAME_ID, REF_TERM_ID,  LANG_CS, TERM_NAME, CRT_PROV_ID, PHON_ALG_ID) VALUES (gen_uuid(), char_to_uuid('825c4ed0-c877-4beb-b679-a5968b81e29f'), 'en', 'half-sibling', char_to_uuid('fadca076-3690-4a6e-af9e-f1cd68e8c7e8'), char_to_uuid('402CD339-D0E4-46CE-8FC2-12A4B0E17226'));--#!
INSERT INTO REF_TERM_NAME_TBL (REF_TERM_NAME_ID, REF_TERM_ID,  LANG_CS, TERM_NAME, CRT_PROV_ID, PHON_ALG_ID) VALUES (gen_uuid(), char_to_uuid('3c5873bd-9014-4239-9062-4c2c1c3e852e'), 'en', 'half-sister', char_to_uuid('fadca076-3690-4a6e-af9e-f1cd68e8c7e8'), char_to_uuid('402CD339-D0E4-46CE-8FC2-12A4B0E17226'));--#!
INSERT INTO REF_TERM_NAME_TBL (REF_TERM_NAME_ID, REF_TERM_ID,  LANG_CS, TERM_NAME, CRT_PROV_ID, PHON_ALG_ID) VALUES (gen_uuid(), char_to_uuid('c851390a-50ae-4a37-8ecf-6938b31d1620'), 'en', 'husband', char_to_uuid('fadca076-3690-4a6e-af9e-f1cd68e8c7e8'), char_to_uuid('402CD339-D0E4-46CE-8FC2-12A4B0E17226'));--#!
INSERT INTO REF_TERM_NAME_TBL (REF_TERM_NAME_ID, REF_TERM_ID,  LANG_CS, TERM_NAME, CRT_PROV_ID, PHON_ALG_ID) VALUES (gen_uuid(), char_to_uuid('8f27937b-75c1-4349-b641-e7d08b064a0e'), 'en', 'MaternalAunt', char_to_uuid('fadca076-3690-4a6e-af9e-f1cd68e8c7e8'), char_to_uuid('402CD339-D0E4-46CE-8FC2-12A4B0E17226'));--#!
INSERT INTO REF_TERM_NAME_TBL (REF_TERM_NAME_ID, REF_TERM_ID,  LANG_CS, TERM_NAME, CRT_PROV_ID, PHON_ALG_ID) VALUES (gen_uuid(), char_to_uuid('436f5020-0473-4596-aa08-1ef19bedb905'), 'en', 'MaternalCousin', char_to_uuid('fadca076-3690-4a6e-af9e-f1cd68e8c7e8'), char_to_uuid('402CD339-D0E4-46CE-8FC2-12A4B0E17226'));--#!
INSERT INTO REF_TERM_NAME_TBL (REF_TERM_NAME_ID, REF_TERM_ID,  LANG_CS, TERM_NAME, CRT_PROV_ID, PHON_ALG_ID) VALUES (gen_uuid(), char_to_uuid('55eefd51-0a82-418f-a3dd-80e1282313d2'), 'en', 'MaternalGreatgrandfather', char_to_uuid('fadca076-3690-4a6e-af9e-f1cd68e8c7e8'), char_to_uuid('402CD339-D0E4-46CE-8FC2-12A4B0E17226'));--#!
INSERT INTO REF_TERM_NAME_TBL (REF_TERM_NAME_ID, REF_TERM_ID,  LANG_CS, TERM_NAME, CRT_PROV_ID, PHON_ALG_ID) VALUES (gen_uuid(), char_to_uuid('995d9763-a0b1-4bc5-90aa-4656f3787116'), 'en', 'MaternalGreatgrandmother', char_to_uuid('fadca076-3690-4a6e-af9e-f1cd68e8c7e8'), char_to_uuid('402CD339-D0E4-46CE-8FC2-12A4B0E17226'));--#!
INSERT INTO REF_TERM_NAME_TBL (REF_TERM_NAME_ID, REF_TERM_ID,  LANG_CS, TERM_NAME, CRT_PROV_ID, PHON_ALG_ID) VALUES (gen_uuid(), char_to_uuid('3dcccb69-00f5-407a-b272-640342c4f625'), 'en', 'MaternalGreatgrandparent', char_to_uuid('fadca076-3690-4a6e-af9e-f1cd68e8c7e8'), char_to_uuid('402CD339-D0E4-46CE-8FC2-12A4B0E17226'));--#!
INSERT INTO REF_TERM_NAME_TBL (REF_TERM_NAME_ID, REF_TERM_ID,  LANG_CS, TERM_NAME, CRT_PROV_ID, PHON_ALG_ID) VALUES (gen_uuid(), char_to_uuid('f99ad0cf-9a13-436d-88a8-c98255272ed0'), 'en', 'MaternalGrandfather', char_to_uuid('fadca076-3690-4a6e-af9e-f1cd68e8c7e8'), char_to_uuid('402CD339-D0E4-46CE-8FC2-12A4B0E17226'));--#!
INSERT INTO REF_TERM_NAME_TBL (REF_TERM_NAME_ID, REF_TERM_ID,  LANG_CS, TERM_NAME, CRT_PROV_ID, PHON_ALG_ID) VALUES (gen_uuid(), char_to_uuid('ea152fb7-1218-4bf0-87e4-5d88ec76f8a1'), 'en', 'MaternalGrandmother', char_to_uuid('fadca076-3690-4a6e-af9e-f1cd68e8c7e8'), char_to_uuid('402CD339-D0E4-46CE-8FC2-12A4B0E17226'));--#!
INSERT INTO REF_TERM_NAME_TBL (REF_TERM_NAME_ID, REF_TERM_ID,  LANG_CS, TERM_NAME, CRT_PROV_ID, PHON_ALG_ID) VALUES (gen_uuid(), char_to_uuid('cf1ea9c7-88c2-4a37-b3d1-ff54403aa9c9'), 'en', 'MaternalGrandparent', char_to_uuid('fadca076-3690-4a6e-af9e-f1cd68e8c7e8'), char_to_uuid('402CD339-D0E4-46CE-8FC2-12A4B0E17226'));--#!
INSERT INTO REF_TERM_NAME_TBL (REF_TERM_NAME_ID, REF_TERM_ID,  LANG_CS, TERM_NAME, CRT_PROV_ID, PHON_ALG_ID) VALUES (gen_uuid(), char_to_uuid('ece41d56-6915-4324-922c-f85178db8f65'), 'en', 'Mother', char_to_uuid('fadca076-3690-4a6e-af9e-f1cd68e8c7e8'), char_to_uuid('402CD339-D0E4-46CE-8FC2-12A4B0E17226'));--#!
INSERT INTO REF_TERM_NAME_TBL (REF_TERM_NAME_ID, REF_TERM_ID,  LANG_CS, TERM_NAME, CRT_PROV_ID, PHON_ALG_ID) VALUES (gen_uuid(), char_to_uuid('ba97f1f6-8a49-4788-8f54-4aa84bfc6139'), 'en', 'mother-in-law', char_to_uuid('fadca076-3690-4a6e-af9e-f1cd68e8c7e8'), char_to_uuid('402CD339-D0E4-46CE-8FC2-12A4B0E17226'));--#!
INSERT INTO REF_TERM_NAME_TBL (REF_TERM_NAME_ID, REF_TERM_ID,  LANG_CS, TERM_NAME, CRT_PROV_ID, PHON_ALG_ID) VALUES (gen_uuid(), char_to_uuid('5f675080-c748-4650-b4a1-4d798b324128'), 'en', 'MaternalUncle', char_to_uuid('fadca076-3690-4a6e-af9e-f1cd68e8c7e8'), char_to_uuid('402CD339-D0E4-46CE-8FC2-12A4B0E17226'));--#!
INSERT INTO REF_TERM_NAME_TBL (REF_TERM_NAME_ID, REF_TERM_ID,  LANG_CS, TERM_NAME, CRT_PROV_ID, PHON_ALG_ID) VALUES (gen_uuid(), char_to_uuid('b3e5d4ff-cdab-4a54-89dd-3721539313c2'), 'en', 'natural brother', char_to_uuid('fadca076-3690-4a6e-af9e-f1cd68e8c7e8'), char_to_uuid('402CD339-D0E4-46CE-8FC2-12A4B0E17226'));--#!
INSERT INTO REF_TERM_NAME_TBL (REF_TERM_NAME_ID, REF_TERM_ID,  LANG_CS, TERM_NAME, CRT_PROV_ID, PHON_ALG_ID) VALUES (gen_uuid(), char_to_uuid('86a693bb-f2f8-4f4a-a522-c06eb63eec3c'), 'en', 'natural child', char_to_uuid('fadca076-3690-4a6e-af9e-f1cd68e8c7e8'), char_to_uuid('402CD339-D0E4-46CE-8FC2-12A4B0E17226'));--#!
INSERT INTO REF_TERM_NAME_TBL (REF_TERM_NAME_ID, REF_TERM_ID,  LANG_CS, TERM_NAME, CRT_PROV_ID, PHON_ALG_ID) VALUES (gen_uuid(), char_to_uuid('592802fb-5c5b-4519-975b-262454d669d5'), 'en', 'nephew', char_to_uuid('fadca076-3690-4a6e-af9e-f1cd68e8c7e8'), char_to_uuid('402CD339-D0E4-46CE-8FC2-12A4B0E17226'));--#!
INSERT INTO REF_TERM_NAME_TBL (REF_TERM_NAME_ID, REF_TERM_ID,  LANG_CS, TERM_NAME, CRT_PROV_ID, PHON_ALG_ID) VALUES (gen_uuid(), char_to_uuid('bff1c242-9767-43a6-bef0-28596435046c'), 'en', 'natural father', char_to_uuid('fadca076-3690-4a6e-af9e-f1cd68e8c7e8'), char_to_uuid('402CD339-D0E4-46CE-8FC2-12A4B0E17226'));--#!
INSERT INTO REF_TERM_NAME_TBL (REF_TERM_NAME_ID, REF_TERM_ID,  LANG_CS, TERM_NAME, CRT_PROV_ID, PHON_ALG_ID) VALUES (gen_uuid(), char_to_uuid('0367c3d8-3453-4b9c-9589-60dd4ba6ae09'), 'en', 'natural father of fetus', char_to_uuid('fadca076-3690-4a6e-af9e-f1cd68e8c7e8'), char_to_uuid('402CD339-D0E4-46CE-8FC2-12A4B0E17226'));--#!
INSERT INTO REF_TERM_NAME_TBL (REF_TERM_NAME_ID, REF_TERM_ID,  LANG_CS, TERM_NAME, CRT_PROV_ID, PHON_ALG_ID) VALUES (gen_uuid(), char_to_uuid('d5a3874c-8145-4b44-980b-0c35a7e47aa5'), 'en', 'niece', char_to_uuid('fadca076-3690-4a6e-af9e-f1cd68e8c7e8'), char_to_uuid('402CD339-D0E4-46CE-8FC2-12A4B0E17226'));--#!
INSERT INTO REF_TERM_NAME_TBL (REF_TERM_NAME_ID, REF_TERM_ID,  LANG_CS, TERM_NAME, CRT_PROV_ID, PHON_ALG_ID) VALUES (gen_uuid(), char_to_uuid('5b1a7098-3da5-4877-880f-935d2ef73e15'), 'en', 'niece/nephew', char_to_uuid('fadca076-3690-4a6e-af9e-f1cd68e8c7e8'), char_to_uuid('402CD339-D0E4-46CE-8FC2-12A4B0E17226'));--#!
INSERT INTO REF_TERM_NAME_TBL (REF_TERM_NAME_ID, REF_TERM_ID,  LANG_CS, TERM_NAME, CRT_PROV_ID, PHON_ALG_ID) VALUES (gen_uuid(), char_to_uuid('f11a352a-ca4b-42b1-b0dc-c2f3c04c8e29'), 'en', 'natural mother', char_to_uuid('fadca076-3690-4a6e-af9e-f1cd68e8c7e8'), char_to_uuid('402CD339-D0E4-46CE-8FC2-12A4B0E17226'));--#!
INSERT INTO REF_TERM_NAME_TBL (REF_TERM_NAME_ID, REF_TERM_ID,  LANG_CS, TERM_NAME, CRT_PROV_ID, PHON_ALG_ID) VALUES (gen_uuid(), char_to_uuid('1bec4c5f-ea04-4398-8a56-c18425de229e'), 'en', 'natural parent', char_to_uuid('fadca076-3690-4a6e-af9e-f1cd68e8c7e8'), char_to_uuid('402CD339-D0E4-46CE-8FC2-12A4B0E17226'));--#!
INSERT INTO REF_TERM_NAME_TBL (REF_TERM_NAME_ID, REF_TERM_ID,  LANG_CS, TERM_NAME, CRT_PROV_ID, PHON_ALG_ID) VALUES (gen_uuid(), char_to_uuid('9219dd59-27d4-405b-9536-07097d5e7b8f'), 'en', 'natural sibling', char_to_uuid('fadca076-3690-4a6e-af9e-f1cd68e8c7e8'), char_to_uuid('402CD339-D0E4-46CE-8FC2-12A4B0E17226'));--#!
INSERT INTO REF_TERM_NAME_TBL (REF_TERM_NAME_ID, REF_TERM_ID,  LANG_CS, TERM_NAME, CRT_PROV_ID, PHON_ALG_ID) VALUES (gen_uuid(), char_to_uuid('ce3377ec-f6fe-4469-9c2d-44e7a8b4fadd'), 'en', 'natural sister', char_to_uuid('fadca076-3690-4a6e-af9e-f1cd68e8c7e8'), char_to_uuid('402CD339-D0E4-46CE-8FC2-12A4B0E17226'));--#!
INSERT INTO REF_TERM_NAME_TBL (REF_TERM_NAME_ID, REF_TERM_ID,  LANG_CS, TERM_NAME, CRT_PROV_ID, PHON_ALG_ID) VALUES (gen_uuid(), char_to_uuid('1fa96925-2fc9-4f8c-8777-d355550928dc'), 'en', 'PaternalAunt', char_to_uuid('fadca076-3690-4a6e-af9e-f1cd68e8c7e8'), char_to_uuid('402CD339-D0E4-46CE-8FC2-12A4B0E17226'));--#!
INSERT INTO REF_TERM_NAME_TBL (REF_TERM_NAME_ID, REF_TERM_ID,  LANG_CS, TERM_NAME, CRT_PROV_ID, PHON_ALG_ID) VALUES (gen_uuid(), char_to_uuid('978d9e11-ef5a-4c5a-835f-7bae6a1eb7ff'), 'en', 'PaternalCousin', char_to_uuid('fadca076-3690-4a6e-af9e-f1cd68e8c7e8'), char_to_uuid('402CD339-D0E4-46CE-8FC2-12A4B0E17226'));--#!
INSERT INTO REF_TERM_NAME_TBL (REF_TERM_NAME_ID, REF_TERM_ID,  LANG_CS, TERM_NAME, CRT_PROV_ID, PHON_ALG_ID) VALUES (gen_uuid(), char_to_uuid('97342d87-19d9-4fed-84cc-98326864ccfe'), 'en', 'PaternalGreatgrandfather', char_to_uuid('fadca076-3690-4a6e-af9e-f1cd68e8c7e8'), char_to_uuid('402CD339-D0E4-46CE-8FC2-12A4B0E17226'));--#!
INSERT INTO REF_TERM_NAME_TBL (REF_TERM_NAME_ID, REF_TERM_ID,  LANG_CS, TERM_NAME, CRT_PROV_ID, PHON_ALG_ID) VALUES (gen_uuid(), char_to_uuid('24f4399c-4f90-4701-85f0-28cf4a46b141'), 'en', 'PaternalGreatgrandmother', char_to_uuid('fadca076-3690-4a6e-af9e-f1cd68e8c7e8'), char_to_uuid('402CD339-D0E4-46CE-8FC2-12A4B0E17226'));--#!
INSERT INTO REF_TERM_NAME_TBL (REF_TERM_NAME_ID, REF_TERM_ID,  LANG_CS, TERM_NAME, CRT_PROV_ID, PHON_ALG_ID) VALUES (gen_uuid(), char_to_uuid('e9e03c6d-a93c-450a-8bcb-a09815e8bb11'), 'en', 'PaternalGreatgrandparent', char_to_uuid('fadca076-3690-4a6e-af9e-f1cd68e8c7e8'), char_to_uuid('402CD339-D0E4-46CE-8FC2-12A4B0E17226'));--#!
INSERT INTO REF_TERM_NAME_TBL (REF_TERM_NAME_ID, REF_TERM_ID,  LANG_CS, TERM_NAME, CRT_PROV_ID, PHON_ALG_ID) VALUES (gen_uuid(), char_to_uuid('edc84a2b-e402-468f-9d4e-864a36b2c143'), 'en', 'PaternalGrandfather', char_to_uuid('fadca076-3690-4a6e-af9e-f1cd68e8c7e8'), char_to_uuid('402CD339-D0E4-46CE-8FC2-12A4B0E17226'));--#!
INSERT INTO REF_TERM_NAME_TBL (REF_TERM_NAME_ID, REF_TERM_ID,  LANG_CS, TERM_NAME, CRT_PROV_ID, PHON_ALG_ID) VALUES (gen_uuid(), char_to_uuid('4f62efe5-2219-44b2-a347-65748d36560d'), 'en', 'PaternalGrandmother', char_to_uuid('fadca076-3690-4a6e-af9e-f1cd68e8c7e8'), char_to_uuid('402CD339-D0E4-46CE-8FC2-12A4B0E17226'));--#!
INSERT INTO REF_TERM_NAME_TBL (REF_TERM_NAME_ID, REF_TERM_ID,  LANG_CS, TERM_NAME, CRT_PROV_ID, PHON_ALG_ID) VALUES (gen_uuid(), char_to_uuid('50b71872-6ff0-4c1a-8902-177cf765b264'), 'en', 'PaternalGrandparent', char_to_uuid('fadca076-3690-4a6e-af9e-f1cd68e8c7e8'), char_to_uuid('402CD339-D0E4-46CE-8FC2-12A4B0E17226'));--#!
INSERT INTO REF_TERM_NAME_TBL (REF_TERM_NAME_ID, REF_TERM_ID,  LANG_CS, TERM_NAME, CRT_PROV_ID, PHON_ALG_ID) VALUES (gen_uuid(), char_to_uuid('80012f60-29d0-435e-a2e8-999e87c6d603'), 'en', 'Parent', char_to_uuid('fadca076-3690-4a6e-af9e-f1cd68e8c7e8'), char_to_uuid('402CD339-D0E4-46CE-8FC2-12A4B0E17226'));--#!
INSERT INTO REF_TERM_NAME_TBL (REF_TERM_NAME_ID, REF_TERM_ID,  LANG_CS, TERM_NAME, CRT_PROV_ID, PHON_ALG_ID) VALUES (gen_uuid(), char_to_uuid('a3e33a20-0051-4a3b-a66c-bf394ce77369'), 'en', 'parent in-law', char_to_uuid('fadca076-3690-4a6e-af9e-f1cd68e8c7e8'), char_to_uuid('402CD339-D0E4-46CE-8FC2-12A4B0E17226'));--#!
INSERT INTO REF_TERM_NAME_TBL (REF_TERM_NAME_ID, REF_TERM_ID,  LANG_CS, TERM_NAME, CRT_PROV_ID, PHON_ALG_ID) VALUES (gen_uuid(), char_to_uuid('89e2ba5d-e125-4a03-8369-eacf75aa7741'), 'en', 'PaternalUncle', char_to_uuid('fadca076-3690-4a6e-af9e-f1cd68e8c7e8'), char_to_uuid('402CD339-D0E4-46CE-8FC2-12A4B0E17226'));--#!
INSERT INTO REF_TERM_NAME_TBL (REF_TERM_NAME_ID, REF_TERM_ID,  LANG_CS, TERM_NAME, CRT_PROV_ID, PHON_ALG_ID) VALUES (gen_uuid(), char_to_uuid('f81fdd52-10cb-4e15-8228-8db4b4b612a2'), 'en', 'Roomate', char_to_uuid('fadca076-3690-4a6e-af9e-f1cd68e8c7e8'), char_to_uuid('402CD339-D0E4-46CE-8FC2-12A4B0E17226'));--#!
INSERT INTO REF_TERM_NAME_TBL (REF_TERM_NAME_ID, REF_TERM_ID,  LANG_CS, TERM_NAME, CRT_PROV_ID, PHON_ALG_ID) VALUES (gen_uuid(), char_to_uuid('038f56a3-5169-4ef9-be2e-a1a439427f01'), 'en', 'Sibling', char_to_uuid('fadca076-3690-4a6e-af9e-f1cd68e8c7e8'), char_to_uuid('402CD339-D0E4-46CE-8FC2-12A4B0E17226'));--#!
INSERT INTO REF_TERM_NAME_TBL (REF_TERM_NAME_ID, REF_TERM_ID,  LANG_CS, TERM_NAME, CRT_PROV_ID, PHON_ALG_ID) VALUES (gen_uuid(), char_to_uuid('3430a356-8d2f-4de1-9aee-921cf64e45ff'), 'en', 'sibling in-law', char_to_uuid('fadca076-3690-4a6e-af9e-f1cd68e8c7e8'), char_to_uuid('402CD339-D0E4-46CE-8FC2-12A4B0E17226'));--#!
INSERT INTO REF_TERM_NAME_TBL (REF_TERM_NAME_ID, REF_TERM_ID,  LANG_CS, TERM_NAME, CRT_PROV_ID, PHON_ALG_ID) VALUES (gen_uuid(), char_to_uuid('c94e83a7-a566-4fb4-bfc5-ef18434fc5d0'), 'en', 'significant other', char_to_uuid('fadca076-3690-4a6e-af9e-f1cd68e8c7e8'), char_to_uuid('402CD339-D0E4-46CE-8FC2-12A4B0E17226'));--#!
INSERT INTO REF_TERM_NAME_TBL (REF_TERM_NAME_ID, REF_TERM_ID,  LANG_CS, TERM_NAME, CRT_PROV_ID, PHON_ALG_ID) VALUES (gen_uuid(), char_to_uuid('62cc7dd9-af57-4eb7-a425-667b631975a1'), 'en', 'Sister', char_to_uuid('fadca076-3690-4a6e-af9e-f1cd68e8c7e8'), char_to_uuid('402CD339-D0E4-46CE-8FC2-12A4B0E17226'));--#!
INSERT INTO REF_TERM_NAME_TBL (REF_TERM_NAME_ID, REF_TERM_ID,  LANG_CS, TERM_NAME, CRT_PROV_ID, PHON_ALG_ID) VALUES (gen_uuid(), char_to_uuid('23da8443-94a4-4d25-b76e-5c02b380e081'), 'en', 'sister-in-law', char_to_uuid('fadca076-3690-4a6e-af9e-f1cd68e8c7e8'), char_to_uuid('402CD339-D0E4-46CE-8FC2-12A4B0E17226'));--#!
INSERT INTO REF_TERM_NAME_TBL (REF_TERM_NAME_ID, REF_TERM_ID,  LANG_CS, TERM_NAME, CRT_PROV_ID, PHON_ALG_ID) VALUES (gen_uuid(), char_to_uuid('ca6bf75e-905b-4802-849c-e4be95fe97fc'), 'en', 'natural son', char_to_uuid('fadca076-3690-4a6e-af9e-f1cd68e8c7e8'), char_to_uuid('402CD339-D0E4-46CE-8FC2-12A4B0E17226'));--#!
INSERT INTO REF_TERM_NAME_TBL (REF_TERM_NAME_ID, REF_TERM_ID,  LANG_CS, TERM_NAME, CRT_PROV_ID, PHON_ALG_ID) VALUES (gen_uuid(), char_to_uuid('a70df556-dd53-4d03-9414-17a1aeedf2df'), 'en', 'adopted son', char_to_uuid('fadca076-3690-4a6e-af9e-f1cd68e8c7e8'), char_to_uuid('402CD339-D0E4-46CE-8FC2-12A4B0E17226'));--#!
INSERT INTO REF_TERM_NAME_TBL (REF_TERM_NAME_ID, REF_TERM_ID,  LANG_CS, TERM_NAME, CRT_PROV_ID, PHON_ALG_ID) VALUES (gen_uuid(), char_to_uuid('491f214d-a47f-4059-a340-ed7fc06d9920'), 'en', 'Son', char_to_uuid('fadca076-3690-4a6e-af9e-f1cd68e8c7e8'), char_to_uuid('402CD339-D0E4-46CE-8FC2-12A4B0E17226'));--#!
INSERT INTO REF_TERM_NAME_TBL (REF_TERM_NAME_ID, REF_TERM_ID,  LANG_CS, TERM_NAME, CRT_PROV_ID, PHON_ALG_ID) VALUES (gen_uuid(), char_to_uuid('be4804b9-034a-4e0f-91ca-bfc74988b41b'), 'en', 'foster son', char_to_uuid('fadca076-3690-4a6e-af9e-f1cd68e8c7e8'), char_to_uuid('402CD339-D0E4-46CE-8FC2-12A4B0E17226'));--#!
INSERT INTO REF_TERM_NAME_TBL (REF_TERM_NAME_ID, REF_TERM_ID,  LANG_CS, TERM_NAME, CRT_PROV_ID, PHON_ALG_ID) VALUES (gen_uuid(), char_to_uuid('4a9bef50-079b-47e1-b694-a3614ea6f71f'), 'en', 'son in-law', char_to_uuid('fadca076-3690-4a6e-af9e-f1cd68e8c7e8'), char_to_uuid('402CD339-D0E4-46CE-8FC2-12A4B0E17226'));--#!
INSERT INTO REF_TERM_NAME_TBL (REF_TERM_NAME_ID, REF_TERM_ID,  LANG_CS, TERM_NAME, CRT_PROV_ID, PHON_ALG_ID) VALUES (gen_uuid(), char_to_uuid('f217f97f-bdc3-430e-b5de-086c2c52dbd0'), 'en', 'spouse', char_to_uuid('fadca076-3690-4a6e-af9e-f1cd68e8c7e8'), char_to_uuid('402CD339-D0E4-46CE-8FC2-12A4B0E17226'));--#!
INSERT INTO REF_TERM_NAME_TBL (REF_TERM_NAME_ID, REF_TERM_ID,  LANG_CS, TERM_NAME, CRT_PROV_ID, PHON_ALG_ID) VALUES (gen_uuid(), char_to_uuid('fabee839-47cd-4f16-9a1c-a6f66782fe0e'), 'en', 'stepbrother', char_to_uuid('fadca076-3690-4a6e-af9e-f1cd68e8c7e8'), char_to_uuid('402CD339-D0E4-46CE-8FC2-12A4B0E17226'));--#!
INSERT INTO REF_TERM_NAME_TBL (REF_TERM_NAME_ID, REF_TERM_ID,  LANG_CS, TERM_NAME, CRT_PROV_ID, PHON_ALG_ID) VALUES (gen_uuid(), char_to_uuid('4e91efae-95ec-470d-86b2-a3a5202b651a'), 'en', 'step child', char_to_uuid('fadca076-3690-4a6e-af9e-f1cd68e8c7e8'), char_to_uuid('402CD339-D0E4-46CE-8FC2-12A4B0E17226'));--#!
INSERT INTO REF_TERM_NAME_TBL (REF_TERM_NAME_ID, REF_TERM_ID,  LANG_CS, TERM_NAME, CRT_PROV_ID, PHON_ALG_ID) VALUES (gen_uuid(), char_to_uuid('897e3c92-efb1-469b-8014-aca72b90ed3d'), 'en', 'stepdaughter', char_to_uuid('fadca076-3690-4a6e-af9e-f1cd68e8c7e8'), char_to_uuid('402CD339-D0E4-46CE-8FC2-12A4B0E17226'));--#!
INSERT INTO REF_TERM_NAME_TBL (REF_TERM_NAME_ID, REF_TERM_ID,  LANG_CS, TERM_NAME, CRT_PROV_ID, PHON_ALG_ID) VALUES (gen_uuid(), char_to_uuid('165ca910-6a2c-4fa2-b511-1d004de75a7b'), 'en', 'stepfather', char_to_uuid('fadca076-3690-4a6e-af9e-f1cd68e8c7e8'), char_to_uuid('402CD339-D0E4-46CE-8FC2-12A4B0E17226'));--#!
INSERT INTO REF_TERM_NAME_TBL (REF_TERM_NAME_ID, REF_TERM_ID,  LANG_CS, TERM_NAME, CRT_PROV_ID, PHON_ALG_ID) VALUES (gen_uuid(), char_to_uuid('465ab53f-616b-4231-8915-48dda5ee3f3b'), 'en', 'stepmother', char_to_uuid('fadca076-3690-4a6e-af9e-f1cd68e8c7e8'), char_to_uuid('402CD339-D0E4-46CE-8FC2-12A4B0E17226'));--#!
INSERT INTO REF_TERM_NAME_TBL (REF_TERM_NAME_ID, REF_TERM_ID,  LANG_CS, TERM_NAME, CRT_PROV_ID, PHON_ALG_ID) VALUES (gen_uuid(), char_to_uuid('3a68b733-a635-492f-bc39-558913c8b348'), 'en', 'step parent', char_to_uuid('fadca076-3690-4a6e-af9e-f1cd68e8c7e8'), char_to_uuid('402CD339-D0E4-46CE-8FC2-12A4B0E17226'));--#!
INSERT INTO REF_TERM_NAME_TBL (REF_TERM_NAME_ID, REF_TERM_ID,  LANG_CS, TERM_NAME, CRT_PROV_ID, PHON_ALG_ID) VALUES (gen_uuid(), char_to_uuid('3bd8dd0c-dca1-4e54-a402-75193e75461d'), 'en', 'step sibling', char_to_uuid('fadca076-3690-4a6e-af9e-f1cd68e8c7e8'), char_to_uuid('402CD339-D0E4-46CE-8FC2-12A4B0E17226'));--#!
INSERT INTO REF_TERM_NAME_TBL (REF_TERM_NAME_ID, REF_TERM_ID,  LANG_CS, TERM_NAME, CRT_PROV_ID, PHON_ALG_ID) VALUES (gen_uuid(), char_to_uuid('8c4fb863-090c-4ea7-b315-faafb1718a3e'), 'en', 'stepsister', char_to_uuid('fadca076-3690-4a6e-af9e-f1cd68e8c7e8'), char_to_uuid('402CD339-D0E4-46CE-8FC2-12A4B0E17226'));--#!
INSERT INTO REF_TERM_NAME_TBL (REF_TERM_NAME_ID, REF_TERM_ID,  LANG_CS, TERM_NAME, CRT_PROV_ID, PHON_ALG_ID) VALUES (gen_uuid(), char_to_uuid('d388f8e5-18ab-43d9-9184-7dd3502093b9'), 'en', 'stepson', char_to_uuid('fadca076-3690-4a6e-af9e-f1cd68e8c7e8'), char_to_uuid('402CD339-D0E4-46CE-8FC2-12A4B0E17226'));--#!
INSERT INTO REF_TERM_NAME_TBL (REF_TERM_NAME_ID, REF_TERM_ID,  LANG_CS, TERM_NAME, CRT_PROV_ID, PHON_ALG_ID) VALUES (gen_uuid(), char_to_uuid('b9fc7529-e47d-4980-a441-81f0392eabcb'), 'en', 'uncle', char_to_uuid('fadca076-3690-4a6e-af9e-f1cd68e8c7e8'), char_to_uuid('402CD339-D0E4-46CE-8FC2-12A4B0E17226'));--#!
INSERT INTO REF_TERM_NAME_TBL (REF_TERM_NAME_ID, REF_TERM_ID,  LANG_CS, TERM_NAME, CRT_PROV_ID, PHON_ALG_ID) VALUES (gen_uuid(), char_to_uuid('bdb39719-830b-4d78-b0b6-d76cb645695d'), 'en', 'wife', char_to_uuid('fadca076-3690-4a6e-af9e-f1cd68e8c7e8'), char_to_uuid('402CD339-D0E4-46CE-8FC2-12A4B0E17226'));--#!
INSERT INTO REF_TERM_NAME_TBL (REF_TERM_NAME_ID, REF_TERM_ID,  LANG_CS, TERM_NAME, CRT_PROV_ID, PHON_ALG_ID) VALUES (gen_uuid(), char_to_uuid('4e0814cf-f66f-400b-98aa-b69de7d24b99'), 'en', 'representative half-life', char_to_uuid('fadca076-3690-4a6e-af9e-f1cd68e8c7e8'), char_to_uuid('402CD339-D0E4-46CE-8FC2-12A4B0E17226'));--#!
INSERT INTO REF_TERM_NAME_TBL (REF_TERM_NAME_ID, REF_TERM_ID,  LANG_CS, TERM_NAME, CRT_PROV_ID, PHON_ALG_ID) VALUES (gen_uuid(), char_to_uuid('8c35ec18-20f6-44ea-94db-2d209373a5d3'), 'en', 'coating', char_to_uuid('fadca076-3690-4a6e-af9e-f1cd68e8c7e8'), char_to_uuid('402CD339-D0E4-46CE-8FC2-12A4B0E17226'));--#!
INSERT INTO REF_TERM_NAME_TBL (REF_TERM_NAME_ID, REF_TERM_ID,  LANG_CS, TERM_NAME, CRT_PROV_ID, PHON_ALG_ID) VALUES (gen_uuid(), char_to_uuid('fdc0a8e1-3241-4bbd-9390-32f2f30dfbb4'), 'en', 'color', char_to_uuid('fadca076-3690-4a6e-af9e-f1cd68e8c7e8'), char_to_uuid('402CD339-D0E4-46CE-8FC2-12A4B0E17226'));--#!
INSERT INTO REF_TERM_NAME_TBL (REF_TERM_NAME_ID, REF_TERM_ID,  LANG_CS, TERM_NAME, CRT_PROV_ID, PHON_ALG_ID) VALUES (gen_uuid(), char_to_uuid('0f2f2fa4-6426-48c2-89a9-d406f8004a94'), 'en', 'image', char_to_uuid('fadca076-3690-4a6e-af9e-f1cd68e8c7e8'), char_to_uuid('402CD339-D0E4-46CE-8FC2-12A4B0E17226'));--#!
INSERT INTO REF_TERM_NAME_TBL (REF_TERM_NAME_ID, REF_TERM_ID,  LANG_CS, TERM_NAME, CRT_PROV_ID, PHON_ALG_ID) VALUES (gen_uuid(), char_to_uuid('3acd1096-f64e-4275-a5b9-271e9a4eee28'), 'en', 'imprint code', char_to_uuid('fadca076-3690-4a6e-af9e-f1cd68e8c7e8'), char_to_uuid('402CD339-D0E4-46CE-8FC2-12A4B0E17226'));--#!
INSERT INTO REF_TERM_NAME_TBL (REF_TERM_NAME_ID, REF_TERM_ID,  LANG_CS, TERM_NAME, CRT_PROV_ID, PHON_ALG_ID) VALUES (gen_uuid(), char_to_uuid('a48c8730-70e4-4f6c-bb4a-bf4a5aae0a20'), 'en', 'scoring', char_to_uuid('fadca076-3690-4a6e-af9e-f1cd68e8c7e8'), char_to_uuid('402CD339-D0E4-46CE-8FC2-12A4B0E17226'));--#!
INSERT INTO REF_TERM_NAME_TBL (REF_TERM_NAME_ID, REF_TERM_ID,  LANG_CS, TERM_NAME, CRT_PROV_ID, PHON_ALG_ID) VALUES (gen_uuid(), char_to_uuid('52609c95-960d-45ec-8351-53e378ade473'), 'en', 'shape', char_to_uuid('fadca076-3690-4a6e-af9e-f1cd68e8c7e8'), char_to_uuid('402CD339-D0E4-46CE-8FC2-12A4B0E17226'));--#!
INSERT INTO REF_TERM_NAME_TBL (REF_TERM_NAME_ID, REF_TERM_ID,  LANG_CS, TERM_NAME, CRT_PROV_ID, PHON_ALG_ID) VALUES (gen_uuid(), char_to_uuid('539ae587-0ed7-446d-8e48-1b3735e6c423'), 'en', 'size', char_to_uuid('fadca076-3690-4a6e-af9e-f1cd68e8c7e8'), char_to_uuid('402CD339-D0E4-46CE-8FC2-12A4B0E17226'));--#!
INSERT INTO REF_TERM_NAME_TBL (REF_TERM_NAME_ID, REF_TERM_ID,  LANG_CS, TERM_NAME, CRT_PROV_ID, PHON_ALG_ID) VALUES (gen_uuid(), char_to_uuid('fb314812-1d33-414b-84b1-dd7b1a16d770'), 'en', 'symbol', char_to_uuid('fadca076-3690-4a6e-af9e-f1cd68e8c7e8'), char_to_uuid('402CD339-D0E4-46CE-8FC2-12A4B0E17226'));--#!
-- Concept Reference Terms
INSERT INTO CD_NAME_TBL (NAME_ID, CD_ID, EFFT_VRSN_SEQ_ID, LANG_CS, VAL, PHON_ALG_ID) SELECT  gen_uuid(), char_to_uuid('bbd960a1-3853-4b13-b62a-d768f93a08c5'), VRSN_SEQ_ID, 'en', 'Clinical Document', char_to_uuid('402CD339-D0E4-46CE-8FC2-12A4B0E17226') FROM CD_VRSN_TBL WHERE CD_ID = char_to_uuid('bbd960a1-3853-4b13-b62a-d768f93a08c5') AND OBSLT_UTC IS NULL;--#!
INSERT INTO CD_NAME_TBL (NAME_ID, CD_ID, EFFT_VRSN_SEQ_ID, LANG_CS, VAL, PHON_ALG_ID) SELECT  gen_uuid(), char_to_uuid('846c2ccf-5b02-4b3f-beb4-3d69ce7830dd'), VRSN_SEQ_ID, 'en', 'Consumable', char_to_uuid('402CD339-D0E4-46CE-8FC2-12A4B0E17226') FROM CD_VRSN_TBL WHERE CD_ID = char_to_uuid('846c2ccf-5b02-4b3f-beb4-3d69ce7830dd') AND OBSLT_UTC IS NULL;--#!
INSERT INTO CD_NAME_TBL (NAME_ID, CD_ID, EFFT_VRSN_SEQ_ID, LANG_CS, VAL, PHON_ALG_ID) SELECT  gen_uuid(), char_to_uuid('0f4ba634-5107-4eab-9658-25be293cd831'), VRSN_SEQ_ID, 'en', 'Document', char_to_uuid('402CD339-D0E4-46CE-8FC2-12A4B0E17226') FROM CD_VRSN_TBL WHERE CD_ID = char_to_uuid('0f4ba634-5107-4eab-9658-25be293cd831') AND OBSLT_UTC IS NULL;--#!
INSERT INTO CD_NAME_TBL (NAME_ID, CD_ID, EFFT_VRSN_SEQ_ID, LANG_CS, VAL, PHON_ALG_ID) SELECT  gen_uuid(), char_to_uuid('2557f7b4-e465-4965-b016-766f192131ab'), VRSN_SEQ_ID, 'en', 'Document body', char_to_uuid('402CD339-D0E4-46CE-8FC2-12A4B0E17226') FROM CD_VRSN_TBL WHERE CD_ID = char_to_uuid('2557f7b4-e465-4965-b016-766f192131ab') AND OBSLT_UTC IS NULL;--#!
INSERT INTO CD_NAME_TBL (NAME_ID, CD_ID, EFFT_VRSN_SEQ_ID, LANG_CS, VAL, PHON_ALG_ID) SELECT  gen_uuid(), char_to_uuid('4b98c47f-eaa5-472c-a2c6-97dddc0cb68c'), VRSN_SEQ_ID, 'en', 'Document section', char_to_uuid('402CD339-D0E4-46CE-8FC2-12A4B0E17226') FROM CD_VRSN_TBL WHERE CD_ID = char_to_uuid('4b98c47f-eaa5-472c-a2c6-97dddc0cb68c') AND OBSLT_UTC IS NULL;--#!
INSERT INTO CD_NAME_TBL (NAME_ID, CD_ID, EFFT_VRSN_SEQ_ID, LANG_CS, VAL, PHON_ALG_ID) SELECT  gen_uuid(), char_to_uuid('54b52119-1709-4098-8911-5df6d6c84140'), VRSN_SEQ_ID, 'en', 'Encounter', char_to_uuid('402CD339-D0E4-46CE-8FC2-12A4B0E17226') FROM CD_VRSN_TBL WHERE CD_ID = char_to_uuid('54b52119-1709-4098-8911-5df6d6c84140') AND OBSLT_UTC IS NULL;--#!
INSERT INTO CD_NAME_TBL (NAME_ID, CD_ID, EFFT_VRSN_SEQ_ID, LANG_CS, VAL, PHON_ALG_ID) SELECT  gen_uuid(), char_to_uuid('be84b6d3-446d-4e7e-b35d-2925f9f93434'), VRSN_SEQ_ID, 'en', 'Case', char_to_uuid('402CD339-D0E4-46CE-8FC2-12A4B0E17226') FROM CD_VRSN_TBL WHERE CD_ID = char_to_uuid('be84b6d3-446d-4e7e-b35d-2925f9f93434') AND OBSLT_UTC IS NULL;--#!
INSERT INTO CD_NAME_TBL (NAME_ID, CD_ID, EFFT_VRSN_SEQ_ID, LANG_CS, VAL, PHON_ALG_ID) SELECT  gen_uuid(), char_to_uuid('1987c53c-7ab8-4461-9ebc-0d428744a8c0'), VRSN_SEQ_ID, 'en', 'Condition', char_to_uuid('402CD339-D0E4-46CE-8FC2-12A4B0E17226') FROM CD_VRSN_TBL WHERE CD_ID = char_to_uuid('1987c53c-7ab8-4461-9ebc-0d428744a8c0') AND OBSLT_UTC IS NULL;--#!
INSERT INTO CD_NAME_TBL (NAME_ID, CD_ID, EFFT_VRSN_SEQ_ID, LANG_CS, VAL, PHON_ALG_ID) SELECT  gen_uuid(), char_to_uuid('43a9642c-a054-45df-9bee-99274b4635cd'), VRSN_SEQ_ID, 'en', 'General', char_to_uuid('402CD339-D0E4-46CE-8FC2-12A4B0E17226') FROM CD_VRSN_TBL WHERE CD_ID = char_to_uuid('43a9642c-a054-45df-9bee-99274b4635cd') AND OBSLT_UTC IS NULL;--#!
INSERT INTO CD_NAME_TBL (NAME_ID, CD_ID, EFFT_VRSN_SEQ_ID, LANG_CS, VAL, PHON_ALG_ID) SELECT  gen_uuid(), char_to_uuid('57619b4a-2c8a-4674-a7fc-8e4f9aeb4903'), VRSN_SEQ_ID, 'en', 'left lateral decubitus', char_to_uuid('402CD339-D0E4-46CE-8FC2-12A4B0E17226') FROM CD_VRSN_TBL WHERE CD_ID = char_to_uuid('57619b4a-2c8a-4674-a7fc-8e4f9aeb4903') AND OBSLT_UTC IS NULL;--#!
INSERT INTO CD_NAME_TBL (NAME_ID, CD_ID, EFFT_VRSN_SEQ_ID, LANG_CS, VAL, PHON_ALG_ID) SELECT  gen_uuid(), char_to_uuid('28d022c6-8a8b-47c4-9e6a-2bc67308739e'), VRSN_SEQ_ID, 'en', 'Observation', char_to_uuid('402CD339-D0E4-46CE-8FC2-12A4B0E17226') FROM CD_VRSN_TBL WHERE CD_ID = char_to_uuid('28d022c6-8a8b-47c4-9e6a-2bc67308739e') AND OBSLT_UTC IS NULL;--#!
INSERT INTO CD_NAME_TBL (NAME_ID, CD_ID, EFFT_VRSN_SEQ_ID, LANG_CS, VAL, PHON_ALG_ID) SELECT  gen_uuid(), char_to_uuid('118e2293-0f46-4b78-8252-ab078afb32d3'), VRSN_SEQ_ID, 'en', 'OBSSER', char_to_uuid('402CD339-D0E4-46CE-8FC2-12A4B0E17226') FROM CD_VRSN_TBL WHERE CD_ID = char_to_uuid('118e2293-0f46-4b78-8252-ab078afb32d3') AND OBSLT_UTC IS NULL;--#!
INSERT INTO CD_NAME_TBL (NAME_ID, CD_ID, EFFT_VRSN_SEQ_ID, LANG_CS, VAL, PHON_ALG_ID) SELECT  gen_uuid(), char_to_uuid('40829e76-33ec-420c-ae79-c9b9dc5a3481'), VRSN_SEQ_ID, 'en', 'Position', char_to_uuid('402CD339-D0E4-46CE-8FC2-12A4B0E17226') FROM CD_VRSN_TBL WHERE CD_ID = char_to_uuid('40829e76-33ec-420c-ae79-c9b9dc5a3481') AND OBSLT_UTC IS NULL;--#!
INSERT INTO CD_NAME_TBL (NAME_ID, CD_ID, EFFT_VRSN_SEQ_ID, LANG_CS, VAL, PHON_ALG_ID) SELECT  gen_uuid(), char_to_uuid('0804e3a1-abe6-4bfb-9ad3-5484f170d181'), VRSN_SEQ_ID, 'en', 'prone', char_to_uuid('402CD339-D0E4-46CE-8FC2-12A4B0E17226') FROM CD_VRSN_TBL WHERE CD_ID = char_to_uuid('0804e3a1-abe6-4bfb-9ad3-5484f170d181') AND OBSLT_UTC IS NULL;--#!
INSERT INTO CD_NAME_TBL (NAME_ID, CD_ID, EFFT_VRSN_SEQ_ID, LANG_CS, VAL, PHON_ALG_ID) SELECT  gen_uuid(), char_to_uuid('80c58da9-917c-450b-843f-de21e4ae41a9'), VRSN_SEQ_ID, 'en', 'right lateral decubitus', char_to_uuid('402CD339-D0E4-46CE-8FC2-12A4B0E17226') FROM CD_VRSN_TBL WHERE CD_ID = char_to_uuid('80c58da9-917c-450b-843f-de21e4ae41a9') AND OBSLT_UTC IS NULL;--#!
INSERT INTO CD_NAME_TBL (NAME_ID, CD_ID, EFFT_VRSN_SEQ_ID, LANG_CS, VAL, PHON_ALG_ID) SELECT  gen_uuid(), char_to_uuid('22304ab0-b133-494a-ad30-4d9170176f99'), VRSN_SEQ_ID, 'en', 'Semi-Fowler''s', char_to_uuid('402CD339-D0E4-46CE-8FC2-12A4B0E17226') FROM CD_VRSN_TBL WHERE CD_ID = char_to_uuid('22304ab0-b133-494a-ad30-4d9170176f99') AND OBSLT_UTC IS NULL;--#!
INSERT INTO CD_NAME_TBL (NAME_ID, CD_ID, EFFT_VRSN_SEQ_ID, LANG_CS, VAL, PHON_ALG_ID) SELECT  gen_uuid(), char_to_uuid('487e2e90-c2ab-4693-b190-2c4e2f0e7cec'), VRSN_SEQ_ID, 'en', 'sitting', char_to_uuid('402CD339-D0E4-46CE-8FC2-12A4B0E17226') FROM CD_VRSN_TBL WHERE CD_ID = char_to_uuid('487e2e90-c2ab-4693-b190-2c4e2f0e7cec') AND OBSLT_UTC IS NULL;--#!
INSERT INTO CD_NAME_TBL (NAME_ID, CD_ID, EFFT_VRSN_SEQ_ID, LANG_CS, VAL, PHON_ALG_ID) SELECT  gen_uuid(), char_to_uuid('7ce22b9d-e062-447c-a921-71e690ebd5cf'), VRSN_SEQ_ID, 'en', 'standing', char_to_uuid('402CD339-D0E4-46CE-8FC2-12A4B0E17226') FROM CD_VRSN_TBL WHERE CD_ID = char_to_uuid('7ce22b9d-e062-447c-a921-71e690ebd5cf') AND OBSLT_UTC IS NULL;--#!
INSERT INTO CD_NAME_TBL (NAME_ID, CD_ID, EFFT_VRSN_SEQ_ID, LANG_CS, VAL, PHON_ALG_ID) SELECT  gen_uuid(), char_to_uuid('ec38d31f-a187-4921-9fb6-ff9d227e9e9c'), VRSN_SEQ_ID, 'en', 'supine', char_to_uuid('402CD339-D0E4-46CE-8FC2-12A4B0E17226') FROM CD_VRSN_TBL WHERE CD_ID = char_to_uuid('ec38d31f-a187-4921-9fb6-ff9d227e9e9c') AND OBSLT_UTC IS NULL;--#!
INSERT INTO CD_NAME_TBL (NAME_ID, CD_ID, EFFT_VRSN_SEQ_ID, LANG_CS, VAL, PHON_ALG_ID) SELECT  gen_uuid(), char_to_uuid('bc6b2fc6-6542-4bec-96eb-8573a606dbb4'), VRSN_SEQ_ID, 'en', 'reverse trendelenburg', char_to_uuid('402CD339-D0E4-46CE-8FC2-12A4B0E17226') FROM CD_VRSN_TBL WHERE CD_ID = char_to_uuid('bc6b2fc6-6542-4bec-96eb-8573a606dbb4') AND OBSLT_UTC IS NULL;--#!
INSERT INTO CD_NAME_TBL (NAME_ID, CD_ID, EFFT_VRSN_SEQ_ID, LANG_CS, VAL, PHON_ALG_ID) SELECT  gen_uuid(), char_to_uuid('ab94417b-0d1a-4c46-8d55-6c3fba04ed7e'), VRSN_SEQ_ID, 'en', 'trendelenburg', char_to_uuid('402CD339-D0E4-46CE-8FC2-12A4B0E17226') FROM CD_VRSN_TBL WHERE CD_ID = char_to_uuid('ab94417b-0d1a-4c46-8d55-6c3fba04ed7e') AND OBSLT_UTC IS NULL;--#!
INSERT INTO CD_NAME_TBL (NAME_ID, CD_ID, EFFT_VRSN_SEQ_ID, LANG_CS, VAL, PHON_ALG_ID) SELECT  gen_uuid(), char_to_uuid('82d09e9e-9b12-47dd-acba-0557cc025bd7'), VRSN_SEQ_ID, 'en', 'overlay ROI', char_to_uuid('402CD339-D0E4-46CE-8FC2-12A4B0E17226') FROM CD_VRSN_TBL WHERE CD_ID = char_to_uuid('82d09e9e-9b12-47dd-acba-0557cc025bd7') AND OBSLT_UTC IS NULL;--#!
INSERT INTO CD_NAME_TBL (NAME_ID, CD_ID, EFFT_VRSN_SEQ_ID, LANG_CS, VAL, PHON_ALG_ID) SELECT  gen_uuid(), char_to_uuid('932a3c7e-ad77-450a-8a1f-030fc2855450'), VRSN_SEQ_ID, 'en', 'Substance administration', char_to_uuid('402CD339-D0E4-46CE-8FC2-12A4B0E17226') FROM CD_VRSN_TBL WHERE CD_ID = char_to_uuid('932a3c7e-ad77-450a-8a1f-030fc2855450') AND OBSLT_UTC IS NULL;--#!
INSERT INTO CD_NAME_TBL (NAME_ID, CD_ID, EFFT_VRSN_SEQ_ID, LANG_CS, VAL, PHON_ALG_ID) SELECT  gen_uuid(), char_to_uuid('a064984f-9847-4480-8bea-dddf64b3c77c'), VRSN_SEQ_ID, 'en', 'Supply', char_to_uuid('402CD339-D0E4-46CE-8FC2-12A4B0E17226') FROM CD_VRSN_TBL WHERE CD_ID = char_to_uuid('a064984f-9847-4480-8bea-dddf64b3c77c') AND OBSLT_UTC IS NULL;--#!
INSERT INTO CD_NAME_TBL (NAME_ID, CD_ID, EFFT_VRSN_SEQ_ID, LANG_CS, VAL, PHON_ALG_ID) SELECT  gen_uuid(), char_to_uuid('73a70eea-06cd-4865-a5f7-f010e33ba4f3'), VRSN_SEQ_ID, 'en', 'ambulatory', char_to_uuid('402CD339-D0E4-46CE-8FC2-12A4B0E17226') FROM CD_VRSN_TBL WHERE CD_ID = char_to_uuid('73a70eea-06cd-4865-a5f7-f010e33ba4f3') AND OBSLT_UTC IS NULL;--#!
INSERT INTO CD_NAME_TBL (NAME_ID, CD_ID, EFFT_VRSN_SEQ_ID, LANG_CS, VAL, PHON_ALG_ID) SELECT  gen_uuid(), char_to_uuid('b47f044d-a9c8-4a65-9f84-d99d913beb97'), VRSN_SEQ_ID, 'en', 'emergency', char_to_uuid('402CD339-D0E4-46CE-8FC2-12A4B0E17226') FROM CD_VRSN_TBL WHERE CD_ID = char_to_uuid('b47f044d-a9c8-4a65-9f84-d99d913beb97') AND OBSLT_UTC IS NULL;--#!
INSERT INTO CD_NAME_TBL (NAME_ID, CD_ID, EFFT_VRSN_SEQ_ID, LANG_CS, VAL, PHON_ALG_ID) SELECT  gen_uuid(), char_to_uuid('21a61f18-1fc5-47c0-a235-721d2f965e33'), VRSN_SEQ_ID, 'en', 'field', char_to_uuid('402CD339-D0E4-46CE-8FC2-12A4B0E17226') FROM CD_VRSN_TBL WHERE CD_ID = char_to_uuid('21a61f18-1fc5-47c0-a235-721d2f965e33') AND OBSLT_UTC IS NULL;--#!
INSERT INTO CD_NAME_TBL (NAME_ID, CD_ID, EFFT_VRSN_SEQ_ID, LANG_CS, VAL, PHON_ALG_ID) SELECT  gen_uuid(), char_to_uuid('f38f409f-3e92-4e6b-b8fd-b2abc7e6c177'), VRSN_SEQ_ID, 'en', 'home health', char_to_uuid('402CD339-D0E4-46CE-8FC2-12A4B0E17226') FROM CD_VRSN_TBL WHERE CD_ID = char_to_uuid('f38f409f-3e92-4e6b-b8fd-b2abc7e6c177') AND OBSLT_UTC IS NULL;--#!
INSERT INTO CD_NAME_TBL (NAME_ID, CD_ID, EFFT_VRSN_SEQ_ID, LANG_CS, VAL, PHON_ALG_ID) SELECT  gen_uuid(), char_to_uuid('fdae49aa-6fcb-40ae-9653-744e87fdd692'), VRSN_SEQ_ID, 'en', 'inpatient encounter', char_to_uuid('402CD339-D0E4-46CE-8FC2-12A4B0E17226') FROM CD_VRSN_TBL WHERE CD_ID = char_to_uuid('fdae49aa-6fcb-40ae-9653-744e87fdd692') AND OBSLT_UTC IS NULL;--#!
INSERT INTO CD_NAME_TBL (NAME_ID, CD_ID, EFFT_VRSN_SEQ_ID, LANG_CS, VAL, PHON_ALG_ID) SELECT  gen_uuid(), char_to_uuid('9613f16a-f962-4c27-8489-b78aebd7e2ec'), VRSN_SEQ_ID, 'en', 'inpatient acute', char_to_uuid('402CD339-D0E4-46CE-8FC2-12A4B0E17226') FROM CD_VRSN_TBL WHERE CD_ID = char_to_uuid('9613f16a-f962-4c27-8489-b78aebd7e2ec') AND OBSLT_UTC IS NULL;--#!
INSERT INTO CD_NAME_TBL (NAME_ID, CD_ID, EFFT_VRSN_SEQ_ID, LANG_CS, VAL, PHON_ALG_ID) SELECT  gen_uuid(), char_to_uuid('90c2f40c-784e-4260-8b91-66bb032d3652'), VRSN_SEQ_ID, 'en', 'inpatient non-acute', char_to_uuid('402CD339-D0E4-46CE-8FC2-12A4B0E17226') FROM CD_VRSN_TBL WHERE CD_ID = char_to_uuid('90c2f40c-784e-4260-8b91-66bb032d3652') AND OBSLT_UTC IS NULL;--#!
INSERT INTO CD_NAME_TBL (NAME_ID, CD_ID, EFFT_VRSN_SEQ_ID, LANG_CS, VAL, PHON_ALG_ID) SELECT  gen_uuid(), char_to_uuid('1a76e650-0242-4b40-9267-bf3a5b386c96'), VRSN_SEQ_ID, 'en', 'short stay', char_to_uuid('402CD339-D0E4-46CE-8FC2-12A4B0E17226') FROM CD_VRSN_TBL WHERE CD_ID = char_to_uuid('1a76e650-0242-4b40-9267-bf3a5b386c96') AND OBSLT_UTC IS NULL;--#!
INSERT INTO CD_NAME_TBL (NAME_ID, CD_ID, EFFT_VRSN_SEQ_ID, LANG_CS, VAL, PHON_ALG_ID) SELECT  gen_uuid(), char_to_uuid('5a5023c9-9a53-4f4f-a9b2-5938c71041e7'), VRSN_SEQ_ID, 'en', 'virtual', char_to_uuid('402CD339-D0E4-46CE-8FC2-12A4B0E17226') FROM CD_VRSN_TBL WHERE CD_ID = char_to_uuid('5a5023c9-9a53-4f4f-a9b2-5938c71041e7') AND OBSLT_UTC IS NULL;--#!
INSERT INTO CD_NAME_TBL (NAME_ID, CD_ID, EFFT_VRSN_SEQ_ID, LANG_CS, VAL, PHON_ALG_ID) SELECT  gen_uuid(), char_to_uuid('7a4a0c9c-cf1c-423a-987e-d2a5717ac74e'), VRSN_SEQ_ID, 'en', 'Event (critereon)', char_to_uuid('402CD339-D0E4-46CE-8FC2-12A4B0E17226') FROM CD_VRSN_TBL WHERE CD_ID = char_to_uuid('7a4a0c9c-cf1c-423a-987e-d2a5717ac74e') AND OBSLT_UTC IS NULL;--#!
INSERT INTO CD_NAME_TBL (NAME_ID, CD_ID, EFFT_VRSN_SEQ_ID, LANG_CS, VAL, PHON_ALG_ID) SELECT  gen_uuid(), char_to_uuid('ec74541f-87c4-4327-a4b9-97f325501747'), VRSN_SEQ_ID, 'en', 'event (occurrence)', char_to_uuid('402CD339-D0E4-46CE-8FC2-12A4B0E17226') FROM CD_VRSN_TBL WHERE CD_ID = char_to_uuid('ec74541f-87c4-4327-a4b9-97f325501747') AND OBSLT_UTC IS NULL;--#!
INSERT INTO CD_NAME_TBL (NAME_ID, CD_ID, EFFT_VRSN_SEQ_ID, LANG_CS, VAL, PHON_ALG_ID) SELECT  gen_uuid(), char_to_uuid('29894070-a76b-47ef-8c16-d84e0acd9ea6'), VRSN_SEQ_ID, 'en', 'Authenticates', char_to_uuid('402CD339-D0E4-46CE-8FC2-12A4B0E17226') FROM CD_VRSN_TBL WHERE CD_ID = char_to_uuid('29894070-a76b-47ef-8c16-d84e0acd9ea6') AND OBSLT_UTC IS NULL;--#!
INSERT INTO CD_NAME_TBL (NAME_ID, CD_ID, EFFT_VRSN_SEQ_ID, LANG_CS, VAL, PHON_ALG_ID) SELECT  gen_uuid(), char_to_uuid('646542bc-72e4-488b-bbf4-865d452e62ec'), VRSN_SEQ_ID, 'en', 'Fulfills', char_to_uuid('402CD339-D0E4-46CE-8FC2-12A4B0E17226') FROM CD_VRSN_TBL WHERE CD_ID = char_to_uuid('646542bc-72e4-488b-bbf4-865d452e62ec') AND OBSLT_UTC IS NULL;--#!
INSERT INTO CD_NAME_TBL (NAME_ID, CD_ID, EFFT_VRSN_SEQ_ID, LANG_CS, VAL, PHON_ALG_ID) SELECT  gen_uuid(), char_to_uuid('78b9540f-438b-4b6f-8d83-aaf4979dbc64'), VRSN_SEQ_ID, 'en', 'has component', char_to_uuid('402CD339-D0E4-46CE-8FC2-12A4B0E17226') FROM CD_VRSN_TBL WHERE CD_ID = char_to_uuid('78b9540f-438b-4b6f-8d83-aaf4979dbc64') AND OBSLT_UTC IS NULL;--#!
INSERT INTO CD_NAME_TBL (NAME_ID, CD_ID, EFFT_VRSN_SEQ_ID, LANG_CS, VAL, PHON_ALG_ID) SELECT  gen_uuid(), char_to_uuid('26fe590c-3684-4574-9359-057fdd06ba61'), VRSN_SEQ_ID, 'en', 'arrival', char_to_uuid('402CD339-D0E4-46CE-8FC2-12A4B0E17226') FROM CD_VRSN_TBL WHERE CD_ID = char_to_uuid('26fe590c-3684-4574-9359-057fdd06ba61') AND OBSLT_UTC IS NULL;--#!
INSERT INTO CD_NAME_TBL (NAME_ID, CD_ID, EFFT_VRSN_SEQ_ID, LANG_CS, VAL, PHON_ALG_ID) SELECT  gen_uuid(), char_to_uuid('85f68168-2a43-4532-bc79-191fa0b47c8b'), VRSN_SEQ_ID, 'en', 'has control variable', char_to_uuid('402CD339-D0E4-46CE-8FC2-12A4B0E17226') FROM CD_VRSN_TBL WHERE CD_ID = char_to_uuid('85f68168-2a43-4532-bc79-191fa0b47c8b') AND OBSLT_UTC IS NULL;--#!
INSERT INTO CD_NAME_TBL (NAME_ID, CD_ID, EFFT_VRSN_SEQ_ID, LANG_CS, VAL, PHON_ALG_ID) SELECT  gen_uuid(), char_to_uuid('28c81cdc-ca56-4c92-b691-094e89630642'), VRSN_SEQ_ID, 'en', 'departure', char_to_uuid('402CD339-D0E4-46CE-8FC2-12A4B0E17226') FROM CD_VRSN_TBL WHERE CD_ID = char_to_uuid('28c81cdc-ca56-4c92-b691-094e89630642') AND OBSLT_UTC IS NULL;--#!
INSERT INTO CD_NAME_TBL (NAME_ID, CD_ID, EFFT_VRSN_SEQ_ID, LANG_CS, VAL, PHON_ALG_ID) SELECT  gen_uuid(), char_to_uuid('5a280fc0-8c26-4191-b204-b1b1e4e19462'), VRSN_SEQ_ID, 'en', 'has pre-condition', char_to_uuid('402CD339-D0E4-46CE-8FC2-12A4B0E17226') FROM CD_VRSN_TBL WHERE CD_ID = char_to_uuid('5a280fc0-8c26-4191-b204-b1b1e4e19462') AND OBSLT_UTC IS NULL;--#!
INSERT INTO CD_NAME_TBL (NAME_ID, CD_ID, EFFT_VRSN_SEQ_ID, LANG_CS, VAL, PHON_ALG_ID) SELECT  gen_uuid(), char_to_uuid('99488a1d-6d97-4013-8c91-ded6ad3b8e89'), VRSN_SEQ_ID, 'en', 'REFV', char_to_uuid('402CD339-D0E4-46CE-8FC2-12A4B0E17226') FROM CD_VRSN_TBL WHERE CD_ID = char_to_uuid('99488a1d-6d97-4013-8c91-ded6ad3b8e89') AND OBSLT_UTC IS NULL;--#!
INSERT INTO CD_NAME_TBL (NAME_ID, CD_ID, EFFT_VRSN_SEQ_ID, LANG_CS, VAL, PHON_ALG_ID) SELECT  gen_uuid(), char_to_uuid('07e4d325-63b9-487d-a22c-9b194c09a6ba'), VRSN_SEQ_ID, 'en', 'Argentine Peso', char_to_uuid('402CD339-D0E4-46CE-8FC2-12A4B0E17226') FROM CD_VRSN_TBL WHERE CD_ID = char_to_uuid('07e4d325-63b9-487d-a22c-9b194c09a6ba') AND OBSLT_UTC IS NULL;--#!
INSERT INTO CD_NAME_TBL (NAME_ID, CD_ID, EFFT_VRSN_SEQ_ID, LANG_CS, VAL, PHON_ALG_ID) SELECT  gen_uuid(), char_to_uuid('c3b1a717-74d0-4ae3-830c-efddcc57bb92'), VRSN_SEQ_ID, 'en', 'Australian Dollar', char_to_uuid('402CD339-D0E4-46CE-8FC2-12A4B0E17226') FROM CD_VRSN_TBL WHERE CD_ID = char_to_uuid('c3b1a717-74d0-4ae3-830c-efddcc57bb92') AND OBSLT_UTC IS NULL;--#!
INSERT INTO CD_NAME_TBL (NAME_ID, CD_ID, EFFT_VRSN_SEQ_ID, LANG_CS, VAL, PHON_ALG_ID) SELECT  gen_uuid(), char_to_uuid('16d4c8a8-5776-4c34-b189-018d236f1cb6'), VRSN_SEQ_ID, 'en', 'Brazilian Real', char_to_uuid('402CD339-D0E4-46CE-8FC2-12A4B0E17226') FROM CD_VRSN_TBL WHERE CD_ID = char_to_uuid('16d4c8a8-5776-4c34-b189-018d236f1cb6') AND OBSLT_UTC IS NULL;--#!
INSERT INTO CD_NAME_TBL (NAME_ID, CD_ID, EFFT_VRSN_SEQ_ID, LANG_CS, VAL, PHON_ALG_ID) SELECT  gen_uuid(), char_to_uuid('802ae6bb-31b8-401a-9d40-9ce3c3da227c'), VRSN_SEQ_ID, 'en', 'Canadian Dollar', char_to_uuid('402CD339-D0E4-46CE-8FC2-12A4B0E17226') FROM CD_VRSN_TBL WHERE CD_ID = char_to_uuid('802ae6bb-31b8-401a-9d40-9ce3c3da227c') AND OBSLT_UTC IS NULL;--#!
INSERT INTO CD_NAME_TBL (NAME_ID, CD_ID, EFFT_VRSN_SEQ_ID, LANG_CS, VAL, PHON_ALG_ID) SELECT  gen_uuid(), char_to_uuid('2ca49a5f-af50-402d-9263-7725071c3ed9'), VRSN_SEQ_ID, 'en', 'Swiss Franc', char_to_uuid('402CD339-D0E4-46CE-8FC2-12A4B0E17226') FROM CD_VRSN_TBL WHERE CD_ID = char_to_uuid('2ca49a5f-af50-402d-9263-7725071c3ed9') AND OBSLT_UTC IS NULL;--#!
INSERT INTO CD_NAME_TBL (NAME_ID, CD_ID, EFFT_VRSN_SEQ_ID, LANG_CS, VAL, PHON_ALG_ID) SELECT  gen_uuid(), char_to_uuid('f81e1097-ed9e-461b-9e1f-52bd7ed47236'), VRSN_SEQ_ID, 'en', 'Unidades de Formento', char_to_uuid('402CD339-D0E4-46CE-8FC2-12A4B0E17226') FROM CD_VRSN_TBL WHERE CD_ID = char_to_uuid('f81e1097-ed9e-461b-9e1f-52bd7ed47236') AND OBSLT_UTC IS NULL;--#!
INSERT INTO CD_NAME_TBL (NAME_ID, CD_ID, EFFT_VRSN_SEQ_ID, LANG_CS, VAL, PHON_ALG_ID) SELECT  gen_uuid(), char_to_uuid('31a56b8d-b358-453a-a3c8-b1d60ee52578'), VRSN_SEQ_ID, 'en', 'Yuan Renminbi', char_to_uuid('402CD339-D0E4-46CE-8FC2-12A4B0E17226') FROM CD_VRSN_TBL WHERE CD_ID = char_to_uuid('31a56b8d-b358-453a-a3c8-b1d60ee52578') AND OBSLT_UTC IS NULL;--#!
INSERT INTO CD_NAME_TBL (NAME_ID, CD_ID, EFFT_VRSN_SEQ_ID, LANG_CS, VAL, PHON_ALG_ID) SELECT  gen_uuid(), char_to_uuid('50829a86-6643-423c-bbae-eb3119575349'), VRSN_SEQ_ID, 'en', 'Deutsche Mark', char_to_uuid('402CD339-D0E4-46CE-8FC2-12A4B0E17226') FROM CD_VRSN_TBL WHERE CD_ID = char_to_uuid('50829a86-6643-423c-bbae-eb3119575349') AND OBSLT_UTC IS NULL;--#!
INSERT INTO CD_NAME_TBL (NAME_ID, CD_ID, EFFT_VRSN_SEQ_ID, LANG_CS, VAL, PHON_ALG_ID) SELECT  gen_uuid(), char_to_uuid('9b3412c0-adb9-41fa-9b23-2557bd0b3348'), VRSN_SEQ_ID, 'en', 'Spanish Peseta', char_to_uuid('402CD339-D0E4-46CE-8FC2-12A4B0E17226') FROM CD_VRSN_TBL WHERE CD_ID = char_to_uuid('9b3412c0-adb9-41fa-9b23-2557bd0b3348') AND OBSLT_UTC IS NULL;--#!
INSERT INTO CD_NAME_TBL (NAME_ID, CD_ID, EFFT_VRSN_SEQ_ID, LANG_CS, VAL, PHON_ALG_ID) SELECT  gen_uuid(), char_to_uuid('4f509ada-d366-41ac-bd84-e0b3046a0ffc'), VRSN_SEQ_ID, 'en', 'Euro', char_to_uuid('402CD339-D0E4-46CE-8FC2-12A4B0E17226') FROM CD_VRSN_TBL WHERE CD_ID = char_to_uuid('4f509ada-d366-41ac-bd84-e0b3046a0ffc') AND OBSLT_UTC IS NULL;--#!
INSERT INTO CD_NAME_TBL (NAME_ID, CD_ID, EFFT_VRSN_SEQ_ID, LANG_CS, VAL, PHON_ALG_ID) SELECT  gen_uuid(), char_to_uuid('e769140d-195e-4fdf-b64f-0da4ecf74b36'), VRSN_SEQ_ID, 'en', 'Markka', char_to_uuid('402CD339-D0E4-46CE-8FC2-12A4B0E17226') FROM CD_VRSN_TBL WHERE CD_ID = char_to_uuid('e769140d-195e-4fdf-b64f-0da4ecf74b36') AND OBSLT_UTC IS NULL;--#!
INSERT INTO CD_NAME_TBL (NAME_ID, CD_ID, EFFT_VRSN_SEQ_ID, LANG_CS, VAL, PHON_ALG_ID) SELECT  gen_uuid(), char_to_uuid('221bc06c-27f4-4244-8efe-a7b968fbdbd6'), VRSN_SEQ_ID, 'en', 'French Franc', char_to_uuid('402CD339-D0E4-46CE-8FC2-12A4B0E17226') FROM CD_VRSN_TBL WHERE CD_ID = char_to_uuid('221bc06c-27f4-4244-8efe-a7b968fbdbd6') AND OBSLT_UTC IS NULL;--#!
INSERT INTO CD_NAME_TBL (NAME_ID, CD_ID, EFFT_VRSN_SEQ_ID, LANG_CS, VAL, PHON_ALG_ID) SELECT  gen_uuid(), char_to_uuid('d920a941-ec06-4d0d-9f60-631b790f8e0d'), VRSN_SEQ_ID, 'en', 'Pound Sterling', char_to_uuid('402CD339-D0E4-46CE-8FC2-12A4B0E17226') FROM CD_VRSN_TBL WHERE CD_ID = char_to_uuid('d920a941-ec06-4d0d-9f60-631b790f8e0d') AND OBSLT_UTC IS NULL;--#!
INSERT INTO CD_NAME_TBL (NAME_ID, CD_ID, EFFT_VRSN_SEQ_ID, LANG_CS, VAL, PHON_ALG_ID) SELECT  gen_uuid(), char_to_uuid('f730f892-ebcc-43bc-8d39-bda98bc76563'), VRSN_SEQ_ID, 'en', 'Shekel', char_to_uuid('402CD339-D0E4-46CE-8FC2-12A4B0E17226') FROM CD_VRSN_TBL WHERE CD_ID = char_to_uuid('f730f892-ebcc-43bc-8d39-bda98bc76563') AND OBSLT_UTC IS NULL;--#!
INSERT INTO CD_NAME_TBL (NAME_ID, CD_ID, EFFT_VRSN_SEQ_ID, LANG_CS, VAL, PHON_ALG_ID) SELECT  gen_uuid(), char_to_uuid('e0f40a69-0e09-44e1-bd37-080ac88661e3'), VRSN_SEQ_ID, 'en', 'Indian Rupee', char_to_uuid('402CD339-D0E4-46CE-8FC2-12A4B0E17226') FROM CD_VRSN_TBL WHERE CD_ID = char_to_uuid('e0f40a69-0e09-44e1-bd37-080ac88661e3') AND OBSLT_UTC IS NULL;--#!
INSERT INTO CD_NAME_TBL (NAME_ID, CD_ID, EFFT_VRSN_SEQ_ID, LANG_CS, VAL, PHON_ALG_ID) SELECT  gen_uuid(), char_to_uuid('da22b2fb-bf0b-4aa6-8dcc-cb4c4cad1ca8'), VRSN_SEQ_ID, 'en', 'Yen', char_to_uuid('402CD339-D0E4-46CE-8FC2-12A4B0E17226') FROM CD_VRSN_TBL WHERE CD_ID = char_to_uuid('da22b2fb-bf0b-4aa6-8dcc-cb4c4cad1ca8') AND OBSLT_UTC IS NULL;--#!
INSERT INTO CD_NAME_TBL (NAME_ID, CD_ID, EFFT_VRSN_SEQ_ID, LANG_CS, VAL, PHON_ALG_ID) SELECT  gen_uuid(), char_to_uuid('c898b180-dad0-4115-9200-f48329fd7771'), VRSN_SEQ_ID, 'en', 'Won', char_to_uuid('402CD339-D0E4-46CE-8FC2-12A4B0E17226') FROM CD_VRSN_TBL WHERE CD_ID = char_to_uuid('c898b180-dad0-4115-9200-f48329fd7771') AND OBSLT_UTC IS NULL;--#!
INSERT INTO CD_NAME_TBL (NAME_ID, CD_ID, EFFT_VRSN_SEQ_ID, LANG_CS, VAL, PHON_ALG_ID) SELECT  gen_uuid(), char_to_uuid('cfbed12b-ffb1-48d7-b0ab-68f898a76749'), VRSN_SEQ_ID, 'en', 'Mexican Nuevo Peso', char_to_uuid('402CD339-D0E4-46CE-8FC2-12A4B0E17226') FROM CD_VRSN_TBL WHERE CD_ID = char_to_uuid('cfbed12b-ffb1-48d7-b0ab-68f898a76749') AND OBSLT_UTC IS NULL;--#!
INSERT INTO CD_NAME_TBL (NAME_ID, CD_ID, EFFT_VRSN_SEQ_ID, LANG_CS, VAL, PHON_ALG_ID) SELECT  gen_uuid(), char_to_uuid('a5a71f07-0235-42e8-beab-adefeb357bf5'), VRSN_SEQ_ID, 'en', 'Netherlands Guilder', char_to_uuid('402CD339-D0E4-46CE-8FC2-12A4B0E17226') FROM CD_VRSN_TBL WHERE CD_ID = char_to_uuid('a5a71f07-0235-42e8-beab-adefeb357bf5') AND OBSLT_UTC IS NULL;--#!
INSERT INTO CD_NAME_TBL (NAME_ID, CD_ID, EFFT_VRSN_SEQ_ID, LANG_CS, VAL, PHON_ALG_ID) SELECT  gen_uuid(), char_to_uuid('742b318f-8198-4dde-9b43-34d20d0c18e2'), VRSN_SEQ_ID, 'en', 'New Zealand Dollar', char_to_uuid('402CD339-D0E4-46CE-8FC2-12A4B0E17226') FROM CD_VRSN_TBL WHERE CD_ID = char_to_uuid('742b318f-8198-4dde-9b43-34d20d0c18e2') AND OBSLT_UTC IS NULL;--#!
INSERT INTO CD_NAME_TBL (NAME_ID, CD_ID, EFFT_VRSN_SEQ_ID, LANG_CS, VAL, PHON_ALG_ID) SELECT  gen_uuid(), char_to_uuid('a0d72d7c-b32f-4619-a943-f40ced704df6'), VRSN_SEQ_ID, 'en', 'Philippine Peso', char_to_uuid('402CD339-D0E4-46CE-8FC2-12A4B0E17226') FROM CD_VRSN_TBL WHERE CD_ID = char_to_uuid('a0d72d7c-b32f-4619-a943-f40ced704df6') AND OBSLT_UTC IS NULL;--#!
INSERT INTO CD_NAME_TBL (NAME_ID, CD_ID, EFFT_VRSN_SEQ_ID, LANG_CS, VAL, PHON_ALG_ID) SELECT  gen_uuid(), char_to_uuid('c44dd7b3-4e4e-493f-9ace-557ca3c672a7'), VRSN_SEQ_ID, 'en', 'Russian Ruble', char_to_uuid('402CD339-D0E4-46CE-8FC2-12A4B0E17226') FROM CD_VRSN_TBL WHERE CD_ID = char_to_uuid('c44dd7b3-4e4e-493f-9ace-557ca3c672a7') AND OBSLT_UTC IS NULL;--#!
INSERT INTO CD_NAME_TBL (NAME_ID, CD_ID, EFFT_VRSN_SEQ_ID, LANG_CS, VAL, PHON_ALG_ID) SELECT  gen_uuid(), char_to_uuid('44d04d8c-a81b-47ce-8857-c88cc92e8dfc'), VRSN_SEQ_ID, 'en', 'Baht', char_to_uuid('402CD339-D0E4-46CE-8FC2-12A4B0E17226') FROM CD_VRSN_TBL WHERE CD_ID = char_to_uuid('44d04d8c-a81b-47ce-8857-c88cc92e8dfc') AND OBSLT_UTC IS NULL;--#!
INSERT INTO CD_NAME_TBL (NAME_ID, CD_ID, EFFT_VRSN_SEQ_ID, LANG_CS, VAL, PHON_ALG_ID) SELECT  gen_uuid(), char_to_uuid('eb55fb0a-126d-4f97-a7e4-454d600c5c9a'), VRSN_SEQ_ID, 'en', 'Lira', char_to_uuid('402CD339-D0E4-46CE-8FC2-12A4B0E17226') FROM CD_VRSN_TBL WHERE CD_ID = char_to_uuid('eb55fb0a-126d-4f97-a7e4-454d600c5c9a') AND OBSLT_UTC IS NULL;--#!
INSERT INTO CD_NAME_TBL (NAME_ID, CD_ID, EFFT_VRSN_SEQ_ID, LANG_CS, VAL, PHON_ALG_ID) SELECT  gen_uuid(), char_to_uuid('d18cc00b-c339-47a5-9ff9-23c77542a5c3'), VRSN_SEQ_ID, 'en', 'Taiwan Dollar', char_to_uuid('402CD339-D0E4-46CE-8FC2-12A4B0E17226') FROM CD_VRSN_TBL WHERE CD_ID = char_to_uuid('d18cc00b-c339-47a5-9ff9-23c77542a5c3') AND OBSLT_UTC IS NULL;--#!
INSERT INTO CD_NAME_TBL (NAME_ID, CD_ID, EFFT_VRSN_SEQ_ID, LANG_CS, VAL, PHON_ALG_ID) SELECT  gen_uuid(), char_to_uuid('65c0a364-b1bf-4b16-8c28-6d1e2fc90ad1'), VRSN_SEQ_ID, 'en', 'US Dollar', char_to_uuid('402CD339-D0E4-46CE-8FC2-12A4B0E17226') FROM CD_VRSN_TBL WHERE CD_ID = char_to_uuid('65c0a364-b1bf-4b16-8c28-6d1e2fc90ad1') AND OBSLT_UTC IS NULL;--#!
INSERT INTO CD_NAME_TBL (NAME_ID, CD_ID, EFFT_VRSN_SEQ_ID, LANG_CS, VAL, PHON_ALG_ID) SELECT  gen_uuid(), char_to_uuid('69f1fd07-ba26-4e92-8ad0-deac7559e90f'), VRSN_SEQ_ID, 'en', 'Rand', char_to_uuid('402CD339-D0E4-46CE-8FC2-12A4B0E17226') FROM CD_VRSN_TBL WHERE CD_ID = char_to_uuid('69f1fd07-ba26-4e92-8ad0-deac7559e90f') AND OBSLT_UTC IS NULL;--#!
INSERT INTO CD_NAME_TBL (NAME_ID, CD_ID, EFFT_VRSN_SEQ_ID, LANG_CS, VAL, PHON_ALG_ID) SELECT  gen_uuid(), char_to_uuid('1373ff04-a6ef-420a-b1d0-4a07465fe8e8'), VRSN_SEQ_ID, 'en', 'Device', char_to_uuid('402CD339-D0E4-46CE-8FC2-12A4B0E17226') FROM CD_VRSN_TBL WHERE CD_ID = char_to_uuid('1373ff04-a6ef-420a-b1d0-4a07465fe8e8') AND OBSLT_UTC IS NULL;--#!
INSERT INTO CD_NAME_TBL (NAME_ID, CD_ID, EFFT_VRSN_SEQ_ID, LANG_CS, VAL, PHON_ALG_ID) SELECT  gen_uuid(), char_to_uuid('b76ff324-b174-40b7-a6ac-d1fdf8e23967'), VRSN_SEQ_ID, 'en', 'container', char_to_uuid('402CD339-D0E4-46CE-8FC2-12A4B0E17226') FROM CD_VRSN_TBL WHERE CD_ID = char_to_uuid('b76ff324-b174-40b7-a6ac-d1fdf8e23967') AND OBSLT_UTC IS NULL;--#!
INSERT INTO CD_NAME_TBL (NAME_ID, CD_ID, EFFT_VRSN_SEQ_ID, LANG_CS, VAL, PHON_ALG_ID) SELECT  gen_uuid(), char_to_uuid('0b019bcf-c51f-4b8c-bfae-b7232a7dfb59'), VRSN_SEQ_ID, 'en', 'manufactured material', char_to_uuid('402CD339-D0E4-46CE-8FC2-12A4B0E17226') FROM CD_VRSN_TBL WHERE CD_ID = char_to_uuid('0b019bcf-c51f-4b8c-bfae-b7232a7dfb59') AND OBSLT_UTC IS NULL;--#!
INSERT INTO CD_NAME_TBL (NAME_ID, CD_ID, EFFT_VRSN_SEQ_ID, LANG_CS, VAL, PHON_ALG_ID) SELECT  gen_uuid(), char_to_uuid('4a2de544-f8c9-4e29-b156-df478d5cbe25'), VRSN_SEQ_ID, 'en', 'organization', char_to_uuid('402CD339-D0E4-46CE-8FC2-12A4B0E17226') FROM CD_VRSN_TBL WHERE CD_ID = char_to_uuid('4a2de544-f8c9-4e29-b156-df478d5cbe25') AND OBSLT_UTC IS NULL;--#!
INSERT INTO CD_NAME_TBL (NAME_ID, CD_ID, EFFT_VRSN_SEQ_ID, LANG_CS, VAL, PHON_ALG_ID) SELECT  gen_uuid(), char_to_uuid('fbf1a25a-b874-4d1b-83a9-da193869ee78'), VRSN_SEQ_ID, 'en', 'person', char_to_uuid('402CD339-D0E4-46CE-8FC2-12A4B0E17226') FROM CD_VRSN_TBL WHERE CD_ID = char_to_uuid('fbf1a25a-b874-4d1b-83a9-da193869ee78') AND OBSLT_UTC IS NULL;--#!
INSERT INTO CD_NAME_TBL (NAME_ID, CD_ID, EFFT_VRSN_SEQ_ID, LANG_CS, VAL, PHON_ALG_ID) SELECT  gen_uuid(), char_to_uuid('74cd3296-cb58-4984-9750-d077a130ce05'), VRSN_SEQ_ID, 'en', 'place', char_to_uuid('402CD339-D0E4-46CE-8FC2-12A4B0E17226') FROM CD_VRSN_TBL WHERE CD_ID = char_to_uuid('74cd3296-cb58-4984-9750-d077a130ce05') AND OBSLT_UTC IS NULL;--#!
INSERT INTO CD_NAME_TBL (NAME_ID, CD_ID, EFFT_VRSN_SEQ_ID, LANG_CS, VAL, PHON_ALG_ID) SELECT  gen_uuid(), char_to_uuid('e29fcfad-ec1d-4c60-a055-039a494248ae'), VRSN_SEQ_ID, 'en', 'entity', char_to_uuid('402CD339-D0E4-46CE-8FC2-12A4B0E17226') FROM CD_VRSN_TBL WHERE CD_ID = char_to_uuid('e29fcfad-ec1d-4c60-a055-039a494248ae') AND OBSLT_UTC IS NULL;--#!
INSERT INTO CD_NAME_TBL (NAME_ID, CD_ID, EFFT_VRSN_SEQ_ID, LANG_CS, VAL, PHON_ALG_ID) SELECT  gen_uuid(), char_to_uuid('fdf8335e-1f12-4de0-8356-f8778ed41c21'), VRSN_SEQ_ID, 'en', 'health chart entity', char_to_uuid('402CD339-D0E4-46CE-8FC2-12A4B0E17226') FROM CD_VRSN_TBL WHERE CD_ID = char_to_uuid('fdf8335e-1f12-4de0-8356-f8778ed41c21') AND OBSLT_UTC IS NULL;--#!
INSERT INTO CD_NAME_TBL (NAME_ID, CD_ID, EFFT_VRSN_SEQ_ID, LANG_CS, VAL, PHON_ALG_ID) SELECT  gen_uuid(), char_to_uuid('8ba5e5c9-693b-49d4-973c-d7010f3a23ee'), VRSN_SEQ_ID, 'en', 'living subject', char_to_uuid('402CD339-D0E4-46CE-8FC2-12A4B0E17226') FROM CD_VRSN_TBL WHERE CD_ID = char_to_uuid('8ba5e5c9-693b-49d4-973c-d7010f3a23ee') AND OBSLT_UTC IS NULL;--#!
INSERT INTO CD_NAME_TBL (NAME_ID, CD_ID, EFFT_VRSN_SEQ_ID, LANG_CS, VAL, PHON_ALG_ID) SELECT  gen_uuid(), char_to_uuid('9025e5c9-693b-49d4-973c-d7010f3a23ee'), VRSN_SEQ_ID, 'en', 'non-living subject', char_to_uuid('402CD339-D0E4-46CE-8FC2-12A4B0E17226') FROM CD_VRSN_TBL WHERE CD_ID = char_to_uuid('9025e5c9-693b-49d4-973c-d7010f3a23ee') AND OBSLT_UTC IS NULL;--#!
INSERT INTO CD_NAME_TBL (NAME_ID, CD_ID, EFFT_VRSN_SEQ_ID, LANG_CS, VAL, PHON_ALG_ID) SELECT  gen_uuid(), char_to_uuid('8a6cb575-cf22-4184-a2b7-d9e99d2cd850'), VRSN_SEQ_ID, 'en', 'non-person living subject', char_to_uuid('402CD339-D0E4-46CE-8FC2-12A4B0E17226') FROM CD_VRSN_TBL WHERE CD_ID = char_to_uuid('8a6cb575-cf22-4184-a2b7-d9e99d2cd850') AND OBSLT_UTC IS NULL;--#!
INSERT INTO CD_NAME_TBL (NAME_ID, CD_ID, EFFT_VRSN_SEQ_ID, LANG_CS, VAL, PHON_ALG_ID) SELECT  gen_uuid(), char_to_uuid('61fcbf42-b5e0-4fb5-9392-108a5c6dbec7'), VRSN_SEQ_ID, 'en', 'animal', char_to_uuid('402CD339-D0E4-46CE-8FC2-12A4B0E17226') FROM CD_VRSN_TBL WHERE CD_ID = char_to_uuid('61fcbf42-b5e0-4fb5-9392-108a5c6dbec7') AND OBSLT_UTC IS NULL;--#!
INSERT INTO CD_NAME_TBL (NAME_ID, CD_ID, EFFT_VRSN_SEQ_ID, LANG_CS, VAL, PHON_ALG_ID) SELECT  gen_uuid(), char_to_uuid('0162f67f-50a6-4743-88b6-edcde354caca'), VRSN_SEQ_ID, 'en', 'microorganism', char_to_uuid('402CD339-D0E4-46CE-8FC2-12A4B0E17226') FROM CD_VRSN_TBL WHERE CD_ID = char_to_uuid('0162f67f-50a6-4743-88b6-edcde354caca') AND OBSLT_UTC IS NULL;--#!
INSERT INTO CD_NAME_TBL (NAME_ID, CD_ID, EFFT_VRSN_SEQ_ID, LANG_CS, VAL, PHON_ALG_ID) SELECT  gen_uuid(), char_to_uuid('b91f756a-5b37-409e-8cf9-c985d5dba2f1'), VRSN_SEQ_ID, 'en', 'plant', char_to_uuid('402CD339-D0E4-46CE-8FC2-12A4B0E17226') FROM CD_VRSN_TBL WHERE CD_ID = char_to_uuid('b91f756a-5b37-409e-8cf9-c985d5dba2f1') AND OBSLT_UTC IS NULL;--#!
INSERT INTO CD_NAME_TBL (NAME_ID, CD_ID, EFFT_VRSN_SEQ_ID, LANG_CS, VAL, PHON_ALG_ID) SELECT  gen_uuid(), char_to_uuid('9de2a846-ddf2-4ebc-902e-84508c5089ea'), VRSN_SEQ_ID, 'en', 'person', char_to_uuid('402CD339-D0E4-46CE-8FC2-12A4B0E17226') FROM CD_VRSN_TBL WHERE CD_ID = char_to_uuid('9de2a846-ddf2-4ebc-902e-84508c5089ea') AND OBSLT_UTC IS NULL;--#!
INSERT INTO CD_NAME_TBL (NAME_ID, CD_ID, EFFT_VRSN_SEQ_ID, LANG_CS, VAL, PHON_ALG_ID) SELECT  gen_uuid(), char_to_uuid('d39073be-0f8f-440e-b8c8-7034cc138a95'), VRSN_SEQ_ID, 'en', 'material', char_to_uuid('402CD339-D0E4-46CE-8FC2-12A4B0E17226') FROM CD_VRSN_TBL WHERE CD_ID = char_to_uuid('d39073be-0f8f-440e-b8c8-7034cc138a95') AND OBSLT_UTC IS NULL;--#!
INSERT INTO CD_NAME_TBL (NAME_ID, CD_ID, EFFT_VRSN_SEQ_ID, LANG_CS, VAL, PHON_ALG_ID) SELECT  gen_uuid(), char_to_uuid('2e9fa332-9391-48c6-9fc8-920a750b25d3'), VRSN_SEQ_ID, 'en', 'chemical substance', char_to_uuid('402CD339-D0E4-46CE-8FC2-12A4B0E17226') FROM CD_VRSN_TBL WHERE CD_ID = char_to_uuid('2e9fa332-9391-48c6-9fc8-920a750b25d3') AND OBSLT_UTC IS NULL;--#!
INSERT INTO CD_NAME_TBL (NAME_ID, CD_ID, EFFT_VRSN_SEQ_ID, LANG_CS, VAL, PHON_ALG_ID) SELECT  gen_uuid(), char_to_uuid('e5a09cc2-5ae5-40c2-8e32-687dba06715d'), VRSN_SEQ_ID, 'en', 'food', char_to_uuid('402CD339-D0E4-46CE-8FC2-12A4B0E17226') FROM CD_VRSN_TBL WHERE CD_ID = char_to_uuid('e5a09cc2-5ae5-40c2-8e32-687dba06715d') AND OBSLT_UTC IS NULL;--#!
INSERT INTO CD_NAME_TBL (NAME_ID, CD_ID, EFFT_VRSN_SEQ_ID, LANG_CS, VAL, PHON_ALG_ID) SELECT  gen_uuid(), char_to_uuid('fafec286-89d5-420b-9085-054aca9d1eef'), VRSN_SEQ_ID, 'en', 'manufactured material', char_to_uuid('402CD339-D0E4-46CE-8FC2-12A4B0E17226') FROM CD_VRSN_TBL WHERE CD_ID = char_to_uuid('fafec286-89d5-420b-9085-054aca9d1eef') AND OBSLT_UTC IS NULL;--#!
INSERT INTO CD_NAME_TBL (NAME_ID, CD_ID, EFFT_VRSN_SEQ_ID, LANG_CS, VAL, PHON_ALG_ID) SELECT  gen_uuid(), char_to_uuid('2452b691-f122-4121-b9df-76d990b43f35'), VRSN_SEQ_ID, 'en', 'holder', char_to_uuid('402CD339-D0E4-46CE-8FC2-12A4B0E17226') FROM CD_VRSN_TBL WHERE CD_ID = char_to_uuid('2452b691-f122-4121-b9df-76d990b43f35') AND OBSLT_UTC IS NULL;--#!
INSERT INTO CD_NAME_TBL (NAME_ID, CD_ID, EFFT_VRSN_SEQ_ID, LANG_CS, VAL, PHON_ALG_ID) SELECT  gen_uuid(), char_to_uuid('2a7043bc-6cca-447d-b230-8414f790cdb6'), VRSN_SEQ_ID, 'en', 'certificate representation', char_to_uuid('402CD339-D0E4-46CE-8FC2-12A4B0E17226') FROM CD_VRSN_TBL WHERE CD_ID = char_to_uuid('2a7043bc-6cca-447d-b230-8414f790cdb6') AND OBSLT_UTC IS NULL;--#!
INSERT INTO CD_NAME_TBL (NAME_ID, CD_ID, EFFT_VRSN_SEQ_ID, LANG_CS, VAL, PHON_ALG_ID) SELECT  gen_uuid(), char_to_uuid('a1fa9cd6-1ce7-4f7e-a0c1-7a503f9f1255'), VRSN_SEQ_ID, 'en', 'imaging modality', char_to_uuid('402CD339-D0E4-46CE-8FC2-12A4B0E17226') FROM CD_VRSN_TBL WHERE CD_ID = char_to_uuid('a1fa9cd6-1ce7-4f7e-a0c1-7a503f9f1255') AND OBSLT_UTC IS NULL;--#!
INSERT INTO CD_NAME_TBL (NAME_ID, CD_ID, EFFT_VRSN_SEQ_ID, LANG_CS, VAL, PHON_ALG_ID) SELECT  gen_uuid(), char_to_uuid('7c08bd55-4d42-49cd-92f8-6388d6c4183f'), VRSN_SEQ_ID, 'en', 'organization', char_to_uuid('402CD339-D0E4-46CE-8FC2-12A4B0E17226') FROM CD_VRSN_TBL WHERE CD_ID = char_to_uuid('7c08bd55-4d42-49cd-92f8-6388d6c4183f') AND OBSLT_UTC IS NULL;--#!
INSERT INTO CD_NAME_TBL (NAME_ID, CD_ID, EFFT_VRSN_SEQ_ID, LANG_CS, VAL, PHON_ALG_ID) SELECT  gen_uuid(), char_to_uuid('0b3c64f4-220d-44e5-bdc6-4bfad6120963'), VRSN_SEQ_ID, 'en', 'public institution', char_to_uuid('402CD339-D0E4-46CE-8FC2-12A4B0E17226') FROM CD_VRSN_TBL WHERE CD_ID = char_to_uuid('0b3c64f4-220d-44e5-bdc6-4bfad6120963') AND OBSLT_UTC IS NULL;--#!
INSERT INTO CD_NAME_TBL (NAME_ID, CD_ID, EFFT_VRSN_SEQ_ID, LANG_CS, VAL, PHON_ALG_ID) SELECT  gen_uuid(), char_to_uuid('8cf4b0b0-84e5-4122-85fe-6afa8240c218'), VRSN_SEQ_ID, 'en', 'state', char_to_uuid('402CD339-D0E4-46CE-8FC2-12A4B0E17226') FROM CD_VRSN_TBL WHERE CD_ID = char_to_uuid('8cf4b0b0-84e5-4122-85fe-6afa8240c218') AND OBSLT_UTC IS NULL;--#!
INSERT INTO CD_NAME_TBL (NAME_ID, CD_ID, EFFT_VRSN_SEQ_ID, LANG_CS, VAL, PHON_ALG_ID) SELECT  gen_uuid(), char_to_uuid('c7ace528-277d-4efb-94ee-bfd1278f40f7'), VRSN_SEQ_ID, 'en', 'Nation', char_to_uuid('402CD339-D0E4-46CE-8FC2-12A4B0E17226') FROM CD_VRSN_TBL WHERE CD_ID = char_to_uuid('c7ace528-277d-4efb-94ee-bfd1278f40f7') AND OBSLT_UTC IS NULL;--#!
INSERT INTO CD_NAME_TBL (NAME_ID, CD_ID, EFFT_VRSN_SEQ_ID, LANG_CS, VAL, PHON_ALG_ID) SELECT  gen_uuid(), char_to_uuid('21ab7873-8ef3-4d78-9c19-4582b3c40631'), VRSN_SEQ_ID, 'en', 'place', char_to_uuid('402CD339-D0E4-46CE-8FC2-12A4B0E17226') FROM CD_VRSN_TBL WHERE CD_ID = char_to_uuid('21ab7873-8ef3-4d78-9c19-4582b3c40631') AND OBSLT_UTC IS NULL;--#!
INSERT INTO CD_NAME_TBL (NAME_ID, CD_ID, EFFT_VRSN_SEQ_ID, LANG_CS, VAL, PHON_ALG_ID) SELECT  gen_uuid(), char_to_uuid('79dd4f75-68e8-4722-a7f5-8bc2e08f5cd6'), VRSN_SEQ_ID, 'en', 'city or town', char_to_uuid('402CD339-D0E4-46CE-8FC2-12A4B0E17226') FROM CD_VRSN_TBL WHERE CD_ID = char_to_uuid('79dd4f75-68e8-4722-a7f5-8bc2e08f5cd6') AND OBSLT_UTC IS NULL;--#!
INSERT INTO CD_NAME_TBL (NAME_ID, CD_ID, EFFT_VRSN_SEQ_ID, LANG_CS, VAL, PHON_ALG_ID) SELECT  gen_uuid(), char_to_uuid('48b2ffb3-07db-47ba-ad73-fc8fb8502471'), VRSN_SEQ_ID, 'en', 'country', char_to_uuid('402CD339-D0E4-46CE-8FC2-12A4B0E17226') FROM CD_VRSN_TBL WHERE CD_ID = char_to_uuid('48b2ffb3-07db-47ba-ad73-fc8fb8502471') AND OBSLT_UTC IS NULL;--#!
INSERT INTO CD_NAME_TBL (NAME_ID, CD_ID, EFFT_VRSN_SEQ_ID, LANG_CS, VAL, PHON_ALG_ID) SELECT  gen_uuid(), char_to_uuid('6eefee7d-dff5-46d3-a6a7-171ef93879c7'), VRSN_SEQ_ID, 'en', 'county or parish', char_to_uuid('402CD339-D0E4-46CE-8FC2-12A4B0E17226') FROM CD_VRSN_TBL WHERE CD_ID = char_to_uuid('6eefee7d-dff5-46d3-a6a7-171ef93879c7') AND OBSLT_UTC IS NULL;--#!
INSERT INTO CD_NAME_TBL (NAME_ID, CD_ID, EFFT_VRSN_SEQ_ID, LANG_CS, VAL, PHON_ALG_ID) SELECT  gen_uuid(), char_to_uuid('8CF4B0B0-84E5-4122-85FE-6AFA8240C218'), VRSN_SEQ_ID, 'en', 'state or province', char_to_uuid('402CD339-D0E4-46CE-8FC2-12A4B0E17226') FROM CD_VRSN_TBL WHERE CD_ID = char_to_uuid('4d1a5c28-deb7-411e-b75f-d524f90dfa63') AND OBSLT_UTC IS NULL;--#!
INSERT INTO CD_NAME_TBL (NAME_ID, CD_ID, EFFT_VRSN_SEQ_ID, LANG_CS, VAL, PHON_ALG_ID) SELECT  gen_uuid(), char_to_uuid('1935aaf6-d487-4c82-ac17-fb917b5b6d71'), VRSN_SEQ_ID, 'en', 'group', char_to_uuid('402CD339-D0E4-46CE-8FC2-12A4B0E17226') FROM CD_VRSN_TBL WHERE CD_ID = char_to_uuid('1935aaf6-d487-4c82-ac17-fb917b5b6d71') AND OBSLT_UTC IS NULL;--#!
INSERT INTO CD_NAME_TBL (NAME_ID, CD_ID, EFFT_VRSN_SEQ_ID, LANG_CS, VAL, PHON_ALG_ID) SELECT  gen_uuid(), char_to_uuid('f29f08de-78a7-4a5e-aeaf-7b545ba19a09'), VRSN_SEQ_ID, 'en', 'specific', char_to_uuid('402CD339-D0E4-46CE-8FC2-12A4B0E17226') FROM CD_VRSN_TBL WHERE CD_ID = char_to_uuid('f29f08de-78a7-4a5e-aeaf-7b545ba19a09') AND OBSLT_UTC IS NULL;--#!
INSERT INTO CD_NAME_TBL (NAME_ID, CD_ID, EFFT_VRSN_SEQ_ID, LANG_CS, VAL, PHON_ALG_ID) SELECT  gen_uuid(), char_to_uuid('ad28a7ac-a66b-42c4-91b4-de40a2b11980'), VRSN_SEQ_ID, 'en', 'described', char_to_uuid('402CD339-D0E4-46CE-8FC2-12A4B0E17226') FROM CD_VRSN_TBL WHERE CD_ID = char_to_uuid('ad28a7ac-a66b-42c4-91b4-de40a2b11980') AND OBSLT_UTC IS NULL;--#!
INSERT INTO CD_NAME_TBL (NAME_ID, CD_ID, EFFT_VRSN_SEQ_ID, LANG_CS, VAL, PHON_ALG_ID) SELECT  gen_uuid(), char_to_uuid('604cf1b7-8891-49fb-b95f-3e4e875691bc'), VRSN_SEQ_ID, 'en', 'described quantified', char_to_uuid('402CD339-D0E4-46CE-8FC2-12A4B0E17226') FROM CD_VRSN_TBL WHERE CD_ID = char_to_uuid('604cf1b7-8891-49fb-b95f-3e4e875691bc') AND OBSLT_UTC IS NULL;--#!
INSERT INTO CD_NAME_TBL (NAME_ID, CD_ID, EFFT_VRSN_SEQ_ID, LANG_CS, VAL, PHON_ALG_ID) SELECT  gen_uuid(), char_to_uuid('71651ed8-8c91-4839-b76e-9bfdd2edba43'), VRSN_SEQ_ID, 'en', 'authenticator', char_to_uuid('402CD339-D0E4-46CE-8FC2-12A4B0E17226') FROM CD_VRSN_TBL WHERE CD_ID = char_to_uuid('71651ed8-8c91-4839-b76e-9bfdd2edba43') AND OBSLT_UTC IS NULL;--#!
INSERT INTO CD_NAME_TBL (NAME_ID, CD_ID, EFFT_VRSN_SEQ_ID, LANG_CS, VAL, PHON_ALG_ID) SELECT  gen_uuid(), char_to_uuid('f0cb3faf-435d-4704-9217-b884f757bc14'), VRSN_SEQ_ID, 'en', 'author (originator)', char_to_uuid('402CD339-D0E4-46CE-8FC2-12A4B0E17226') FROM CD_VRSN_TBL WHERE CD_ID = char_to_uuid('f0cb3faf-435d-4704-9217-b884f757bc14') AND OBSLT_UTC IS NULL;--#!
INSERT INTO CD_NAME_TBL (NAME_ID, CD_ID, EFFT_VRSN_SEQ_ID, LANG_CS, VAL, PHON_ALG_ID) SELECT  gen_uuid(), char_to_uuid('f158af2a-d405-4616-a459-50e8494a9a56'), VRSN_SEQ_ID, 'en', 'consumable', char_to_uuid('402CD339-D0E4-46CE-8FC2-12A4B0E17226') FROM CD_VRSN_TBL WHERE CD_ID = char_to_uuid('f158af2a-d405-4616-a459-50e8494a9a56') AND OBSLT_UTC IS NULL;--#!
INSERT INTO CD_NAME_TBL (NAME_ID, CD_ID, EFFT_VRSN_SEQ_ID, LANG_CS, VAL, PHON_ALG_ID) SELECT  gen_uuid(), char_to_uuid('cc35ad2b-6699-4946-ae38-76ab08193f41'), VRSN_SEQ_ID, 'en', 'custodian', char_to_uuid('402CD339-D0E4-46CE-8FC2-12A4B0E17226') FROM CD_VRSN_TBL WHERE CD_ID = char_to_uuid('cc35ad2b-6699-4946-ae38-76ab08193f41') AND OBSLT_UTC IS NULL;--#!
INSERT INTO CD_NAME_TBL (NAME_ID, CD_ID, EFFT_VRSN_SEQ_ID, LANG_CS, VAL, PHON_ALG_ID) SELECT  gen_uuid(), char_to_uuid('c50d66d2-e5da-4a34-b2b7-4cd4fe4ef2c4'), VRSN_SEQ_ID, 'en', 'entity', char_to_uuid('402CD339-D0E4-46CE-8FC2-12A4B0E17226') FROM CD_VRSN_TBL WHERE CD_ID = char_to_uuid('c50d66d2-e5da-4a34-b2b7-4cd4fe4ef2c4') AND OBSLT_UTC IS NULL;--#!
INSERT INTO CD_NAME_TBL (NAME_ID, CD_ID, EFFT_VRSN_SEQ_ID, LANG_CS, VAL, PHON_ALG_ID) SELECT  gen_uuid(), char_to_uuid('39604248-7812-4b60-bc54-8cc1fffb1de6'), VRSN_SEQ_ID, 'en', 'informant', char_to_uuid('402CD339-D0E4-46CE-8FC2-12A4B0E17226') FROM CD_VRSN_TBL WHERE CD_ID = char_to_uuid('39604248-7812-4b60-bc54-8cc1fffb1de6') AND OBSLT_UTC IS NULL;--#!
INSERT INTO CD_NAME_TBL (NAME_ID, CD_ID, EFFT_VRSN_SEQ_ID, LANG_CS, VAL, PHON_ALG_ID) SELECT  gen_uuid(), char_to_uuid('ec8a5482-2059-43fc-a4ce-04f71f64e3d8'), VRSN_SEQ_ID, 'en', 'legal authenticator', char_to_uuid('402CD339-D0E4-46CE-8FC2-12A4B0E17226') FROM CD_VRSN_TBL WHERE CD_ID = char_to_uuid('ec8a5482-2059-43fc-a4ce-04f71f64e3d8') AND OBSLT_UTC IS NULL;--#!
INSERT INTO CD_NAME_TBL (NAME_ID, CD_ID, EFFT_VRSN_SEQ_ID, LANG_CS, VAL, PHON_ALG_ID) SELECT  gen_uuid(), char_to_uuid('d64ed94f-e4a4-49a2-a0d8-1e6f393aab36'), VRSN_SEQ_ID, 'en', 'performer', char_to_uuid('402CD339-D0E4-46CE-8FC2-12A4B0E17226') FROM CD_VRSN_TBL WHERE CD_ID = char_to_uuid('d64ed94f-e4a4-49a2-a0d8-1e6f393aab36') AND OBSLT_UTC IS NULL;--#!
INSERT INTO CD_NAME_TBL (NAME_ID, CD_ID, EFFT_VRSN_SEQ_ID, LANG_CS, VAL, PHON_ALG_ID) SELECT  gen_uuid(), char_to_uuid('196405f1-e07e-494e-a56e-b4b563cd85fc'), VRSN_SEQ_ID, 'en', 'product', char_to_uuid('402CD339-D0E4-46CE-8FC2-12A4B0E17226') FROM CD_VRSN_TBL WHERE CD_ID = char_to_uuid('196405f1-e07e-494e-a56e-b4b563cd85fc') AND OBSLT_UTC IS NULL;--#!
INSERT INTO CD_NAME_TBL (NAME_ID, CD_ID, EFFT_VRSN_SEQ_ID, LANG_CS, VAL, PHON_ALG_ID) SELECT  gen_uuid(), char_to_uuid('97ad6a1d-6871-448c-a504-cb82cabc0452'), VRSN_SEQ_ID, 'en', 'record target', char_to_uuid('402CD339-D0E4-46CE-8FC2-12A4B0E17226') FROM CD_VRSN_TBL WHERE CD_ID = char_to_uuid('97ad6a1d-6871-448c-a504-cb82cabc0452') AND OBSLT_UTC IS NULL;--#!
INSERT INTO CD_NAME_TBL (NAME_ID, CD_ID, EFFT_VRSN_SEQ_ID, LANG_CS, VAL, PHON_ALG_ID) SELECT  gen_uuid(), char_to_uuid('4c503921-1d6e-4149-a3c4-33f6be4646ce'), VRSN_SEQ_ID, 'en', 'response', char_to_uuid('402CD339-D0E4-46CE-8FC2-12A4B0E17226') FROM CD_VRSN_TBL WHERE CD_ID = char_to_uuid('4c503921-1d6e-4149-a3c4-33f6be4646ce') AND OBSLT_UTC IS NULL;--#!
INSERT INTO CD_NAME_TBL (NAME_ID, CD_ID, EFFT_VRSN_SEQ_ID, LANG_CS, VAL, PHON_ALG_ID) SELECT  gen_uuid(), char_to_uuid('61848557-d78d-40e5-954f-0b9c97307a04'), VRSN_SEQ_ID, 'en', 'location', char_to_uuid('402CD339-D0E4-46CE-8FC2-12A4B0E17226') FROM CD_VRSN_TBL WHERE CD_ID = char_to_uuid('61848557-d78d-40e5-954f-0b9c97307a04') AND OBSLT_UTC IS NULL;--#!
INSERT INTO CD_NAME_TBL (NAME_ID, CD_ID, EFFT_VRSN_SEQ_ID, LANG_CS, VAL, PHON_ALG_ID) SELECT  gen_uuid(), char_to_uuid('455dadf8-c175-45a1-a859-34283a8210f8'), VRSN_SEQ_ID, 'en', 'subject', char_to_uuid('402CD339-D0E4-46CE-8FC2-12A4B0E17226') FROM CD_VRSN_TBL WHERE CD_ID = char_to_uuid('455dadf8-c175-45a1-a859-34283a8210f8') AND OBSLT_UTC IS NULL;--#!
INSERT INTO CD_NAME_TBL (NAME_ID, CD_ID, EFFT_VRSN_SEQ_ID, LANG_CS, VAL, PHON_ALG_ID) SELECT  gen_uuid(), char_to_uuid('a0174216-6439-4351-9483-a241a48029b7'), VRSN_SEQ_ID, 'en', 'admitter', char_to_uuid('402CD339-D0E4-46CE-8FC2-12A4B0E17226') FROM CD_VRSN_TBL WHERE CD_ID = char_to_uuid('a0174216-6439-4351-9483-a241a48029b7') AND OBSLT_UTC IS NULL;--#!
INSERT INTO CD_NAME_TBL (NAME_ID, CD_ID, EFFT_VRSN_SEQ_ID, LANG_CS, VAL, PHON_ALG_ID) SELECT  gen_uuid(), char_to_uuid('6cbf29ad-ac51-48c9-885a-cfe3026ecf6e'), VRSN_SEQ_ID, 'en', 'attender', char_to_uuid('402CD339-D0E4-46CE-8FC2-12A4B0E17226') FROM CD_VRSN_TBL WHERE CD_ID = char_to_uuid('6cbf29ad-ac51-48c9-885a-cfe3026ecf6e') AND OBSLT_UTC IS NULL;--#!
INSERT INTO CD_NAME_TBL (NAME_ID, CD_ID, EFFT_VRSN_SEQ_ID, LANG_CS, VAL, PHON_ALG_ID) SELECT  gen_uuid(), char_to_uuid('9c4c40ae-2c15-4581-a496-be1abfe4eb66'), VRSN_SEQ_ID, 'en', 'callback contact', char_to_uuid('402CD339-D0E4-46CE-8FC2-12A4B0E17226') FROM CD_VRSN_TBL WHERE CD_ID = char_to_uuid('9c4c40ae-2c15-4581-a496-be1abfe4eb66') AND OBSLT_UTC IS NULL;--#!
INSERT INTO CD_NAME_TBL (NAME_ID, CD_ID, EFFT_VRSN_SEQ_ID, LANG_CS, VAL, PHON_ALG_ID) SELECT  gen_uuid(), char_to_uuid('0a364ad7-f961-4d8a-93f0-1fd4176548b3'), VRSN_SEQ_ID, 'en', 'consultant', char_to_uuid('402CD339-D0E4-46CE-8FC2-12A4B0E17226') FROM CD_VRSN_TBL WHERE CD_ID = char_to_uuid('0a364ad7-f961-4d8a-93f0-1fd4176548b3') AND OBSLT_UTC IS NULL;--#!
INSERT INTO CD_NAME_TBL (NAME_ID, CD_ID, EFFT_VRSN_SEQ_ID, LANG_CS, VAL, PHON_ALG_ID) SELECT  gen_uuid(), char_to_uuid('a2594e6e-e8fe-4c68-82a5-d3a46dbec87d'), VRSN_SEQ_ID, 'en', 'discharger', char_to_uuid('402CD339-D0E4-46CE-8FC2-12A4B0E17226') FROM CD_VRSN_TBL WHERE CD_ID = char_to_uuid('a2594e6e-e8fe-4c68-82a5-d3a46dbec87d') AND OBSLT_UTC IS NULL;--#!
INSERT INTO CD_NAME_TBL (NAME_ID, CD_ID, EFFT_VRSN_SEQ_ID, LANG_CS, VAL, PHON_ALG_ID) SELECT  gen_uuid(), char_to_uuid('727a61ed-2f35-4e09-8bb6-6d09e2ba8fec'), VRSN_SEQ_ID, 'en', 'escort', char_to_uuid('402CD339-D0E4-46CE-8FC2-12A4B0E17226') FROM CD_VRSN_TBL WHERE CD_ID = char_to_uuid('727a61ed-2f35-4e09-8bb6-6d09e2ba8fec') AND OBSLT_UTC IS NULL;--#!
INSERT INTO CD_NAME_TBL (NAME_ID, CD_ID, EFFT_VRSN_SEQ_ID, LANG_CS, VAL, PHON_ALG_ID) SELECT  gen_uuid(), char_to_uuid('c704a23d-86ef-4e11-9050-f8aa10919ff2'), VRSN_SEQ_ID, 'en', 'Participation', char_to_uuid('402CD339-D0E4-46CE-8FC2-12A4B0E17226') FROM CD_VRSN_TBL WHERE CD_ID = char_to_uuid('c704a23d-86ef-4e11-9050-f8aa10919ff2') AND OBSLT_UTC IS NULL;--#!
INSERT INTO CD_NAME_TBL (NAME_ID, CD_ID, EFFT_VRSN_SEQ_ID, LANG_CS, VAL, PHON_ALG_ID) SELECT  gen_uuid(), char_to_uuid('5e8e0f8b-bc23-4847-82ab-49b8dd79981e'), VRSN_SEQ_ID, 'en', 'referrer', char_to_uuid('402CD339-D0E4-46CE-8FC2-12A4B0E17226') FROM CD_VRSN_TBL WHERE CD_ID = char_to_uuid('5e8e0f8b-bc23-4847-82ab-49b8dd79981e') AND OBSLT_UTC IS NULL;--#!
INSERT INTO CD_NAME_TBL (NAME_ID, CD_ID, EFFT_VRSN_SEQ_ID, LANG_CS, VAL, PHON_ALG_ID) SELECT  gen_uuid(), char_to_uuid('de3f7527-e3c9-45ef-8574-00ca4495f767'), VRSN_SEQ_ID, 'en', 'Transcriber', char_to_uuid('402CD339-D0E4-46CE-8FC2-12A4B0E17226') FROM CD_VRSN_TBL WHERE CD_ID = char_to_uuid('de3f7527-e3c9-45ef-8574-00ca4495f767') AND OBSLT_UTC IS NULL;--#!
INSERT INTO CD_NAME_TBL (NAME_ID, CD_ID, EFFT_VRSN_SEQ_ID, LANG_CS, VAL, PHON_ALG_ID) SELECT  gen_uuid(), char_to_uuid('0b82357f-5ae0-4543-ab8e-a33e9b315bab'), VRSN_SEQ_ID, 'en', 'witness', char_to_uuid('402CD339-D0E4-46CE-8FC2-12A4B0E17226') FROM CD_VRSN_TBL WHERE CD_ID = char_to_uuid('0b82357f-5ae0-4543-ab8e-a33e9b315bab') AND OBSLT_UTC IS NULL;--#!
INSERT INTO CD_NAME_TBL (NAME_ID, CD_ID, EFFT_VRSN_SEQ_ID, LANG_CS, VAL, PHON_ALG_ID) SELECT  gen_uuid(), char_to_uuid('649d6d69-139c-4006-ae45-aff4649d6079'), VRSN_SEQ_ID, 'en', 'custodian', char_to_uuid('402CD339-D0E4-46CE-8FC2-12A4B0E17226') FROM CD_VRSN_TBL WHERE CD_ID = char_to_uuid('649d6d69-139c-4006-ae45-aff4649d6079') AND OBSLT_UTC IS NULL;--#!
INSERT INTO CD_NAME_TBL (NAME_ID, CD_ID, EFFT_VRSN_SEQ_ID, LANG_CS, VAL, PHON_ALG_ID) SELECT  gen_uuid(), char_to_uuid('479896b0-35d5-4842-8109-5fdbee14e8a4'), VRSN_SEQ_ID, 'en', 'baby', char_to_uuid('402CD339-D0E4-46CE-8FC2-12A4B0E17226') FROM CD_VRSN_TBL WHERE CD_ID = char_to_uuid('479896b0-35d5-4842-8109-5fdbee14e8a4') AND OBSLT_UTC IS NULL;--#!
INSERT INTO CD_NAME_TBL (NAME_ID, CD_ID, EFFT_VRSN_SEQ_ID, LANG_CS, VAL, PHON_ALG_ID) SELECT  gen_uuid(), char_to_uuid('a5cac7f7-e3b7-4dd8-872c-db0e7fcc2d84'), VRSN_SEQ_ID, 'en', 'consumable', char_to_uuid('402CD339-D0E4-46CE-8FC2-12A4B0E17226') FROM CD_VRSN_TBL WHERE CD_ID = char_to_uuid('a5cac7f7-e3b7-4dd8-872c-db0e7fcc2d84') AND OBSLT_UTC IS NULL;--#!
INSERT INTO CD_NAME_TBL (NAME_ID, CD_ID, EFFT_VRSN_SEQ_ID, LANG_CS, VAL, PHON_ALG_ID) SELECT  gen_uuid(), char_to_uuid('6792db6c-fd5c-4ab8-96f5-ace5665bdcb9'), VRSN_SEQ_ID, 'en', 'non-reuseable device', char_to_uuid('402CD339-D0E4-46CE-8FC2-12A4B0E17226') FROM CD_VRSN_TBL WHERE CD_ID = char_to_uuid('6792db6c-fd5c-4ab8-96f5-ace5665bdcb9') AND OBSLT_UTC IS NULL;--#!
INSERT INTO CD_NAME_TBL (NAME_ID, CD_ID, EFFT_VRSN_SEQ_ID, LANG_CS, VAL, PHON_ALG_ID) SELECT  gen_uuid(), char_to_uuid('76990d3d-3f27-4b39-836b-ba87eeba3328'), VRSN_SEQ_ID, 'en', 'reusable device', char_to_uuid('402CD339-D0E4-46CE-8FC2-12A4B0E17226') FROM CD_VRSN_TBL WHERE CD_ID = char_to_uuid('76990d3d-3f27-4b39-836b-ba87eeba3328') AND OBSLT_UTC IS NULL;--#!
INSERT INTO CD_NAME_TBL (NAME_ID, CD_ID, EFFT_VRSN_SEQ_ID, LANG_CS, VAL, PHON_ALG_ID) SELECT  gen_uuid(), char_to_uuid('be1235ee-710a-4732-88fd-6e895de7c56d'), VRSN_SEQ_ID, 'en', 'donor', char_to_uuid('402CD339-D0E4-46CE-8FC2-12A4B0E17226') FROM CD_VRSN_TBL WHERE CD_ID = char_to_uuid('be1235ee-710a-4732-88fd-6e895de7c56d') AND OBSLT_UTC IS NULL;--#!
INSERT INTO CD_NAME_TBL (NAME_ID, CD_ID, EFFT_VRSN_SEQ_ID, LANG_CS, VAL, PHON_ALG_ID) SELECT  gen_uuid(), char_to_uuid('ea60a5a9-e971-4f0d-bb5d-dc7a0c74a2c9'), VRSN_SEQ_ID, 'en', 'ExposureAgent', char_to_uuid('402CD339-D0E4-46CE-8FC2-12A4B0E17226') FROM CD_VRSN_TBL WHERE CD_ID = char_to_uuid('ea60a5a9-e971-4f0d-bb5d-dc7a0c74a2c9') AND OBSLT_UTC IS NULL;--#!
INSERT INTO CD_NAME_TBL (NAME_ID, CD_ID, EFFT_VRSN_SEQ_ID, LANG_CS, VAL, PHON_ALG_ID) SELECT  gen_uuid(), char_to_uuid('ec401b5c-4c33-4229-9c72-428fc5db37ff'), VRSN_SEQ_ID, 'en', 'ExposureTarget', char_to_uuid('402CD339-D0E4-46CE-8FC2-12A4B0E17226') FROM CD_VRSN_TBL WHERE CD_ID = char_to_uuid('ec401b5c-4c33-4229-9c72-428fc5db37ff') AND OBSLT_UTC IS NULL;--#!
INSERT INTO CD_NAME_TBL (NAME_ID, CD_ID, EFFT_VRSN_SEQ_ID, LANG_CS, VAL, PHON_ALG_ID) SELECT  gen_uuid(), char_to_uuid('cbb6297b-743c-453c-8476-ba4c10a1c965'), VRSN_SEQ_ID, 'en', 'ExposureSource', char_to_uuid('402CD339-D0E4-46CE-8FC2-12A4B0E17226') FROM CD_VRSN_TBL WHERE CD_ID = char_to_uuid('cbb6297b-743c-453c-8476-ba4c10a1c965') AND OBSLT_UTC IS NULL;--#!
INSERT INTO CD_NAME_TBL (NAME_ID, CD_ID, EFFT_VRSN_SEQ_ID, LANG_CS, VAL, PHON_ALG_ID) SELECT  gen_uuid(), char_to_uuid('99e77288-cb09-4050-a8cf-385513f32f0a'), VRSN_SEQ_ID, 'en', 'product', char_to_uuid('402CD339-D0E4-46CE-8FC2-12A4B0E17226') FROM CD_VRSN_TBL WHERE CD_ID = char_to_uuid('99e77288-cb09-4050-a8cf-385513f32f0a') AND OBSLT_UTC IS NULL;--#!
INSERT INTO CD_NAME_TBL (NAME_ID, CD_ID, EFFT_VRSN_SEQ_ID, LANG_CS, VAL, PHON_ALG_ID) SELECT  gen_uuid(), char_to_uuid('03067700-ce37-405f-8ed3-e4965ba2f601'), VRSN_SEQ_ID, 'en', 'subject', char_to_uuid('402CD339-D0E4-46CE-8FC2-12A4B0E17226') FROM CD_VRSN_TBL WHERE CD_ID = char_to_uuid('03067700-ce37-405f-8ed3-e4965ba2f601') AND OBSLT_UTC IS NULL;--#!
INSERT INTO CD_NAME_TBL (NAME_ID, CD_ID, EFFT_VRSN_SEQ_ID, LANG_CS, VAL, PHON_ALG_ID) SELECT  gen_uuid(), char_to_uuid('bce17b21-05b2-4f02-bf7a-c6d3561aa948'), VRSN_SEQ_ID, 'en', 'specimen', char_to_uuid('402CD339-D0E4-46CE-8FC2-12A4B0E17226') FROM CD_VRSN_TBL WHERE CD_ID = char_to_uuid('bce17b21-05b2-4f02-bf7a-c6d3561aa948') AND OBSLT_UTC IS NULL;--#!
INSERT INTO CD_NAME_TBL (NAME_ID, CD_ID, EFFT_VRSN_SEQ_ID, LANG_CS, VAL, PHON_ALG_ID) SELECT  gen_uuid(), char_to_uuid('28c744df-d889-4a44-bc1a-2e9e9d64af13'), VRSN_SEQ_ID, 'en', 'beneficiary', char_to_uuid('402CD339-D0E4-46CE-8FC2-12A4B0E17226') FROM CD_VRSN_TBL WHERE CD_ID = char_to_uuid('28c744df-d889-4a44-bc1a-2e9e9d64af13') AND OBSLT_UTC IS NULL;--#!
INSERT INTO CD_NAME_TBL (NAME_ID, CD_ID, EFFT_VRSN_SEQ_ID, LANG_CS, VAL, PHON_ALG_ID) SELECT  gen_uuid(), char_to_uuid('7f81b83e-0d78-4685-8ba4-224eb315ce54'), VRSN_SEQ_ID, 'en', 'causative agent', char_to_uuid('402CD339-D0E4-46CE-8FC2-12A4B0E17226') FROM CD_VRSN_TBL WHERE CD_ID = char_to_uuid('7f81b83e-0d78-4685-8ba4-224eb315ce54') AND OBSLT_UTC IS NULL;--#!
INSERT INTO CD_NAME_TBL (NAME_ID, CD_ID, EFFT_VRSN_SEQ_ID, LANG_CS, VAL, PHON_ALG_ID) SELECT  gen_uuid(), char_to_uuid('4b5471d4-e3fe-45f7-85a2-ae2b4f224757'), VRSN_SEQ_ID, 'en', 'coverage target', char_to_uuid('402CD339-D0E4-46CE-8FC2-12A4B0E17226') FROM CD_VRSN_TBL WHERE CD_ID = char_to_uuid('4b5471d4-e3fe-45f7-85a2-ae2b4f224757') AND OBSLT_UTC IS NULL;--#!
INSERT INTO CD_NAME_TBL (NAME_ID, CD_ID, EFFT_VRSN_SEQ_ID, LANG_CS, VAL, PHON_ALG_ID) SELECT  gen_uuid(), char_to_uuid('28fb791e-179e-461a-b16c-cac13a04bd0a'), VRSN_SEQ_ID, 'en', 'guarantor party', char_to_uuid('402CD339-D0E4-46CE-8FC2-12A4B0E17226') FROM CD_VRSN_TBL WHERE CD_ID = char_to_uuid('28fb791e-179e-461a-b16c-cac13a04bd0a') AND OBSLT_UTC IS NULL;--#!
INSERT INTO CD_NAME_TBL (NAME_ID, CD_ID, EFFT_VRSN_SEQ_ID, LANG_CS, VAL, PHON_ALG_ID) SELECT  gen_uuid(), char_to_uuid('3f92dbee-a65e-434f-98ce-841feeb02e3f'), VRSN_SEQ_ID, 'en', 'record target', char_to_uuid('402CD339-D0E4-46CE-8FC2-12A4B0E17226') FROM CD_VRSN_TBL WHERE CD_ID = char_to_uuid('3f92dbee-a65e-434f-98ce-841feeb02e3f') AND OBSLT_UTC IS NULL;--#!
INSERT INTO CD_NAME_TBL (NAME_ID, CD_ID, EFFT_VRSN_SEQ_ID, LANG_CS, VAL, PHON_ALG_ID) SELECT  gen_uuid(), char_to_uuid('53c694b8-27d8-43dd-95a4-bb318431d17c'), VRSN_SEQ_ID, 'en', 'receiver', char_to_uuid('402CD339-D0E4-46CE-8FC2-12A4B0E17226') FROM CD_VRSN_TBL WHERE CD_ID = char_to_uuid('53c694b8-27d8-43dd-95a4-bb318431d17c') AND OBSLT_UTC IS NULL;--#!
INSERT INTO CD_NAME_TBL (NAME_ID, CD_ID, EFFT_VRSN_SEQ_ID, LANG_CS, VAL, PHON_ALG_ID) SELECT  gen_uuid(), char_to_uuid('01b87999-85a7-4f5c-9b7e-892f1195cfe3'), VRSN_SEQ_ID, 'en', 'ugent notification contact', char_to_uuid('402CD339-D0E4-46CE-8FC2-12A4B0E17226') FROM CD_VRSN_TBL WHERE CD_ID = char_to_uuid('01b87999-85a7-4f5c-9b7e-892f1195cfe3') AND OBSLT_UTC IS NULL;--#!
INSERT INTO CD_NAME_TBL (NAME_ID, CD_ID, EFFT_VRSN_SEQ_ID, LANG_CS, VAL, PHON_ALG_ID) SELECT  gen_uuid(), char_to_uuid('02bb7934-76b5-4cc5-bd42-58570f15eb4d'), VRSN_SEQ_ID, 'en', 'primary information recipient', char_to_uuid('402CD339-D0E4-46CE-8FC2-12A4B0E17226') FROM CD_VRSN_TBL WHERE CD_ID = char_to_uuid('02bb7934-76b5-4cc5-bd42-58570f15eb4d') AND OBSLT_UTC IS NULL;--#!
INSERT INTO CD_NAME_TBL (NAME_ID, CD_ID, EFFT_VRSN_SEQ_ID, LANG_CS, VAL, PHON_ALG_ID) SELECT  gen_uuid(), char_to_uuid('6da3a6ca-2ab0-4d32-9588-e094f277f06d'), VRSN_SEQ_ID, 'en', 'Referred By', char_to_uuid('402CD339-D0E4-46CE-8FC2-12A4B0E17226') FROM CD_VRSN_TBL WHERE CD_ID = char_to_uuid('6da3a6ca-2ab0-4d32-9588-e094f277f06d') AND OBSLT_UTC IS NULL;--#!
INSERT INTO CD_NAME_TBL (NAME_ID, CD_ID, EFFT_VRSN_SEQ_ID, LANG_CS, VAL, PHON_ALG_ID) SELECT  gen_uuid(), char_to_uuid('353f9255-765e-4336-8007-1d61ab09aad6'), VRSN_SEQ_ID, 'en', 'Referred to', char_to_uuid('402CD339-D0E4-46CE-8FC2-12A4B0E17226') FROM CD_VRSN_TBL WHERE CD_ID = char_to_uuid('353f9255-765e-4336-8007-1d61ab09aad6') AND OBSLT_UTC IS NULL;--#!
INSERT INTO CD_NAME_TBL (NAME_ID, CD_ID, EFFT_VRSN_SEQ_ID, LANG_CS, VAL, PHON_ALG_ID) SELECT  gen_uuid(), char_to_uuid('c3be013a-20c5-4c20-840c-d9dbb15d040e'), VRSN_SEQ_ID, 'en', 'tracker', char_to_uuid('402CD339-D0E4-46CE-8FC2-12A4B0E17226') FROM CD_VRSN_TBL WHERE CD_ID = char_to_uuid('c3be013a-20c5-4c20-840c-d9dbb15d040e') AND OBSLT_UTC IS NULL;--#!
INSERT INTO CD_NAME_TBL (NAME_ID, CD_ID, EFFT_VRSN_SEQ_ID, LANG_CS, VAL, PHON_ALG_ID) SELECT  gen_uuid(), char_to_uuid('727b3624-ea62-46bb-a68b-b9e49e302eca'), VRSN_SEQ_ID, 'en', 'destination', char_to_uuid('402CD339-D0E4-46CE-8FC2-12A4B0E17226') FROM CD_VRSN_TBL WHERE CD_ID = char_to_uuid('727b3624-ea62-46bb-a68b-b9e49e302eca') AND OBSLT_UTC IS NULL;--#!
INSERT INTO CD_NAME_TBL (NAME_ID, CD_ID, EFFT_VRSN_SEQ_ID, LANG_CS, VAL, PHON_ALG_ID) SELECT  gen_uuid(), char_to_uuid('ac05185b-5a80-47a8-b924-060deb6d0eb2'), VRSN_SEQ_ID, 'en', 'entry location', char_to_uuid('402CD339-D0E4-46CE-8FC2-12A4B0E17226') FROM CD_VRSN_TBL WHERE CD_ID = char_to_uuid('ac05185b-5a80-47a8-b924-060deb6d0eb2') AND OBSLT_UTC IS NULL;--#!
INSERT INTO CD_NAME_TBL (NAME_ID, CD_ID, EFFT_VRSN_SEQ_ID, LANG_CS, VAL, PHON_ALG_ID) SELECT  gen_uuid(), char_to_uuid('5d175f21-1963-4589-a400-b5ef5f64842c'), VRSN_SEQ_ID, 'en', 'origin', char_to_uuid('402CD339-D0E4-46CE-8FC2-12A4B0E17226') FROM CD_VRSN_TBL WHERE CD_ID = char_to_uuid('5d175f21-1963-4589-a400-b5ef5f64842c') AND OBSLT_UTC IS NULL;--#!
INSERT INTO CD_NAME_TBL (NAME_ID, CD_ID, EFFT_VRSN_SEQ_ID, LANG_CS, VAL, PHON_ALG_ID) SELECT  gen_uuid(), char_to_uuid('3c1225de-194e-49ce-a41a-0f9376b04c11'), VRSN_SEQ_ID, 'en', 'remote', char_to_uuid('402CD339-D0E4-46CE-8FC2-12A4B0E17226') FROM CD_VRSN_TBL WHERE CD_ID = char_to_uuid('3c1225de-194e-49ce-a41a-0f9376b04c11') AND OBSLT_UTC IS NULL;--#!
INSERT INTO CD_NAME_TBL (NAME_ID, CD_ID, EFFT_VRSN_SEQ_ID, LANG_CS, VAL, PHON_ALG_ID) SELECT  gen_uuid(), char_to_uuid('5b0fac74-5ac6-44e6-99a4-6813c0e2f4a9'), VRSN_SEQ_ID, 'en', 'via', char_to_uuid('402CD339-D0E4-46CE-8FC2-12A4B0E17226') FROM CD_VRSN_TBL WHERE CD_ID = char_to_uuid('5b0fac74-5ac6-44e6-99a4-6813c0e2f4a9') AND OBSLT_UTC IS NULL;--#!
INSERT INTO CD_NAME_TBL (NAME_ID, CD_ID, EFFT_VRSN_SEQ_ID, LANG_CS, VAL, PHON_ALG_ID) SELECT  gen_uuid(), char_to_uuid('fa5e70a4-a46e-4665-8a20-94d4d7b86fc8'), VRSN_SEQ_ID, 'en', 'performer', char_to_uuid('402CD339-D0E4-46CE-8FC2-12A4B0E17226') FROM CD_VRSN_TBL WHERE CD_ID = char_to_uuid('fa5e70a4-a46e-4665-8a20-94d4d7b86fc8') AND OBSLT_UTC IS NULL;--#!
INSERT INTO CD_NAME_TBL (NAME_ID, CD_ID, EFFT_VRSN_SEQ_ID, LANG_CS, VAL, PHON_ALG_ID) SELECT  gen_uuid(), char_to_uuid('693f08fa-625a-40d2-b928-6856099c0349'), VRSN_SEQ_ID, 'en', 'distributor', char_to_uuid('402CD339-D0E4-46CE-8FC2-12A4B0E17226') FROM CD_VRSN_TBL WHERE CD_ID = char_to_uuid('693f08fa-625a-40d2-b928-6856099c0349') AND OBSLT_UTC IS NULL;--#!
INSERT INTO CD_NAME_TBL (NAME_ID, CD_ID, EFFT_VRSN_SEQ_ID, LANG_CS, VAL, PHON_ALG_ID) SELECT  gen_uuid(), char_to_uuid('79f6136c-1465-45e8-917e-e7832bc8e3b2'), VRSN_SEQ_ID, 'en', 'primary performer', char_to_uuid('402CD339-D0E4-46CE-8FC2-12A4B0E17226') FROM CD_VRSN_TBL WHERE CD_ID = char_to_uuid('79f6136c-1465-45e8-917e-e7832bc8e3b2') AND OBSLT_UTC IS NULL;--#!
INSERT INTO CD_NAME_TBL (NAME_ID, CD_ID, EFFT_VRSN_SEQ_ID, LANG_CS, VAL, PHON_ALG_ID) SELECT  gen_uuid(), char_to_uuid('4ff91e06-2e39-44e3-9fbe-0d828fe318fe'), VRSN_SEQ_ID, 'en', 'secondary performer', char_to_uuid('402CD339-D0E4-46CE-8FC2-12A4B0E17226') FROM CD_VRSN_TBL WHERE CD_ID = char_to_uuid('4ff91e06-2e39-44e3-9fbe-0d828fe318fe') AND OBSLT_UTC IS NULL;--#!
INSERT INTO CD_NAME_TBL (NAME_ID, CD_ID, EFFT_VRSN_SEQ_ID, LANG_CS, VAL, PHON_ALG_ID) SELECT  gen_uuid(), char_to_uuid('64474c12-b978-4bb6-a584-46dadec2d952'), VRSN_SEQ_ID, 'en', 'responsible party', char_to_uuid('402CD339-D0E4-46CE-8FC2-12A4B0E17226') FROM CD_VRSN_TBL WHERE CD_ID = char_to_uuid('64474c12-b978-4bb6-a584-46dadec2d952') AND OBSLT_UTC IS NULL;--#!
INSERT INTO CD_NAME_TBL (NAME_ID, CD_ID, EFFT_VRSN_SEQ_ID, LANG_CS, VAL, PHON_ALG_ID) SELECT  gen_uuid(), char_to_uuid('f9dc5787-dd4d-42c6-a082-ac7d11956fda'), VRSN_SEQ_ID, 'en', 'verifier', char_to_uuid('402CD339-D0E4-46CE-8FC2-12A4B0E17226') FROM CD_VRSN_TBL WHERE CD_ID = char_to_uuid('f9dc5787-dd4d-42c6-a082-ac7d11956fda') AND OBSLT_UTC IS NULL;--#!
INSERT INTO CD_NAME_TBL (NAME_ID, CD_ID, EFFT_VRSN_SEQ_ID, LANG_CS, VAL, PHON_ALG_ID) SELECT  gen_uuid(), char_to_uuid('1b2dbf82-a503-4cf4-9ecb-a8e111b4674e'), VRSN_SEQ_ID, 'en', 'authenticator', char_to_uuid('402CD339-D0E4-46CE-8FC2-12A4B0E17226') FROM CD_VRSN_TBL WHERE CD_ID = char_to_uuid('1b2dbf82-a503-4cf4-9ecb-a8e111b4674e') AND OBSLT_UTC IS NULL;--#!
INSERT INTO CD_NAME_TBL (NAME_ID, CD_ID, EFFT_VRSN_SEQ_ID, LANG_CS, VAL, PHON_ALG_ID) SELECT  gen_uuid(), char_to_uuid('0716a333-cd46-439d-bfd6-bf788f3885fa'), VRSN_SEQ_ID, 'en', 'legal authenticator', char_to_uuid('402CD339-D0E4-46CE-8FC2-12A4B0E17226') FROM CD_VRSN_TBL WHERE CD_ID = char_to_uuid('0716a333-cd46-439d-bfd6-bf788f3885fa') AND OBSLT_UTC IS NULL;--#!
INSERT INTO CD_NAME_TBL (NAME_ID, CD_ID, EFFT_VRSN_SEQ_ID, LANG_CS, VAL, PHON_ALG_ID) SELECT  gen_uuid(), char_to_uuid('8e087135-8c6f-4214-bdd2-448387d3f24c'), VRSN_SEQ_ID, 'en', 'circle', char_to_uuid('402CD339-D0E4-46CE-8FC2-12A4B0E17226') FROM CD_VRSN_TBL WHERE CD_ID = char_to_uuid('8e087135-8c6f-4214-bdd2-448387d3f24c') AND OBSLT_UTC IS NULL;--#!
INSERT INTO CD_NAME_TBL (NAME_ID, CD_ID, EFFT_VRSN_SEQ_ID, LANG_CS, VAL, PHON_ALG_ID) SELECT  gen_uuid(), char_to_uuid('ced7cc70-12bc-45bb-ac46-ddf41141e64b'), VRSN_SEQ_ID, 'en', 'ellipse', char_to_uuid('402CD339-D0E4-46CE-8FC2-12A4B0E17226') FROM CD_VRSN_TBL WHERE CD_ID = char_to_uuid('ced7cc70-12bc-45bb-ac46-ddf41141e64b') AND OBSLT_UTC IS NULL;--#!
INSERT INTO CD_NAME_TBL (NAME_ID, CD_ID, EFFT_VRSN_SEQ_ID, LANG_CS, VAL, PHON_ALG_ID) SELECT  gen_uuid(), char_to_uuid('6af35d6e-557c-4034-9518-e87bc6cff808'), VRSN_SEQ_ID, 'en', 'point', char_to_uuid('402CD339-D0E4-46CE-8FC2-12A4B0E17226') FROM CD_VRSN_TBL WHERE CD_ID = char_to_uuid('6af35d6e-557c-4034-9518-e87bc6cff808') AND OBSLT_UTC IS NULL;--#!
INSERT INTO CD_NAME_TBL (NAME_ID, CD_ID, EFFT_VRSN_SEQ_ID, LANG_CS, VAL, PHON_ALG_ID) SELECT  gen_uuid(), char_to_uuid('fdda3bd9-a3ee-479c-9b2d-89ba49f09b85'), VRSN_SEQ_ID, 'en', 'polyline', char_to_uuid('402CD339-D0E4-46CE-8FC2-12A4B0E17226') FROM CD_VRSN_TBL WHERE CD_ID = char_to_uuid('fdda3bd9-a3ee-479c-9b2d-89ba49f09b85') AND OBSLT_UTC IS NULL;--#!
INSERT INTO CD_NAME_TBL (NAME_ID, CD_ID, EFFT_VRSN_SEQ_ID, LANG_CS, VAL, PHON_ALG_ID) SELECT  gen_uuid(), char_to_uuid('A87A6D21-2CA6-4AEA-88F3-6135CCEB58D1'), VRSN_SEQ_ID, 'en', 'assigned entity', char_to_uuid('402CD339-D0E4-46CE-8FC2-12A4B0E17226') FROM CD_VRSN_TBL WHERE CD_ID = char_to_uuid('A87A6D21-2CA6-4AEA-88F3-6135CCEB58D1') AND OBSLT_UTC IS NULL;--#!
INSERT INTO CD_NAME_TBL (NAME_ID, CD_ID, EFFT_VRSN_SEQ_ID, LANG_CS, VAL, PHON_ALG_ID) SELECT  gen_uuid(), char_to_uuid('3682b98d-4b14-4e2b-92f5-aa7abf522e28'), VRSN_SEQ_ID, 'en', 'contact', char_to_uuid('402CD339-D0E4-46CE-8FC2-12A4B0E17226') FROM CD_VRSN_TBL WHERE CD_ID = char_to_uuid('3682b98d-4b14-4e2b-92f5-aa7abf522e28') AND OBSLT_UTC IS NULL;--#!
INSERT INTO CD_NAME_TBL (NAME_ID, CD_ID, EFFT_VRSN_SEQ_ID, LANG_CS, VAL, PHON_ALG_ID) SELECT  gen_uuid(), char_to_uuid('8de7b5e7-c941-42bd-b735-52d750efc5e6'), VRSN_SEQ_ID, 'en', 'affiliate', char_to_uuid('402CD339-D0E4-46CE-8FC2-12A4B0E17226') FROM CD_VRSN_TBL WHERE CD_ID = char_to_uuid('8de7b5e7-c941-42bd-b735-52d750efc5e6') AND OBSLT_UTC IS NULL;--#!
INSERT INTO CD_NAME_TBL (NAME_ID, CD_ID, EFFT_VRSN_SEQ_ID, LANG_CS, VAL, PHON_ALG_ID) SELECT  gen_uuid(), char_to_uuid('867fd445-d490-4619-804e-75c04b8a0e57'), VRSN_SEQ_ID, 'en', 'agent', char_to_uuid('402CD339-D0E4-46CE-8FC2-12A4B0E17226') FROM CD_VRSN_TBL WHERE CD_ID = char_to_uuid('867fd445-d490-4619-804e-75c04b8a0e57') AND OBSLT_UTC IS NULL;--#!
INSERT INTO CD_NAME_TBL (NAME_ID, CD_ID, EFFT_VRSN_SEQ_ID, LANG_CS, VAL, PHON_ALG_ID) SELECT  gen_uuid(), char_to_uuid('77b7a04b-c065-4faf-8ec0-2cdad4ae372b'), VRSN_SEQ_ID, 'en', 'assigned entity', char_to_uuid('402CD339-D0E4-46CE-8FC2-12A4B0E17226') FROM CD_VRSN_TBL WHERE CD_ID = char_to_uuid('77b7a04b-c065-4faf-8ec0-2cdad4ae372b') AND OBSLT_UTC IS NULL;--#!
INSERT INTO CD_NAME_TBL (NAME_ID, CD_ID, EFFT_VRSN_SEQ_ID, LANG_CS, VAL, PHON_ALG_ID) SELECT  gen_uuid(), char_to_uuid('33bd1401-dfdb-40e7-a914-0a695ad5186e'), VRSN_SEQ_ID, 'en', 'commissioning party', char_to_uuid('402CD339-D0E4-46CE-8FC2-12A4B0E17226') FROM CD_VRSN_TBL WHERE CD_ID = char_to_uuid('33bd1401-dfdb-40e7-a914-0a695ad5186e') AND OBSLT_UTC IS NULL;--#!
INSERT INTO CD_NAME_TBL (NAME_ID, CD_ID, EFFT_VRSN_SEQ_ID, LANG_CS, VAL, PHON_ALG_ID) SELECT  gen_uuid(), char_to_uuid('757f98df-14e0-446a-bd50-bb0affb34f09'), VRSN_SEQ_ID, 'en', 'signing authority or officer', char_to_uuid('402CD339-D0E4-46CE-8FC2-12A4B0E17226') FROM CD_VRSN_TBL WHERE CD_ID = char_to_uuid('757f98df-14e0-446a-bd50-bb0affb34f09') AND OBSLT_UTC IS NULL;--#!
INSERT INTO CD_NAME_TBL (NAME_ID, CD_ID, EFFT_VRSN_SEQ_ID, LANG_CS, VAL, PHON_ALG_ID) SELECT  gen_uuid(), char_to_uuid('b1d2148d-bb35-4337-8fe6-021f5a3ac8a3'), VRSN_SEQ_ID, 'en', 'contact', char_to_uuid('402CD339-D0E4-46CE-8FC2-12A4B0E17226') FROM CD_VRSN_TBL WHERE CD_ID = char_to_uuid('b1d2148d-bb35-4337-8fe6-021f5a3ac8a3') AND OBSLT_UTC IS NULL;--#!
--INSERT INTO CD_NAME_TBL (NAME_ID, CD_ID, EFFT_VRSN_SEQ_ID, LANG_CS, VAL, PHON_ALG_ID) SELECT  gen_uuid(), char_to_uuid('25985F42-476A-4455-A977-4E97A554D710'), VRSN_SEQ_ID, 'en', 'emergency contact', char_to_uuid('402CD339-D0E4-46CE-8FC2-12A4B0E17226') FROM CD_VRSN_TBL WHERE CD_ID = char_to_uuid('25985F42-476A-4455-A977-4E97A554D710') AND OBSLT_UTC IS NULL;
INSERT INTO CD_NAME_TBL (NAME_ID, CD_ID, EFFT_VRSN_SEQ_ID, LANG_CS, VAL, PHON_ALG_ID) SELECT  gen_uuid(), char_to_uuid('1ee4e74f-542d-4544-96f6-266a6247f274'), VRSN_SEQ_ID, 'en', 'next of kin', char_to_uuid('402CD339-D0E4-46CE-8FC2-12A4B0E17226') FROM CD_VRSN_TBL WHERE CD_ID = char_to_uuid('1ee4e74f-542d-4544-96f6-266a6247f274') AND OBSLT_UTC IS NULL;--#!
INSERT INTO CD_NAME_TBL (NAME_ID, CD_ID, EFFT_VRSN_SEQ_ID, LANG_CS, VAL, PHON_ALG_ID) SELECT  gen_uuid(), char_to_uuid('3b8e2334-4ccc-4f24-8aae-37341ea03d3e'), VRSN_SEQ_ID, 'en', 'guardian', char_to_uuid('402CD339-D0E4-46CE-8FC2-12A4B0E17226') FROM CD_VRSN_TBL WHERE CD_ID = char_to_uuid('3b8e2334-4ccc-4f24-8aae-37341ea03d3e') AND OBSLT_UTC IS NULL;--#!
INSERT INTO CD_NAME_TBL (NAME_ID, CD_ID, EFFT_VRSN_SEQ_ID, LANG_CS, VAL, PHON_ALG_ID) SELECT  gen_uuid(), char_to_uuid('35b13152-e43c-4bcb-8649-a9e83bee33a2'), VRSN_SEQ_ID, 'en', 'citizen', char_to_uuid('402CD339-D0E4-46CE-8FC2-12A4B0E17226') FROM CD_VRSN_TBL WHERE CD_ID = char_to_uuid('35b13152-e43c-4bcb-8649-a9e83bee33a2') AND OBSLT_UTC IS NULL;--#!
INSERT INTO CD_NAME_TBL (NAME_ID, CD_ID, EFFT_VRSN_SEQ_ID, LANG_CS, VAL, PHON_ALG_ID) SELECT  gen_uuid(), char_to_uuid('d4844672-c0d7-434c-8377-6dd0655b0532'), VRSN_SEQ_ID, 'en', 'covered party', char_to_uuid('402CD339-D0E4-46CE-8FC2-12A4B0E17226') FROM CD_VRSN_TBL WHERE CD_ID = char_to_uuid('d4844672-c0d7-434c-8377-6dd0655b0532') AND OBSLT_UTC IS NULL;--#!
INSERT INTO CD_NAME_TBL (NAME_ID, CD_ID, EFFT_VRSN_SEQ_ID, LANG_CS, VAL, PHON_ALG_ID) SELECT  gen_uuid(), char_to_uuid('9d256279-f1ac-46b3-a974-dd13e2ad4f72'), VRSN_SEQ_ID, 'en', 'claimant', char_to_uuid('402CD339-D0E4-46CE-8FC2-12A4B0E17226') FROM CD_VRSN_TBL WHERE CD_ID = char_to_uuid('9d256279-f1ac-46b3-a974-dd13e2ad4f72') AND OBSLT_UTC IS NULL;--#!
INSERT INTO CD_NAME_TBL (NAME_ID, CD_ID, EFFT_VRSN_SEQ_ID, LANG_CS, VAL, PHON_ALG_ID) SELECT  gen_uuid(), char_to_uuid('3d907f37-085c-4c26-b59b-62e40621dafd'), VRSN_SEQ_ID, 'en', 'named insured', char_to_uuid('402CD339-D0E4-46CE-8FC2-12A4B0E17226') FROM CD_VRSN_TBL WHERE CD_ID = char_to_uuid('3d907f37-085c-4c26-b59b-62e40621dafd') AND OBSLT_UTC IS NULL;--#!
INSERT INTO CD_NAME_TBL (NAME_ID, CD_ID, EFFT_VRSN_SEQ_ID, LANG_CS, VAL, PHON_ALG_ID) SELECT  gen_uuid(), char_to_uuid('f28ed78f-85ab-47a1-ba08-b5051e62d6c3'), VRSN_SEQ_ID, 'en', 'dependent', char_to_uuid('402CD339-D0E4-46CE-8FC2-12A4B0E17226') FROM CD_VRSN_TBL WHERE CD_ID = char_to_uuid('f28ed78f-85ab-47a1-ba08-b5051e62d6c3') AND OBSLT_UTC IS NULL;--#!
INSERT INTO CD_NAME_TBL (NAME_ID, CD_ID, EFFT_VRSN_SEQ_ID, LANG_CS, VAL, PHON_ALG_ID) SELECT  gen_uuid(), char_to_uuid('47049b0f-f189-4e19-9aa8-7c38adb2491a'), VRSN_SEQ_ID, 'en', 'individual', char_to_uuid('402CD339-D0E4-46CE-8FC2-12A4B0E17226') FROM CD_VRSN_TBL WHERE CD_ID = char_to_uuid('47049b0f-f189-4e19-9aa8-7c38adb2491a') AND OBSLT_UTC IS NULL;--#!
INSERT INTO CD_NAME_TBL (NAME_ID, CD_ID, EFFT_VRSN_SEQ_ID, LANG_CS, VAL, PHON_ALG_ID) SELECT  gen_uuid(), char_to_uuid('f31a2a5b-ce13-47e1-a0fb-d704f31547db'), VRSN_SEQ_ID, 'en', 'subscriber', char_to_uuid('402CD339-D0E4-46CE-8FC2-12A4B0E17226') FROM CD_VRSN_TBL WHERE CD_ID = char_to_uuid('f31a2a5b-ce13-47e1-a0fb-d704f31547db') AND OBSLT_UTC IS NULL;--#!
INSERT INTO CD_NAME_TBL (NAME_ID, CD_ID, EFFT_VRSN_SEQ_ID, LANG_CS, VAL, PHON_ALG_ID) SELECT  gen_uuid(), char_to_uuid('cbe2a00c-e1d5-44e9-aae3-d7d03e3c2efa'), VRSN_SEQ_ID, 'en', 'program eligible', char_to_uuid('402CD339-D0E4-46CE-8FC2-12A4B0E17226') FROM CD_VRSN_TBL WHERE CD_ID = char_to_uuid('cbe2a00c-e1d5-44e9-aae3-d7d03e3c2efa') AND OBSLT_UTC IS NULL;--#!
INSERT INTO CD_NAME_TBL (NAME_ID, CD_ID, EFFT_VRSN_SEQ_ID, LANG_CS, VAL, PHON_ALG_ID) SELECT  gen_uuid(), char_to_uuid('43ad7bc0-2ed8-4b27-97e5-b3db00a07d17'), VRSN_SEQ_ID, 'en', 'clinical research investigator', char_to_uuid('402CD339-D0E4-46CE-8FC2-12A4B0E17226') FROM CD_VRSN_TBL WHERE CD_ID = char_to_uuid('43ad7bc0-2ed8-4b27-97e5-b3db00a07d17') AND OBSLT_UTC IS NULL;--#!
INSERT INTO CD_NAME_TBL (NAME_ID, CD_ID, EFFT_VRSN_SEQ_ID, LANG_CS, VAL, PHON_ALG_ID) SELECT  gen_uuid(), char_to_uuid('66c96ae6-c5c4-4d66-9bd0-a00c56e831da'), VRSN_SEQ_ID, 'en', 'clinical research sponsor', char_to_uuid('402CD339-D0E4-46CE-8FC2-12A4B0E17226') FROM CD_VRSN_TBL WHERE CD_ID = char_to_uuid('66c96ae6-c5c4-4d66-9bd0-a00c56e831da') AND OBSLT_UTC IS NULL;--#!
INSERT INTO CD_NAME_TBL (NAME_ID, CD_ID, EFFT_VRSN_SEQ_ID, LANG_CS, VAL, PHON_ALG_ID) SELECT  gen_uuid(), char_to_uuid('b43c9513-1c1c-4ed0-92db-55a904c122e6'), VRSN_SEQ_ID, 'en', 'employee', char_to_uuid('402CD339-D0E4-46CE-8FC2-12A4B0E17226') FROM CD_VRSN_TBL WHERE CD_ID = char_to_uuid('b43c9513-1c1c-4ed0-92db-55a904c122e6') AND OBSLT_UTC IS NULL;--#!
INSERT INTO CD_NAME_TBL (NAME_ID, CD_ID, EFFT_VRSN_SEQ_ID, LANG_CS, VAL, PHON_ALG_ID) SELECT  gen_uuid(), char_to_uuid('1bcfb08d-c6fa-41dd-98bf-06336a33a3b7'), VRSN_SEQ_ID, 'en', 'military person', char_to_uuid('402CD339-D0E4-46CE-8FC2-12A4B0E17226') FROM CD_VRSN_TBL WHERE CD_ID = char_to_uuid('1bcfb08d-c6fa-41dd-98bf-06336a33a3b7') AND OBSLT_UTC IS NULL;--#!
INSERT INTO CD_NAME_TBL (NAME_ID, CD_ID, EFFT_VRSN_SEQ_ID, LANG_CS, VAL, PHON_ALG_ID) SELECT  gen_uuid(), char_to_uuid('f5b10c57-3ae1-41ea-8649-1cf8d9848ae1'), VRSN_SEQ_ID, 'en', 'guarantor', char_to_uuid('402CD339-D0E4-46CE-8FC2-12A4B0E17226') FROM CD_VRSN_TBL WHERE CD_ID = char_to_uuid('f5b10c57-3ae1-41ea-8649-1cf8d9848ae1') AND OBSLT_UTC IS NULL;--#!
INSERT INTO CD_NAME_TBL (NAME_ID, CD_ID, EFFT_VRSN_SEQ_ID, LANG_CS, VAL, PHON_ALG_ID) SELECT  gen_uuid(), char_to_uuid('0c522bd1-dfa2-43cb-a98e-f6ff137968ae'), VRSN_SEQ_ID, 'en', 'Investigation Subject', char_to_uuid('402CD339-D0E4-46CE-8FC2-12A4B0E17226') FROM CD_VRSN_TBL WHERE CD_ID = char_to_uuid('0c522bd1-dfa2-43cb-a98e-f6ff137968ae') AND OBSLT_UTC IS NULL;--#!
INSERT INTO CD_NAME_TBL (NAME_ID, CD_ID, EFFT_VRSN_SEQ_ID, LANG_CS, VAL, PHON_ALG_ID) SELECT  gen_uuid(), char_to_uuid('d7ad48c0-889d-41e2-99e9-be5e6c5327b2'), VRSN_SEQ_ID, 'en', 'Case Subject', char_to_uuid('402CD339-D0E4-46CE-8FC2-12A4B0E17226') FROM CD_VRSN_TBL WHERE CD_ID = char_to_uuid('d7ad48c0-889d-41e2-99e9-be5e6c5327b2') AND OBSLT_UTC IS NULL;--#!
INSERT INTO CD_NAME_TBL (NAME_ID, CD_ID, EFFT_VRSN_SEQ_ID, LANG_CS, VAL, PHON_ALG_ID) SELECT  gen_uuid(), char_to_uuid('ef597ffe-d965-4398-b55a-650530ebb997'), VRSN_SEQ_ID, 'en', 'research subject', char_to_uuid('402CD339-D0E4-46CE-8FC2-12A4B0E17226') FROM CD_VRSN_TBL WHERE CD_ID = char_to_uuid('ef597ffe-d965-4398-b55a-650530ebb997') AND OBSLT_UTC IS NULL;--#!
INSERT INTO CD_NAME_TBL (NAME_ID, CD_ID, EFFT_VRSN_SEQ_ID, LANG_CS, VAL, PHON_ALG_ID) SELECT  gen_uuid(), char_to_uuid('b9fe057e-7f57-42eb-89d7-67c69646c0c4'), VRSN_SEQ_ID, 'en', 'licensed entity', char_to_uuid('402CD339-D0E4-46CE-8FC2-12A4B0E17226') FROM CD_VRSN_TBL WHERE CD_ID = char_to_uuid('b9fe057e-7f57-42eb-89d7-67c69646c0c4') AND OBSLT_UTC IS NULL;--#!
INSERT INTO CD_NAME_TBL (NAME_ID, CD_ID, EFFT_VRSN_SEQ_ID, LANG_CS, VAL, PHON_ALG_ID) SELECT  gen_uuid(), char_to_uuid('f1ef6c46-05eb-4482-baeb-eaf0a8e5ffef'), VRSN_SEQ_ID, 'en', 'notary public', char_to_uuid('402CD339-D0E4-46CE-8FC2-12A4B0E17226') FROM CD_VRSN_TBL WHERE CD_ID = char_to_uuid('f1ef6c46-05eb-4482-baeb-eaf0a8e5ffef') AND OBSLT_UTC IS NULL;--#!
INSERT INTO CD_NAME_TBL (NAME_ID, CD_ID, EFFT_VRSN_SEQ_ID, LANG_CS, VAL, PHON_ALG_ID) SELECT  gen_uuid(), char_to_uuid('6b04fed8-c164-469c-910b-f824c2bda4f0'), VRSN_SEQ_ID, 'en', 'healthcare provider', char_to_uuid('402CD339-D0E4-46CE-8FC2-12A4B0E17226') FROM CD_VRSN_TBL WHERE CD_ID = char_to_uuid('6b04fed8-c164-469c-910b-f824c2bda4f0') AND OBSLT_UTC IS NULL;--#!
INSERT INTO CD_NAME_TBL (NAME_ID, CD_ID, EFFT_VRSN_SEQ_ID, LANG_CS, VAL, PHON_ALG_ID) SELECT  gen_uuid(), char_to_uuid('bacd9c6f-3fa9-481e-9636-37457962804d'), VRSN_SEQ_ID, 'en', 'patient', char_to_uuid('402CD339-D0E4-46CE-8FC2-12A4B0E17226') FROM CD_VRSN_TBL WHERE CD_ID = char_to_uuid('bacd9c6f-3fa9-481e-9636-37457962804d') AND OBSLT_UTC IS NULL;--#!
INSERT INTO CD_NAME_TBL (NAME_ID, CD_ID, EFFT_VRSN_SEQ_ID, LANG_CS, VAL, PHON_ALG_ID) SELECT  gen_uuid(), char_to_uuid('734551e1-2960-4a68-93a2-b277db072a43'), VRSN_SEQ_ID, 'en', 'payee', char_to_uuid('402CD339-D0E4-46CE-8FC2-12A4B0E17226') FROM CD_VRSN_TBL WHERE CD_ID = char_to_uuid('734551e1-2960-4a68-93a2-b277db072a43') AND OBSLT_UTC IS NULL;--#!
INSERT INTO CD_NAME_TBL (NAME_ID, CD_ID, EFFT_VRSN_SEQ_ID, LANG_CS, VAL, PHON_ALG_ID) SELECT  gen_uuid(), char_to_uuid('07c922d2-12c9-415a-95d4-9b3fed4959d6'), VRSN_SEQ_ID, 'en', 'invoice payor', char_to_uuid('402CD339-D0E4-46CE-8FC2-12A4B0E17226') FROM CD_VRSN_TBL WHERE CD_ID = char_to_uuid('07c922d2-12c9-415a-95d4-9b3fed4959d6') AND OBSLT_UTC IS NULL;--#!
INSERT INTO CD_NAME_TBL (NAME_ID, CD_ID, EFFT_VRSN_SEQ_ID, LANG_CS, VAL, PHON_ALG_ID) SELECT  gen_uuid(), char_to_uuid('cec017ef-4e49-41af-8596-abad1a91c9d0'), VRSN_SEQ_ID, 'en', 'policy holder', char_to_uuid('402CD339-D0E4-46CE-8FC2-12A4B0E17226') FROM CD_VRSN_TBL WHERE CD_ID = char_to_uuid('cec017ef-4e49-41af-8596-abad1a91c9d0') AND OBSLT_UTC IS NULL;--#!
INSERT INTO CD_NAME_TBL (NAME_ID, CD_ID, EFFT_VRSN_SEQ_ID, LANG_CS, VAL, PHON_ALG_ID) SELECT  gen_uuid(), char_to_uuid('6521dd09-334b-4fbf-9c89-1ad5a804326c'), VRSN_SEQ_ID, 'en', 'qualified entity', char_to_uuid('402CD339-D0E4-46CE-8FC2-12A4B0E17226') FROM CD_VRSN_TBL WHERE CD_ID = char_to_uuid('6521dd09-334b-4fbf-9c89-1ad5a804326c') AND OBSLT_UTC IS NULL;--#!
INSERT INTO CD_NAME_TBL (NAME_ID, CD_ID, EFFT_VRSN_SEQ_ID, LANG_CS, VAL, PHON_ALG_ID) SELECT  gen_uuid(), char_to_uuid('8ff9d9a5-a206-4566-82cd-67b770d7ce8a'), VRSN_SEQ_ID, 'en', 'coverage sponsor', char_to_uuid('402CD339-D0E4-46CE-8FC2-12A4B0E17226') FROM CD_VRSN_TBL WHERE CD_ID = char_to_uuid('8ff9d9a5-a206-4566-82cd-67b770d7ce8a') AND OBSLT_UTC IS NULL;--#!
INSERT INTO CD_NAME_TBL (NAME_ID, CD_ID, EFFT_VRSN_SEQ_ID, LANG_CS, VAL, PHON_ALG_ID) SELECT  gen_uuid(), char_to_uuid('0c157566-d1e9-4976-8542-473caa9ba2a4'), VRSN_SEQ_ID, 'en', 'student', char_to_uuid('402CD339-D0E4-46CE-8FC2-12A4B0E17226') FROM CD_VRSN_TBL WHERE CD_ID = char_to_uuid('0c157566-d1e9-4976-8542-473caa9ba2a4') AND OBSLT_UTC IS NULL;--#!
INSERT INTO CD_NAME_TBL (NAME_ID, CD_ID, EFFT_VRSN_SEQ_ID, LANG_CS, VAL, PHON_ALG_ID) SELECT  gen_uuid(), char_to_uuid('a8fcd83f-808b-494b-8a1c-ec2c6dbc3dfa'), VRSN_SEQ_ID, 'en', 'underwriter', char_to_uuid('402CD339-D0E4-46CE-8FC2-12A4B0E17226') FROM CD_VRSN_TBL WHERE CD_ID = char_to_uuid('a8fcd83f-808b-494b-8a1c-ec2c6dbc3dfa') AND OBSLT_UTC IS NULL;--#!
INSERT INTO CD_NAME_TBL (NAME_ID, CD_ID, EFFT_VRSN_SEQ_ID, LANG_CS, VAL, PHON_ALG_ID) SELECT  gen_uuid(), char_to_uuid('ddc1b705-c768-4c7a-8f69-76ad4b167b40'), VRSN_SEQ_ID, 'en', 'access', char_to_uuid('402CD339-D0E4-46CE-8FC2-12A4B0E17226') FROM CD_VRSN_TBL WHERE CD_ID = char_to_uuid('ddc1b705-c768-4c7a-8f69-76ad4b167b40') AND OBSLT_UTC IS NULL;--#!
INSERT INTO CD_NAME_TBL (NAME_ID, CD_ID, EFFT_VRSN_SEQ_ID, LANG_CS, VAL, PHON_ALG_ID) SELECT  gen_uuid(), char_to_uuid('b52c7e95-88b8-4c4c-836a-934277afdb92'), VRSN_SEQ_ID, 'en', 'Administerable Material', char_to_uuid('402CD339-D0E4-46CE-8FC2-12A4B0E17226') FROM CD_VRSN_TBL WHERE CD_ID = char_to_uuid('b52c7e95-88b8-4c4c-836a-934277afdb92') AND OBSLT_UTC IS NULL;--#!
INSERT INTO CD_NAME_TBL (NAME_ID, CD_ID, EFFT_VRSN_SEQ_ID, LANG_CS, VAL, PHON_ALG_ID) SELECT  gen_uuid(), char_to_uuid('f3ef7e48-d8b7-4030-b431-aff7e0e1cb76'), VRSN_SEQ_ID, 'en', 'birthplace', char_to_uuid('402CD339-D0E4-46CE-8FC2-12A4B0E17226') FROM CD_VRSN_TBL WHERE CD_ID = char_to_uuid('f3ef7e48-d8b7-4030-b431-aff7e0e1cb76') AND OBSLT_UTC IS NULL;--#!
INSERT INTO CD_NAME_TBL (NAME_ID, CD_ID, EFFT_VRSN_SEQ_ID, LANG_CS, VAL, PHON_ALG_ID) SELECT  gen_uuid(), char_to_uuid('31b0dfcb-d7ba-452a-98b9-45ebccd30732'), VRSN_SEQ_ID, 'en', 'caregiver', char_to_uuid('402CD339-D0E4-46CE-8FC2-12A4B0E17226') FROM CD_VRSN_TBL WHERE CD_ID = char_to_uuid('31b0dfcb-d7ba-452a-98b9-45ebccd30732') AND OBSLT_UTC IS NULL;--#!
INSERT INTO CD_NAME_TBL (NAME_ID, CD_ID, EFFT_VRSN_SEQ_ID, LANG_CS, VAL, PHON_ALG_ID) SELECT  gen_uuid(), char_to_uuid('9bbe0cfe-faab-4dc9-a28f-c001e3e95e6e'), VRSN_SEQ_ID, 'en', 'place of death', char_to_uuid('402CD339-D0E4-46CE-8FC2-12A4B0E17226') FROM CD_VRSN_TBL WHERE CD_ID = char_to_uuid('9bbe0cfe-faab-4dc9-a28f-c001e3e95e6e') AND OBSLT_UTC IS NULL;--#!
INSERT INTO CD_NAME_TBL (NAME_ID, CD_ID, EFFT_VRSN_SEQ_ID, LANG_CS, VAL, PHON_ALG_ID) SELECT  gen_uuid(), char_to_uuid('f5547ada-1eb9-40bb-b163-081567d869e7'), VRSN_SEQ_ID, 'en', 'distributed material', char_to_uuid('402CD339-D0E4-46CE-8FC2-12A4B0E17226') FROM CD_VRSN_TBL WHERE CD_ID = char_to_uuid('f5547ada-1eb9-40bb-b163-081567d869e7') AND OBSLT_UTC IS NULL;--#!
INSERT INTO CD_NAME_TBL (NAME_ID, CD_ID, EFFT_VRSN_SEQ_ID, LANG_CS, VAL, PHON_ALG_ID) SELECT  gen_uuid(), char_to_uuid('703df8f4-b124-44c5-9506-1ab74ddfd91d'), VRSN_SEQ_ID, 'en', 'retailed material', char_to_uuid('402CD339-D0E4-46CE-8FC2-12A4B0E17226') FROM CD_VRSN_TBL WHERE CD_ID = char_to_uuid('703df8f4-b124-44c5-9506-1ab74ddfd91d') AND OBSLT_UTC IS NULL;--#!
INSERT INTO CD_NAME_TBL (NAME_ID, CD_ID, EFFT_VRSN_SEQ_ID, LANG_CS, VAL, PHON_ALG_ID) SELECT  gen_uuid(), char_to_uuid('ab39087c-17d3-421a-a1e3-2de4e0ab9faf'), VRSN_SEQ_ID, 'en', 'exposed entity', char_to_uuid('402CD339-D0E4-46CE-8FC2-12A4B0E17226') FROM CD_VRSN_TBL WHERE CD_ID = char_to_uuid('ab39087c-17d3-421a-a1e3-2de4e0ab9faf') AND OBSLT_UTC IS NULL;--#!
INSERT INTO CD_NAME_TBL (NAME_ID, CD_ID, EFFT_VRSN_SEQ_ID, LANG_CS, VAL, PHON_ALG_ID) SELECT  gen_uuid(), char_to_uuid('9c02a621-8565-46b4-94ff-a2bd210989b1'), VRSN_SEQ_ID, 'en', 'held entity', char_to_uuid('402CD339-D0E4-46CE-8FC2-12A4B0E17226') FROM CD_VRSN_TBL WHERE CD_ID = char_to_uuid('9c02a621-8565-46b4-94ff-a2bd210989b1') AND OBSLT_UTC IS NULL;--#!
INSERT INTO CD_NAME_TBL (NAME_ID, CD_ID, EFFT_VRSN_SEQ_ID, LANG_CS, VAL, PHON_ALG_ID) SELECT  gen_uuid(), char_to_uuid('5b0f8c93-57c9-4dff-b59a-9564739ef445'), VRSN_SEQ_ID, 'en', 'health chart', char_to_uuid('402CD339-D0E4-46CE-8FC2-12A4B0E17226') FROM CD_VRSN_TBL WHERE CD_ID = char_to_uuid('5b0f8c93-57c9-4dff-b59a-9564739ef445') AND OBSLT_UTC IS NULL;--#!
INSERT INTO CD_NAME_TBL (NAME_ID, CD_ID, EFFT_VRSN_SEQ_ID, LANG_CS, VAL, PHON_ALG_ID) SELECT  gen_uuid(), char_to_uuid('c5c8b935-294f-4c90-9d81-cbf914bf5808'), VRSN_SEQ_ID, 'en', 'identified entity', char_to_uuid('402CD339-D0E4-46CE-8FC2-12A4B0E17226') FROM CD_VRSN_TBL WHERE CD_ID = char_to_uuid('c5c8b935-294f-4c90-9d81-cbf914bf5808') AND OBSLT_UTC IS NULL;--#!
INSERT INTO CD_NAME_TBL (NAME_ID, CD_ID, EFFT_VRSN_SEQ_ID, LANG_CS, VAL, PHON_ALG_ID) SELECT  gen_uuid(), char_to_uuid('6780df3b-afbd-44a3-8627-cbb3dc2f02f6'), VRSN_SEQ_ID, 'en', 'manufactured product', char_to_uuid('402CD339-D0E4-46CE-8FC2-12A4B0E17226') FROM CD_VRSN_TBL WHERE CD_ID = char_to_uuid('6780df3b-afbd-44a3-8627-cbb3dc2f02f6') AND OBSLT_UTC IS NULL;--#!
INSERT INTO CD_NAME_TBL (NAME_ID, CD_ID, EFFT_VRSN_SEQ_ID, LANG_CS, VAL, PHON_ALG_ID) SELECT  gen_uuid(), char_to_uuid('d6657fdb-4ef3-4131-af79-14e01a21faca'), VRSN_SEQ_ID, 'en', 'therapeutic agent', char_to_uuid('402CD339-D0E4-46CE-8FC2-12A4B0E17226') FROM CD_VRSN_TBL WHERE CD_ID = char_to_uuid('d6657fdb-4ef3-4131-af79-14e01a21faca') AND OBSLT_UTC IS NULL;--#!
INSERT INTO CD_NAME_TBL (NAME_ID, CD_ID, EFFT_VRSN_SEQ_ID, LANG_CS, VAL, PHON_ALG_ID) SELECT  gen_uuid(), char_to_uuid('77b6d8cd-05a0-4b1f-9e14-b895203bf40c'), VRSN_SEQ_ID, 'en', 'maintained entity', char_to_uuid('402CD339-D0E4-46CE-8FC2-12A4B0E17226') FROM CD_VRSN_TBL WHERE CD_ID = char_to_uuid('77b6d8cd-05a0-4b1f-9e14-b895203bf40c') AND OBSLT_UTC IS NULL;--#!
INSERT INTO CD_NAME_TBL (NAME_ID, CD_ID, EFFT_VRSN_SEQ_ID, LANG_CS, VAL, PHON_ALG_ID) SELECT  gen_uuid(), char_to_uuid('117da15c-0864-4f00-a987-9b9854cba44e'), VRSN_SEQ_ID, 'en', 'owned entity', char_to_uuid('402CD339-D0E4-46CE-8FC2-12A4B0E17226') FROM CD_VRSN_TBL WHERE CD_ID = char_to_uuid('117da15c-0864-4f00-a987-9b9854cba44e') AND OBSLT_UTC IS NULL;--#!
INSERT INTO CD_NAME_TBL (NAME_ID, CD_ID, EFFT_VRSN_SEQ_ID, LANG_CS, VAL, PHON_ALG_ID) SELECT  gen_uuid(), char_to_uuid('abfd3fe8-9526-48fb-b366-35baca9bd170'), VRSN_SEQ_ID, 'en', 'personal relationship', char_to_uuid('402CD339-D0E4-46CE-8FC2-12A4B0E17226') FROM CD_VRSN_TBL WHERE CD_ID = char_to_uuid('abfd3fe8-9526-48fb-b366-35baca9bd170') AND OBSLT_UTC IS NULL;--#!
INSERT INTO CD_NAME_TBL (NAME_ID, CD_ID, EFFT_VRSN_SEQ_ID, LANG_CS, VAL, PHON_ALG_ID) SELECT  gen_uuid(), char_to_uuid('20e98d17-e24d-4c64-b09e-521a177ccd05'), VRSN_SEQ_ID, 'en', 'regulated product', char_to_uuid('402CD339-D0E4-46CE-8FC2-12A4B0E17226') FROM CD_VRSN_TBL WHERE CD_ID = char_to_uuid('20e98d17-e24d-4c64-b09e-521a177ccd05') AND OBSLT_UTC IS NULL;--#!
INSERT INTO CD_NAME_TBL (NAME_ID, CD_ID, EFFT_VRSN_SEQ_ID, LANG_CS, VAL, PHON_ALG_ID) SELECT  gen_uuid(), char_to_uuid('ff34dfa7-c6d3-4f8b-bc9f-14bcdc13ba6c'), VRSN_SEQ_ID, 'en', 'service delivery location', char_to_uuid('402CD339-D0E4-46CE-8FC2-12A4B0E17226') FROM CD_VRSN_TBL WHERE CD_ID = char_to_uuid('ff34dfa7-c6d3-4f8b-bc9f-14bcdc13ba6c') AND OBSLT_UTC IS NULL;--#!
INSERT INTO CD_NAME_TBL (NAME_ID, CD_ID, EFFT_VRSN_SEQ_ID, LANG_CS, VAL, PHON_ALG_ID) SELECT  gen_uuid(), char_to_uuid('455f1772-f580-47e8-86bd-b5ce25d351f9'), VRSN_SEQ_ID, 'en', 'dedicated service delivery location', char_to_uuid('402CD339-D0E4-46CE-8FC2-12A4B0E17226') FROM CD_VRSN_TBL WHERE CD_ID = char_to_uuid('455f1772-f580-47e8-86bd-b5ce25d351f9') AND OBSLT_UTC IS NULL;--#!
INSERT INTO CD_NAME_TBL (NAME_ID, CD_ID, EFFT_VRSN_SEQ_ID, LANG_CS, VAL, PHON_ALG_ID) SELECT  gen_uuid(), char_to_uuid('41baf7aa-5ffd-4421-831f-42d4ab3de38a'), VRSN_SEQ_ID, 'en', 'incidental service delivery location', char_to_uuid('402CD339-D0E4-46CE-8FC2-12A4B0E17226') FROM CD_VRSN_TBL WHERE CD_ID = char_to_uuid('41baf7aa-5ffd-4421-831f-42d4ab3de38a') AND OBSLT_UTC IS NULL;--#!
INSERT INTO CD_NAME_TBL (NAME_ID, CD_ID, EFFT_VRSN_SEQ_ID, LANG_CS, VAL, PHON_ALG_ID) SELECT  gen_uuid(), char_to_uuid('c6b92576-1d62-4896-8799-6f931f8ab607'), VRSN_SEQ_ID, 'en', 'territory of authority', char_to_uuid('402CD339-D0E4-46CE-8FC2-12A4B0E17226') FROM CD_VRSN_TBL WHERE CD_ID = char_to_uuid('c6b92576-1d62-4896-8799-6f931f8ab607') AND OBSLT_UTC IS NULL;--#!
INSERT INTO CD_NAME_TBL (NAME_ID, CD_ID, EFFT_VRSN_SEQ_ID, LANG_CS, VAL, PHON_ALG_ID) SELECT  gen_uuid(), char_to_uuid('08fff7d9-bac7-417b-b026-c9bee52f4a37'), VRSN_SEQ_ID, 'en', 'used entity', char_to_uuid('402CD339-D0E4-46CE-8FC2-12A4B0E17226') FROM CD_VRSN_TBL WHERE CD_ID = char_to_uuid('08fff7d9-bac7-417b-b026-c9bee52f4a37') AND OBSLT_UTC IS NULL;--#!
INSERT INTO CD_NAME_TBL (NAME_ID, CD_ID, EFFT_VRSN_SEQ_ID, LANG_CS, VAL, PHON_ALG_ID) SELECT  gen_uuid(), char_to_uuid('639b4b8f-afd3-4963-9e79-ef0d3928796a'), VRSN_SEQ_ID, 'en', 'warranted product', char_to_uuid('402CD339-D0E4-46CE-8FC2-12A4B0E17226') FROM CD_VRSN_TBL WHERE CD_ID = char_to_uuid('639b4b8f-afd3-4963-9e79-ef0d3928796a') AND OBSLT_UTC IS NULL;--#!
INSERT INTO CD_NAME_TBL (NAME_ID, CD_ID, EFFT_VRSN_SEQ_ID, LANG_CS, VAL, PHON_ALG_ID) SELECT  gen_uuid(), char_to_uuid('845120de-e6f7-4cec-94aa-e6e943c91367'), VRSN_SEQ_ID, 'en', 'guardian', char_to_uuid('402CD339-D0E4-46CE-8FC2-12A4B0E17226') FROM CD_VRSN_TBL WHERE CD_ID = char_to_uuid('845120de-e6f7-4cec-94aa-e6e943c91367') AND OBSLT_UTC IS NULL;--#!
INSERT INTO CD_NAME_TBL (NAME_ID, CD_ID, EFFT_VRSN_SEQ_ID, LANG_CS, VAL, PHON_ALG_ID) SELECT  gen_uuid(), char_to_uuid('b2feb552-8eaf-45fe-a397-f789d6f4728a'), VRSN_SEQ_ID, 'en', 'part', char_to_uuid('402CD339-D0E4-46CE-8FC2-12A4B0E17226') FROM CD_VRSN_TBL WHERE CD_ID = char_to_uuid('b2feb552-8eaf-45fe-a397-f789d6f4728a') AND OBSLT_UTC IS NULL;--#!
INSERT INTO CD_NAME_TBL (NAME_ID, CD_ID, EFFT_VRSN_SEQ_ID, LANG_CS, VAL, PHON_ALG_ID) SELECT  gen_uuid(), char_to_uuid('212b1b6b-b074-4a75-862d-e4e194252044'), VRSN_SEQ_ID, 'en', 'active moiety', char_to_uuid('402CD339-D0E4-46CE-8FC2-12A4B0E17226') FROM CD_VRSN_TBL WHERE CD_ID = char_to_uuid('212b1b6b-b074-4a75-862d-e4e194252044') AND OBSLT_UTC IS NULL;--#!
INSERT INTO CD_NAME_TBL (NAME_ID, CD_ID, EFFT_VRSN_SEQ_ID, LANG_CS, VAL, PHON_ALG_ID) SELECT  gen_uuid(), char_to_uuid('cff670e4-965e-4288-b966-47a44479d2ad'), VRSN_SEQ_ID, 'en', 'aliquot', char_to_uuid('402CD339-D0E4-46CE-8FC2-12A4B0E17226') FROM CD_VRSN_TBL WHERE CD_ID = char_to_uuid('cff670e4-965e-4288-b966-47a44479d2ad') AND OBSLT_UTC IS NULL;--#!
INSERT INTO CD_NAME_TBL (NAME_ID, CD_ID, EFFT_VRSN_SEQ_ID, LANG_CS, VAL, PHON_ALG_ID) SELECT  gen_uuid(), char_to_uuid('020c28a0-7c52-42f4-a046-db9e329d5a42'), VRSN_SEQ_ID, 'en', 'isolate', char_to_uuid('402CD339-D0E4-46CE-8FC2-12A4B0E17226') FROM CD_VRSN_TBL WHERE CD_ID = char_to_uuid('020c28a0-7c52-42f4-a046-db9e329d5a42') AND OBSLT_UTC IS NULL;--#!
INSERT INTO CD_NAME_TBL (NAME_ID, CD_ID, EFFT_VRSN_SEQ_ID, LANG_CS, VAL, PHON_ALG_ID) SELECT  gen_uuid(), char_to_uuid('ca44a469-81d7-4484-9189-ca1d55afecbc'), VRSN_SEQ_ID, 'en', 'account management', char_to_uuid('402CD339-D0E4-46CE-8FC2-12A4B0E17226') FROM CD_VRSN_TBL WHERE CD_ID = char_to_uuid('ca44a469-81d7-4484-9189-ca1d55afecbc') AND OBSLT_UTC IS NULL;--#!
INSERT INTO CD_NAME_TBL (NAME_ID, CD_ID, EFFT_VRSN_SEQ_ID, LANG_CS, VAL, PHON_ALG_ID) SELECT  gen_uuid(), char_to_uuid('d874424e-c692-4fd8-b94e-642e1cbf83e9'), VRSN_SEQ_ID, 'en', 'act', char_to_uuid('402CD339-D0E4-46CE-8FC2-12A4B0E17226') FROM CD_VRSN_TBL WHERE CD_ID = char_to_uuid('d874424e-c692-4fd8-b94e-642e1cbf83e9') AND OBSLT_UTC IS NULL;--#!
INSERT INTO CD_NAME_TBL (NAME_ID, CD_ID, EFFT_VRSN_SEQ_ID, LANG_CS, VAL, PHON_ALG_ID) SELECT  gen_uuid(), char_to_uuid('03eb7808-0851-49e2-b773-663b0ac2bd38'), VRSN_SEQ_ID, 'en', 'CT event', char_to_uuid('402CD339-D0E4-46CE-8FC2-12A4B0E17226') FROM CD_VRSN_TBL WHERE CD_ID = char_to_uuid('03eb7808-0851-49e2-b773-663b0ac2bd38') AND OBSLT_UTC IS NULL;--#!
INSERT INTO CD_NAME_TBL (NAME_ID, CD_ID, EFFT_VRSN_SEQ_ID, LANG_CS, VAL, PHON_ALG_ID) SELECT  gen_uuid(), char_to_uuid('1571297b-86ed-4002-8b40-13403cba68ab'), VRSN_SEQ_ID, 'en', 'INC', char_to_uuid('402CD339-D0E4-46CE-8FC2-12A4B0E17226') FROM CD_VRSN_TBL WHERE CD_ID = char_to_uuid('1571297b-86ed-4002-8b40-13403cba68ab') AND OBSLT_UTC IS NULL;--#!
INSERT INTO CD_NAME_TBL (NAME_ID, CD_ID, EFFT_VRSN_SEQ_ID, LANG_CS, VAL, PHON_ALG_ID) SELECT  gen_uuid(), char_to_uuid('192f1768-d39e-409d-87be-5afd0ee0d1fe'), VRSN_SEQ_ID, 'en', 'informant', char_to_uuid('402CD339-D0E4-46CE-8FC2-12A4B0E17226') FROM CD_VRSN_TBL WHERE CD_ID = char_to_uuid('192f1768-d39e-409d-87be-5afd0ee0d1fe') AND OBSLT_UTC IS NULL;--#!
INSERT INTO CD_NAME_TBL (NAME_ID, CD_ID, EFFT_VRSN_SEQ_ID, LANG_CS, VAL, PHON_ALG_ID) SELECT  gen_uuid(), char_to_uuid('676de278-64aa-44f2-9b69-60d61fc1f5f5'), VRSN_SEQ_ID, 'en', 'battery', char_to_uuid('402CD339-D0E4-46CE-8FC2-12A4B0E17226') FROM CD_VRSN_TBL WHERE CD_ID = char_to_uuid('676de278-64aa-44f2-9b69-60d61fc1f5f5') AND OBSLT_UTC IS NULL;--#!
INSERT INTO CD_NAME_TBL (NAME_ID, CD_ID, EFFT_VRSN_SEQ_ID, LANG_CS, VAL, PHON_ALG_ID) SELECT  gen_uuid(), char_to_uuid('d38091b5-9065-4721-8a1f-bfbb3b4bf447'), VRSN_SEQ_ID, 'en', 'cluster', char_to_uuid('402CD339-D0E4-46CE-8FC2-12A4B0E17226') FROM CD_VRSN_TBL WHERE CD_ID = char_to_uuid('d38091b5-9065-4721-8a1f-bfbb3b4bf447') AND OBSLT_UTC IS NULL;--#!
INSERT INTO CD_NAME_TBL (NAME_ID, CD_ID, EFFT_VRSN_SEQ_ID, LANG_CS, VAL, PHON_ALG_ID) SELECT  gen_uuid(), char_to_uuid('3b14a426-6337-4f2a-b83b-e6be7dbcd5a5'), VRSN_SEQ_ID, 'en', 'definition', char_to_uuid('402CD339-D0E4-46CE-8FC2-12A4B0E17226') FROM CD_VRSN_TBL WHERE CD_ID = char_to_uuid('3b14a426-6337-4f2a-b83b-e6be7dbcd5a5') AND OBSLT_UTC IS NULL;--#!
INSERT INTO CD_NAME_TBL (NAME_ID, CD_ID, EFFT_VRSN_SEQ_ID, LANG_CS, VAL, PHON_ALG_ID) SELECT  gen_uuid(), char_to_uuid('13925967-e748-4dd6-b562-1e1da3ddfb06'), VRSN_SEQ_ID, 'en', 'Goal', char_to_uuid('402CD339-D0E4-46CE-8FC2-12A4B0E17226') FROM CD_VRSN_TBL WHERE CD_ID = char_to_uuid('13925967-e748-4dd6-b562-1e1da3ddfb06') AND OBSLT_UTC IS NULL;--#!
INSERT INTO CD_NAME_TBL (NAME_ID, CD_ID, EFFT_VRSN_SEQ_ID, LANG_CS, VAL, PHON_ALG_ID) SELECT  gen_uuid(), char_to_uuid('099bcc5e-8e2f-4d50-b509-9f9d5bbeb58e'), VRSN_SEQ_ID, 'en', 'intent', char_to_uuid('402CD339-D0E4-46CE-8FC2-12A4B0E17226') FROM CD_VRSN_TBL WHERE CD_ID = char_to_uuid('099bcc5e-8e2f-4d50-b509-9f9d5bbeb58e') AND OBSLT_UTC IS NULL;--#!
INSERT INTO CD_NAME_TBL (NAME_ID, CD_ID, EFFT_VRSN_SEQ_ID, LANG_CS, VAL, PHON_ALG_ID) SELECT  gen_uuid(), char_to_uuid('acf7baf2-221f-4bc2-8116-ceb5165be079'), VRSN_SEQ_ID, 'en', 'proposal', char_to_uuid('402CD339-D0E4-46CE-8FC2-12A4B0E17226') FROM CD_VRSN_TBL WHERE CD_ID = char_to_uuid('acf7baf2-221f-4bc2-8116-ceb5165be079') AND OBSLT_UTC IS NULL;--#!
INSERT INTO CD_NAME_TBL (NAME_ID, CD_ID, EFFT_VRSN_SEQ_ID, LANG_CS, VAL, PHON_ALG_ID) SELECT  gen_uuid(), char_to_uuid('dc3df205-18ef-4854-ac00-68c295c9c744'), VRSN_SEQ_ID, 'en', 'appends', char_to_uuid('402CD339-D0E4-46CE-8FC2-12A4B0E17226') FROM CD_VRSN_TBL WHERE CD_ID = char_to_uuid('dc3df205-18ef-4854-ac00-68c295c9c744') AND OBSLT_UTC IS NULL;--#!
INSERT INTO CD_NAME_TBL (NAME_ID, CD_ID, EFFT_VRSN_SEQ_ID, LANG_CS, VAL, PHON_ALG_ID) SELECT  gen_uuid(), char_to_uuid('d1578637-e1cb-415e-b319-4011da033813'), VRSN_SEQ_ID, 'en', 'replaces', char_to_uuid('402CD339-D0E4-46CE-8FC2-12A4B0E17226') FROM CD_VRSN_TBL WHERE CD_ID = char_to_uuid('d1578637-e1cb-415e-b319-4011da033813') AND OBSLT_UTC IS NULL;--#!
INSERT INTO CD_NAME_TBL (NAME_ID, CD_ID, EFFT_VRSN_SEQ_ID, LANG_CS, VAL, PHON_ALG_ID) SELECT  gen_uuid(), char_to_uuid('db2ae02a-ff12-4c1b-9c5b-ecdd41af8583'), VRSN_SEQ_ID, 'en', 'transforms', char_to_uuid('402CD339-D0E4-46CE-8FC2-12A4B0E17226') FROM CD_VRSN_TBL WHERE CD_ID = char_to_uuid('db2ae02a-ff12-4c1b-9c5b-ecdd41af8583') AND OBSLT_UTC IS NULL;--#!
INSERT INTO CD_NAME_TBL (NAME_ID, CD_ID, EFFT_VRSN_SEQ_ID, LANG_CS, VAL, PHON_ALG_ID) SELECT  gen_uuid(), char_to_uuid('81b6a0f8-b86a-495f-9d5d-8a4073fdd882'), VRSN_SEQ_ID, 'en', 'derivation', char_to_uuid('402CD339-D0E4-46CE-8FC2-12A4B0E17226') FROM CD_VRSN_TBL WHERE CD_ID = char_to_uuid('81b6a0f8-b86a-495f-9d5d-8a4073fdd882') AND OBSLT_UTC IS NULL;--#!
INSERT INTO CD_NAME_TBL (NAME_ID, CD_ID, EFFT_VRSN_SEQ_ID, LANG_CS, VAL, PHON_ALG_ID) SELECT  gen_uuid(), char_to_uuid('57d81685-e399-4abd-8744-96454188a9fa'), VRSN_SEQ_ID, 'en', 'causes', char_to_uuid('402CD339-D0E4-46CE-8FC2-12A4B0E17226') FROM CD_VRSN_TBL WHERE CD_ID = char_to_uuid('57d81685-e399-4abd-8744-96454188a9fa') AND OBSLT_UTC IS NULL;--#!
INSERT INTO CD_NAME_TBL (NAME_ID, CD_ID, EFFT_VRSN_SEQ_ID, LANG_CS, VAL, PHON_ALG_ID) SELECT  gen_uuid(), char_to_uuid('22918d17-d3dc-4135-a003-4c1c52e57e75'), VRSN_SEQ_ID, 'en', 'manifests', char_to_uuid('402CD339-D0E4-46CE-8FC2-12A4B0E17226') FROM CD_VRSN_TBL WHERE CD_ID = char_to_uuid('22918d17-d3dc-4135-a003-4c1c52e57e75') AND OBSLT_UTC IS NULL;--#!
INSERT INTO CD_NAME_TBL (NAME_ID, CD_ID, EFFT_VRSN_SEQ_ID, LANG_CS, VAL, PHON_ALG_ID) SELECT  gen_uuid(), char_to_uuid('55da61a2-7b86-47f3-9b0b-ba47dc99c950'), VRSN_SEQ_ID, 'en', 'has reason', char_to_uuid('402CD339-D0E4-46CE-8FC2-12A4B0E17226') FROM CD_VRSN_TBL WHERE CD_ID = char_to_uuid('55da61a2-7b86-47f3-9b0b-ba47dc99c950') AND OBSLT_UTC IS NULL;--#!
INSERT INTO CD_NAME_TBL (NAME_ID, CD_ID, EFFT_VRSN_SEQ_ID, LANG_CS, VAL, PHON_ALG_ID) SELECT  gen_uuid(), char_to_uuid('c66d7ca9-c6c2-46b1-9276-ad76baf04b07'), VRSN_SEQ_ID, 'en', 'starts after start of', char_to_uuid('402CD339-D0E4-46CE-8FC2-12A4B0E17226') FROM CD_VRSN_TBL WHERE CD_ID = char_to_uuid('c66d7ca9-c6c2-46b1-9276-ad76baf04b07') AND OBSLT_UTC IS NULL;--#!
INSERT INTO CD_NAME_TBL (NAME_ID, CD_ID, EFFT_VRSN_SEQ_ID, LANG_CS, VAL, PHON_ALG_ID) SELECT  gen_uuid(), char_to_uuid('3209e3f1-2258-4b63-8182-2c888da66cf0'), VRSN_SEQ_ID, 'en', 'supports', char_to_uuid('402CD339-D0E4-46CE-8FC2-12A4B0E17226') FROM CD_VRSN_TBL WHERE CD_ID = char_to_uuid('3209e3f1-2258-4b63-8182-2c888da66cf0') AND OBSLT_UTC IS NULL;--#!
INSERT INTO CD_NAME_TBL (NAME_ID, CD_ID, EFFT_VRSN_SEQ_ID, LANG_CS, VAL, PHON_ALG_ID) SELECT  gen_uuid(), char_to_uuid('9871c3bc-b57a-479d-a031-7b56cb06fa84'), VRSN_SEQ_ID, 'en', 'subject of', char_to_uuid('402CD339-D0E4-46CE-8FC2-12A4B0E17226') FROM CD_VRSN_TBL WHERE CD_ID = char_to_uuid('9871c3bc-b57a-479d-a031-7b56cb06fa84') AND OBSLT_UTC IS NULL;--#!
INSERT INTO CD_NAME_TBL (NAME_ID, CD_ID, EFFT_VRSN_SEQ_ID, LANG_CS, VAL, PHON_ALG_ID) SELECT  gen_uuid(), char_to_uuid('ebf9ac10-b5c9-407a-91a4-360bfb7e0fb9'), VRSN_SEQ_ID, 'en', 'link', char_to_uuid('402CD339-D0E4-46CE-8FC2-12A4B0E17226') FROM CD_VRSN_TBL WHERE CD_ID = char_to_uuid('ebf9ac10-b5c9-407a-91a4-360bfb7e0fb9') AND OBSLT_UTC IS NULL;--#!
INSERT INTO CD_NAME_TBL (NAME_ID, CD_ID, EFFT_VRSN_SEQ_ID, LANG_CS, VAL, PHON_ALG_ID) SELECT  gen_uuid(), char_to_uuid('e5136fdf-ce72-4757-a1cc-24e1cc98f034'), VRSN_SEQ_ID, 'en', 'trace', char_to_uuid('402CD339-D0E4-46CE-8FC2-12A4B0E17226') FROM CD_VRSN_TBL WHERE CD_ID = char_to_uuid('e5136fdf-ce72-4757-a1cc-24e1cc98f034') AND OBSLT_UTC IS NULL;--#!
INSERT INTO CD_NAME_TBL (NAME_ID, CD_ID, EFFT_VRSN_SEQ_ID, LANG_CS, VAL, PHON_ALG_ID) SELECT  gen_uuid(), char_to_uuid('4a287bfc-72ca-46b6-9d34-380eeae9369a'), VRSN_SEQ_ID, 'en', 'adjudicated with adjustments', char_to_uuid('402CD339-D0E4-46CE-8FC2-12A4B0E17226') FROM CD_VRSN_TBL WHERE CD_ID = char_to_uuid('4a287bfc-72ca-46b6-9d34-380eeae9369a') AND OBSLT_UTC IS NULL;--#!
INSERT INTO CD_NAME_TBL (NAME_ID, CD_ID, EFFT_VRSN_SEQ_ID, LANG_CS, VAL, PHON_ALG_ID) SELECT  gen_uuid(), char_to_uuid('71751e65-cc30-4080-85de-5c19d5201772'), VRSN_SEQ_ID, 'en', 'adjudicated with adjustments and no financial impact', char_to_uuid('402CD339-D0E4-46CE-8FC2-12A4B0E17226') FROM CD_VRSN_TBL WHERE CD_ID = char_to_uuid('71751e65-cc30-4080-85de-5c19d5201772') AND OBSLT_UTC IS NULL;--#!
INSERT INTO CD_NAME_TBL (NAME_ID, CD_ID, EFFT_VRSN_SEQ_ID, LANG_CS, VAL, PHON_ALG_ID) SELECT  gen_uuid(), char_to_uuid('7fd001e8-5451-4a48-b5b6-da5928dce03f'), VRSN_SEQ_ID, 'en', 'adjudicated as refused', char_to_uuid('402CD339-D0E4-46CE-8FC2-12A4B0E17226') FROM CD_VRSN_TBL WHERE CD_ID = char_to_uuid('7fd001e8-5451-4a48-b5b6-da5928dce03f') AND OBSLT_UTC IS NULL;--#!
INSERT INTO CD_NAME_TBL (NAME_ID, CD_ID, EFFT_VRSN_SEQ_ID, LANG_CS, VAL, PHON_ALG_ID) SELECT  gen_uuid(), char_to_uuid('8be192e3-971a-4c3c-b795-554b0b5ad672'), VRSN_SEQ_ID, 'en', 'adjudicated as submitted', char_to_uuid('402CD339-D0E4-46CE-8FC2-12A4B0E17226') FROM CD_VRSN_TBL WHERE CD_ID = char_to_uuid('8be192e3-971a-4c3c-b795-554b0b5ad672') AND OBSLT_UTC IS NULL;--#!
INSERT INTO CD_NAME_TBL (NAME_ID, CD_ID, EFFT_VRSN_SEQ_ID, LANG_CS, VAL, PHON_ALG_ID) SELECT  gen_uuid(), char_to_uuid('59e13f51-0cca-433e-8a45-8ec24b332ece'), VRSN_SEQ_ID, 'en', 'Display', char_to_uuid('402CD339-D0E4-46CE-8FC2-12A4B0E17226') FROM CD_VRSN_TBL WHERE CD_ID = char_to_uuid('59e13f51-0cca-433e-8a45-8ec24b332ece') AND OBSLT_UTC IS NULL;--#!
INSERT INTO CD_NAME_TBL (NAME_ID, CD_ID, EFFT_VRSN_SEQ_ID, LANG_CS, VAL, PHON_ALG_ID) SELECT  gen_uuid(), char_to_uuid('2be66881-87e1-4173-b950-5534334ee08b'), VRSN_SEQ_ID, 'en', 'Print on Form', char_to_uuid('402CD339-D0E4-46CE-8FC2-12A4B0E17226') FROM CD_VRSN_TBL WHERE CD_ID = char_to_uuid('2be66881-87e1-4173-b950-5534334ee08b') AND OBSLT_UTC IS NULL;--#!
INSERT INTO CD_NAME_TBL (NAME_ID, CD_ID, EFFT_VRSN_SEQ_ID, LANG_CS, VAL, PHON_ALG_ID) SELECT  gen_uuid(), char_to_uuid('04c76563-0e0b-49c4-9664-6eb3cbd771d1'), VRSN_SEQ_ID, 'en', 'automobile', char_to_uuid('402CD339-D0E4-46CE-8FC2-12A4B0E17226') FROM CD_VRSN_TBL WHERE CD_ID = char_to_uuid('04c76563-0e0b-49c4-9664-6eb3cbd771d1') AND OBSLT_UTC IS NULL;--#!
INSERT INTO CD_NAME_TBL (NAME_ID, CD_ID, EFFT_VRSN_SEQ_ID, LANG_CS, VAL, PHON_ALG_ID) SELECT  gen_uuid(), char_to_uuid('bd98bfb8-c621-48ec-919e-65a65e334d37'), VRSN_SEQ_ID, 'en', 'disease program', char_to_uuid('402CD339-D0E4-46CE-8FC2-12A4B0E17226') FROM CD_VRSN_TBL WHERE CD_ID = char_to_uuid('bd98bfb8-c621-48ec-919e-65a65e334d37') AND OBSLT_UTC IS NULL;--#!
INSERT INTO CD_NAME_TBL (NAME_ID, CD_ID, EFFT_VRSN_SEQ_ID, LANG_CS, VAL, PHON_ALG_ID) SELECT  gen_uuid(), char_to_uuid('2d0d7c33-c3a0-497a-92d8-d27095f1e2e7'), VRSN_SEQ_ID, 'en', 'collision coverage policy', char_to_uuid('402CD339-D0E4-46CE-8FC2-12A4B0E17226') FROM CD_VRSN_TBL WHERE CD_ID = char_to_uuid('2d0d7c33-c3a0-497a-92d8-d27095f1e2e7') AND OBSLT_UTC IS NULL;--#!
INSERT INTO CD_NAME_TBL (NAME_ID, CD_ID, EFFT_VRSN_SEQ_ID, LANG_CS, VAL, PHON_ALG_ID) SELECT  gen_uuid(), char_to_uuid('3fe3c67e-eb5a-4540-bdcd-5ae2a5ffbbef'), VRSN_SEQ_ID, 'en', 'dental program', char_to_uuid('402CD339-D0E4-46CE-8FC2-12A4B0E17226') FROM CD_VRSN_TBL WHERE CD_ID = char_to_uuid('3fe3c67e-eb5a-4540-bdcd-5ae2a5ffbbef') AND OBSLT_UTC IS NULL;--#!
INSERT INTO CD_NAME_TBL (NAME_ID, CD_ID, EFFT_VRSN_SEQ_ID, LANG_CS, VAL, PHON_ALG_ID) SELECT  gen_uuid(), char_to_uuid('a5e71f54-ce6c-48f4-8da5-f8c61b04b7cf'), VRSN_SEQ_ID, 'en', 'extended healthcare', char_to_uuid('402CD339-D0E4-46CE-8FC2-12A4B0E17226') FROM CD_VRSN_TBL WHERE CD_ID = char_to_uuid('a5e71f54-ce6c-48f4-8da5-f8c61b04b7cf') AND OBSLT_UTC IS NULL;--#!
INSERT INTO CD_NAME_TBL (NAME_ID, CD_ID, EFFT_VRSN_SEQ_ID, LANG_CS, VAL, PHON_ALG_ID) SELECT  gen_uuid(), char_to_uuid('0413798d-4017-487a-9a8f-ddf40a21f48c'), VRSN_SEQ_ID, 'en', 'end renal program', char_to_uuid('402CD339-D0E4-46CE-8FC2-12A4B0E17226') FROM CD_VRSN_TBL WHERE CD_ID = char_to_uuid('0413798d-4017-487a-9a8f-ddf40a21f48c') AND OBSLT_UTC IS NULL;--#!
INSERT INTO CD_NAME_TBL (NAME_ID, CD_ID, EFFT_VRSN_SEQ_ID, LANG_CS, VAL, PHON_ALG_ID) SELECT  gen_uuid(), char_to_uuid('231c88d8-2989-48f9-8ad7-df27adce9948'), VRSN_SEQ_ID, 'en', 'HIV-AIDS program', char_to_uuid('402CD339-D0E4-46CE-8FC2-12A4B0E17226') FROM CD_VRSN_TBL WHERE CD_ID = char_to_uuid('231c88d8-2989-48f9-8ad7-df27adce9948') AND OBSLT_UTC IS NULL;--#!
INSERT INTO CD_NAME_TBL (NAME_ID, CD_ID, EFFT_VRSN_SEQ_ID, LANG_CS, VAL, PHON_ALG_ID) SELECT  gen_uuid(), char_to_uuid('c8581ff7-7699-4788-84dd-d6b28edfa919'), VRSN_SEQ_ID, 'en', 'health spending account', char_to_uuid('402CD339-D0E4-46CE-8FC2-12A4B0E17226') FROM CD_VRSN_TBL WHERE CD_ID = char_to_uuid('c8581ff7-7699-4788-84dd-d6b28edfa919') AND OBSLT_UTC IS NULL;--#!
INSERT INTO CD_NAME_TBL (NAME_ID, CD_ID, EFFT_VRSN_SEQ_ID, LANG_CS, VAL, PHON_ALG_ID) SELECT  gen_uuid(), char_to_uuid('0c1af2f0-6162-4758-b532-ecece14d5a24'), VRSN_SEQ_ID, 'en', 'mandatory health program', char_to_uuid('402CD339-D0E4-46CE-8FC2-12A4B0E17226') FROM CD_VRSN_TBL WHERE CD_ID = char_to_uuid('0c1af2f0-6162-4758-b532-ecece14d5a24') AND OBSLT_UTC IS NULL;--#!
INSERT INTO CD_NAME_TBL (NAME_ID, CD_ID, EFFT_VRSN_SEQ_ID, LANG_CS, VAL, PHON_ALG_ID) SELECT  gen_uuid(), char_to_uuid('b83c798b-1b67-47d8-9353-7a8687967a63'), VRSN_SEQ_ID, 'en', 'mental health program', char_to_uuid('402CD339-D0E4-46CE-8FC2-12A4B0E17226') FROM CD_VRSN_TBL WHERE CD_ID = char_to_uuid('b83c798b-1b67-47d8-9353-7a8687967a63') AND OBSLT_UTC IS NULL;--#!
INSERT INTO CD_NAME_TBL (NAME_ID, CD_ID, EFFT_VRSN_SEQ_ID, LANG_CS, VAL, PHON_ALG_ID) SELECT  gen_uuid(), char_to_uuid('a8d497c5-c68c-4bdd-b833-1202735ba0ac'), VRSN_SEQ_ID, 'en', 'public healthcare', char_to_uuid('402CD339-D0E4-46CE-8FC2-12A4B0E17226') FROM CD_VRSN_TBL WHERE CD_ID = char_to_uuid('a8d497c5-c68c-4bdd-b833-1202735ba0ac') AND OBSLT_UTC IS NULL;--#!
INSERT INTO CD_NAME_TBL (NAME_ID, CD_ID, EFFT_VRSN_SEQ_ID, LANG_CS, VAL, PHON_ALG_ID) SELECT  gen_uuid(), char_to_uuid('52aa67c9-4589-4d43-99fc-0e3da3b116e9'), VRSN_SEQ_ID, 'en', 'safety net clinic program', char_to_uuid('402CD339-D0E4-46CE-8FC2-12A4B0E17226') FROM CD_VRSN_TBL WHERE CD_ID = char_to_uuid('52aa67c9-4589-4d43-99fc-0e3da3b116e9') AND OBSLT_UTC IS NULL;--#!
INSERT INTO CD_NAME_TBL (NAME_ID, CD_ID, EFFT_VRSN_SEQ_ID, LANG_CS, VAL, PHON_ALG_ID) SELECT  gen_uuid(), char_to_uuid('b2f4bc37-b7f5-4836-86f5-500d72a552d0'), VRSN_SEQ_ID, 'en', 'substance use program', char_to_uuid('402CD339-D0E4-46CE-8FC2-12A4B0E17226') FROM CD_VRSN_TBL WHERE CD_ID = char_to_uuid('b2f4bc37-b7f5-4836-86f5-500d72a552d0') AND OBSLT_UTC IS NULL;--#!
INSERT INTO CD_NAME_TBL (NAME_ID, CD_ID, EFFT_VRSN_SEQ_ID, LANG_CS, VAL, PHON_ALG_ID) SELECT  gen_uuid(), char_to_uuid('8f46d9b3-1a30-4092-b3ed-c1bc0c4189b7'), VRSN_SEQ_ID, 'en', 'subsidized health program', char_to_uuid('402CD339-D0E4-46CE-8FC2-12A4B0E17226') FROM CD_VRSN_TBL WHERE CD_ID = char_to_uuid('8f46d9b3-1a30-4092-b3ed-c1bc0c4189b7') AND OBSLT_UTC IS NULL;--#!
INSERT INTO CD_NAME_TBL (NAME_ID, CD_ID, EFFT_VRSN_SEQ_ID, LANG_CS, VAL, PHON_ALG_ID) SELECT  gen_uuid(), char_to_uuid('50a89363-3f59-4271-85fd-f79e8ac11f41'), VRSN_SEQ_ID, 'en', 'subsidized managed care program', char_to_uuid('402CD339-D0E4-46CE-8FC2-12A4B0E17226') FROM CD_VRSN_TBL WHERE CD_ID = char_to_uuid('50a89363-3f59-4271-85fd-f79e8ac11f41') AND OBSLT_UTC IS NULL;--#!
INSERT INTO CD_NAME_TBL (NAME_ID, CD_ID, EFFT_VRSN_SEQ_ID, LANG_CS, VAL, PHON_ALG_ID) SELECT  gen_uuid(), char_to_uuid('dd5a11f6-91f8-44d2-aef1-7ad8f5b690a2'), VRSN_SEQ_ID, 'en', 'subsidized supplemental health program', char_to_uuid('402CD339-D0E4-46CE-8FC2-12A4B0E17226') FROM CD_VRSN_TBL WHERE CD_ID = char_to_uuid('dd5a11f6-91f8-44d2-aef1-7ad8f5b690a2') AND OBSLT_UTC IS NULL;--#!
INSERT INTO CD_NAME_TBL (NAME_ID, CD_ID, EFFT_VRSN_SEQ_ID, LANG_CS, VAL, PHON_ALG_ID) SELECT  gen_uuid(), char_to_uuid('5dc02c7b-88d9-4167-a0c7-3ebbe67ec625'), VRSN_SEQ_ID, 'en', 'uninsured motorist policy', char_to_uuid('402CD339-D0E4-46CE-8FC2-12A4B0E17226') FROM CD_VRSN_TBL WHERE CD_ID = char_to_uuid('5dc02c7b-88d9-4167-a0c7-3ebbe67ec625') AND OBSLT_UTC IS NULL;--#!
INSERT INTO CD_NAME_TBL (NAME_ID, CD_ID, EFFT_VRSN_SEQ_ID, LANG_CS, VAL, PHON_ALG_ID) SELECT  gen_uuid(), char_to_uuid('01afa2d5-ef17-4f41-83d4-b166308e998f'), VRSN_SEQ_ID, 'en', 'worker''s compensation', char_to_uuid('402CD339-D0E4-46CE-8FC2-12A4B0E17226') FROM CD_VRSN_TBL WHERE CD_ID = char_to_uuid('01afa2d5-ef17-4f41-83d4-b166308e998f') AND OBSLT_UTC IS NULL;--#!
INSERT INTO CD_NAME_TBL (NAME_ID, CD_ID, EFFT_VRSN_SEQ_ID, LANG_CS, VAL, PHON_ALG_ID) SELECT  gen_uuid(), char_to_uuid('401b25e9-6096-4fe0-8fea-d7eb40e37592'), VRSN_SEQ_ID, 'en', 'federal sales tax', char_to_uuid('402CD339-D0E4-46CE-8FC2-12A4B0E17226') FROM CD_VRSN_TBL WHERE CD_ID = char_to_uuid('401b25e9-6096-4fe0-8fea-d7eb40e37592') AND OBSLT_UTC IS NULL;--#!
INSERT INTO CD_NAME_TBL (NAME_ID, CD_ID, EFFT_VRSN_SEQ_ID, LANG_CS, VAL, PHON_ALG_ID) SELECT  gen_uuid(), char_to_uuid('ea397b83-59af-4d7a-93f8-71e615072aae'), VRSN_SEQ_ID, 'en', 'harmonized sales Tax', char_to_uuid('402CD339-D0E4-46CE-8FC2-12A4B0E17226') FROM CD_VRSN_TBL WHERE CD_ID = char_to_uuid('ea397b83-59af-4d7a-93f8-71e615072aae') AND OBSLT_UTC IS NULL;--#!
INSERT INTO CD_NAME_TBL (NAME_ID, CD_ID, EFFT_VRSN_SEQ_ID, LANG_CS, VAL, PHON_ALG_ID) SELECT  gen_uuid(), char_to_uuid('be912792-f637-4373-a48d-6c9f838191e2'), VRSN_SEQ_ID, 'en', 'provincial/state sales tax', char_to_uuid('402CD339-D0E4-46CE-8FC2-12A4B0E17226') FROM CD_VRSN_TBL WHERE CD_ID = char_to_uuid('be912792-f637-4373-a48d-6c9f838191e2') AND OBSLT_UTC IS NULL;--#!
INSERT INTO CD_NAME_TBL (NAME_ID, CD_ID, EFFT_VRSN_SEQ_ID, LANG_CS, VAL, PHON_ALG_ID) SELECT  gen_uuid(), char_to_uuid('ec8a162b-81f7-4388-b695-e998369c2425'), VRSN_SEQ_ID, 'en', 'adjud. nullified prior-period electronic amount', char_to_uuid('402CD339-D0E4-46CE-8FC2-12A4B0E17226') FROM CD_VRSN_TBL WHERE CD_ID = char_to_uuid('ec8a162b-81f7-4388-b695-e998369c2425') AND OBSLT_UTC IS NULL;--#!
INSERT INTO CD_NAME_TBL (NAME_ID, CD_ID, EFFT_VRSN_SEQ_ID, LANG_CS, VAL, PHON_ALG_ID) SELECT  gen_uuid(), char_to_uuid('69c13f8a-29e2-410b-b5ad-f616f7191b14'), VRSN_SEQ_ID, 'en', 'adjud. nullified prior-period electronic count', char_to_uuid('402CD339-D0E4-46CE-8FC2-12A4B0E17226') FROM CD_VRSN_TBL WHERE CD_ID = char_to_uuid('69c13f8a-29e2-410b-b5ad-f616f7191b14') AND OBSLT_UTC IS NULL;--#!
INSERT INTO CD_NAME_TBL (NAME_ID, CD_ID, EFFT_VRSN_SEQ_ID, LANG_CS, VAL, PHON_ALG_ID) SELECT  gen_uuid(), char_to_uuid('41ae57b4-5f5f-49e5-8c77-4ba7969ff469'), VRSN_SEQ_ID, 'en', 'adjud. nullified prior-period manual amount', char_to_uuid('402CD339-D0E4-46CE-8FC2-12A4B0E17226') FROM CD_VRSN_TBL WHERE CD_ID = char_to_uuid('41ae57b4-5f5f-49e5-8c77-4ba7969ff469') AND OBSLT_UTC IS NULL;--#!
INSERT INTO CD_NAME_TBL (NAME_ID, CD_ID, EFFT_VRSN_SEQ_ID, LANG_CS, VAL, PHON_ALG_ID) SELECT  gen_uuid(), char_to_uuid('70797990-396d-4542-90a2-7f5f1abf0ad1'), VRSN_SEQ_ID, 'en', 'adjud. nullified prior-period manual count', char_to_uuid('402CD339-D0E4-46CE-8FC2-12A4B0E17226') FROM CD_VRSN_TBL WHERE CD_ID = char_to_uuid('70797990-396d-4542-90a2-7f5f1abf0ad1') AND OBSLT_UTC IS NULL;--#!
INSERT INTO CD_NAME_TBL (NAME_ID, CD_ID, EFFT_VRSN_SEQ_ID, LANG_CS, VAL, PHON_ALG_ID) SELECT  gen_uuid(), char_to_uuid('3e0ea001-123e-49a4-b28c-939e5d5ea488'), VRSN_SEQ_ID, 'en', 'adjud. nullified same-period electronic amount', char_to_uuid('402CD339-D0E4-46CE-8FC2-12A4B0E17226') FROM CD_VRSN_TBL WHERE CD_ID = char_to_uuid('3e0ea001-123e-49a4-b28c-939e5d5ea488') AND OBSLT_UTC IS NULL;--#!
INSERT INTO CD_NAME_TBL (NAME_ID, CD_ID, EFFT_VRSN_SEQ_ID, LANG_CS, VAL, PHON_ALG_ID) SELECT  gen_uuid(), char_to_uuid('84223e9b-3217-404d-ad47-3ef9bde43dcb'), VRSN_SEQ_ID, 'en', 'adjud. nullified same-period electronic count', char_to_uuid('402CD339-D0E4-46CE-8FC2-12A4B0E17226') FROM CD_VRSN_TBL WHERE CD_ID = char_to_uuid('84223e9b-3217-404d-ad47-3ef9bde43dcb') AND OBSLT_UTC IS NULL;--#!
INSERT INTO CD_NAME_TBL (NAME_ID, CD_ID, EFFT_VRSN_SEQ_ID, LANG_CS, VAL, PHON_ALG_ID) SELECT  gen_uuid(), char_to_uuid('efc391b0-4d74-46e4-91e6-c03f315555e2'), VRSN_SEQ_ID, 'en', 'adjud. nullified same-period manual amount', char_to_uuid('402CD339-D0E4-46CE-8FC2-12A4B0E17226') FROM CD_VRSN_TBL WHERE CD_ID = char_to_uuid('efc391b0-4d74-46e4-91e6-c03f315555e2') AND OBSLT_UTC IS NULL;--#!
INSERT INTO CD_NAME_TBL (NAME_ID, CD_ID, EFFT_VRSN_SEQ_ID, LANG_CS, VAL, PHON_ALG_ID) SELECT  gen_uuid(), char_to_uuid('2feab4d2-6bd5-4da8-9057-82ff9bf6a1bc'), VRSN_SEQ_ID, 'en', 'adjud. nullified same-period manual count', char_to_uuid('402CD339-D0E4-46CE-8FC2-12A4B0E17226') FROM CD_VRSN_TBL WHERE CD_ID = char_to_uuid('2feab4d2-6bd5-4da8-9057-82ff9bf6a1bc') AND OBSLT_UTC IS NULL;--#!
INSERT INTO CD_NAME_TBL (NAME_ID, CD_ID, EFFT_VRSN_SEQ_ID, LANG_CS, VAL, PHON_ALG_ID) SELECT  gen_uuid(), char_to_uuid('2fb4dfbc-64dd-4668-b2e5-0d5c743c9a9f'), VRSN_SEQ_ID, 'en', 'adjud. non-payee payable prior-period electronic amount', char_to_uuid('402CD339-D0E4-46CE-8FC2-12A4B0E17226') FROM CD_VRSN_TBL WHERE CD_ID = char_to_uuid('2fb4dfbc-64dd-4668-b2e5-0d5c743c9a9f') AND OBSLT_UTC IS NULL;--#!
INSERT INTO CD_NAME_TBL (NAME_ID, CD_ID, EFFT_VRSN_SEQ_ID, LANG_CS, VAL, PHON_ALG_ID) SELECT  gen_uuid(), char_to_uuid('4e9dbe60-3e4e-4074-a432-0bb4e47eb62d'), VRSN_SEQ_ID, 'en', 'adjud. non-payee payable prior-period electronic count', char_to_uuid('402CD339-D0E4-46CE-8FC2-12A4B0E17226') FROM CD_VRSN_TBL WHERE CD_ID = char_to_uuid('4e9dbe60-3e4e-4074-a432-0bb4e47eb62d') AND OBSLT_UTC IS NULL;--#!
INSERT INTO CD_NAME_TBL (NAME_ID, CD_ID, EFFT_VRSN_SEQ_ID, LANG_CS, VAL, PHON_ALG_ID) SELECT  gen_uuid(), char_to_uuid('958a0b33-c3d7-47ef-9596-59eee434eb2d'), VRSN_SEQ_ID, 'en', 'adjud. non-payee payable prior-period manual amount', char_to_uuid('402CD339-D0E4-46CE-8FC2-12A4B0E17226') FROM CD_VRSN_TBL WHERE CD_ID = char_to_uuid('958a0b33-c3d7-47ef-9596-59eee434eb2d') AND OBSLT_UTC IS NULL;--#!
INSERT INTO CD_NAME_TBL (NAME_ID, CD_ID, EFFT_VRSN_SEQ_ID, LANG_CS, VAL, PHON_ALG_ID) SELECT  gen_uuid(), char_to_uuid('17cd1669-5aaf-4960-bd23-988209eba352'), VRSN_SEQ_ID, 'en', 'adjud. non-payee payable prior-period manual count', char_to_uuid('402CD339-D0E4-46CE-8FC2-12A4B0E17226') FROM CD_VRSN_TBL WHERE CD_ID = char_to_uuid('17cd1669-5aaf-4960-bd23-988209eba352') AND OBSLT_UTC IS NULL;--#!
INSERT INTO CD_NAME_TBL (NAME_ID, CD_ID, EFFT_VRSN_SEQ_ID, LANG_CS, VAL, PHON_ALG_ID) SELECT  gen_uuid(), char_to_uuid('e7bde797-deac-4c63-9f61-1ddbd38b98f3'), VRSN_SEQ_ID, 'en', 'adjud. non-payee payable same-period electronic amount', char_to_uuid('402CD339-D0E4-46CE-8FC2-12A4B0E17226') FROM CD_VRSN_TBL WHERE CD_ID = char_to_uuid('e7bde797-deac-4c63-9f61-1ddbd38b98f3') AND OBSLT_UTC IS NULL;--#!
INSERT INTO CD_NAME_TBL (NAME_ID, CD_ID, EFFT_VRSN_SEQ_ID, LANG_CS, VAL, PHON_ALG_ID) SELECT  gen_uuid(), char_to_uuid('1d570bba-8242-4fdb-bd63-c2e7601a64c6'), VRSN_SEQ_ID, 'en', 'adjud. non-payee payable same-period electronic count', char_to_uuid('402CD339-D0E4-46CE-8FC2-12A4B0E17226') FROM CD_VRSN_TBL WHERE CD_ID = char_to_uuid('1d570bba-8242-4fdb-bd63-c2e7601a64c6') AND OBSLT_UTC IS NULL;--#!
INSERT INTO CD_NAME_TBL (NAME_ID, CD_ID, EFFT_VRSN_SEQ_ID, LANG_CS, VAL, PHON_ALG_ID) SELECT  gen_uuid(), char_to_uuid('091780d7-cd81-4c15-a082-fd969b5baf85'), VRSN_SEQ_ID, 'en', 'adjud. non-payee payable same-period manual amount', char_to_uuid('402CD339-D0E4-46CE-8FC2-12A4B0E17226') FROM CD_VRSN_TBL WHERE CD_ID = char_to_uuid('091780d7-cd81-4c15-a082-fd969b5baf85') AND OBSLT_UTC IS NULL;--#!
INSERT INTO CD_NAME_TBL (NAME_ID, CD_ID, EFFT_VRSN_SEQ_ID, LANG_CS, VAL, PHON_ALG_ID) SELECT  gen_uuid(), char_to_uuid('ff15da84-64e6-47be-95c2-3c5f4629913a'), VRSN_SEQ_ID, 'en', 'adjud. non-payee payable same-period manual count', char_to_uuid('402CD339-D0E4-46CE-8FC2-12A4B0E17226') FROM CD_VRSN_TBL WHERE CD_ID = char_to_uuid('ff15da84-64e6-47be-95c2-3c5f4629913a') AND OBSLT_UTC IS NULL;--#!
INSERT INTO CD_NAME_TBL (NAME_ID, CD_ID, EFFT_VRSN_SEQ_ID, LANG_CS, VAL, PHON_ALG_ID) SELECT  gen_uuid(), char_to_uuid('2beefd30-62af-40e4-83ec-127f3fb6834a'), VRSN_SEQ_ID, 'en', 'adjud. payee payable prior-period electronic amount', char_to_uuid('402CD339-D0E4-46CE-8FC2-12A4B0E17226') FROM CD_VRSN_TBL WHERE CD_ID = char_to_uuid('2beefd30-62af-40e4-83ec-127f3fb6834a') AND OBSLT_UTC IS NULL;--#!
INSERT INTO CD_NAME_TBL (NAME_ID, CD_ID, EFFT_VRSN_SEQ_ID, LANG_CS, VAL, PHON_ALG_ID) SELECT  gen_uuid(), char_to_uuid('f292cfc1-e4d1-483f-b67b-b2367bb53451'), VRSN_SEQ_ID, 'en', 'adjud. payee payable prior-period electronic count', char_to_uuid('402CD339-D0E4-46CE-8FC2-12A4B0E17226') FROM CD_VRSN_TBL WHERE CD_ID = char_to_uuid('f292cfc1-e4d1-483f-b67b-b2367bb53451') AND OBSLT_UTC IS NULL;--#!
INSERT INTO CD_NAME_TBL (NAME_ID, CD_ID, EFFT_VRSN_SEQ_ID, LANG_CS, VAL, PHON_ALG_ID) SELECT  gen_uuid(), char_to_uuid('0aac5109-30ae-4b49-a780-735cc77218ee'), VRSN_SEQ_ID, 'en', 'adjud. payee payable prior-period manual amout', char_to_uuid('402CD339-D0E4-46CE-8FC2-12A4B0E17226') FROM CD_VRSN_TBL WHERE CD_ID = char_to_uuid('0aac5109-30ae-4b49-a780-735cc77218ee') AND OBSLT_UTC IS NULL;--#!
INSERT INTO CD_NAME_TBL (NAME_ID, CD_ID, EFFT_VRSN_SEQ_ID, LANG_CS, VAL, PHON_ALG_ID) SELECT  gen_uuid(), char_to_uuid('1969675c-017e-480f-b0a8-33a03d4b4068'), VRSN_SEQ_ID, 'en', 'adjud. payee payable prior-period manual count', char_to_uuid('402CD339-D0E4-46CE-8FC2-12A4B0E17226') FROM CD_VRSN_TBL WHERE CD_ID = char_to_uuid('1969675c-017e-480f-b0a8-33a03d4b4068') AND OBSLT_UTC IS NULL;--#!
INSERT INTO CD_NAME_TBL (NAME_ID, CD_ID, EFFT_VRSN_SEQ_ID, LANG_CS, VAL, PHON_ALG_ID) SELECT  gen_uuid(), char_to_uuid('2959b0d3-15a1-4672-9d07-4ece0497bdc5'), VRSN_SEQ_ID, 'en', 'adjud. payee payable same-period electronic amount', char_to_uuid('402CD339-D0E4-46CE-8FC2-12A4B0E17226') FROM CD_VRSN_TBL WHERE CD_ID = char_to_uuid('2959b0d3-15a1-4672-9d07-4ece0497bdc5') AND OBSLT_UTC IS NULL;--#!
INSERT INTO CD_NAME_TBL (NAME_ID, CD_ID, EFFT_VRSN_SEQ_ID, LANG_CS, VAL, PHON_ALG_ID) SELECT  gen_uuid(), char_to_uuid('5c04ef87-0ca3-4bd9-9b7f-4c2d41101535'), VRSN_SEQ_ID, 'en', 'adjud. payee payable same-period electronic count', char_to_uuid('402CD339-D0E4-46CE-8FC2-12A4B0E17226') FROM CD_VRSN_TBL WHERE CD_ID = char_to_uuid('5c04ef87-0ca3-4bd9-9b7f-4c2d41101535') AND OBSLT_UTC IS NULL;--#!
INSERT INTO CD_NAME_TBL (NAME_ID, CD_ID, EFFT_VRSN_SEQ_ID, LANG_CS, VAL, PHON_ALG_ID) SELECT  gen_uuid(), char_to_uuid('c8d5ab21-0a0a-4e19-9209-d0b23e06c1b1'), VRSN_SEQ_ID, 'en', 'adjud. payee payable same-period manual amount', char_to_uuid('402CD339-D0E4-46CE-8FC2-12A4B0E17226') FROM CD_VRSN_TBL WHERE CD_ID = char_to_uuid('c8d5ab21-0a0a-4e19-9209-d0b23e06c1b1') AND OBSLT_UTC IS NULL;--#!
INSERT INTO CD_NAME_TBL (NAME_ID, CD_ID, EFFT_VRSN_SEQ_ID, LANG_CS, VAL, PHON_ALG_ID) SELECT  gen_uuid(), char_to_uuid('4d1f6130-c060-4f8c-8eb3-c1dba2b0db81'), VRSN_SEQ_ID, 'en', 'adjud. payee payable same-period manual count', char_to_uuid('402CD339-D0E4-46CE-8FC2-12A4B0E17226') FROM CD_VRSN_TBL WHERE CD_ID = char_to_uuid('4d1f6130-c060-4f8c-8eb3-c1dba2b0db81') AND OBSLT_UTC IS NULL;--#!
INSERT INTO CD_NAME_TBL (NAME_ID, CD_ID, EFFT_VRSN_SEQ_ID, LANG_CS, VAL, PHON_ALG_ID) SELECT  gen_uuid(), char_to_uuid('c3000962-275e-4ccc-9bc9-4dd9525bb9c7'), VRSN_SEQ_ID, 'en', 'adjud. refused prior-period electronic amount', char_to_uuid('402CD339-D0E4-46CE-8FC2-12A4B0E17226') FROM CD_VRSN_TBL WHERE CD_ID = char_to_uuid('c3000962-275e-4ccc-9bc9-4dd9525bb9c7') AND OBSLT_UTC IS NULL;--#!
INSERT INTO CD_NAME_TBL (NAME_ID, CD_ID, EFFT_VRSN_SEQ_ID, LANG_CS, VAL, PHON_ALG_ID) SELECT  gen_uuid(), char_to_uuid('fedc3216-fd31-498f-ae54-d95296a73636'), VRSN_SEQ_ID, 'en', 'adjud. refused prior-period electronic count', char_to_uuid('402CD339-D0E4-46CE-8FC2-12A4B0E17226') FROM CD_VRSN_TBL WHERE CD_ID = char_to_uuid('fedc3216-fd31-498f-ae54-d95296a73636') AND OBSLT_UTC IS NULL;--#!
INSERT INTO CD_NAME_TBL (NAME_ID, CD_ID, EFFT_VRSN_SEQ_ID, LANG_CS, VAL, PHON_ALG_ID) SELECT  gen_uuid(), char_to_uuid('2e34005b-7176-42be-81e1-67b63f68b4cd'), VRSN_SEQ_ID, 'en', 'adjud. refused prior-period manual amount', char_to_uuid('402CD339-D0E4-46CE-8FC2-12A4B0E17226') FROM CD_VRSN_TBL WHERE CD_ID = char_to_uuid('2e34005b-7176-42be-81e1-67b63f68b4cd') AND OBSLT_UTC IS NULL;--#!
INSERT INTO CD_NAME_TBL (NAME_ID, CD_ID, EFFT_VRSN_SEQ_ID, LANG_CS, VAL, PHON_ALG_ID) SELECT  gen_uuid(), char_to_uuid('0ef206eb-189a-4fd8-965c-6044ac8854b8'), VRSN_SEQ_ID, 'en', 'adjud. refused prior-period manual count', char_to_uuid('402CD339-D0E4-46CE-8FC2-12A4B0E17226') FROM CD_VRSN_TBL WHERE CD_ID = char_to_uuid('0ef206eb-189a-4fd8-965c-6044ac8854b8') AND OBSLT_UTC IS NULL;--#!
INSERT INTO CD_NAME_TBL (NAME_ID, CD_ID, EFFT_VRSN_SEQ_ID, LANG_CS, VAL, PHON_ALG_ID) SELECT  gen_uuid(), char_to_uuid('ebd2fa4c-a441-4429-aac6-68d46d8c96bf'), VRSN_SEQ_ID, 'en', 'adjud. refused same-period electronic amount', char_to_uuid('402CD339-D0E4-46CE-8FC2-12A4B0E17226') FROM CD_VRSN_TBL WHERE CD_ID = char_to_uuid('ebd2fa4c-a441-4429-aac6-68d46d8c96bf') AND OBSLT_UTC IS NULL;--#!
INSERT INTO CD_NAME_TBL (NAME_ID, CD_ID, EFFT_VRSN_SEQ_ID, LANG_CS, VAL, PHON_ALG_ID) SELECT  gen_uuid(), char_to_uuid('612d1915-8faf-475d-a190-6902591eb6dc'), VRSN_SEQ_ID, 'en', 'adjud. refused same-period electronic count', char_to_uuid('402CD339-D0E4-46CE-8FC2-12A4B0E17226') FROM CD_VRSN_TBL WHERE CD_ID = char_to_uuid('612d1915-8faf-475d-a190-6902591eb6dc') AND OBSLT_UTC IS NULL;--#!
INSERT INTO CD_NAME_TBL (NAME_ID, CD_ID, EFFT_VRSN_SEQ_ID, LANG_CS, VAL, PHON_ALG_ID) SELECT  gen_uuid(), char_to_uuid('f8e9f0f1-d321-4638-a3a8-043511eaecfc'), VRSN_SEQ_ID, 'en', 'adjud. refused same-period manual amount', char_to_uuid('402CD339-D0E4-46CE-8FC2-12A4B0E17226') FROM CD_VRSN_TBL WHERE CD_ID = char_to_uuid('f8e9f0f1-d321-4638-a3a8-043511eaecfc') AND OBSLT_UTC IS NULL;--#!
INSERT INTO CD_NAME_TBL (NAME_ID, CD_ID, EFFT_VRSN_SEQ_ID, LANG_CS, VAL, PHON_ALG_ID) SELECT  gen_uuid(), char_to_uuid('cebefd83-e366-4264-ba13-70cfb2b4cdb2'), VRSN_SEQ_ID, 'en', 'adjud. refused same-period manual count', char_to_uuid('402CD339-D0E4-46CE-8FC2-12A4B0E17226') FROM CD_VRSN_TBL WHERE CD_ID = char_to_uuid('cebefd83-e366-4264-ba13-70cfb2b4cdb2') AND OBSLT_UTC IS NULL;--#!
INSERT INTO CD_NAME_TBL (NAME_ID, CD_ID, EFFT_VRSN_SEQ_ID, LANG_CS, VAL, PHON_ALG_ID) SELECT  gen_uuid(), char_to_uuid('95d190e8-2282-4ac8-a53a-02b49d9d3a8c'), VRSN_SEQ_ID, 'en', 'paid nullified prior-period electronic amount', char_to_uuid('402CD339-D0E4-46CE-8FC2-12A4B0E17226') FROM CD_VRSN_TBL WHERE CD_ID = char_to_uuid('95d190e8-2282-4ac8-a53a-02b49d9d3a8c') AND OBSLT_UTC IS NULL;--#!
INSERT INTO CD_NAME_TBL (NAME_ID, CD_ID, EFFT_VRSN_SEQ_ID, LANG_CS, VAL, PHON_ALG_ID) SELECT  gen_uuid(), char_to_uuid('4ea572f0-c86d-4839-bd45-344285157c92'), VRSN_SEQ_ID, 'en', 'paid nullified prior-period electronic count', char_to_uuid('402CD339-D0E4-46CE-8FC2-12A4B0E17226') FROM CD_VRSN_TBL WHERE CD_ID = char_to_uuid('4ea572f0-c86d-4839-bd45-344285157c92') AND OBSLT_UTC IS NULL;--#!
INSERT INTO CD_NAME_TBL (NAME_ID, CD_ID, EFFT_VRSN_SEQ_ID, LANG_CS, VAL, PHON_ALG_ID) SELECT  gen_uuid(), char_to_uuid('86ec6fc5-b952-4e4e-8407-aa3369aa5d51'), VRSN_SEQ_ID, 'en', 'paid nullified prior-period manual amount', char_to_uuid('402CD339-D0E4-46CE-8FC2-12A4B0E17226') FROM CD_VRSN_TBL WHERE CD_ID = char_to_uuid('86ec6fc5-b952-4e4e-8407-aa3369aa5d51') AND OBSLT_UTC IS NULL;--#!
INSERT INTO CD_NAME_TBL (NAME_ID, CD_ID, EFFT_VRSN_SEQ_ID, LANG_CS, VAL, PHON_ALG_ID) SELECT  gen_uuid(), char_to_uuid('415d4872-5cd5-4030-b4b8-677959a2dd1a'), VRSN_SEQ_ID, 'en', 'paid nullified prior-period manual count', char_to_uuid('402CD339-D0E4-46CE-8FC2-12A4B0E17226') FROM CD_VRSN_TBL WHERE CD_ID = char_to_uuid('415d4872-5cd5-4030-b4b8-677959a2dd1a') AND OBSLT_UTC IS NULL;--#!
INSERT INTO CD_NAME_TBL (NAME_ID, CD_ID, EFFT_VRSN_SEQ_ID, LANG_CS, VAL, PHON_ALG_ID) SELECT  gen_uuid(), char_to_uuid('d4c77cd9-eed8-4462-9a44-2ab5af40b711'), VRSN_SEQ_ID, 'en', 'paid nullified same-period electronic amount', char_to_uuid('402CD339-D0E4-46CE-8FC2-12A4B0E17226') FROM CD_VRSN_TBL WHERE CD_ID = char_to_uuid('d4c77cd9-eed8-4462-9a44-2ab5af40b711') AND OBSLT_UTC IS NULL;--#!
INSERT INTO CD_NAME_TBL (NAME_ID, CD_ID, EFFT_VRSN_SEQ_ID, LANG_CS, VAL, PHON_ALG_ID) SELECT  gen_uuid(), char_to_uuid('3c7d6dbe-3dd0-4dcc-917d-d932375c021e'), VRSN_SEQ_ID, 'en', 'paid nullified same-period electronic count', char_to_uuid('402CD339-D0E4-46CE-8FC2-12A4B0E17226') FROM CD_VRSN_TBL WHERE CD_ID = char_to_uuid('3c7d6dbe-3dd0-4dcc-917d-d932375c021e') AND OBSLT_UTC IS NULL;--#!
INSERT INTO CD_NAME_TBL (NAME_ID, CD_ID, EFFT_VRSN_SEQ_ID, LANG_CS, VAL, PHON_ALG_ID) SELECT  gen_uuid(), char_to_uuid('65d1d69d-892c-4961-8379-91c5aa70d16e'), VRSN_SEQ_ID, 'en', 'paid nullified same-period manual amount', char_to_uuid('402CD339-D0E4-46CE-8FC2-12A4B0E17226') FROM CD_VRSN_TBL WHERE CD_ID = char_to_uuid('65d1d69d-892c-4961-8379-91c5aa70d16e') AND OBSLT_UTC IS NULL;--#!
INSERT INTO CD_NAME_TBL (NAME_ID, CD_ID, EFFT_VRSN_SEQ_ID, LANG_CS, VAL, PHON_ALG_ID) SELECT  gen_uuid(), char_to_uuid('ed267443-26fc-4e5f-9647-0c0ab3ad5696'), VRSN_SEQ_ID, 'en', 'paid nullified same-period manual count', char_to_uuid('402CD339-D0E4-46CE-8FC2-12A4B0E17226') FROM CD_VRSN_TBL WHERE CD_ID = char_to_uuid('ed267443-26fc-4e5f-9647-0c0ab3ad5696') AND OBSLT_UTC IS NULL;--#!
INSERT INTO CD_NAME_TBL (NAME_ID, CD_ID, EFFT_VRSN_SEQ_ID, LANG_CS, VAL, PHON_ALG_ID) SELECT  gen_uuid(), char_to_uuid('71f4edb8-ff9f-4136-bb66-efee62ce4a74'), VRSN_SEQ_ID, 'en', 'paid non-payee payable prior-period electronic amount', char_to_uuid('402CD339-D0E4-46CE-8FC2-12A4B0E17226') FROM CD_VRSN_TBL WHERE CD_ID = char_to_uuid('71f4edb8-ff9f-4136-bb66-efee62ce4a74') AND OBSLT_UTC IS NULL;--#!
INSERT INTO CD_NAME_TBL (NAME_ID, CD_ID, EFFT_VRSN_SEQ_ID, LANG_CS, VAL, PHON_ALG_ID) SELECT  gen_uuid(), char_to_uuid('6c7c4cbc-5519-463b-b23d-31dc0238b172'), VRSN_SEQ_ID, 'en', 'paid non-payee payable prior-period electronic count', char_to_uuid('402CD339-D0E4-46CE-8FC2-12A4B0E17226') FROM CD_VRSN_TBL WHERE CD_ID = char_to_uuid('6c7c4cbc-5519-463b-b23d-31dc0238b172') AND OBSLT_UTC IS NULL;--#!
INSERT INTO CD_NAME_TBL (NAME_ID, CD_ID, EFFT_VRSN_SEQ_ID, LANG_CS, VAL, PHON_ALG_ID) SELECT  gen_uuid(), char_to_uuid('caf15d91-dcaf-4201-88bb-1f41d116d01c'), VRSN_SEQ_ID, 'en', 'paid non-payee payable prior-period manual amount', char_to_uuid('402CD339-D0E4-46CE-8FC2-12A4B0E17226') FROM CD_VRSN_TBL WHERE CD_ID = char_to_uuid('caf15d91-dcaf-4201-88bb-1f41d116d01c') AND OBSLT_UTC IS NULL;--#!
INSERT INTO CD_NAME_TBL (NAME_ID, CD_ID, EFFT_VRSN_SEQ_ID, LANG_CS, VAL, PHON_ALG_ID) SELECT  gen_uuid(), char_to_uuid('d47b92c2-ae09-4d13-bc45-2d545706e731'), VRSN_SEQ_ID, 'en', 'paid non-payee payable prior-period manual count', char_to_uuid('402CD339-D0E4-46CE-8FC2-12A4B0E17226') FROM CD_VRSN_TBL WHERE CD_ID = char_to_uuid('d47b92c2-ae09-4d13-bc45-2d545706e731') AND OBSLT_UTC IS NULL;--#!
INSERT INTO CD_NAME_TBL (NAME_ID, CD_ID, EFFT_VRSN_SEQ_ID, LANG_CS, VAL, PHON_ALG_ID) SELECT  gen_uuid(), char_to_uuid('928da1ae-db55-450f-8129-73e7d1218653'), VRSN_SEQ_ID, 'en', 'paid non-payee payable same-period electronic amount', char_to_uuid('402CD339-D0E4-46CE-8FC2-12A4B0E17226') FROM CD_VRSN_TBL WHERE CD_ID = char_to_uuid('928da1ae-db55-450f-8129-73e7d1218653') AND OBSLT_UTC IS NULL;--#!
INSERT INTO CD_NAME_TBL (NAME_ID, CD_ID, EFFT_VRSN_SEQ_ID, LANG_CS, VAL, PHON_ALG_ID) SELECT  gen_uuid(), char_to_uuid('ea99e6e9-ba42-4f8f-b0f7-cfb46b5df629'), VRSN_SEQ_ID, 'en', 'paid non-payee payable same-period electronic count', char_to_uuid('402CD339-D0E4-46CE-8FC2-12A4B0E17226') FROM CD_VRSN_TBL WHERE CD_ID = char_to_uuid('ea99e6e9-ba42-4f8f-b0f7-cfb46b5df629') AND OBSLT_UTC IS NULL;--#!
INSERT INTO CD_NAME_TBL (NAME_ID, CD_ID, EFFT_VRSN_SEQ_ID, LANG_CS, VAL, PHON_ALG_ID) SELECT  gen_uuid(), char_to_uuid('abb0bfaa-3082-4294-b8f6-5e9ec041b5a0'), VRSN_SEQ_ID, 'en', 'paid non-payee payable same-period manual amount', char_to_uuid('402CD339-D0E4-46CE-8FC2-12A4B0E17226') FROM CD_VRSN_TBL WHERE CD_ID = char_to_uuid('abb0bfaa-3082-4294-b8f6-5e9ec041b5a0') AND OBSLT_UTC IS NULL;--#!
INSERT INTO CD_NAME_TBL (NAME_ID, CD_ID, EFFT_VRSN_SEQ_ID, LANG_CS, VAL, PHON_ALG_ID) SELECT  gen_uuid(), char_to_uuid('0b8f2f1c-190b-4596-8912-88d21d367ee1'), VRSN_SEQ_ID, 'en', 'paid non-payee payable same-period manual count', char_to_uuid('402CD339-D0E4-46CE-8FC2-12A4B0E17226') FROM CD_VRSN_TBL WHERE CD_ID = char_to_uuid('0b8f2f1c-190b-4596-8912-88d21d367ee1') AND OBSLT_UTC IS NULL;--#!
INSERT INTO CD_NAME_TBL (NAME_ID, CD_ID, EFFT_VRSN_SEQ_ID, LANG_CS, VAL, PHON_ALG_ID) SELECT  gen_uuid(), char_to_uuid('a54a0e82-a7fa-4a9c-b36f-39e976bbe29a'), VRSN_SEQ_ID, 'en', 'paid payee payable prior-period electronic amount', char_to_uuid('402CD339-D0E4-46CE-8FC2-12A4B0E17226') FROM CD_VRSN_TBL WHERE CD_ID = char_to_uuid('a54a0e82-a7fa-4a9c-b36f-39e976bbe29a') AND OBSLT_UTC IS NULL;--#!
INSERT INTO CD_NAME_TBL (NAME_ID, CD_ID, EFFT_VRSN_SEQ_ID, LANG_CS, VAL, PHON_ALG_ID) SELECT  gen_uuid(), char_to_uuid('64813a52-19ec-43e8-aea9-e7527cdea88a'), VRSN_SEQ_ID, 'en', 'paid payee payable prior-period electronic count', char_to_uuid('402CD339-D0E4-46CE-8FC2-12A4B0E17226') FROM CD_VRSN_TBL WHERE CD_ID = char_to_uuid('64813a52-19ec-43e8-aea9-e7527cdea88a') AND OBSLT_UTC IS NULL;--#!
INSERT INTO CD_NAME_TBL (NAME_ID, CD_ID, EFFT_VRSN_SEQ_ID, LANG_CS, VAL, PHON_ALG_ID) SELECT  gen_uuid(), char_to_uuid('98023485-f85f-4151-8330-c4adfde0b579'), VRSN_SEQ_ID, 'en', 'paid payee payable prior-period manual amount', char_to_uuid('402CD339-D0E4-46CE-8FC2-12A4B0E17226') FROM CD_VRSN_TBL WHERE CD_ID = char_to_uuid('98023485-f85f-4151-8330-c4adfde0b579') AND OBSLT_UTC IS NULL;--#!
INSERT INTO CD_NAME_TBL (NAME_ID, CD_ID, EFFT_VRSN_SEQ_ID, LANG_CS, VAL, PHON_ALG_ID) SELECT  gen_uuid(), char_to_uuid('eec32656-fa6a-40dc-9145-2487f1e561ef'), VRSN_SEQ_ID, 'en', 'paid payee payable prior-period manual count', char_to_uuid('402CD339-D0E4-46CE-8FC2-12A4B0E17226') FROM CD_VRSN_TBL WHERE CD_ID = char_to_uuid('eec32656-fa6a-40dc-9145-2487f1e561ef') AND OBSLT_UTC IS NULL;--#!
INSERT INTO CD_NAME_TBL (NAME_ID, CD_ID, EFFT_VRSN_SEQ_ID, LANG_CS, VAL, PHON_ALG_ID) SELECT  gen_uuid(), char_to_uuid('192eb732-2226-44a8-a802-fe694c581a41'), VRSN_SEQ_ID, 'en', 'paid payee payable same-period electronic amount', char_to_uuid('402CD339-D0E4-46CE-8FC2-12A4B0E17226') FROM CD_VRSN_TBL WHERE CD_ID = char_to_uuid('192eb732-2226-44a8-a802-fe694c581a41') AND OBSLT_UTC IS NULL;--#!
INSERT INTO CD_NAME_TBL (NAME_ID, CD_ID, EFFT_VRSN_SEQ_ID, LANG_CS, VAL, PHON_ALG_ID) SELECT  gen_uuid(), char_to_uuid('b8b595a7-9c17-4d12-958a-8b098abdc638'), VRSN_SEQ_ID, 'en', 'paid payee payable same-period electronic count', char_to_uuid('402CD339-D0E4-46CE-8FC2-12A4B0E17226') FROM CD_VRSN_TBL WHERE CD_ID = char_to_uuid('b8b595a7-9c17-4d12-958a-8b098abdc638') AND OBSLT_UTC IS NULL;--#!
INSERT INTO CD_NAME_TBL (NAME_ID, CD_ID, EFFT_VRSN_SEQ_ID, LANG_CS, VAL, PHON_ALG_ID) SELECT  gen_uuid(), char_to_uuid('bee02da3-a599-4d14-9053-38ce443bc2b8'), VRSN_SEQ_ID, 'en', 'paid payee payable same-period manual amount', char_to_uuid('402CD339-D0E4-46CE-8FC2-12A4B0E17226') FROM CD_VRSN_TBL WHERE CD_ID = char_to_uuid('bee02da3-a599-4d14-9053-38ce443bc2b8') AND OBSLT_UTC IS NULL;--#!
INSERT INTO CD_NAME_TBL (NAME_ID, CD_ID, EFFT_VRSN_SEQ_ID, LANG_CS, VAL, PHON_ALG_ID) SELECT  gen_uuid(), char_to_uuid('b6b0854b-948f-47ee-b3c2-688bd722aeac'), VRSN_SEQ_ID, 'en', 'paid payee payable same-period manual count', char_to_uuid('402CD339-D0E4-46CE-8FC2-12A4B0E17226') FROM CD_VRSN_TBL WHERE CD_ID = char_to_uuid('b6b0854b-948f-47ee-b3c2-688bd722aeac') AND OBSLT_UTC IS NULL;--#!
INSERT INTO CD_NAME_TBL (NAME_ID, CD_ID, EFFT_VRSN_SEQ_ID, LANG_CS, VAL, PHON_ALG_ID) SELECT  gen_uuid(), char_to_uuid('318ced77-ccd6-48d0-b16f-6ea4be00a586'), VRSN_SEQ_ID, 'en', 'submitted billed electronic amount', char_to_uuid('402CD339-D0E4-46CE-8FC2-12A4B0E17226') FROM CD_VRSN_TBL WHERE CD_ID = char_to_uuid('318ced77-ccd6-48d0-b16f-6ea4be00a586') AND OBSLT_UTC IS NULL;--#!
INSERT INTO CD_NAME_TBL (NAME_ID, CD_ID, EFFT_VRSN_SEQ_ID, LANG_CS, VAL, PHON_ALG_ID) SELECT  gen_uuid(), char_to_uuid('f193cab3-cffa-4671-99af-6be949ba96aa'), VRSN_SEQ_ID, 'en', 'submitted billed electronic count', char_to_uuid('402CD339-D0E4-46CE-8FC2-12A4B0E17226') FROM CD_VRSN_TBL WHERE CD_ID = char_to_uuid('f193cab3-cffa-4671-99af-6be949ba96aa') AND OBSLT_UTC IS NULL;--#!
INSERT INTO CD_NAME_TBL (NAME_ID, CD_ID, EFFT_VRSN_SEQ_ID, LANG_CS, VAL, PHON_ALG_ID) SELECT  gen_uuid(), char_to_uuid('2bcbc810-53bc-4337-9c0c-303c52356659'), VRSN_SEQ_ID, 'en', 'submitted nullified electronic amount', char_to_uuid('402CD339-D0E4-46CE-8FC2-12A4B0E17226') FROM CD_VRSN_TBL WHERE CD_ID = char_to_uuid('2bcbc810-53bc-4337-9c0c-303c52356659') AND OBSLT_UTC IS NULL;--#!
INSERT INTO CD_NAME_TBL (NAME_ID, CD_ID, EFFT_VRSN_SEQ_ID, LANG_CS, VAL, PHON_ALG_ID) SELECT  gen_uuid(), char_to_uuid('c8763e54-4ea6-4fd4-ae31-5644ba0cbe0c'), VRSN_SEQ_ID, 'en', 'submitted cancelled electronic count', char_to_uuid('402CD339-D0E4-46CE-8FC2-12A4B0E17226') FROM CD_VRSN_TBL WHERE CD_ID = char_to_uuid('c8763e54-4ea6-4fd4-ae31-5644ba0cbe0c') AND OBSLT_UTC IS NULL;--#!
INSERT INTO CD_NAME_TBL (NAME_ID, CD_ID, EFFT_VRSN_SEQ_ID, LANG_CS, VAL, PHON_ALG_ID) SELECT  gen_uuid(), char_to_uuid('b2180b59-79b2-4cf5-9ea2-fb36d9ad8c03'), VRSN_SEQ_ID, 'en', 'submitted pending electronic amount', char_to_uuid('402CD339-D0E4-46CE-8FC2-12A4B0E17226') FROM CD_VRSN_TBL WHERE CD_ID = char_to_uuid('b2180b59-79b2-4cf5-9ea2-fb36d9ad8c03') AND OBSLT_UTC IS NULL;--#!
INSERT INTO CD_NAME_TBL (NAME_ID, CD_ID, EFFT_VRSN_SEQ_ID, LANG_CS, VAL, PHON_ALG_ID) SELECT  gen_uuid(), char_to_uuid('ca578e77-bcc2-4305-95d5-ffe559318aea'), VRSN_SEQ_ID, 'en', 'submitted pending electronic count', char_to_uuid('402CD339-D0E4-46CE-8FC2-12A4B0E17226') FROM CD_VRSN_TBL WHERE CD_ID = char_to_uuid('ca578e77-bcc2-4305-95d5-ffe559318aea') AND OBSLT_UTC IS NULL;--#!
INSERT INTO CD_NAME_TBL (NAME_ID, CD_ID, EFFT_VRSN_SEQ_ID, LANG_CS, VAL, PHON_ALG_ID) SELECT  gen_uuid(), char_to_uuid('7c8e0e91-7849-4d05-a9e9-2663f3c738db'), VRSN_SEQ_ID, 'en', 'clinical product invoice', char_to_uuid('402CD339-D0E4-46CE-8FC2-12A4B0E17226') FROM CD_VRSN_TBL WHERE CD_ID = char_to_uuid('7c8e0e91-7849-4d05-a9e9-2663f3c738db') AND OBSLT_UTC IS NULL;--#!
INSERT INTO CD_NAME_TBL (NAME_ID, CD_ID, EFFT_VRSN_SEQ_ID, LANG_CS, VAL, PHON_ALG_ID) SELECT  gen_uuid(), char_to_uuid('f73c6dc1-ddf4-4281-a4cf-2dafb8996b19'), VRSN_SEQ_ID, 'en', 'compound drug invoice group', char_to_uuid('402CD339-D0E4-46CE-8FC2-12A4B0E17226') FROM CD_VRSN_TBL WHERE CD_ID = char_to_uuid('f73c6dc1-ddf4-4281-a4cf-2dafb8996b19') AND OBSLT_UTC IS NULL;--#!
INSERT INTO CD_NAME_TBL (NAME_ID, CD_ID, EFFT_VRSN_SEQ_ID, LANG_CS, VAL, PHON_ALG_ID) SELECT  gen_uuid(), char_to_uuid('439831fb-279b-4c63-a2ca-aa24a95bcecb'), VRSN_SEQ_ID, 'en', 'compound ingredient invoice group', char_to_uuid('402CD339-D0E4-46CE-8FC2-12A4B0E17226') FROM CD_VRSN_TBL WHERE CD_ID = char_to_uuid('439831fb-279b-4c63-a2ca-aa24a95bcecb') AND OBSLT_UTC IS NULL;--#!
INSERT INTO CD_NAME_TBL (NAME_ID, CD_ID, EFFT_VRSN_SEQ_ID, LANG_CS, VAL, PHON_ALG_ID) SELECT  gen_uuid(), char_to_uuid('4b0cc35d-e05c-46c4-afd8-2a03ecfe6df1'), VRSN_SEQ_ID, 'en', 'compound supply invoice group', char_to_uuid('402CD339-D0E4-46CE-8FC2-12A4B0E17226') FROM CD_VRSN_TBL WHERE CD_ID = char_to_uuid('4b0cc35d-e05c-46c4-afd8-2a03ecfe6df1') AND OBSLT_UTC IS NULL;--#!
INSERT INTO CD_NAME_TBL (NAME_ID, CD_ID, EFFT_VRSN_SEQ_ID, LANG_CS, VAL, PHON_ALG_ID) SELECT  gen_uuid(), char_to_uuid('a67d6067-3e58-42cd-99d3-b3b25f9c0b1e'), VRSN_SEQ_ID, 'en', 'clinical service invoice', char_to_uuid('402CD339-D0E4-46CE-8FC2-12A4B0E17226') FROM CD_VRSN_TBL WHERE CD_ID = char_to_uuid('a67d6067-3e58-42cd-99d3-b3b25f9c0b1e') AND OBSLT_UTC IS NULL;--#!
INSERT INTO CD_NAME_TBL (NAME_ID, CD_ID, EFFT_VRSN_SEQ_ID, LANG_CS, VAL, PHON_ALG_ID) SELECT  gen_uuid(), char_to_uuid('c17d2682-aa2b-421a-a096-f5d634234218'), VRSN_SEQ_ID, 'en', 'clinical service and product', char_to_uuid('402CD339-D0E4-46CE-8FC2-12A4B0E17226') FROM CD_VRSN_TBL WHERE CD_ID = char_to_uuid('c17d2682-aa2b-421a-a096-f5d634234218') AND OBSLT_UTC IS NULL;--#!
INSERT INTO CD_NAME_TBL (NAME_ID, CD_ID, EFFT_VRSN_SEQ_ID, LANG_CS, VAL, PHON_ALG_ID) SELECT  gen_uuid(), char_to_uuid('e0cc9b98-2de1-4ca7-9cc9-15cd488ae7ad'), VRSN_SEQ_ID, 'en', 'drug invoice group', char_to_uuid('402CD339-D0E4-46CE-8FC2-12A4B0E17226') FROM CD_VRSN_TBL WHERE CD_ID = char_to_uuid('e0cc9b98-2de1-4ca7-9cc9-15cd488ae7ad') AND OBSLT_UTC IS NULL;--#!
INSERT INTO CD_NAME_TBL (NAME_ID, CD_ID, EFFT_VRSN_SEQ_ID, LANG_CS, VAL, PHON_ALG_ID) SELECT  gen_uuid(), char_to_uuid('c70d0aef-fc5f-48b6-a2ab-940667923dd1'), VRSN_SEQ_ID, 'en', 'financial invoice', char_to_uuid('402CD339-D0E4-46CE-8FC2-12A4B0E17226') FROM CD_VRSN_TBL WHERE CD_ID = char_to_uuid('c70d0aef-fc5f-48b6-a2ab-940667923dd1') AND OBSLT_UTC IS NULL;--#!
INSERT INTO CD_NAME_TBL (NAME_ID, CD_ID, EFFT_VRSN_SEQ_ID, LANG_CS, VAL, PHON_ALG_ID) SELECT  gen_uuid(), char_to_uuid('35b73050-b433-4cb4-972a-d8e2cda72c7e'), VRSN_SEQ_ID, 'en', 'frame invoice group', char_to_uuid('402CD339-D0E4-46CE-8FC2-12A4B0E17226') FROM CD_VRSN_TBL WHERE CD_ID = char_to_uuid('35b73050-b433-4cb4-972a-d8e2cda72c7e') AND OBSLT_UTC IS NULL;--#!
INSERT INTO CD_NAME_TBL (NAME_ID, CD_ID, EFFT_VRSN_SEQ_ID, LANG_CS, VAL, PHON_ALG_ID) SELECT  gen_uuid(), char_to_uuid('c8bf65bb-a749-4c2c-a841-2e3b3b4b4ca1'), VRSN_SEQ_ID, 'en', 'lens invoice group', char_to_uuid('402CD339-D0E4-46CE-8FC2-12A4B0E17226') FROM CD_VRSN_TBL WHERE CD_ID = char_to_uuid('c8bf65bb-a749-4c2c-a841-2e3b3b4b4ca1') AND OBSLT_UTC IS NULL;--#!
INSERT INTO CD_NAME_TBL (NAME_ID, CD_ID, EFFT_VRSN_SEQ_ID, LANG_CS, VAL, PHON_ALG_ID) SELECT  gen_uuid(), char_to_uuid('38dc64a8-3475-40b1-8621-38673dd243d1'), VRSN_SEQ_ID, 'en', 'oral health service', char_to_uuid('402CD339-D0E4-46CE-8FC2-12A4B0E17226') FROM CD_VRSN_TBL WHERE CD_ID = char_to_uuid('38dc64a8-3475-40b1-8621-38673dd243d1') AND OBSLT_UTC IS NULL;--#!
INSERT INTO CD_NAME_TBL (NAME_ID, CD_ID, EFFT_VRSN_SEQ_ID, LANG_CS, VAL, PHON_ALG_ID) SELECT  gen_uuid(), char_to_uuid('f4723f52-e804-4153-8649-55a8c8cd0263'), VRSN_SEQ_ID, 'en', 'preferred accommodation invoice', char_to_uuid('402CD339-D0E4-46CE-8FC2-12A4B0E17226') FROM CD_VRSN_TBL WHERE CD_ID = char_to_uuid('f4723f52-e804-4153-8649-55a8c8cd0263') AND OBSLT_UTC IS NULL;--#!
INSERT INTO CD_NAME_TBL (NAME_ID, CD_ID, EFFT_VRSN_SEQ_ID, LANG_CS, VAL, PHON_ALG_ID) SELECT  gen_uuid(), char_to_uuid('f99e2f28-49c8-4328-ad66-ec57950c758e'), VRSN_SEQ_ID, 'en', 'product invoice group', char_to_uuid('402CD339-D0E4-46CE-8FC2-12A4B0E17226') FROM CD_VRSN_TBL WHERE CD_ID = char_to_uuid('f99e2f28-49c8-4328-ad66-ec57950c758e') AND OBSLT_UTC IS NULL;--#!
INSERT INTO CD_NAME_TBL (NAME_ID, CD_ID, EFFT_VRSN_SEQ_ID, LANG_CS, VAL, PHON_ALG_ID) SELECT  gen_uuid(), char_to_uuid('d365c5ab-4ad2-40d7-afc2-0cdc734d2b4f'), VRSN_SEQ_ID, 'en', 'Rx compound invoice', char_to_uuid('402CD339-D0E4-46CE-8FC2-12A4B0E17226') FROM CD_VRSN_TBL WHERE CD_ID = char_to_uuid('d365c5ab-4ad2-40d7-afc2-0cdc734d2b4f') AND OBSLT_UTC IS NULL;--#!
INSERT INTO CD_NAME_TBL (NAME_ID, CD_ID, EFFT_VRSN_SEQ_ID, LANG_CS, VAL, PHON_ALG_ID) SELECT  gen_uuid(), char_to_uuid('cd2dd690-9b87-4f5e-a087-7bd0b1cf9248'), VRSN_SEQ_ID, 'en', 'Rx dispense invoice', char_to_uuid('402CD339-D0E4-46CE-8FC2-12A4B0E17226') FROM CD_VRSN_TBL WHERE CD_ID = char_to_uuid('cd2dd690-9b87-4f5e-a087-7bd0b1cf9248') AND OBSLT_UTC IS NULL;--#!
INSERT INTO CD_NAME_TBL (NAME_ID, CD_ID, EFFT_VRSN_SEQ_ID, LANG_CS, VAL, PHON_ALG_ID) SELECT  gen_uuid(), char_to_uuid('9c4b1f37-7428-4f8b-84a7-c08e8ff1fce0'), VRSN_SEQ_ID, 'en', 'sessional or block fee invoice', char_to_uuid('402CD339-D0E4-46CE-8FC2-12A4B0E17226') FROM CD_VRSN_TBL WHERE CD_ID = char_to_uuid('9c4b1f37-7428-4f8b-84a7-c08e8ff1fce0') AND OBSLT_UTC IS NULL;--#!
INSERT INTO CD_NAME_TBL (NAME_ID, CD_ID, EFFT_VRSN_SEQ_ID, LANG_CS, VAL, PHON_ALG_ID) SELECT  gen_uuid(), char_to_uuid('87b1e344-5a54-46ce-8668-ff4d2363f61b'), VRSN_SEQ_ID, 'en', 'vision dispense invoice', char_to_uuid('402CD339-D0E4-46CE-8FC2-12A4B0E17226') FROM CD_VRSN_TBL WHERE CD_ID = char_to_uuid('87b1e344-5a54-46ce-8668-ff4d2363f61b') AND OBSLT_UTC IS NULL;--#!
INSERT INTO CD_NAME_TBL (NAME_ID, CD_ID, EFFT_VRSN_SEQ_ID, LANG_CS, VAL, PHON_ALG_ID) SELECT  gen_uuid(), char_to_uuid('0331e13f-f471-4fbd-92dc-66e0a46239d5'), VRSN_SEQ_ID, 'en', 'Booster Immunization', char_to_uuid('402CD339-D0E4-46CE-8FC2-12A4B0E17226') FROM CD_VRSN_TBL WHERE CD_ID = char_to_uuid('0331e13f-f471-4fbd-92dc-66e0a46239d5') AND OBSLT_UTC IS NULL;--#!
INSERT INTO CD_NAME_TBL (NAME_ID, CD_ID, EFFT_VRSN_SEQ_ID, LANG_CS, VAL, PHON_ALG_ID) SELECT  gen_uuid(), char_to_uuid('7d84a057-1fcc-4054-a51f-b77d230fc6d1'), VRSN_SEQ_ID, 'en', 'drug therapy', char_to_uuid('402CD339-D0E4-46CE-8FC2-12A4B0E17226') FROM CD_VRSN_TBL WHERE CD_ID = char_to_uuid('7d84a057-1fcc-4054-a51f-b77d230fc6d1') AND OBSLT_UTC IS NULL;--#!
INSERT INTO CD_NAME_TBL (NAME_ID, CD_ID, EFFT_VRSN_SEQ_ID, LANG_CS, VAL, PHON_ALG_ID) SELECT  gen_uuid(), char_to_uuid('6e7a3521-2967-4c0a-80ec-6c5c197b2178'), VRSN_SEQ_ID, 'en', 'immunization', char_to_uuid('402CD339-D0E4-46CE-8FC2-12A4B0E17226') FROM CD_VRSN_TBL WHERE CD_ID = char_to_uuid('6e7a3521-2967-4c0a-80ec-6c5c197b2178') AND OBSLT_UTC IS NULL;--#!
INSERT INTO CD_NAME_TBL (NAME_ID, CD_ID, EFFT_VRSN_SEQ_ID, LANG_CS, VAL, PHON_ALG_ID) SELECT  gen_uuid(), char_to_uuid('f3be6b88-bc8f-4263-a779-86f21ea10a47'), VRSN_SEQ_ID, 'en', 'Initial Immunization', char_to_uuid('402CD339-D0E4-46CE-8FC2-12A4B0E17226') FROM CD_VRSN_TBL WHERE CD_ID = char_to_uuid('f3be6b88-bc8f-4263-a779-86f21ea10a47') AND OBSLT_UTC IS NULL;--#!
INSERT INTO CD_NAME_TBL (NAME_ID, CD_ID, EFFT_VRSN_SEQ_ID, LANG_CS, VAL, PHON_ALG_ID) SELECT  gen_uuid(), char_to_uuid('094941e9-a3db-48b5-862c-bc289bd7f86c'), VRSN_SEQ_ID, 'en', 'female', char_to_uuid('402CD339-D0E4-46CE-8FC2-12A4B0E17226') FROM CD_VRSN_TBL WHERE CD_ID = char_to_uuid('094941e9-a3db-48b5-862c-bc289bd7f86c') AND OBSLT_UTC IS NULL;--#!
INSERT INTO CD_NAME_TBL (NAME_ID, CD_ID, EFFT_VRSN_SEQ_ID, LANG_CS, VAL, PHON_ALG_ID) SELECT  gen_uuid(), char_to_uuid('f4e3a6bb-612e-46b2-9f77-ff844d971198'), VRSN_SEQ_ID, 'en', 'male', char_to_uuid('402CD339-D0E4-46CE-8FC2-12A4B0E17226') FROM CD_VRSN_TBL WHERE CD_ID = char_to_uuid('f4e3a6bb-612e-46b2-9f77-ff844d971198') AND OBSLT_UTC IS NULL;--#!
INSERT INTO CD_NAME_TBL (NAME_ID, CD_ID, EFFT_VRSN_SEQ_ID, LANG_CS, VAL, PHON_ALG_ID) SELECT  gen_uuid(), char_to_uuid('ae94a782-1485-4241-9bca-5b09db2156bf'), VRSN_SEQ_ID, 'en', 'undifferentiated', char_to_uuid('402CD339-D0E4-46CE-8FC2-12A4B0E17226') FROM CD_VRSN_TBL WHERE CD_ID = char_to_uuid('ae94a782-1485-4241-9bca-5b09db2156bf') AND OBSLT_UTC IS NULL;--#!
INSERT INTO CD_NAME_TBL (NAME_ID, CD_ID, EFFT_VRSN_SEQ_ID, LANG_CS, VAL, PHON_ALG_ID) SELECT  gen_uuid(), char_to_uuid('0ff2ab03-6e0a-40d1-8947-04c4937b4cc4'), VRSN_SEQ_ID, 'en', 'aunt', char_to_uuid('402CD339-D0E4-46CE-8FC2-12A4B0E17226') FROM CD_VRSN_TBL WHERE CD_ID = char_to_uuid('0ff2ab03-6e0a-40d1-8947-04c4937b4cc4') AND OBSLT_UTC IS NULL;--#!
INSERT INTO CD_NAME_TBL (NAME_ID, CD_ID, EFFT_VRSN_SEQ_ID, LANG_CS, VAL, PHON_ALG_ID) SELECT  gen_uuid(), char_to_uuid('24380d53-ea22-4820-9f06-8671f774f133'), VRSN_SEQ_ID, 'en', 'Brother', char_to_uuid('402CD339-D0E4-46CE-8FC2-12A4B0E17226') FROM CD_VRSN_TBL WHERE CD_ID = char_to_uuid('24380d53-ea22-4820-9f06-8671f774f133') AND OBSLT_UTC IS NULL;--#!
INSERT INTO CD_NAME_TBL (NAME_ID, CD_ID, EFFT_VRSN_SEQ_ID, LANG_CS, VAL, PHON_ALG_ID) SELECT  gen_uuid(), char_to_uuid('0a4c87e2-16c3-4361-be3c-dd765ee4bc7d'), VRSN_SEQ_ID, 'en', 'brother-in-law', char_to_uuid('402CD339-D0E4-46CE-8FC2-12A4B0E17226') FROM CD_VRSN_TBL WHERE CD_ID = char_to_uuid('0a4c87e2-16c3-4361-be3c-dd765ee4bc7d') AND OBSLT_UTC IS NULL;--#!
INSERT INTO CD_NAME_TBL (NAME_ID, CD_ID, EFFT_VRSN_SEQ_ID, LANG_CS, VAL, PHON_ALG_ID) SELECT  gen_uuid(), char_to_uuid('739457d0-835a-4a9c-811c-42b5e92ed1ca'), VRSN_SEQ_ID, 'en', 'Child', char_to_uuid('402CD339-D0E4-46CE-8FC2-12A4B0E17226') FROM CD_VRSN_TBL WHERE CD_ID = char_to_uuid('739457d0-835a-4a9c-811c-42b5e92ed1ca') AND OBSLT_UTC IS NULL;--#!
INSERT INTO CD_NAME_TBL (NAME_ID, CD_ID, EFFT_VRSN_SEQ_ID, LANG_CS, VAL, PHON_ALG_ID) SELECT  gen_uuid(), char_to_uuid('8fa25b69-c9c2-4c40-84c1-0ea9641a12ec'), VRSN_SEQ_ID, 'en', 'adopted child', char_to_uuid('402CD339-D0E4-46CE-8FC2-12A4B0E17226') FROM CD_VRSN_TBL WHERE CD_ID = char_to_uuid('8fa25b69-c9c2-4c40-84c1-0ea9641a12ec') AND OBSLT_UTC IS NULL;--#!
INSERT INTO CD_NAME_TBL (NAME_ID, CD_ID, EFFT_VRSN_SEQ_ID, LANG_CS, VAL, PHON_ALG_ID) SELECT  gen_uuid(), char_to_uuid('abfe2637-d338-4090-b3a5-3ec19a47be6a'), VRSN_SEQ_ID, 'en', 'foster child', char_to_uuid('402CD339-D0E4-46CE-8FC2-12A4B0E17226') FROM CD_VRSN_TBL WHERE CD_ID = char_to_uuid('abfe2637-d338-4090-b3a5-3ec19a47be6a') AND OBSLT_UTC IS NULL;--#!
INSERT INTO CD_NAME_TBL (NAME_ID, CD_ID, EFFT_VRSN_SEQ_ID, LANG_CS, VAL, PHON_ALG_ID) SELECT  gen_uuid(), char_to_uuid('8bf23192-de75-48eb-abee-81a9a15332f8'), VRSN_SEQ_ID, 'en', 'child in-law', char_to_uuid('402CD339-D0E4-46CE-8FC2-12A4B0E17226') FROM CD_VRSN_TBL WHERE CD_ID = char_to_uuid('8bf23192-de75-48eb-abee-81a9a15332f8') AND OBSLT_UTC IS NULL;--#!
INSERT INTO CD_NAME_TBL (NAME_ID, CD_ID, EFFT_VRSN_SEQ_ID, LANG_CS, VAL, PHON_ALG_ID) SELECT  gen_uuid(), char_to_uuid('1c0f931c-9c49-4a52-8fbf-5217c52ea778'), VRSN_SEQ_ID, 'en', 'cousin', char_to_uuid('402CD339-D0E4-46CE-8FC2-12A4B0E17226') FROM CD_VRSN_TBL WHERE CD_ID = char_to_uuid('1c0f931c-9c49-4a52-8fbf-5217c52ea778') AND OBSLT_UTC IS NULL;--#!
INSERT INTO CD_NAME_TBL (NAME_ID, CD_ID, EFFT_VRSN_SEQ_ID, LANG_CS, VAL, PHON_ALG_ID) SELECT  gen_uuid(), char_to_uuid('6a181a3c-7241-4325-b011-630d3ca6dc4a'), VRSN_SEQ_ID, 'en', 'natural daughter', char_to_uuid('402CD339-D0E4-46CE-8FC2-12A4B0E17226') FROM CD_VRSN_TBL WHERE CD_ID = char_to_uuid('6a181a3c-7241-4325-b011-630d3ca6dc4a') AND OBSLT_UTC IS NULL;--#!
INSERT INTO CD_NAME_TBL (NAME_ID, CD_ID, EFFT_VRSN_SEQ_ID, LANG_CS, VAL, PHON_ALG_ID) SELECT  gen_uuid(), char_to_uuid('2b4b2ed8-f90c-4193-870a-f48bc39657c1'), VRSN_SEQ_ID, 'en', 'adopted daughter', char_to_uuid('402CD339-D0E4-46CE-8FC2-12A4B0E17226') FROM CD_VRSN_TBL WHERE CD_ID = char_to_uuid('2b4b2ed8-f90c-4193-870a-f48bc39657c1') AND OBSLT_UTC IS NULL;--#!
INSERT INTO CD_NAME_TBL (NAME_ID, CD_ID, EFFT_VRSN_SEQ_ID, LANG_CS, VAL, PHON_ALG_ID) SELECT  gen_uuid(), char_to_uuid('8165b43f-8103-4ed3-bac6-4fc0df8c1a84'), VRSN_SEQ_ID, 'en', 'Daughter', char_to_uuid('402CD339-D0E4-46CE-8FC2-12A4B0E17226') FROM CD_VRSN_TBL WHERE CD_ID = char_to_uuid('8165b43f-8103-4ed3-bac6-4fc0df8c1a84') AND OBSLT_UTC IS NULL;--#!
INSERT INTO CD_NAME_TBL (NAME_ID, CD_ID, EFFT_VRSN_SEQ_ID, LANG_CS, VAL, PHON_ALG_ID) SELECT  gen_uuid(), char_to_uuid('e81d6773-97e3-4b2d-b6a3-a4624ba5c6a9'), VRSN_SEQ_ID, 'en', 'foster daughter', char_to_uuid('402CD339-D0E4-46CE-8FC2-12A4B0E17226') FROM CD_VRSN_TBL WHERE CD_ID = char_to_uuid('e81d6773-97e3-4b2d-b6a3-a4624ba5c6a9') AND OBSLT_UTC IS NULL;--#!
INSERT INTO CD_NAME_TBL (NAME_ID, CD_ID, EFFT_VRSN_SEQ_ID, LANG_CS, VAL, PHON_ALG_ID) SELECT  gen_uuid(), char_to_uuid('76fdf0e7-cfe0-47b4-9630-c645f254cdfd'), VRSN_SEQ_ID, 'en', 'daughter in-law', char_to_uuid('402CD339-D0E4-46CE-8FC2-12A4B0E17226') FROM CD_VRSN_TBL WHERE CD_ID = char_to_uuid('76fdf0e7-cfe0-47b4-9630-c645f254cdfd') AND OBSLT_UTC IS NULL;--#!
INSERT INTO CD_NAME_TBL (NAME_ID, CD_ID, EFFT_VRSN_SEQ_ID, LANG_CS, VAL, PHON_ALG_ID) SELECT  gen_uuid(), char_to_uuid('3db182e2-653b-4bfd-a300-32f23345d1c0'), VRSN_SEQ_ID, 'en', 'domestic partner', char_to_uuid('402CD339-D0E4-46CE-8FC2-12A4B0E17226') FROM CD_VRSN_TBL WHERE CD_ID = char_to_uuid('3db182e2-653b-4bfd-a300-32f23345d1c0') AND OBSLT_UTC IS NULL;--#!
INSERT INTO CD_NAME_TBL (NAME_ID, CD_ID, EFFT_VRSN_SEQ_ID, LANG_CS, VAL, PHON_ALG_ID) SELECT  gen_uuid(), char_to_uuid('38d66ec7-0cc8-4609-9675-b6ff91ede605'), VRSN_SEQ_ID, 'en', 'Family Member', char_to_uuid('402CD339-D0E4-46CE-8FC2-12A4B0E17226') FROM CD_VRSN_TBL WHERE CD_ID = char_to_uuid('38d66ec7-0cc8-4609-9675-b6ff91ede605') AND OBSLT_UTC IS NULL;--#!
INSERT INTO CD_NAME_TBL (NAME_ID, CD_ID, EFFT_VRSN_SEQ_ID, LANG_CS, VAL, PHON_ALG_ID) SELECT  gen_uuid(), char_to_uuid('40d18ecc-8ff8-4e03-8e58-97a980f04060'), VRSN_SEQ_ID, 'en', 'Father', char_to_uuid('402CD339-D0E4-46CE-8FC2-12A4B0E17226') FROM CD_VRSN_TBL WHERE CD_ID = char_to_uuid('40d18ecc-8ff8-4e03-8e58-97a980f04060') AND OBSLT_UTC IS NULL;--#!
INSERT INTO CD_NAME_TBL (NAME_ID, CD_ID, EFFT_VRSN_SEQ_ID, LANG_CS, VAL, PHON_ALG_ID) SELECT  gen_uuid(), char_to_uuid('b401dd81-931c-4aad-8fd8-22a6ac2ea3dc'), VRSN_SEQ_ID, 'en', 'father-in-law', char_to_uuid('402CD339-D0E4-46CE-8FC2-12A4B0E17226') FROM CD_VRSN_TBL WHERE CD_ID = char_to_uuid('b401dd81-931c-4aad-8fd8-22a6ac2ea3dc') AND OBSLT_UTC IS NULL;--#!
INSERT INTO CD_NAME_TBL (NAME_ID, CD_ID, EFFT_VRSN_SEQ_ID, LANG_CS, VAL, PHON_ALG_ID) SELECT  gen_uuid(), char_to_uuid('bfe24b5d-9c32-4df3-ad7b-eaa19e7d4afb'), VRSN_SEQ_ID, 'en', 'great grandfather', char_to_uuid('402CD339-D0E4-46CE-8FC2-12A4B0E17226') FROM CD_VRSN_TBL WHERE CD_ID = char_to_uuid('bfe24b5d-9c32-4df3-ad7b-eaa19e7d4afb') AND OBSLT_UTC IS NULL;--#!
INSERT INTO CD_NAME_TBL (NAME_ID, CD_ID, EFFT_VRSN_SEQ_ID, LANG_CS, VAL, PHON_ALG_ID) SELECT  gen_uuid(), char_to_uuid('02fbc345-1a25-4f78-aeea-a12584a1eec3'), VRSN_SEQ_ID, 'en', 'great grandmother', char_to_uuid('402CD339-D0E4-46CE-8FC2-12A4B0E17226') FROM CD_VRSN_TBL WHERE CD_ID = char_to_uuid('02fbc345-1a25-4f78-aeea-a12584a1eec3') AND OBSLT_UTC IS NULL;--#!
INSERT INTO CD_NAME_TBL (NAME_ID, CD_ID, EFFT_VRSN_SEQ_ID, LANG_CS, VAL, PHON_ALG_ID) SELECT  gen_uuid(), char_to_uuid('528feb11-ae81-426a-be1f-ce74c83009eb'), VRSN_SEQ_ID, 'en', 'great grandparent', char_to_uuid('402CD339-D0E4-46CE-8FC2-12A4B0E17226') FROM CD_VRSN_TBL WHERE CD_ID = char_to_uuid('528feb11-ae81-426a-be1f-ce74c83009eb') AND OBSLT_UTC IS NULL;--#!
INSERT INTO CD_NAME_TBL (NAME_ID, CD_ID, EFFT_VRSN_SEQ_ID, LANG_CS, VAL, PHON_ALG_ID) SELECT  gen_uuid(), char_to_uuid('48c59444-fec0-43b8-aa2c-7aedb70733ad'), VRSN_SEQ_ID, 'en', 'Grandfather', char_to_uuid('402CD339-D0E4-46CE-8FC2-12A4B0E17226') FROM CD_VRSN_TBL WHERE CD_ID = char_to_uuid('48c59444-fec0-43b8-aa2c-7aedb70733ad') AND OBSLT_UTC IS NULL;--#!
INSERT INTO CD_NAME_TBL (NAME_ID, CD_ID, EFFT_VRSN_SEQ_ID, LANG_CS, VAL, PHON_ALG_ID) SELECT  gen_uuid(), char_to_uuid('b630ba2c-8a00-46d8-bf64-870d381d8917'), VRSN_SEQ_ID, 'en', 'Grandmother', char_to_uuid('402CD339-D0E4-46CE-8FC2-12A4B0E17226') FROM CD_VRSN_TBL WHERE CD_ID = char_to_uuid('b630ba2c-8a00-46d8-bf64-870d381d8917') AND OBSLT_UTC IS NULL;--#!
INSERT INTO CD_NAME_TBL (NAME_ID, CD_ID, EFFT_VRSN_SEQ_ID, LANG_CS, VAL, PHON_ALG_ID) SELECT  gen_uuid(), char_to_uuid('c33adda2-a4ed-4092-8d9c-b8e3fbd5d90b'), VRSN_SEQ_ID, 'en', 'grandchild', char_to_uuid('402CD339-D0E4-46CE-8FC2-12A4B0E17226') FROM CD_VRSN_TBL WHERE CD_ID = char_to_uuid('c33adda2-a4ed-4092-8d9c-b8e3fbd5d90b') AND OBSLT_UTC IS NULL;--#!
INSERT INTO CD_NAME_TBL (NAME_ID, CD_ID, EFFT_VRSN_SEQ_ID, LANG_CS, VAL, PHON_ALG_ID) SELECT  gen_uuid(), char_to_uuid('3cb1993f-3703-453f-87be-21b606db7631'), VRSN_SEQ_ID, 'en', 'granddaughter', char_to_uuid('402CD339-D0E4-46CE-8FC2-12A4B0E17226') FROM CD_VRSN_TBL WHERE CD_ID = char_to_uuid('3cb1993f-3703-453f-87be-21b606db7631') AND OBSLT_UTC IS NULL;--#!
INSERT INTO CD_NAME_TBL (NAME_ID, CD_ID, EFFT_VRSN_SEQ_ID, LANG_CS, VAL, PHON_ALG_ID) SELECT  gen_uuid(), char_to_uuid('f7a64463-bc75-44d4-a8ca-c9fbc2c87175'), VRSN_SEQ_ID, 'en', 'grandson', char_to_uuid('402CD339-D0E4-46CE-8FC2-12A4B0E17226') FROM CD_VRSN_TBL WHERE CD_ID = char_to_uuid('f7a64463-bc75-44d4-a8ca-c9fbc2c87175') AND OBSLT_UTC IS NULL;--#!
INSERT INTO CD_NAME_TBL (NAME_ID, CD_ID, EFFT_VRSN_SEQ_ID, LANG_CS, VAL, PHON_ALG_ID) SELECT  gen_uuid(), char_to_uuid('fa646df9-7d64-4d1f-ae9a-6261fd5fd6ae'), VRSN_SEQ_ID, 'en', 'Grandparent', char_to_uuid('402CD339-D0E4-46CE-8FC2-12A4B0E17226') FROM CD_VRSN_TBL WHERE CD_ID = char_to_uuid('fa646df9-7d64-4d1f-ae9a-6261fd5fd6ae') AND OBSLT_UTC IS NULL;--#!
INSERT INTO CD_NAME_TBL (NAME_ID, CD_ID, EFFT_VRSN_SEQ_ID, LANG_CS, VAL, PHON_ALG_ID) SELECT  gen_uuid(), char_to_uuid('25cae2f2-d1ec-4efe-a92f-d479785f7d8a'), VRSN_SEQ_ID, 'en', 'half-brother', char_to_uuid('402CD339-D0E4-46CE-8FC2-12A4B0E17226') FROM CD_VRSN_TBL WHERE CD_ID = char_to_uuid('25cae2f2-d1ec-4efe-a92f-d479785f7d8a') AND OBSLT_UTC IS NULL;--#!
INSERT INTO CD_NAME_TBL (NAME_ID, CD_ID, EFFT_VRSN_SEQ_ID, LANG_CS, VAL, PHON_ALG_ID) SELECT  gen_uuid(), char_to_uuid('8452ecb9-d762-4c4a-96b2-81d130cb729b'), VRSN_SEQ_ID, 'en', 'half-sibling', char_to_uuid('402CD339-D0E4-46CE-8FC2-12A4B0E17226') FROM CD_VRSN_TBL WHERE CD_ID = char_to_uuid('8452ecb9-d762-4c4a-96b2-81d130cb729b') AND OBSLT_UTC IS NULL;--#!
INSERT INTO CD_NAME_TBL (NAME_ID, CD_ID, EFFT_VRSN_SEQ_ID, LANG_CS, VAL, PHON_ALG_ID) SELECT  gen_uuid(), char_to_uuid('ce42c680-a783-4cde-bcd1-e261d6fd68a0'), VRSN_SEQ_ID, 'en', 'half-sister', char_to_uuid('402CD339-D0E4-46CE-8FC2-12A4B0E17226') FROM CD_VRSN_TBL WHERE CD_ID = char_to_uuid('ce42c680-a783-4cde-bcd1-e261d6fd68a0') AND OBSLT_UTC IS NULL;--#!
INSERT INTO CD_NAME_TBL (NAME_ID, CD_ID, EFFT_VRSN_SEQ_ID, LANG_CS, VAL, PHON_ALG_ID) SELECT  gen_uuid(), char_to_uuid('62aca44c-b57c-44fd-9703-fcdff97c04b6'), VRSN_SEQ_ID, 'en', 'husband', char_to_uuid('402CD339-D0E4-46CE-8FC2-12A4B0E17226') FROM CD_VRSN_TBL WHERE CD_ID = char_to_uuid('62aca44c-b57c-44fd-9703-fcdff97c04b6') AND OBSLT_UTC IS NULL;--#!
INSERT INTO CD_NAME_TBL (NAME_ID, CD_ID, EFFT_VRSN_SEQ_ID, LANG_CS, VAL, PHON_ALG_ID) SELECT  gen_uuid(), char_to_uuid('96ea355d-0c68-481f-8b6f-1b00a101ab8f'), VRSN_SEQ_ID, 'en', 'MaternalAunt', char_to_uuid('402CD339-D0E4-46CE-8FC2-12A4B0E17226') FROM CD_VRSN_TBL WHERE CD_ID = char_to_uuid('96ea355d-0c68-481f-8b6f-1b00a101ab8f') AND OBSLT_UTC IS NULL;--#!
INSERT INTO CD_NAME_TBL (NAME_ID, CD_ID, EFFT_VRSN_SEQ_ID, LANG_CS, VAL, PHON_ALG_ID) SELECT  gen_uuid(), char_to_uuid('d874cde5-7d76-4f1d-97e6-db7e82bac958'), VRSN_SEQ_ID, 'en', 'MaternalCousin', char_to_uuid('402CD339-D0E4-46CE-8FC2-12A4B0E17226') FROM CD_VRSN_TBL WHERE CD_ID = char_to_uuid('d874cde5-7d76-4f1d-97e6-db7e82bac958') AND OBSLT_UTC IS NULL;--#!
INSERT INTO CD_NAME_TBL (NAME_ID, CD_ID, EFFT_VRSN_SEQ_ID, LANG_CS, VAL, PHON_ALG_ID) SELECT  gen_uuid(), char_to_uuid('abe6d0d1-4e37-4b7c-9acc-eedb2c36f9cd'), VRSN_SEQ_ID, 'en', 'MaternalGreatgrandfather', char_to_uuid('402CD339-D0E4-46CE-8FC2-12A4B0E17226') FROM CD_VRSN_TBL WHERE CD_ID = char_to_uuid('abe6d0d1-4e37-4b7c-9acc-eedb2c36f9cd') AND OBSLT_UTC IS NULL;--#!
INSERT INTO CD_NAME_TBL (NAME_ID, CD_ID, EFFT_VRSN_SEQ_ID, LANG_CS, VAL, PHON_ALG_ID) SELECT  gen_uuid(), char_to_uuid('fe4f72e6-84f8-4276-ae64-2ef1f2ff406f'), VRSN_SEQ_ID, 'en', 'MaternalGreatgrandmother', char_to_uuid('402CD339-D0E4-46CE-8FC2-12A4B0E17226') FROM CD_VRSN_TBL WHERE CD_ID = char_to_uuid('fe4f72e6-84f8-4276-ae64-2ef1f2ff406f') AND OBSLT_UTC IS NULL;--#!
INSERT INTO CD_NAME_TBL (NAME_ID, CD_ID, EFFT_VRSN_SEQ_ID, LANG_CS, VAL, PHON_ALG_ID) SELECT  gen_uuid(), char_to_uuid('59bc87d3-1618-4f14-81d2-71072c1f37e9'), VRSN_SEQ_ID, 'en', 'MaternalGreatgrandparent', char_to_uuid('402CD339-D0E4-46CE-8FC2-12A4B0E17226') FROM CD_VRSN_TBL WHERE CD_ID = char_to_uuid('59bc87d3-1618-4f14-81d2-71072c1f37e9') AND OBSLT_UTC IS NULL;--#!
INSERT INTO CD_NAME_TBL (NAME_ID, CD_ID, EFFT_VRSN_SEQ_ID, LANG_CS, VAL, PHON_ALG_ID) SELECT  gen_uuid(), char_to_uuid('360f6a77-fdb5-4fb6-b223-3cd1047fd08e'), VRSN_SEQ_ID, 'en', 'MaternalGrandfather', char_to_uuid('402CD339-D0E4-46CE-8FC2-12A4B0E17226') FROM CD_VRSN_TBL WHERE CD_ID = char_to_uuid('360f6a77-fdb5-4fb6-b223-3cd1047fd08e') AND OBSLT_UTC IS NULL;--#!
INSERT INTO CD_NAME_TBL (NAME_ID, CD_ID, EFFT_VRSN_SEQ_ID, LANG_CS, VAL, PHON_ALG_ID) SELECT  gen_uuid(), char_to_uuid('ea13832b-2e38-4bb6-b55d-ae749ccaba95'), VRSN_SEQ_ID, 'en', 'MaternalGrandmother', char_to_uuid('402CD339-D0E4-46CE-8FC2-12A4B0E17226') FROM CD_VRSN_TBL WHERE CD_ID = char_to_uuid('ea13832b-2e38-4bb6-b55d-ae749ccaba95') AND OBSLT_UTC IS NULL;--#!
INSERT INTO CD_NAME_TBL (NAME_ID, CD_ID, EFFT_VRSN_SEQ_ID, LANG_CS, VAL, PHON_ALG_ID) SELECT  gen_uuid(), char_to_uuid('66e0dbd1-9065-4af8-808d-89edd302f264'), VRSN_SEQ_ID, 'en', 'MaternalGrandparent', char_to_uuid('402CD339-D0E4-46CE-8FC2-12A4B0E17226') FROM CD_VRSN_TBL WHERE CD_ID = char_to_uuid('66e0dbd1-9065-4af8-808d-89edd302f264') AND OBSLT_UTC IS NULL;--#!
INSERT INTO CD_NAME_TBL (NAME_ID, CD_ID, EFFT_VRSN_SEQ_ID, LANG_CS, VAL, PHON_ALG_ID) SELECT  gen_uuid(), char_to_uuid('29ff64e5-b564-411a-92c7-6818c02a9e48'), VRSN_SEQ_ID, 'en', 'Mother', char_to_uuid('402CD339-D0E4-46CE-8FC2-12A4B0E17226') FROM CD_VRSN_TBL WHERE CD_ID = char_to_uuid('29ff64e5-b564-411a-92c7-6818c02a9e48') AND OBSLT_UTC IS NULL;--#!
INSERT INTO CD_NAME_TBL (NAME_ID, CD_ID, EFFT_VRSN_SEQ_ID, LANG_CS, VAL, PHON_ALG_ID) SELECT  gen_uuid(), char_to_uuid('f941988a-1c55-4408-ab57-e9ed35b2a24d'), VRSN_SEQ_ID, 'en', 'mother-in-law', char_to_uuid('402CD339-D0E4-46CE-8FC2-12A4B0E17226') FROM CD_VRSN_TBL WHERE CD_ID = char_to_uuid('f941988a-1c55-4408-ab57-e9ed35b2a24d') AND OBSLT_UTC IS NULL;--#!
INSERT INTO CD_NAME_TBL (NAME_ID, CD_ID, EFFT_VRSN_SEQ_ID, LANG_CS, VAL, PHON_ALG_ID) SELECT  gen_uuid(), char_to_uuid('4e299c46-f06f-4efc-b3c0-b7b659a120f2'), VRSN_SEQ_ID, 'en', 'MaternalUncle', char_to_uuid('402CD339-D0E4-46CE-8FC2-12A4B0E17226') FROM CD_VRSN_TBL WHERE CD_ID = char_to_uuid('4e299c46-f06f-4efc-b3c0-b7b659a120f2') AND OBSLT_UTC IS NULL;--#!
INSERT INTO CD_NAME_TBL (NAME_ID, CD_ID, EFFT_VRSN_SEQ_ID, LANG_CS, VAL, PHON_ALG_ID) SELECT  gen_uuid(), char_to_uuid('daf11eb1-fcc2-4521-a1c0-daebaf0a923a'), VRSN_SEQ_ID, 'en', 'natural brother', char_to_uuid('402CD339-D0E4-46CE-8FC2-12A4B0E17226') FROM CD_VRSN_TBL WHERE CD_ID = char_to_uuid('daf11eb1-fcc2-4521-a1c0-daebaf0a923a') AND OBSLT_UTC IS NULL;--#!
INSERT INTO CD_NAME_TBL (NAME_ID, CD_ID, EFFT_VRSN_SEQ_ID, LANG_CS, VAL, PHON_ALG_ID) SELECT  gen_uuid(), char_to_uuid('80097e75-a232-4a9f-878f-7e60ec70f921'), VRSN_SEQ_ID, 'en', 'natural child', char_to_uuid('402CD339-D0E4-46CE-8FC2-12A4B0E17226') FROM CD_VRSN_TBL WHERE CD_ID = char_to_uuid('80097e75-a232-4a9f-878f-7e60ec70f921') AND OBSLT_UTC IS NULL;--#!
INSERT INTO CD_NAME_TBL (NAME_ID, CD_ID, EFFT_VRSN_SEQ_ID, LANG_CS, VAL, PHON_ALG_ID) SELECT  gen_uuid(), char_to_uuid('5c5af1d2-0e6d-458f-9574-3ad61c393a90'), VRSN_SEQ_ID, 'en', 'nephew', char_to_uuid('402CD339-D0E4-46CE-8FC2-12A4B0E17226') FROM CD_VRSN_TBL WHERE CD_ID = char_to_uuid('5c5af1d2-0e6d-458f-9574-3ad61c393a90') AND OBSLT_UTC IS NULL;--#!
INSERT INTO CD_NAME_TBL (NAME_ID, CD_ID, EFFT_VRSN_SEQ_ID, LANG_CS, VAL, PHON_ALG_ID) SELECT  gen_uuid(), char_to_uuid('233d890b-04ef-4365-99ad-26cb4e1f75f3'), VRSN_SEQ_ID, 'en', 'natural father', char_to_uuid('402CD339-D0E4-46CE-8FC2-12A4B0E17226') FROM CD_VRSN_TBL WHERE CD_ID = char_to_uuid('233d890b-04ef-4365-99ad-26cb4e1f75f3') AND OBSLT_UTC IS NULL;--#!
INSERT INTO CD_NAME_TBL (NAME_ID, CD_ID, EFFT_VRSN_SEQ_ID, LANG_CS, VAL, PHON_ALG_ID) SELECT  gen_uuid(), char_to_uuid('8e88debc-d175-46f3-9b48-106f9c151cd2'), VRSN_SEQ_ID, 'en', 'natural father of fetus', char_to_uuid('402CD339-D0E4-46CE-8FC2-12A4B0E17226') FROM CD_VRSN_TBL WHERE CD_ID = char_to_uuid('8e88debc-d175-46f3-9b48-106f9c151cd2') AND OBSLT_UTC IS NULL;--#!
INSERT INTO CD_NAME_TBL (NAME_ID, CD_ID, EFFT_VRSN_SEQ_ID, LANG_CS, VAL, PHON_ALG_ID) SELECT  gen_uuid(), char_to_uuid('0a50962a-60b4-44d8-a7f6-1eb2aa5967cc'), VRSN_SEQ_ID, 'en', 'niece', char_to_uuid('402CD339-D0E4-46CE-8FC2-12A4B0E17226') FROM CD_VRSN_TBL WHERE CD_ID = char_to_uuid('0a50962a-60b4-44d8-a7f6-1eb2aa5967cc') AND OBSLT_UTC IS NULL;--#!
INSERT INTO CD_NAME_TBL (NAME_ID, CD_ID, EFFT_VRSN_SEQ_ID, LANG_CS, VAL, PHON_ALG_ID) SELECT  gen_uuid(), char_to_uuid('a907e4d8-d823-478f-9c5a-6facae6b4b5b'), VRSN_SEQ_ID, 'en', 'niece/nephew', char_to_uuid('402CD339-D0E4-46CE-8FC2-12A4B0E17226') FROM CD_VRSN_TBL WHERE CD_ID = char_to_uuid('a907e4d8-d823-478f-9c5a-6facae6b4b5b') AND OBSLT_UTC IS NULL;--#!
INSERT INTO CD_NAME_TBL (NAME_ID, CD_ID, EFFT_VRSN_SEQ_ID, LANG_CS, VAL, PHON_ALG_ID) SELECT  gen_uuid(), char_to_uuid('059d689a-2392-4ffb-b6ae-682c9ded8da2'), VRSN_SEQ_ID, 'en', 'natural mother', char_to_uuid('402CD339-D0E4-46CE-8FC2-12A4B0E17226') FROM CD_VRSN_TBL WHERE CD_ID = char_to_uuid('059d689a-2392-4ffb-b6ae-682c9ded8da2') AND OBSLT_UTC IS NULL;--#!
INSERT INTO CD_NAME_TBL (NAME_ID, CD_ID, EFFT_VRSN_SEQ_ID, LANG_CS, VAL, PHON_ALG_ID) SELECT  gen_uuid(), char_to_uuid('e6851b39-a771-4a5e-8aa8-9ba140b3dca3'), VRSN_SEQ_ID, 'en', 'natural parent', char_to_uuid('402CD339-D0E4-46CE-8FC2-12A4B0E17226') FROM CD_VRSN_TBL WHERE CD_ID = char_to_uuid('e6851b39-a771-4a5e-8aa8-9ba140b3dca3') AND OBSLT_UTC IS NULL;--#!
INSERT INTO CD_NAME_TBL (NAME_ID, CD_ID, EFFT_VRSN_SEQ_ID, LANG_CS, VAL, PHON_ALG_ID) SELECT  gen_uuid(), char_to_uuid('0b89fb65-ca8e-4a4d-9d25-0bae3f4d7a59'), VRSN_SEQ_ID, 'en', 'natural sibling', char_to_uuid('402CD339-D0E4-46CE-8FC2-12A4B0E17226') FROM CD_VRSN_TBL WHERE CD_ID = char_to_uuid('0b89fb65-ca8e-4a4d-9d25-0bae3f4d7a59') AND OBSLT_UTC IS NULL;--#!
INSERT INTO CD_NAME_TBL (NAME_ID, CD_ID, EFFT_VRSN_SEQ_ID, LANG_CS, VAL, PHON_ALG_ID) SELECT  gen_uuid(), char_to_uuid('8ea21d7d-6ee9-449b-a1dc-c4aa0ff7f5b9'), VRSN_SEQ_ID, 'en', 'natural sister', char_to_uuid('402CD339-D0E4-46CE-8FC2-12A4B0E17226') FROM CD_VRSN_TBL WHERE CD_ID = char_to_uuid('8ea21d7d-6ee9-449b-a1dc-c4aa0ff7f5b9') AND OBSLT_UTC IS NULL;--#!
INSERT INTO CD_NAME_TBL (NAME_ID, CD_ID, EFFT_VRSN_SEQ_ID, LANG_CS, VAL, PHON_ALG_ID) SELECT  gen_uuid(), char_to_uuid('6a1e9e8b-d0c3-44f0-9906-a6458685e269'), VRSN_SEQ_ID, 'en', 'PaternalAunt', char_to_uuid('402CD339-D0E4-46CE-8FC2-12A4B0E17226') FROM CD_VRSN_TBL WHERE CD_ID = char_to_uuid('6a1e9e8b-d0c3-44f0-9906-a6458685e269') AND OBSLT_UTC IS NULL;--#!
INSERT INTO CD_NAME_TBL (NAME_ID, CD_ID, EFFT_VRSN_SEQ_ID, LANG_CS, VAL, PHON_ALG_ID) SELECT  gen_uuid(), char_to_uuid('60affe56-126d-43ee-9fde-5f117e41c7a8'), VRSN_SEQ_ID, 'en', 'PaternalCousin', char_to_uuid('402CD339-D0E4-46CE-8FC2-12A4B0E17226') FROM CD_VRSN_TBL WHERE CD_ID = char_to_uuid('60affe56-126d-43ee-9fde-5f117e41c7a8') AND OBSLT_UTC IS NULL;--#!
INSERT INTO CD_NAME_TBL (NAME_ID, CD_ID, EFFT_VRSN_SEQ_ID, LANG_CS, VAL, PHON_ALG_ID) SELECT  gen_uuid(), char_to_uuid('0aeec758-c20f-43e4-9789-8c44629f5941'), VRSN_SEQ_ID, 'en', 'PaternalGreatgrandfather', char_to_uuid('402CD339-D0E4-46CE-8FC2-12A4B0E17226') FROM CD_VRSN_TBL WHERE CD_ID = char_to_uuid('0aeec758-c20f-43e4-9789-8c44629f5941') AND OBSLT_UTC IS NULL;--#!
INSERT INTO CD_NAME_TBL (NAME_ID, CD_ID, EFFT_VRSN_SEQ_ID, LANG_CS, VAL, PHON_ALG_ID) SELECT  gen_uuid(), char_to_uuid('0fcba203-1238-4001-beb7-19a667506ade'), VRSN_SEQ_ID, 'en', 'PaternalGreatgrandmother', char_to_uuid('402CD339-D0E4-46CE-8FC2-12A4B0E17226') FROM CD_VRSN_TBL WHERE CD_ID = char_to_uuid('0fcba203-1238-4001-beb7-19a667506ade') AND OBSLT_UTC IS NULL;--#!
INSERT INTO CD_NAME_TBL (NAME_ID, CD_ID, EFFT_VRSN_SEQ_ID, LANG_CS, VAL, PHON_ALG_ID) SELECT  gen_uuid(), char_to_uuid('08a98950-3391-4a66-a1c8-421c6fd82911'), VRSN_SEQ_ID, 'en', 'PaternalGreatgrandparent', char_to_uuid('402CD339-D0E4-46CE-8FC2-12A4B0E17226') FROM CD_VRSN_TBL WHERE CD_ID = char_to_uuid('08a98950-3391-4a66-a1c8-421c6fd82911') AND OBSLT_UTC IS NULL;--#!
INSERT INTO CD_NAME_TBL (NAME_ID, CD_ID, EFFT_VRSN_SEQ_ID, LANG_CS, VAL, PHON_ALG_ID) SELECT  gen_uuid(), char_to_uuid('2fd5c939-c508-4250-8efb-13b772e56b7f'), VRSN_SEQ_ID, 'en', 'PaternalGrandfather', char_to_uuid('402CD339-D0E4-46CE-8FC2-12A4B0E17226') FROM CD_VRSN_TBL WHERE CD_ID = char_to_uuid('2fd5c939-c508-4250-8efb-13b772e56b7f') AND OBSLT_UTC IS NULL;--#!
INSERT INTO CD_NAME_TBL (NAME_ID, CD_ID, EFFT_VRSN_SEQ_ID, LANG_CS, VAL, PHON_ALG_ID) SELECT  gen_uuid(), char_to_uuid('bfdb07db-9721-4ec3-94e1-4bd9f0d6985c'), VRSN_SEQ_ID, 'en', 'PaternalGrandmother', char_to_uuid('402CD339-D0E4-46CE-8FC2-12A4B0E17226') FROM CD_VRSN_TBL WHERE CD_ID = char_to_uuid('bfdb07db-9721-4ec3-94e1-4bd9f0d6985c') AND OBSLT_UTC IS NULL;--#!
INSERT INTO CD_NAME_TBL (NAME_ID, CD_ID, EFFT_VRSN_SEQ_ID, LANG_CS, VAL, PHON_ALG_ID) SELECT  gen_uuid(), char_to_uuid('a3d362a4-4931-4bef-af18-ac59dd092981'), VRSN_SEQ_ID, 'en', 'PaternalGrandparent', char_to_uuid('402CD339-D0E4-46CE-8FC2-12A4B0E17226') FROM CD_VRSN_TBL WHERE CD_ID = char_to_uuid('a3d362a4-4931-4bef-af18-ac59dd092981') AND OBSLT_UTC IS NULL;--#!
INSERT INTO CD_NAME_TBL (NAME_ID, CD_ID, EFFT_VRSN_SEQ_ID, LANG_CS, VAL, PHON_ALG_ID) SELECT  gen_uuid(), char_to_uuid('bfcbb345-86db-43ba-b47e-e7411276ac7c'), VRSN_SEQ_ID, 'en', 'Parent', char_to_uuid('402CD339-D0E4-46CE-8FC2-12A4B0E17226') FROM CD_VRSN_TBL WHERE CD_ID = char_to_uuid('bfcbb345-86db-43ba-b47e-e7411276ac7c') AND OBSLT_UTC IS NULL;--#!
INSERT INTO CD_NAME_TBL (NAME_ID, CD_ID, EFFT_VRSN_SEQ_ID, LANG_CS, VAL, PHON_ALG_ID) SELECT  gen_uuid(), char_to_uuid('5e2b0afe-724e-41cd-9be2-9030646f2529'), VRSN_SEQ_ID, 'en', 'parent in-law', char_to_uuid('402CD339-D0E4-46CE-8FC2-12A4B0E17226') FROM CD_VRSN_TBL WHERE CD_ID = char_to_uuid('5e2b0afe-724e-41cd-9be2-9030646f2529') AND OBSLT_UTC IS NULL;--#!
INSERT INTO CD_NAME_TBL (NAME_ID, CD_ID, EFFT_VRSN_SEQ_ID, LANG_CS, VAL, PHON_ALG_ID) SELECT  gen_uuid(), char_to_uuid('853c85de-4817-4328-a121-6a3bdafbf82e'), VRSN_SEQ_ID, 'en', 'PaternalUncle', char_to_uuid('402CD339-D0E4-46CE-8FC2-12A4B0E17226') FROM CD_VRSN_TBL WHERE CD_ID = char_to_uuid('853c85de-4817-4328-a121-6a3bdafbf82e') AND OBSLT_UTC IS NULL;--#!
INSERT INTO CD_NAME_TBL (NAME_ID, CD_ID, EFFT_VRSN_SEQ_ID, LANG_CS, VAL, PHON_ALG_ID) SELECT  gen_uuid(), char_to_uuid('bbfac1ed-5464-4100-93c3-8685b052a2cf'), VRSN_SEQ_ID, 'en', 'Roomate', char_to_uuid('402CD339-D0E4-46CE-8FC2-12A4B0E17226') FROM CD_VRSN_TBL WHERE CD_ID = char_to_uuid('bbfac1ed-5464-4100-93c3-8685b052a2cf') AND OBSLT_UTC IS NULL;--#!
INSERT INTO CD_NAME_TBL (NAME_ID, CD_ID, EFFT_VRSN_SEQ_ID, LANG_CS, VAL, PHON_ALG_ID) SELECT  gen_uuid(), char_to_uuid('685eb506-6b97-41c1-b201-b6b932a3f3aa'), VRSN_SEQ_ID, 'en', 'Sibling', char_to_uuid('402CD339-D0E4-46CE-8FC2-12A4B0E17226') FROM CD_VRSN_TBL WHERE CD_ID = char_to_uuid('685eb506-6b97-41c1-b201-b6b932a3f3aa') AND OBSLT_UTC IS NULL;--#!
INSERT INTO CD_NAME_TBL (NAME_ID, CD_ID, EFFT_VRSN_SEQ_ID, LANG_CS, VAL, PHON_ALG_ID) SELECT  gen_uuid(), char_to_uuid('fd892cf8-db4f-4e4e-a13b-4eb3bdde5be5'), VRSN_SEQ_ID, 'en', 'sibling in-law', char_to_uuid('402CD339-D0E4-46CE-8FC2-12A4B0E17226') FROM CD_VRSN_TBL WHERE CD_ID = char_to_uuid('fd892cf8-db4f-4e4e-a13b-4eb3bdde5be5') AND OBSLT_UTC IS NULL;--#!
INSERT INTO CD_NAME_TBL (NAME_ID, CD_ID, EFFT_VRSN_SEQ_ID, LANG_CS, VAL, PHON_ALG_ID) SELECT  gen_uuid(), char_to_uuid('2eab5298-bc83-492c-9004-ed3499246afe'), VRSN_SEQ_ID, 'en', 'significant other', char_to_uuid('402CD339-D0E4-46CE-8FC2-12A4B0E17226') FROM CD_VRSN_TBL WHERE CD_ID = char_to_uuid('2eab5298-bc83-492c-9004-ed3499246afe') AND OBSLT_UTC IS NULL;--#!
INSERT INTO CD_NAME_TBL (NAME_ID, CD_ID, EFFT_VRSN_SEQ_ID, LANG_CS, VAL, PHON_ALG_ID) SELECT  gen_uuid(), char_to_uuid('cd1e8904-31dc-4374-902d-c91f1de23c46'), VRSN_SEQ_ID, 'en', 'Sister', char_to_uuid('402CD339-D0E4-46CE-8FC2-12A4B0E17226') FROM CD_VRSN_TBL WHERE CD_ID = char_to_uuid('cd1e8904-31dc-4374-902d-c91f1de23c46') AND OBSLT_UTC IS NULL;--#!
INSERT INTO CD_NAME_TBL (NAME_ID, CD_ID, EFFT_VRSN_SEQ_ID, LANG_CS, VAL, PHON_ALG_ID) SELECT  gen_uuid(), char_to_uuid('dcae9718-ab81-4737-b071-36cf1175804d'), VRSN_SEQ_ID, 'en', 'sister-in-law', char_to_uuid('402CD339-D0E4-46CE-8FC2-12A4B0E17226') FROM CD_VRSN_TBL WHERE CD_ID = char_to_uuid('dcae9718-ab81-4737-b071-36cf1175804d') AND OBSLT_UTC IS NULL;--#!
INSERT INTO CD_NAME_TBL (NAME_ID, CD_ID, EFFT_VRSN_SEQ_ID, LANG_CS, VAL, PHON_ALG_ID) SELECT  gen_uuid(), char_to_uuid('9f17d4cf-a67f-4ac6-8c50-718af6e264ee'), VRSN_SEQ_ID, 'en', 'natural son', char_to_uuid('402CD339-D0E4-46CE-8FC2-12A4B0E17226') FROM CD_VRSN_TBL WHERE CD_ID = char_to_uuid('9f17d4cf-a67f-4ac6-8c50-718af6e264ee') AND OBSLT_UTC IS NULL;--#!
INSERT INTO CD_NAME_TBL (NAME_ID, CD_ID, EFFT_VRSN_SEQ_ID, LANG_CS, VAL, PHON_ALG_ID) SELECT  gen_uuid(), char_to_uuid('ce50ba92-cd21-43c4-8582-34e7fbb3170f'), VRSN_SEQ_ID, 'en', 'adopted son', char_to_uuid('402CD339-D0E4-46CE-8FC2-12A4B0E17226') FROM CD_VRSN_TBL WHERE CD_ID = char_to_uuid('ce50ba92-cd21-43c4-8582-34e7fbb3170f') AND OBSLT_UTC IS NULL;--#!
INSERT INTO CD_NAME_TBL (NAME_ID, CD_ID, EFFT_VRSN_SEQ_ID, LANG_CS, VAL, PHON_ALG_ID) SELECT  gen_uuid(), char_to_uuid('f115c204-8485-4cf3-8815-3c6738465e30'), VRSN_SEQ_ID, 'en', 'Son', char_to_uuid('402CD339-D0E4-46CE-8FC2-12A4B0E17226') FROM CD_VRSN_TBL WHERE CD_ID = char_to_uuid('f115c204-8485-4cf3-8815-3c6738465e30') AND OBSLT_UTC IS NULL;--#!
INSERT INTO CD_NAME_TBL (NAME_ID, CD_ID, EFFT_VRSN_SEQ_ID, LANG_CS, VAL, PHON_ALG_ID) SELECT  gen_uuid(), char_to_uuid('decd6250-7e8b-4b77-895d-31953cf1387a'), VRSN_SEQ_ID, 'en', 'foster son', char_to_uuid('402CD339-D0E4-46CE-8FC2-12A4B0E17226') FROM CD_VRSN_TBL WHERE CD_ID = char_to_uuid('decd6250-7e8b-4b77-895d-31953cf1387a') AND OBSLT_UTC IS NULL;--#!
INSERT INTO CD_NAME_TBL (NAME_ID, CD_ID, EFFT_VRSN_SEQ_ID, LANG_CS, VAL, PHON_ALG_ID) SELECT  gen_uuid(), char_to_uuid('34f7bc11-2288-471a-af38-553ae6b8410c'), VRSN_SEQ_ID, 'en', 'son in-law', char_to_uuid('402CD339-D0E4-46CE-8FC2-12A4B0E17226') FROM CD_VRSN_TBL WHERE CD_ID = char_to_uuid('34f7bc11-2288-471a-af38-553ae6b8410c') AND OBSLT_UTC IS NULL;--#!
INSERT INTO CD_NAME_TBL (NAME_ID, CD_ID, EFFT_VRSN_SEQ_ID, LANG_CS, VAL, PHON_ALG_ID) SELECT  gen_uuid(), char_to_uuid('89bdc57b-d85c-4e85-94e8-c17049540a0d'), VRSN_SEQ_ID, 'en', 'spouse', char_to_uuid('402CD339-D0E4-46CE-8FC2-12A4B0E17226') FROM CD_VRSN_TBL WHERE CD_ID = char_to_uuid('89bdc57b-d85c-4e85-94e8-c17049540a0d') AND OBSLT_UTC IS NULL;--#!
INSERT INTO CD_NAME_TBL (NAME_ID, CD_ID, EFFT_VRSN_SEQ_ID, LANG_CS, VAL, PHON_ALG_ID) SELECT  gen_uuid(), char_to_uuid('5951097b-1a13-4bce-bbf2-9abf52f98dc8'), VRSN_SEQ_ID, 'en', 'stepbrother', char_to_uuid('402CD339-D0E4-46CE-8FC2-12A4B0E17226') FROM CD_VRSN_TBL WHERE CD_ID = char_to_uuid('5951097b-1a13-4bce-bbf2-9abf52f98dc8') AND OBSLT_UTC IS NULL;--#!
INSERT INTO CD_NAME_TBL (NAME_ID, CD_ID, EFFT_VRSN_SEQ_ID, LANG_CS, VAL, PHON_ALG_ID) SELECT  gen_uuid(), char_to_uuid('4cdef917-4fb0-4cdf-b44d-b73486c41845'), VRSN_SEQ_ID, 'en', 'step child', char_to_uuid('402CD339-D0E4-46CE-8FC2-12A4B0E17226') FROM CD_VRSN_TBL WHERE CD_ID = char_to_uuid('4cdef917-4fb0-4cdf-b44d-b73486c41845') AND OBSLT_UTC IS NULL;--#!
INSERT INTO CD_NAME_TBL (NAME_ID, CD_ID, EFFT_VRSN_SEQ_ID, LANG_CS, VAL, PHON_ALG_ID) SELECT  gen_uuid(), char_to_uuid('f71e193a-0562-46e9-99dd-437d23663ec3'), VRSN_SEQ_ID, 'en', 'stepdaughter', char_to_uuid('402CD339-D0E4-46CE-8FC2-12A4B0E17226') FROM CD_VRSN_TBL WHERE CD_ID = char_to_uuid('f71e193a-0562-46e9-99dd-437d23663ec3') AND OBSLT_UTC IS NULL;--#!
INSERT INTO CD_NAME_TBL (NAME_ID, CD_ID, EFFT_VRSN_SEQ_ID, LANG_CS, VAL, PHON_ALG_ID) SELECT  gen_uuid(), char_to_uuid('bb437e4d-7472-48c1-a6e7-576545a782fa'), VRSN_SEQ_ID, 'en', 'stepfather', char_to_uuid('402CD339-D0E4-46CE-8FC2-12A4B0E17226') FROM CD_VRSN_TBL WHERE CD_ID = char_to_uuid('bb437e4d-7472-48c1-a6e7-576545a782fa') AND OBSLT_UTC IS NULL;--#!
INSERT INTO CD_NAME_TBL (NAME_ID, CD_ID, EFFT_VRSN_SEQ_ID, LANG_CS, VAL, PHON_ALG_ID) SELECT  gen_uuid(), char_to_uuid('5a0539cc-093b-448e-aec6-0d529ed0087f'), VRSN_SEQ_ID, 'en', 'stepmother', char_to_uuid('402CD339-D0E4-46CE-8FC2-12A4B0E17226') FROM CD_VRSN_TBL WHERE CD_ID = char_to_uuid('5a0539cc-093b-448e-aec6-0d529ed0087f') AND OBSLT_UTC IS NULL;--#!
INSERT INTO CD_NAME_TBL (NAME_ID, CD_ID, EFFT_VRSN_SEQ_ID, LANG_CS, VAL, PHON_ALG_ID) SELECT  gen_uuid(), char_to_uuid('f172eee7-7f4b-4022-81d0-76393a1200ae'), VRSN_SEQ_ID, 'en', 'step parent', char_to_uuid('402CD339-D0E4-46CE-8FC2-12A4B0E17226') FROM CD_VRSN_TBL WHERE CD_ID = char_to_uuid('f172eee7-7f4b-4022-81d0-76393a1200ae') AND OBSLT_UTC IS NULL;--#!
INSERT INTO CD_NAME_TBL (NAME_ID, CD_ID, EFFT_VRSN_SEQ_ID, LANG_CS, VAL, PHON_ALG_ID) SELECT  gen_uuid(), char_to_uuid('7e6bc25d-5dea-4645-af3d-aa854b7b6f2f'), VRSN_SEQ_ID, 'en', 'step sibling', char_to_uuid('402CD339-D0E4-46CE-8FC2-12A4B0E17226') FROM CD_VRSN_TBL WHERE CD_ID = char_to_uuid('7e6bc25d-5dea-4645-af3d-aa854b7b6f2f') AND OBSLT_UTC IS NULL;--#!
INSERT INTO CD_NAME_TBL (NAME_ID, CD_ID, EFFT_VRSN_SEQ_ID, LANG_CS, VAL, PHON_ALG_ID) SELECT  gen_uuid(), char_to_uuid('cb73d085-026c-4bc7-a1de-356bfd636246'), VRSN_SEQ_ID, 'en', 'stepsister', char_to_uuid('402CD339-D0E4-46CE-8FC2-12A4B0E17226') FROM CD_VRSN_TBL WHERE CD_ID = char_to_uuid('cb73d085-026c-4bc7-a1de-356bfd636246') AND OBSLT_UTC IS NULL;--#!
INSERT INTO CD_NAME_TBL (NAME_ID, CD_ID, EFFT_VRSN_SEQ_ID, LANG_CS, VAL, PHON_ALG_ID) SELECT  gen_uuid(), char_to_uuid('cfa978f4-140c-430d-82f8-1e6f2d74f48d'), VRSN_SEQ_ID, 'en', 'stepson', char_to_uuid('402CD339-D0E4-46CE-8FC2-12A4B0E17226') FROM CD_VRSN_TBL WHERE CD_ID = char_to_uuid('cfa978f4-140c-430d-82f8-1e6f2d74f48d') AND OBSLT_UTC IS NULL;--#!
INSERT INTO CD_NAME_TBL (NAME_ID, CD_ID, EFFT_VRSN_SEQ_ID, LANG_CS, VAL, PHON_ALG_ID) SELECT  gen_uuid(), char_to_uuid('cdd99260-107c-4a4e-acaf-d7c9c7e90fdd'), VRSN_SEQ_ID, 'en', 'uncle', char_to_uuid('402CD339-D0E4-46CE-8FC2-12A4B0E17226') FROM CD_VRSN_TBL WHERE CD_ID = char_to_uuid('cdd99260-107c-4a4e-acaf-d7c9c7e90fdd') AND OBSLT_UTC IS NULL;--#!
INSERT INTO CD_NAME_TBL (NAME_ID, CD_ID, EFFT_VRSN_SEQ_ID, LANG_CS, VAL, PHON_ALG_ID) SELECT  gen_uuid(), char_to_uuid('a3ff423e-81d5-4571-8edf-03c295189a23'), VRSN_SEQ_ID, 'en', 'wife', char_to_uuid('402CD339-D0E4-46CE-8FC2-12A4B0E17226') FROM CD_VRSN_TBL WHERE CD_ID = char_to_uuid('a3ff423e-81d5-4571-8edf-03c295189a23') AND OBSLT_UTC IS NULL;--#!
INSERT INTO CD_NAME_TBL (NAME_ID, CD_ID, EFFT_VRSN_SEQ_ID, LANG_CS, VAL, PHON_ALG_ID) SELECT  gen_uuid(), char_to_uuid('7ee5c1d2-1a21-41b1-8459-cb160fa36c60'), VRSN_SEQ_ID, 'en', 'representative half-life', char_to_uuid('402CD339-D0E4-46CE-8FC2-12A4B0E17226') FROM CD_VRSN_TBL WHERE CD_ID = char_to_uuid('7ee5c1d2-1a21-41b1-8459-cb160fa36c60') AND OBSLT_UTC IS NULL;--#!
INSERT INTO CD_NAME_TBL (NAME_ID, CD_ID, EFFT_VRSN_SEQ_ID, LANG_CS, VAL, PHON_ALG_ID) SELECT  gen_uuid(), char_to_uuid('71112058-63f9-4b38-97d9-4ccf58574e51'), VRSN_SEQ_ID, 'en', 'coating', char_to_uuid('402CD339-D0E4-46CE-8FC2-12A4B0E17226') FROM CD_VRSN_TBL WHERE CD_ID = char_to_uuid('71112058-63f9-4b38-97d9-4ccf58574e51') AND OBSLT_UTC IS NULL;--#!
INSERT INTO CD_NAME_TBL (NAME_ID, CD_ID, EFFT_VRSN_SEQ_ID, LANG_CS, VAL, PHON_ALG_ID) SELECT  gen_uuid(), char_to_uuid('12df3395-b43b-421e-b505-049515c228b1'), VRSN_SEQ_ID, 'en', 'color', char_to_uuid('402CD339-D0E4-46CE-8FC2-12A4B0E17226') FROM CD_VRSN_TBL WHERE CD_ID = char_to_uuid('12df3395-b43b-421e-b505-049515c228b1') AND OBSLT_UTC IS NULL;--#!
INSERT INTO CD_NAME_TBL (NAME_ID, CD_ID, EFFT_VRSN_SEQ_ID, LANG_CS, VAL, PHON_ALG_ID) SELECT  gen_uuid(), char_to_uuid('8b071aec-9063-4398-b242-e561915abb51'), VRSN_SEQ_ID, 'en', 'image', char_to_uuid('402CD339-D0E4-46CE-8FC2-12A4B0E17226') FROM CD_VRSN_TBL WHERE CD_ID = char_to_uuid('8b071aec-9063-4398-b242-e561915abb51') AND OBSLT_UTC IS NULL;--#!
INSERT INTO CD_NAME_TBL (NAME_ID, CD_ID, EFFT_VRSN_SEQ_ID, LANG_CS, VAL, PHON_ALG_ID) SELECT  gen_uuid(), char_to_uuid('04321b6c-5b19-44a2-be7a-4a53a221a456'), VRSN_SEQ_ID, 'en', 'imprint code', char_to_uuid('402CD339-D0E4-46CE-8FC2-12A4B0E17226') FROM CD_VRSN_TBL WHERE CD_ID = char_to_uuid('04321b6c-5b19-44a2-be7a-4a53a221a456') AND OBSLT_UTC IS NULL;--#!
INSERT INTO CD_NAME_TBL (NAME_ID, CD_ID, EFFT_VRSN_SEQ_ID, LANG_CS, VAL, PHON_ALG_ID) SELECT  gen_uuid(), char_to_uuid('b32962c3-eafa-4146-bbcd-0e33789de32c'), VRSN_SEQ_ID, 'en', 'scoring', char_to_uuid('402CD339-D0E4-46CE-8FC2-12A4B0E17226') FROM CD_VRSN_TBL WHERE CD_ID = char_to_uuid('b32962c3-eafa-4146-bbcd-0e33789de32c') AND OBSLT_UTC IS NULL;--#!
INSERT INTO CD_NAME_TBL (NAME_ID, CD_ID, EFFT_VRSN_SEQ_ID, LANG_CS, VAL, PHON_ALG_ID) SELECT  gen_uuid(), char_to_uuid('93c93d62-048d-4e64-a0ce-7f2f62a8ec6e'), VRSN_SEQ_ID, 'en', 'shape', char_to_uuid('402CD339-D0E4-46CE-8FC2-12A4B0E17226') FROM CD_VRSN_TBL WHERE CD_ID = char_to_uuid('93c93d62-048d-4e64-a0ce-7f2f62a8ec6e') AND OBSLT_UTC IS NULL;--#!
INSERT INTO CD_NAME_TBL (NAME_ID, CD_ID, EFFT_VRSN_SEQ_ID, LANG_CS, VAL, PHON_ALG_ID) SELECT  gen_uuid(), char_to_uuid('573a7fb8-fead-4bed-b325-c0fe68ce96ce'), VRSN_SEQ_ID, 'en', 'size', char_to_uuid('402CD339-D0E4-46CE-8FC2-12A4B0E17226') FROM CD_VRSN_TBL WHERE CD_ID = char_to_uuid('573a7fb8-fead-4bed-b325-c0fe68ce96ce') AND OBSLT_UTC IS NULL;--#!
INSERT INTO CD_NAME_TBL (NAME_ID, CD_ID, EFFT_VRSN_SEQ_ID, LANG_CS, VAL, PHON_ALG_ID) SELECT  gen_uuid(), char_to_uuid('dc5e8411-cb3f-4b7f-8e0e-fc1d1ff3b084'), VRSN_SEQ_ID, 'en', 'symbol', char_to_uuid('402CD339-D0E4-46CE-8FC2-12A4B0E17226') FROM CD_VRSN_TBL WHERE CD_ID = char_to_uuid('dc5e8411-cb3f-4b7f-8e0e-fc1d1ff3b084') AND OBSLT_UTC IS NULL;--#!
INSERT INTO CD_NAME_TBL (NAME_ID, CD_ID, EFFT_VRSN_SEQ_ID, LANG_CS, VAL, PHON_ALG_ID) SELECT  gen_uuid(), char_to_uuid('1071d24e-6fe9-480f-8a20-b1825ae4d707'), VRSN_SEQ_ID, 'en', 'care provision', char_to_uuid('402CD339-D0E4-46CE-8FC2-12A4B0E17226') FROM CD_VRSN_TBL WHERE CD_ID = char_to_uuid('1071d24e-6fe9-480f-8a20-b1825ae4d707') AND OBSLT_UTC IS NULL;--#!
INSERT INTO CD_NAME_TBL (NAME_ID, CD_ID, EFFT_VRSN_SEQ_ID, LANG_CS, VAL, PHON_ALG_ID) SELECT  gen_uuid(), char_to_uuid('8cc5ef0d-3911-4d99-937f-6cfdc2a27d55'), VRSN_SEQ_ID, 'en', 'Procedure', char_to_uuid('402CD339-D0E4-46CE-8FC2-12A4B0E17226') FROM CD_VRSN_TBL WHERE CD_ID = char_to_uuid('8cc5ef0d-3911-4d99-937f-6cfdc2a27d55') AND OBSLT_UTC IS NULL;--#!
INSERT INTO CD_NAME_TBL (NAME_ID, CD_ID, EFFT_VRSN_SEQ_ID, LANG_CS, VAL, PHON_ALG_ID) SELECT  gen_uuid(), char_to_uuid('e658ca72-3b6a-4099-ab6e-7cf6861a5b61'), VRSN_SEQ_ID, 'en', 'request', char_to_uuid('402CD339-D0E4-46CE-8FC2-12A4B0E17226') FROM CD_VRSN_TBL WHERE CD_ID = char_to_uuid('e658ca72-3b6a-4099-ab6e-7cf6861a5b61') AND OBSLT_UTC IS NULL;--#!
INSERT INTO CD_NAME_TBL (NAME_ID, CD_ID, EFFT_VRSN_SEQ_ID, LANG_CS, VAL, PHON_ALG_ID) SELECT  gen_uuid(), char_to_uuid('b389dedf-be61-456b-aa70-786e1a5a69e0'), VRSN_SEQ_ID, 'en', 'promise', char_to_uuid('402CD339-D0E4-46CE-8FC2-12A4B0E17226') FROM CD_VRSN_TBL WHERE CD_ID = char_to_uuid('b389dedf-be61-456b-aa70-786e1a5a69e0') AND OBSLT_UTC IS NULL;--#!
delete from CD_REF_TERM_ASSOC_TBL WHERE CD_REF_TERM_ID in (select CD_REF_TERM_ID from CD_REF_TERM_ASSOC_TBL o where 
	(select count(*) from CD_REF_TERM_ASSOC_TBL i where o.CD_ID = i.CD_ID and o.REF_TERM_ID = i.REF_TERM_ID) > 1);--#!

/** Address & Name Use **/
INSERT INTO CD_SYS_TBL (CS_ID, DOMAIN, OID, CRT_PROV_ID, URL)  VALUES (char_to_uuid('77816823-9392-4ca7-83dd-6e7d4b4164e7'),'EntityNameUse','2.16.840.1.113883.5.1120',char_to_uuid('fadca076-3690-4a6e-af9e-f1cd68e8c7e8'),'http://santedb.org/conceptset/v3-EntityNameUse');--#!
INSERT INTO CD_TBL VALUES(char_to_uuid('effe122d-8d30-491d-805d-addcb4466c35'),TRUE);--#!
INSERT INTO CD_VRSN_TBL (CD_VRSN_ID, CD_ID, STS_CD_ID, CRT_PROV_ID, MNEMONIC, CLS_ID) VALUES (gen_uuid(), char_to_uuid('effe122d-8d30-491d-805d-addcb4466c35'), char_to_uuid('c8064cbd-fa06-4530-b430-1a52f1530c27'), char_to_uuid('fadca076-3690-4a6e-af9e-f1cd68e8c7e8'), 'Legal', char_to_uuid('0d6b3439-c9be-4480-af39-eeb457c052d0'));--#!
INSERT INTO REF_TERM_TBL(REF_TERM_ID, CS_ID, MNEMONIC, CRT_PROV_ID)  VALUES(char_to_uuid('40df48e5-3fee-47de-9772-6cefdcd1dbb6'), char_to_uuid('77816823-9392-4ca7-83dd-6e7d4b4164e7'), 'L', char_to_uuid('fadca076-3690-4a6e-af9e-f1cd68e8c7e8'));--#!
INSERT INTO CD_REF_TERM_ASSOC_TBL(CD_REF_TERM_ID, REF_TERM_ID,  CD_ID, EFFT_VRSN_SEQ_ID, REL_TYP_ID) SELECT gen_uuid(), char_to_uuid('40df48e5-3fee-47de-9772-6cefdcd1dbb6'), char_to_uuid('effe122d-8d30-491d-805d-addcb4466c35'), VRSN_SEQ_ID, char_to_uuid('2c4dafc2-566a-41ae-9ebc-3097d7d22f4a') FROM CD_VRSN_TBL WHERE CD_ID = char_to_uuid('effe122d-8d30-491d-805d-addcb4466c35') AND OBSLT_UTC IS NULL;--#!
INSERT INTO REF_TERM_NAME_TBL (REF_TERM_NAME_ID, REF_TERM_ID, LANG_CS, TERM_NAME, CRT_PROV_ID, PHON_ALG_ID) VALUES( gen_uuid(),char_to_uuid('40df48e5-3fee-47de-9772-6cefdcd1dbb6'), 'en', 'Legal', char_to_uuid('fadca076-3690-4a6e-af9e-f1cd68e8c7e8'), char_to_uuid('402CD339-D0E4-46CE-8FC2-12A4B0E17226'));--#!
INSERT INTO CD_NAME_TBL(NAME_ID, CD_ID, EFFT_VRSN_SEQ_ID, LANG_CS, VAL, PHON_ALG_ID) SELECT gen_uuid(), char_to_uuid('effe122d-8d30-491d-805d-addcb4466c35'), VRSN_SEQ_ID, 'en', 'Legal', char_to_uuid('402CD339-D0E4-46CE-8FC2-12A4B0E17226') FROM CD_VRSN_TBL WHERE CD_ID = char_to_uuid('effe122d-8d30-491d-805d-addcb4466c35') AND OBSLT_UTC IS NULL;--#!
INSERT INTO CD_TBL VALUES(char_to_uuid('1ec9583a-b019-4baa-b856-b99caf368656'),TRUE);--#!
INSERT INTO CD_VRSN_TBL (CD_VRSN_ID, CD_ID, STS_CD_ID, CRT_PROV_ID, MNEMONIC, CLS_ID) VALUES (gen_uuid(), char_to_uuid('1ec9583a-b019-4baa-b856-b99caf368656'), char_to_uuid('c8064cbd-fa06-4530-b430-1a52f1530c27'), char_to_uuid('fadca076-3690-4a6e-af9e-f1cd68e8c7e8'), 'OfficialRecord', char_to_uuid('0d6b3439-c9be-4480-af39-eeb457c052d0'));--#!
INSERT INTO REF_TERM_TBL(REF_TERM_ID, CS_ID, MNEMONIC, CRT_PROV_ID)  VALUES(char_to_uuid('d093fe3b-1756-4d8c-936b-adc866d99e58'), char_to_uuid('77816823-9392-4ca7-83dd-6e7d4b4164e7'), 'OR', char_to_uuid('fadca076-3690-4a6e-af9e-f1cd68e8c7e8'));--#!
INSERT INTO CD_REF_TERM_ASSOC_TBL(CD_REF_TERM_ID, REF_TERM_ID,  CD_ID, EFFT_VRSN_SEQ_ID, REL_TYP_ID) SELECT gen_uuid(), char_to_uuid('d093fe3b-1756-4d8c-936b-adc866d99e58'), char_to_uuid('1ec9583a-b019-4baa-b856-b99caf368656'), VRSN_SEQ_ID, char_to_uuid('2c4dafc2-566a-41ae-9ebc-3097d7d22f4a') FROM CD_VRSN_TBL WHERE CD_ID = char_to_uuid('1ec9583a-b019-4baa-b856-b99caf368656') AND OBSLT_UTC IS NULL;--#!
INSERT INTO REF_TERM_NAME_TBL (REF_TERM_NAME_ID, REF_TERM_ID, LANG_CS, TERM_NAME, CRT_PROV_ID, PHON_ALG_ID) VALUES( gen_uuid(),char_to_uuid('d093fe3b-1756-4d8c-936b-adc866d99e58'), 'en', 'OfficialRecord', char_to_uuid('fadca076-3690-4a6e-af9e-f1cd68e8c7e8'), char_to_uuid('402CD339-D0E4-46CE-8FC2-12A4B0E17226'));--#!
INSERT INTO CD_NAME_TBL(NAME_ID, CD_ID, EFFT_VRSN_SEQ_ID, LANG_CS, VAL, PHON_ALG_ID) SELECT gen_uuid(), char_to_uuid('1ec9583a-b019-4baa-b856-b99caf368656'), VRSN_SEQ_ID, 'en', 'OfficialRecord', char_to_uuid('402CD339-D0E4-46CE-8FC2-12A4B0E17226') FROM CD_VRSN_TBL WHERE CD_ID = char_to_uuid('1ec9583a-b019-4baa-b856-b99caf368656') AND OBSLT_UTC IS NULL;--#!
INSERT INTO CD_TBL VALUES(char_to_uuid('48075d19-7b29-4ca5-9c73-0cbd31248446'),TRUE);--#!
INSERT INTO CD_VRSN_TBL (CD_VRSN_ID, CD_ID, STS_CD_ID, CRT_PROV_ID, MNEMONIC, CLS_ID) VALUES (gen_uuid(), char_to_uuid('48075d19-7b29-4ca5-9c73-0cbd31248446'), char_to_uuid('c8064cbd-fa06-4530-b430-1a52f1530c27'), char_to_uuid('fadca076-3690-4a6e-af9e-f1cd68e8c7e8'), 'License', char_to_uuid('0d6b3439-c9be-4480-af39-eeb457c052d0'));--#!
INSERT INTO REF_TERM_TBL(REF_TERM_ID, CS_ID, MNEMONIC, CRT_PROV_ID)  VALUES(char_to_uuid('36ab4c83-124c-4161-9edd-77fbc0915399'), char_to_uuid('77816823-9392-4ca7-83dd-6e7d4b4164e7'), 'C', char_to_uuid('fadca076-3690-4a6e-af9e-f1cd68e8c7e8'));--#!
INSERT INTO CD_REF_TERM_ASSOC_TBL(CD_REF_TERM_ID, REF_TERM_ID,  CD_ID, EFFT_VRSN_SEQ_ID, REL_TYP_ID) SELECT gen_uuid(), char_to_uuid('36ab4c83-124c-4161-9edd-77fbc0915399'), char_to_uuid('48075d19-7b29-4ca5-9c73-0cbd31248446'), VRSN_SEQ_ID, char_to_uuid('2c4dafc2-566a-41ae-9ebc-3097d7d22f4a') FROM CD_VRSN_TBL WHERE CD_ID = char_to_uuid('48075d19-7b29-4ca5-9c73-0cbd31248446') AND OBSLT_UTC IS NULL;--#!
INSERT INTO REF_TERM_NAME_TBL (REF_TERM_NAME_ID, REF_TERM_ID, LANG_CS, TERM_NAME, CRT_PROV_ID, PHON_ALG_ID) VALUES( gen_uuid(),char_to_uuid('36ab4c83-124c-4161-9edd-77fbc0915399'), 'en', 'License', char_to_uuid('fadca076-3690-4a6e-af9e-f1cd68e8c7e8'), char_to_uuid('402CD339-D0E4-46CE-8FC2-12A4B0E17226'));--#!
INSERT INTO CD_NAME_TBL(NAME_ID, CD_ID, EFFT_VRSN_SEQ_ID, LANG_CS, VAL, PHON_ALG_ID) SELECT gen_uuid(), char_to_uuid('48075d19-7b29-4ca5-9c73-0cbd31248446'), VRSN_SEQ_ID, 'en', 'License', char_to_uuid('402CD339-D0E4-46CE-8FC2-12A4B0E17226') FROM CD_VRSN_TBL WHERE CD_ID = char_to_uuid('48075d19-7b29-4ca5-9c73-0cbd31248446') AND OBSLT_UTC IS NULL;--#!
INSERT INTO CD_TBL VALUES(char_to_uuid('0674c1c8-963a-4658-aff9-8cdcd308fa68'),TRUE);--#!
INSERT INTO CD_VRSN_TBL (CD_VRSN_ID, CD_ID, STS_CD_ID, CRT_PROV_ID, MNEMONIC, CLS_ID) VALUES (gen_uuid(), char_to_uuid('0674c1c8-963a-4658-aff9-8cdcd308fa68'), char_to_uuid('c8064cbd-fa06-4530-b430-1a52f1530c27'), char_to_uuid('fadca076-3690-4a6e-af9e-f1cd68e8c7e8'), 'MaidenName', char_to_uuid('0d6b3439-c9be-4480-af39-eeb457c052d0'));--#!
INSERT INTO REF_TERM_TBL(REF_TERM_ID, CS_ID, MNEMONIC, CRT_PROV_ID)  VALUES(char_to_uuid('4cb909a5-fe18-4b59-80b3-e1b0f3e17e27'), char_to_uuid('77816823-9392-4ca7-83dd-6e7d4b4164e7'), 'M', char_to_uuid('fadca076-3690-4a6e-af9e-f1cd68e8c7e8'));--#!
INSERT INTO CD_REF_TERM_ASSOC_TBL(CD_REF_TERM_ID, REF_TERM_ID,  CD_ID, EFFT_VRSN_SEQ_ID, REL_TYP_ID) SELECT gen_uuid(), char_to_uuid('4cb909a5-fe18-4b59-80b3-e1b0f3e17e27'), char_to_uuid('0674c1c8-963a-4658-aff9-8cdcd308fa68'), VRSN_SEQ_ID, char_to_uuid('2c4dafc2-566a-41ae-9ebc-3097d7d22f4a') FROM CD_VRSN_TBL WHERE CD_ID = char_to_uuid('0674c1c8-963a-4658-aff9-8cdcd308fa68') AND OBSLT_UTC IS NULL;--#!
INSERT INTO REF_TERM_NAME_TBL (REF_TERM_NAME_ID, REF_TERM_ID, LANG_CS, TERM_NAME, CRT_PROV_ID, PHON_ALG_ID) VALUES( gen_uuid(),char_to_uuid('4cb909a5-fe18-4b59-80b3-e1b0f3e17e27'), 'en', 'MaidenName', char_to_uuid('fadca076-3690-4a6e-af9e-f1cd68e8c7e8'), char_to_uuid('402CD339-D0E4-46CE-8FC2-12A4B0E17226'));--#!
INSERT INTO CD_NAME_TBL(NAME_ID, CD_ID, EFFT_VRSN_SEQ_ID, LANG_CS, VAL, PHON_ALG_ID) SELECT gen_uuid(), char_to_uuid('0674c1c8-963a-4658-aff9-8cdcd308fa68'), VRSN_SEQ_ID, 'en', 'MaidenName', char_to_uuid('402CD339-D0E4-46CE-8FC2-12A4B0E17226') FROM CD_VRSN_TBL WHERE CD_ID = char_to_uuid('0674c1c8-963a-4658-aff9-8cdcd308fa68') AND OBSLT_UTC IS NULL;--#!
INSERT INTO CD_TBL VALUES(char_to_uuid('a3fb2a05-5ebe-47ae-afd0-4c1b22336090'),TRUE);--#!
INSERT INTO CD_VRSN_TBL (CD_VRSN_ID, CD_ID, STS_CD_ID, CRT_PROV_ID, MNEMONIC, CLS_ID) VALUES (gen_uuid(), char_to_uuid('a3fb2a05-5ebe-47ae-afd0-4c1b22336090'), char_to_uuid('c8064cbd-fa06-4530-b430-1a52f1530c27'), char_to_uuid('fadca076-3690-4a6e-af9e-f1cd68e8c7e8'), 'Indigenous', char_to_uuid('0d6b3439-c9be-4480-af39-eeb457c052d0'));--#!
INSERT INTO REF_TERM_TBL(REF_TERM_ID, CS_ID, MNEMONIC, CRT_PROV_ID)  VALUES(char_to_uuid('5fe85dc3-4762-440d-adc0-415b0c56b7c4'), char_to_uuid('77816823-9392-4ca7-83dd-6e7d4b4164e7'), 'I', char_to_uuid('fadca076-3690-4a6e-af9e-f1cd68e8c7e8'));--#!
INSERT INTO CD_REF_TERM_ASSOC_TBL(CD_REF_TERM_ID, REF_TERM_ID,  CD_ID, EFFT_VRSN_SEQ_ID, REL_TYP_ID) SELECT gen_uuid(), char_to_uuid('5fe85dc3-4762-440d-adc0-415b0c56b7c4'), char_to_uuid('a3fb2a05-5ebe-47ae-afd0-4c1b22336090'), VRSN_SEQ_ID, char_to_uuid('2c4dafc2-566a-41ae-9ebc-3097d7d22f4a') FROM CD_VRSN_TBL WHERE CD_ID = char_to_uuid('a3fb2a05-5ebe-47ae-afd0-4c1b22336090') AND OBSLT_UTC IS NULL;--#!
INSERT INTO REF_TERM_NAME_TBL (REF_TERM_NAME_ID, REF_TERM_ID, LANG_CS, TERM_NAME, CRT_PROV_ID, PHON_ALG_ID) VALUES( gen_uuid(),char_to_uuid('5fe85dc3-4762-440d-adc0-415b0c56b7c4'), 'en', 'Indigenous', char_to_uuid('fadca076-3690-4a6e-af9e-f1cd68e8c7e8'), char_to_uuid('402CD339-D0E4-46CE-8FC2-12A4B0E17226'));--#!
INSERT INTO CD_NAME_TBL(NAME_ID, CD_ID, EFFT_VRSN_SEQ_ID, LANG_CS, VAL, PHON_ALG_ID) SELECT gen_uuid(), char_to_uuid('a3fb2a05-5ebe-47ae-afd0-4c1b22336090'), VRSN_SEQ_ID, 'en', 'Indigenous', char_to_uuid('402CD339-D0E4-46CE-8FC2-12A4B0E17226') FROM CD_VRSN_TBL WHERE CD_ID = char_to_uuid('a3fb2a05-5ebe-47ae-afd0-4c1b22336090') AND OBSLT_UTC IS NULL;--#!
INSERT INTO CD_TBL VALUES(char_to_uuid('c31564ef-ca8d-4528-85a8-88245fcef344'),TRUE);--#!
INSERT INTO CD_VRSN_TBL (CD_VRSN_ID, CD_ID, STS_CD_ID, CRT_PROV_ID, MNEMONIC, CLS_ID) VALUES (gen_uuid(), char_to_uuid('c31564ef-ca8d-4528-85a8-88245fcef344'), char_to_uuid('c8064cbd-fa06-4530-b430-1a52f1530c27'), char_to_uuid('fadca076-3690-4a6e-af9e-f1cd68e8c7e8'), 'Pseudonym', char_to_uuid('0d6b3439-c9be-4480-af39-eeb457c052d0'));--#!
INSERT INTO REF_TERM_TBL(REF_TERM_ID, CS_ID, MNEMONIC, CRT_PROV_ID)  VALUES(char_to_uuid('58a162eb-734b-4a38-b8f0-4fdbc4c65ca2'), char_to_uuid('77816823-9392-4ca7-83dd-6e7d4b4164e7'), 'P', char_to_uuid('fadca076-3690-4a6e-af9e-f1cd68e8c7e8'));--#!
INSERT INTO CD_REF_TERM_ASSOC_TBL(CD_REF_TERM_ID, REF_TERM_ID,  CD_ID, EFFT_VRSN_SEQ_ID, REL_TYP_ID) SELECT gen_uuid(), char_to_uuid('58a162eb-734b-4a38-b8f0-4fdbc4c65ca2'), char_to_uuid('c31564ef-ca8d-4528-85a8-88245fcef344'), VRSN_SEQ_ID, char_to_uuid('2c4dafc2-566a-41ae-9ebc-3097d7d22f4a') FROM CD_VRSN_TBL WHERE CD_ID = char_to_uuid('c31564ef-ca8d-4528-85a8-88245fcef344') AND OBSLT_UTC IS NULL;--#!
INSERT INTO REF_TERM_NAME_TBL (REF_TERM_NAME_ID, REF_TERM_ID, LANG_CS, TERM_NAME, CRT_PROV_ID, PHON_ALG_ID) VALUES( gen_uuid(),char_to_uuid('58a162eb-734b-4a38-b8f0-4fdbc4c65ca2'), 'en', 'Pseudonym', char_to_uuid('fadca076-3690-4a6e-af9e-f1cd68e8c7e8'), char_to_uuid('402CD339-D0E4-46CE-8FC2-12A4B0E17226'));--#!
INSERT INTO CD_NAME_TBL(NAME_ID, CD_ID, EFFT_VRSN_SEQ_ID, LANG_CS, VAL, PHON_ALG_ID) SELECT gen_uuid(), char_to_uuid('c31564ef-ca8d-4528-85a8-88245fcef344'), VRSN_SEQ_ID, 'en', 'Pseudonym', char_to_uuid('402CD339-D0E4-46CE-8FC2-12A4B0E17226') FROM CD_VRSN_TBL WHERE CD_ID = char_to_uuid('c31564ef-ca8d-4528-85a8-88245fcef344') AND OBSLT_UTC IS NULL;--#!
INSERT INTO CD_TBL VALUES(char_to_uuid('4a7bf199-f33b-42f9-8b99-32433ea67bd7'),TRUE);--#!
INSERT INTO CD_VRSN_TBL (CD_VRSN_ID, CD_ID, STS_CD_ID, CRT_PROV_ID, MNEMONIC, CLS_ID) VALUES (gen_uuid(), char_to_uuid('4a7bf199-f33b-42f9-8b99-32433ea67bd7'), char_to_uuid('c8064cbd-fa06-4530-b430-1a52f1530c27'), char_to_uuid('fadca076-3690-4a6e-af9e-f1cd68e8c7e8'), 'Artist', char_to_uuid('0d6b3439-c9be-4480-af39-eeb457c052d0'));--#!
INSERT INTO REF_TERM_TBL(REF_TERM_ID, CS_ID, MNEMONIC, CRT_PROV_ID)  VALUES(char_to_uuid('33d655a8-649e-4571-bd90-c82061f2ea27'), char_to_uuid('77816823-9392-4ca7-83dd-6e7d4b4164e7'), 'A', char_to_uuid('fadca076-3690-4a6e-af9e-f1cd68e8c7e8'));--#!
INSERT INTO CD_REF_TERM_ASSOC_TBL(CD_REF_TERM_ID, REF_TERM_ID,  CD_ID, EFFT_VRSN_SEQ_ID, REL_TYP_ID) SELECT gen_uuid(), char_to_uuid('33d655a8-649e-4571-bd90-c82061f2ea27'), char_to_uuid('4a7bf199-f33b-42f9-8b99-32433ea67bd7'), VRSN_SEQ_ID, char_to_uuid('2c4dafc2-566a-41ae-9ebc-3097d7d22f4a') FROM CD_VRSN_TBL WHERE CD_ID = char_to_uuid('4a7bf199-f33b-42f9-8b99-32433ea67bd7') AND OBSLT_UTC IS NULL;--#!
INSERT INTO REF_TERM_NAME_TBL (REF_TERM_NAME_ID, REF_TERM_ID, LANG_CS, TERM_NAME, CRT_PROV_ID, PHON_ALG_ID) VALUES( gen_uuid(),char_to_uuid('33d655a8-649e-4571-bd90-c82061f2ea27'), 'en', 'Artist', char_to_uuid('fadca076-3690-4a6e-af9e-f1cd68e8c7e8'), char_to_uuid('402CD339-D0E4-46CE-8FC2-12A4B0E17226'));--#!
INSERT INTO CD_NAME_TBL(NAME_ID, CD_ID, EFFT_VRSN_SEQ_ID, LANG_CS, VAL, PHON_ALG_ID) SELECT gen_uuid(), char_to_uuid('4a7bf199-f33b-42f9-8b99-32433ea67bd7'), VRSN_SEQ_ID, 'en', 'Artist', char_to_uuid('402CD339-D0E4-46CE-8FC2-12A4B0E17226') FROM CD_VRSN_TBL WHERE CD_ID = char_to_uuid('4a7bf199-f33b-42f9-8b99-32433ea67bd7') AND OBSLT_UTC IS NULL;--#!
INSERT INTO CD_TBL VALUES(char_to_uuid('15207687-5290-4672-a7df-2880a23dcbb5'),TRUE);--#!
INSERT INTO CD_VRSN_TBL (CD_VRSN_ID, CD_ID, STS_CD_ID, CRT_PROV_ID, MNEMONIC, CLS_ID) VALUES (gen_uuid(), char_to_uuid('15207687-5290-4672-a7df-2880a23dcbb5'), char_to_uuid('c8064cbd-fa06-4530-b430-1a52f1530c27'), char_to_uuid('fadca076-3690-4a6e-af9e-f1cd68e8c7e8'), 'Religious', char_to_uuid('0d6b3439-c9be-4480-af39-eeb457c052d0'));--#!
INSERT INTO REF_TERM_TBL(REF_TERM_ID, CS_ID, MNEMONIC, CRT_PROV_ID)  VALUES(char_to_uuid('89ee13d5-9166-40a3-85b0-ceed3812a2a6'), char_to_uuid('77816823-9392-4ca7-83dd-6e7d4b4164e7'), 'R', char_to_uuid('fadca076-3690-4a6e-af9e-f1cd68e8c7e8'));--#!
INSERT INTO CD_REF_TERM_ASSOC_TBL(CD_REF_TERM_ID, REF_TERM_ID,  CD_ID, EFFT_VRSN_SEQ_ID, REL_TYP_ID) SELECT gen_uuid(), char_to_uuid('89ee13d5-9166-40a3-85b0-ceed3812a2a6'), char_to_uuid('15207687-5290-4672-a7df-2880a23dcbb5'), VRSN_SEQ_ID, char_to_uuid('2c4dafc2-566a-41ae-9ebc-3097d7d22f4a') FROM CD_VRSN_TBL WHERE CD_ID = char_to_uuid('15207687-5290-4672-a7df-2880a23dcbb5') AND OBSLT_UTC IS NULL;--#!
INSERT INTO REF_TERM_NAME_TBL (REF_TERM_NAME_ID, REF_TERM_ID, LANG_CS, TERM_NAME, CRT_PROV_ID, PHON_ALG_ID) VALUES( gen_uuid(),char_to_uuid('89ee13d5-9166-40a3-85b0-ceed3812a2a6'), 'en', 'Religious', char_to_uuid('fadca076-3690-4a6e-af9e-f1cd68e8c7e8'), char_to_uuid('402CD339-D0E4-46CE-8FC2-12A4B0E17226'));--#!
INSERT INTO CD_NAME_TBL(NAME_ID, CD_ID, EFFT_VRSN_SEQ_ID, LANG_CS, VAL, PHON_ALG_ID) SELECT gen_uuid(), char_to_uuid('15207687-5290-4672-a7df-2880a23dcbb5'), VRSN_SEQ_ID, 'en', 'Religious', char_to_uuid('402CD339-D0E4-46CE-8FC2-12A4B0E17226') FROM CD_VRSN_TBL WHERE CD_ID = char_to_uuid('15207687-5290-4672-a7df-2880a23dcbb5') AND OBSLT_UTC IS NULL;--#!
INSERT INTO CD_VRSN_TBL (CD_VRSN_ID, CD_ID, STS_CD_ID, CRT_PROV_ID, MNEMONIC, CLS_ID) VALUES (gen_uuid(), char_to_uuid('a87a6d21-2ca6-4aea-88f3-6135cceb58d1'), char_to_uuid('c8064cbd-fa06-4530-b430-1a52f1530c27'), char_to_uuid('fadca076-3690-4a6e-af9e-f1cd68e8c7e8'), 'Assigned', char_to_uuid('0d6b3439-c9be-4480-af39-eeb457c052d0'));--#!
INSERT INTO REF_TERM_TBL(REF_TERM_ID, CS_ID, MNEMONIC, CRT_PROV_ID)  VALUES(char_to_uuid('d8d9c552-77a7-4da3-af5b-8900ac65891e'), char_to_uuid('77816823-9392-4ca7-83dd-6e7d4b4164e7'), 'ASGN', char_to_uuid('fadca076-3690-4a6e-af9e-f1cd68e8c7e8'));--#!
INSERT INTO CD_REF_TERM_ASSOC_TBL(CD_REF_TERM_ID, REF_TERM_ID,  CD_ID, EFFT_VRSN_SEQ_ID, REL_TYP_ID) SELECT gen_uuid(), char_to_uuid('d8d9c552-77a7-4da3-af5b-8900ac65891e'), char_to_uuid('a87a6d21-2ca6-4aea-88f3-6135cceb58d1'), VRSN_SEQ_ID, char_to_uuid('2c4dafc2-566a-41ae-9ebc-3097d7d22f4a') FROM CD_VRSN_TBL WHERE CD_ID = char_to_uuid('a87a6d21-2ca6-4aea-88f3-6135cceb58d1') AND OBSLT_UTC IS NULL;--#!
INSERT INTO REF_TERM_NAME_TBL (REF_TERM_NAME_ID, REF_TERM_ID, LANG_CS, TERM_NAME, CRT_PROV_ID, PHON_ALG_ID) VALUES( gen_uuid(),char_to_uuid('d8d9c552-77a7-4da3-af5b-8900ac65891e'), 'en', 'Assigned', char_to_uuid('fadca076-3690-4a6e-af9e-f1cd68e8c7e8'), char_to_uuid('402CD339-D0E4-46CE-8FC2-12A4B0E17226'));--#!
INSERT INTO CD_NAME_TBL(NAME_ID, CD_ID, EFFT_VRSN_SEQ_ID, LANG_CS, VAL, PHON_ALG_ID) SELECT gen_uuid(), char_to_uuid('a87a6d21-2ca6-4aea-88f3-6135cceb58d1'), VRSN_SEQ_ID, 'en', 'Assigned', char_to_uuid('402CD339-D0E4-46CE-8FC2-12A4B0E17226') FROM CD_VRSN_TBL WHERE CD_ID = char_to_uuid('a87a6d21-2ca6-4aea-88f3-6135cceb58d1') AND OBSLT_UTC IS NULL;--#!
INSERT INTO CD_TBL VALUES(char_to_uuid('71d1c07c-6ee6-4240-8a95-19f96583512e'),TRUE);--#!
INSERT INTO CD_VRSN_TBL (CD_VRSN_ID, CD_ID, STS_CD_ID, CRT_PROV_ID, MNEMONIC, CLS_ID) VALUES (gen_uuid(), char_to_uuid('71d1c07c-6ee6-4240-8a95-19f96583512e'), char_to_uuid('c8064cbd-fa06-4530-b430-1a52f1530c27'), char_to_uuid('fadca076-3690-4a6e-af9e-f1cd68e8c7e8'), 'Alphabetic', char_to_uuid('0d6b3439-c9be-4480-af39-eeb457c052d0'));--#!
INSERT INTO REF_TERM_TBL(REF_TERM_ID, CS_ID, MNEMONIC, CRT_PROV_ID)  VALUES(char_to_uuid('61398149-7ac2-48dc-ae8e-a3dba1a40fee'), char_to_uuid('77816823-9392-4ca7-83dd-6e7d4b4164e7'), 'ABC', char_to_uuid('fadca076-3690-4a6e-af9e-f1cd68e8c7e8'));--#!
INSERT INTO CD_REF_TERM_ASSOC_TBL(CD_REF_TERM_ID, REF_TERM_ID,  CD_ID, EFFT_VRSN_SEQ_ID, REL_TYP_ID) SELECT gen_uuid(), char_to_uuid('61398149-7ac2-48dc-ae8e-a3dba1a40fee'), char_to_uuid('71d1c07c-6ee6-4240-8a95-19f96583512e'), VRSN_SEQ_ID, char_to_uuid('2c4dafc2-566a-41ae-9ebc-3097d7d22f4a') FROM CD_VRSN_TBL WHERE CD_ID = char_to_uuid('71d1c07c-6ee6-4240-8a95-19f96583512e') AND OBSLT_UTC IS NULL;--#!
INSERT INTO REF_TERM_NAME_TBL (REF_TERM_NAME_ID, REF_TERM_ID, LANG_CS, TERM_NAME, CRT_PROV_ID, PHON_ALG_ID) VALUES( gen_uuid(),char_to_uuid('61398149-7ac2-48dc-ae8e-a3dba1a40fee'), 'en', 'Alphabetic', char_to_uuid('fadca076-3690-4a6e-af9e-f1cd68e8c7e8'), char_to_uuid('402CD339-D0E4-46CE-8FC2-12A4B0E17226'));--#!
INSERT INTO CD_NAME_TBL(NAME_ID, CD_ID, EFFT_VRSN_SEQ_ID, LANG_CS, VAL, PHON_ALG_ID) SELECT gen_uuid(), char_to_uuid('71d1c07c-6ee6-4240-8a95-19f96583512e'), VRSN_SEQ_ID, 'en', 'Alphabetic', char_to_uuid('402CD339-D0E4-46CE-8FC2-12A4B0E17226') FROM CD_VRSN_TBL WHERE CD_ID = char_to_uuid('71d1c07c-6ee6-4240-8a95-19f96583512e') AND OBSLT_UTC IS NULL;--#!
INSERT INTO CD_TBL VALUES(char_to_uuid('09000479-4672-44f8-bb4a-72fb25f7356a'),TRUE);--#!
INSERT INTO CD_VRSN_TBL (CD_VRSN_ID, CD_ID, STS_CD_ID, CRT_PROV_ID, MNEMONIC, CLS_ID) VALUES (gen_uuid(), char_to_uuid('09000479-4672-44f8-bb4a-72fb25f7356a'), char_to_uuid('c8064cbd-fa06-4530-b430-1a52f1530c27'), char_to_uuid('fadca076-3690-4a6e-af9e-f1cd68e8c7e8'), 'Ideographic', char_to_uuid('0d6b3439-c9be-4480-af39-eeb457c052d0'));--#!
INSERT INTO REF_TERM_TBL(REF_TERM_ID, CS_ID, MNEMONIC, CRT_PROV_ID)  VALUES(char_to_uuid('ec3ee7cd-6c6e-485c-8429-a900021b6417'), char_to_uuid('77816823-9392-4ca7-83dd-6e7d4b4164e7'), 'IDE', char_to_uuid('fadca076-3690-4a6e-af9e-f1cd68e8c7e8'));--#!
INSERT INTO CD_REF_TERM_ASSOC_TBL(CD_REF_TERM_ID, REF_TERM_ID,  CD_ID, EFFT_VRSN_SEQ_ID, REL_TYP_ID) SELECT gen_uuid(), char_to_uuid('ec3ee7cd-6c6e-485c-8429-a900021b6417'), char_to_uuid('09000479-4672-44f8-bb4a-72fb25f7356a'), VRSN_SEQ_ID, char_to_uuid('2c4dafc2-566a-41ae-9ebc-3097d7d22f4a') FROM CD_VRSN_TBL WHERE CD_ID = char_to_uuid('09000479-4672-44f8-bb4a-72fb25f7356a') AND OBSLT_UTC IS NULL;--#!
INSERT INTO REF_TERM_NAME_TBL (REF_TERM_NAME_ID, REF_TERM_ID, LANG_CS, TERM_NAME, CRT_PROV_ID, PHON_ALG_ID) VALUES( gen_uuid(),char_to_uuid('ec3ee7cd-6c6e-485c-8429-a900021b6417'), 'en', 'Ideographic', char_to_uuid('fadca076-3690-4a6e-af9e-f1cd68e8c7e8'), char_to_uuid('402CD339-D0E4-46CE-8FC2-12A4B0E17226'));--#!
INSERT INTO CD_NAME_TBL(NAME_ID, CD_ID, EFFT_VRSN_SEQ_ID, LANG_CS, VAL, PHON_ALG_ID) SELECT gen_uuid(), char_to_uuid('09000479-4672-44f8-bb4a-72fb25f7356a'), VRSN_SEQ_ID, 'en', 'Ideographic', char_to_uuid('402CD339-D0E4-46CE-8FC2-12A4B0E17226') FROM CD_VRSN_TBL WHERE CD_ID = char_to_uuid('09000479-4672-44f8-bb4a-72fb25f7356a') AND OBSLT_UTC IS NULL;--#!
INSERT INTO CD_TBL VALUES(char_to_uuid('b4ca3bf0-a7fc-44f3-87d5-e126beda93ff'),TRUE);--#!
INSERT INTO CD_VRSN_TBL (CD_VRSN_ID, CD_ID, STS_CD_ID, CRT_PROV_ID, MNEMONIC, CLS_ID) VALUES (gen_uuid(), char_to_uuid('b4ca3bf0-a7fc-44f3-87d5-e126beda93ff'), char_to_uuid('c8064cbd-fa06-4530-b430-1a52f1530c27'), char_to_uuid('fadca076-3690-4a6e-af9e-f1cd68e8c7e8'), 'Syllabic', char_to_uuid('0d6b3439-c9be-4480-af39-eeb457c052d0'));--#!
INSERT INTO REF_TERM_TBL(REF_TERM_ID, CS_ID, MNEMONIC, CRT_PROV_ID)  VALUES(char_to_uuid('449878c9-9843-46e7-aef7-83804e94faf1'), char_to_uuid('77816823-9392-4ca7-83dd-6e7d4b4164e7'), 'SYL', char_to_uuid('fadca076-3690-4a6e-af9e-f1cd68e8c7e8'));--#!
INSERT INTO CD_REF_TERM_ASSOC_TBL(CD_REF_TERM_ID, REF_TERM_ID,  CD_ID, EFFT_VRSN_SEQ_ID, REL_TYP_ID) SELECT gen_uuid(), char_to_uuid('449878c9-9843-46e7-aef7-83804e94faf1'), char_to_uuid('b4ca3bf0-a7fc-44f3-87d5-e126beda93ff'), VRSN_SEQ_ID, char_to_uuid('2c4dafc2-566a-41ae-9ebc-3097d7d22f4a') FROM CD_VRSN_TBL WHERE CD_ID = char_to_uuid('b4ca3bf0-a7fc-44f3-87d5-e126beda93ff') AND OBSLT_UTC IS NULL;--#!
INSERT INTO REF_TERM_NAME_TBL (REF_TERM_NAME_ID, REF_TERM_ID, LANG_CS, TERM_NAME, CRT_PROV_ID, PHON_ALG_ID) VALUES( gen_uuid(),char_to_uuid('449878c9-9843-46e7-aef7-83804e94faf1'), 'en', 'Syllabic', char_to_uuid('fadca076-3690-4a6e-af9e-f1cd68e8c7e8'), char_to_uuid('402CD339-D0E4-46CE-8FC2-12A4B0E17226'));--#!
INSERT INTO CD_NAME_TBL(NAME_ID, CD_ID, EFFT_VRSN_SEQ_ID, LANG_CS, VAL, PHON_ALG_ID) SELECT gen_uuid(), char_to_uuid('b4ca3bf0-a7fc-44f3-87d5-e126beda93ff'), VRSN_SEQ_ID, 'en', 'Syllabic', char_to_uuid('402CD339-D0E4-46CE-8FC2-12A4B0E17226') FROM CD_VRSN_TBL WHERE CD_ID = char_to_uuid('b4ca3bf0-a7fc-44f3-87d5-e126beda93ff') AND OBSLT_UTC IS NULL;--#!
INSERT INTO CD_TBL VALUES(char_to_uuid('e5794e3b-3025-436f-9417-5886feead55a'),TRUE);--#!
INSERT INTO CD_VRSN_TBL (CD_VRSN_ID, CD_ID, STS_CD_ID, CRT_PROV_ID, MNEMONIC, CLS_ID) VALUES (gen_uuid(), char_to_uuid('e5794e3b-3025-436f-9417-5886feead55a'), char_to_uuid('c8064cbd-fa06-4530-b430-1a52f1530c27'), char_to_uuid('fadca076-3690-4a6e-af9e-f1cd68e8c7e8'), 'Soundex', char_to_uuid('0d6b3439-c9be-4480-af39-eeb457c052d0'));--#!
INSERT INTO REF_TERM_TBL(REF_TERM_ID, CS_ID, MNEMONIC, CRT_PROV_ID)  VALUES(char_to_uuid('9eb37bbe-169d-477d-a995-6b9dda3e1d1f'), char_to_uuid('77816823-9392-4ca7-83dd-6e7d4b4164e7'), 'SNDX', char_to_uuid('fadca076-3690-4a6e-af9e-f1cd68e8c7e8'));--#!
INSERT INTO CD_REF_TERM_ASSOC_TBL(CD_REF_TERM_ID, REF_TERM_ID,  CD_ID, EFFT_VRSN_SEQ_ID, REL_TYP_ID) SELECT gen_uuid(), char_to_uuid('9eb37bbe-169d-477d-a995-6b9dda3e1d1f'), char_to_uuid('e5794e3b-3025-436f-9417-5886feead55a'), VRSN_SEQ_ID, char_to_uuid('2c4dafc2-566a-41ae-9ebc-3097d7d22f4a') FROM CD_VRSN_TBL WHERE CD_ID = char_to_uuid('e5794e3b-3025-436f-9417-5886feead55a') AND OBSLT_UTC IS NULL;--#!
INSERT INTO REF_TERM_NAME_TBL (REF_TERM_NAME_ID, REF_TERM_ID, LANG_CS, TERM_NAME, CRT_PROV_ID, PHON_ALG_ID) VALUES( gen_uuid(),char_to_uuid('9eb37bbe-169d-477d-a995-6b9dda3e1d1f'), 'en', 'Soundex', char_to_uuid('fadca076-3690-4a6e-af9e-f1cd68e8c7e8'), char_to_uuid('402CD339-D0E4-46CE-8FC2-12A4B0E17226'));--#!
INSERT INTO CD_NAME_TBL(NAME_ID, CD_ID, EFFT_VRSN_SEQ_ID, LANG_CS, VAL, PHON_ALG_ID) SELECT gen_uuid(), char_to_uuid('e5794e3b-3025-436f-9417-5886feead55a'), VRSN_SEQ_ID, 'en', 'Soundex', char_to_uuid('402CD339-D0E4-46CE-8FC2-12A4B0E17226') FROM CD_VRSN_TBL WHERE CD_ID = char_to_uuid('e5794e3b-3025-436f-9417-5886feead55a') AND OBSLT_UTC IS NULL;--#!
INSERT INTO CD_TBL VALUES(char_to_uuid('2b085d38-3308-4664-9f89-48d8ef4daba7'),TRUE);--#!
INSERT INTO CD_VRSN_TBL (CD_VRSN_ID, CD_ID, STS_CD_ID, CRT_PROV_ID, MNEMONIC, CLS_ID) VALUES (gen_uuid(), char_to_uuid('2b085d38-3308-4664-9f89-48d8ef4daba7'), char_to_uuid('c8064cbd-fa06-4530-b430-1a52f1530c27'), char_to_uuid('fadca076-3690-4a6e-af9e-f1cd68e8c7e8'), 'Phonetic', char_to_uuid('0d6b3439-c9be-4480-af39-eeb457c052d0'));--#!
INSERT INTO REF_TERM_TBL(REF_TERM_ID, CS_ID, MNEMONIC, CRT_PROV_ID)  VALUES(char_to_uuid('cfce3cd9-a71e-4f66-8b80-699425f973de'), char_to_uuid('77816823-9392-4ca7-83dd-6e7d4b4164e7'), 'PHON', char_to_uuid('fadca076-3690-4a6e-af9e-f1cd68e8c7e8'));--#!
INSERT INTO CD_REF_TERM_ASSOC_TBL(CD_REF_TERM_ID, REF_TERM_ID,  CD_ID, EFFT_VRSN_SEQ_ID, REL_TYP_ID) SELECT gen_uuid(), char_to_uuid('cfce3cd9-a71e-4f66-8b80-699425f973de'), char_to_uuid('2b085d38-3308-4664-9f89-48d8ef4daba7'), VRSN_SEQ_ID, char_to_uuid('2c4dafc2-566a-41ae-9ebc-3097d7d22f4a') FROM CD_VRSN_TBL WHERE CD_ID = char_to_uuid('2b085d38-3308-4664-9f89-48d8ef4daba7') AND OBSLT_UTC IS NULL;--#!
INSERT INTO REF_TERM_NAME_TBL (REF_TERM_NAME_ID, REF_TERM_ID, LANG_CS, TERM_NAME, CRT_PROV_ID, PHON_ALG_ID) VALUES( gen_uuid(),char_to_uuid('cfce3cd9-a71e-4f66-8b80-699425f973de'), 'en', 'Phonetic', char_to_uuid('fadca076-3690-4a6e-af9e-f1cd68e8c7e8'), char_to_uuid('402CD339-D0E4-46CE-8FC2-12A4B0E17226'));--#!
INSERT INTO CD_NAME_TBL(NAME_ID, CD_ID, EFFT_VRSN_SEQ_ID, LANG_CS, VAL, PHON_ALG_ID) SELECT gen_uuid(), char_to_uuid('2b085d38-3308-4664-9f89-48d8ef4daba7'), VRSN_SEQ_ID, 'en', 'Phonetic', char_to_uuid('402CD339-D0E4-46CE-8FC2-12A4B0E17226') FROM CD_VRSN_TBL WHERE CD_ID = char_to_uuid('2b085d38-3308-4664-9f89-48d8ef4daba7') AND OBSLT_UTC IS NULL;--#!
INSERT INTO CD_TBL VALUES(char_to_uuid('95e6843a-26ff-4046-b6f4-eb440d4b85f7'),TRUE);--#!
INSERT INTO CD_VRSN_TBL (CD_VRSN_ID, CD_ID, STS_CD_ID, CRT_PROV_ID, MNEMONIC, CLS_ID) VALUES (gen_uuid(), char_to_uuid('95e6843a-26ff-4046-b6f4-eb440d4b85f7'), char_to_uuid('c8064cbd-fa06-4530-b430-1a52f1530c27'), char_to_uuid('fadca076-3690-4a6e-af9e-f1cd68e8c7e8'), 'Anonymous', char_to_uuid('0d6b3439-c9be-4480-af39-eeb457c052d0'));--#!
INSERT INTO REF_TERM_TBL(REF_TERM_ID, CS_ID, MNEMONIC, CRT_PROV_ID)  VALUES(char_to_uuid('a3639797-f080-4ca4-a84b-13b4aa54598d'), char_to_uuid('77816823-9392-4ca7-83dd-6e7d4b4164e7'), 'ANON', char_to_uuid('fadca076-3690-4a6e-af9e-f1cd68e8c7e8'));--#!
INSERT INTO CD_REF_TERM_ASSOC_TBL(CD_REF_TERM_ID, REF_TERM_ID,  CD_ID, EFFT_VRSN_SEQ_ID, REL_TYP_ID) SELECT gen_uuid(), char_to_uuid('a3639797-f080-4ca4-a84b-13b4aa54598d'), char_to_uuid('95e6843a-26ff-4046-b6f4-eb440d4b85f7'), VRSN_SEQ_ID, char_to_uuid('2c4dafc2-566a-41ae-9ebc-3097d7d22f4a') FROM CD_VRSN_TBL WHERE CD_ID = char_to_uuid('95e6843a-26ff-4046-b6f4-eb440d4b85f7') AND OBSLT_UTC IS NULL;--#!
INSERT INTO REF_TERM_NAME_TBL (REF_TERM_NAME_ID, REF_TERM_ID, LANG_CS, TERM_NAME, CRT_PROV_ID, PHON_ALG_ID) VALUES( gen_uuid(),char_to_uuid('a3639797-f080-4ca4-a84b-13b4aa54598d'), 'en', 'Anonymous', char_to_uuid('fadca076-3690-4a6e-af9e-f1cd68e8c7e8'), char_to_uuid('402CD339-D0E4-46CE-8FC2-12A4B0E17226'));--#!
INSERT INTO CD_NAME_TBL(NAME_ID, CD_ID, EFFT_VRSN_SEQ_ID, LANG_CS, VAL, PHON_ALG_ID) SELECT gen_uuid(), char_to_uuid('95e6843a-26ff-4046-b6f4-eb440d4b85f7'), VRSN_SEQ_ID, 'en', 'Anonymous', char_to_uuid('402CD339-D0E4-46CE-8FC2-12A4B0E17226') FROM CD_VRSN_TBL WHERE CD_ID = char_to_uuid('95e6843a-26ff-4046-b6f4-eb440d4b85f7') AND OBSLT_UTC IS NULL;--#!
INSERT INTO CD_TBL VALUES(char_to_uuid('87964bff-e442-481d-9749-69b2a84a1fbe'),TRUE);--#!
INSERT INTO CD_VRSN_TBL (CD_VRSN_ID, CD_ID, STS_CD_ID, CRT_PROV_ID, MNEMONIC, CLS_ID) VALUES (gen_uuid(), char_to_uuid('87964bff-e442-481d-9749-69b2a84a1fbe'), char_to_uuid('c8064cbd-fa06-4530-b430-1a52f1530c27'), char_to_uuid('fadca076-3690-4a6e-af9e-f1cd68e8c7e8'), 'Search', char_to_uuid('0d6b3439-c9be-4480-af39-eeb457c052d0'));--#!
INSERT INTO REF_TERM_TBL(REF_TERM_ID, CS_ID, MNEMONIC, CRT_PROV_ID)  VALUES(char_to_uuid('8f88ff32-da99-4e16-bb1a-633d04a05e1a'), char_to_uuid('77816823-9392-4ca7-83dd-6e7d4b4164e7'), 'SRCH', char_to_uuid('fadca076-3690-4a6e-af9e-f1cd68e8c7e8'));--#!
INSERT INTO CD_REF_TERM_ASSOC_TBL(CD_REF_TERM_ID, REF_TERM_ID,  CD_ID, EFFT_VRSN_SEQ_ID, REL_TYP_ID) SELECT gen_uuid(), char_to_uuid('8f88ff32-da99-4e16-bb1a-633d04a05e1a'), char_to_uuid('87964bff-e442-481d-9749-69b2a84a1fbe'), VRSN_SEQ_ID, char_to_uuid('2c4dafc2-566a-41ae-9ebc-3097d7d22f4a') FROM CD_VRSN_TBL WHERE CD_ID = char_to_uuid('87964bff-e442-481d-9749-69b2a84a1fbe') AND OBSLT_UTC IS NULL;--#!
INSERT INTO REF_TERM_NAME_TBL (REF_TERM_NAME_ID, REF_TERM_ID, LANG_CS, TERM_NAME, CRT_PROV_ID, PHON_ALG_ID) VALUES( gen_uuid(),char_to_uuid('8f88ff32-da99-4e16-bb1a-633d04a05e1a'), 'en', 'Search', char_to_uuid('fadca076-3690-4a6e-af9e-f1cd68e8c7e8'), char_to_uuid('402CD339-D0E4-46CE-8FC2-12A4B0E17226'));--#!
INSERT INTO CD_NAME_TBL(NAME_ID, CD_ID, EFFT_VRSN_SEQ_ID, LANG_CS, VAL, PHON_ALG_ID) SELECT gen_uuid(), char_to_uuid('87964bff-e442-481d-9749-69b2a84a1fbe'), VRSN_SEQ_ID, 'en', 'Search', char_to_uuid('402CD339-D0E4-46CE-8FC2-12A4B0E17226') FROM CD_VRSN_TBL WHERE CD_ID = char_to_uuid('87964bff-e442-481d-9749-69b2a84a1fbe') AND OBSLT_UTC IS NULL;--#!
INSERT INTO CD_SYS_TBL (CS_ID, DOMAIN, OID, CRT_PROV_ID, URL)  VALUES (char_to_uuid('0c4d091e-8701-4953-b16d-b8ca8e85de46'),'PostalAddressUse','2.16.840.1.113883.5.1012',char_to_uuid('fadca076-3690-4a6e-af9e-f1cd68e8c7e8'),'http://santedb.org/conceptset/v3-PostalAddressUse');--#!
INSERT INTO CD_TBL VALUES(char_to_uuid('493c3e9d-4f65-4e4d-9582-c9008f4f2eb4'),TRUE);--#!
INSERT INTO CD_VRSN_TBL (CD_VRSN_ID, CD_ID, STS_CD_ID, CRT_PROV_ID, MNEMONIC, CLS_ID) VALUES (gen_uuid(), char_to_uuid('493c3e9d-4f65-4e4d-9582-c9008f4f2eb4'), char_to_uuid('c8064cbd-fa06-4530-b430-1a52f1530c27'), char_to_uuid('fadca076-3690-4a6e-af9e-f1cd68e8c7e8'), 'HomeAddress', char_to_uuid('0d6b3439-c9be-4480-af39-eeb457c052d0'));--#!
INSERT INTO REF_TERM_TBL(REF_TERM_ID, CS_ID, MNEMONIC, CRT_PROV_ID)  VALUES(char_to_uuid('2ec2061f-64d6-47db-a319-1b68f126a866'), char_to_uuid('0c4d091e-8701-4953-b16d-b8ca8e85de46'), 'H', char_to_uuid('fadca076-3690-4a6e-af9e-f1cd68e8c7e8'));--#!
INSERT INTO CD_REF_TERM_ASSOC_TBL(CD_REF_TERM_ID, REF_TERM_ID,  CD_ID, EFFT_VRSN_SEQ_ID, REL_TYP_ID) SELECT gen_uuid(), char_to_uuid('2ec2061f-64d6-47db-a319-1b68f126a866'), char_to_uuid('493c3e9d-4f65-4e4d-9582-c9008f4f2eb4'), VRSN_SEQ_ID, char_to_uuid('2c4dafc2-566a-41ae-9ebc-3097d7d22f4a') FROM CD_VRSN_TBL WHERE CD_ID = char_to_uuid('493c3e9d-4f65-4e4d-9582-c9008f4f2eb4') AND OBSLT_UTC IS NULL;--#!
INSERT INTO REF_TERM_NAME_TBL (REF_TERM_NAME_ID, REF_TERM_ID, LANG_CS, TERM_NAME, CRT_PROV_ID, PHON_ALG_ID) VALUES( gen_uuid(),char_to_uuid('2ec2061f-64d6-47db-a319-1b68f126a866'), 'en', 'HomeAddress', char_to_uuid('fadca076-3690-4a6e-af9e-f1cd68e8c7e8'), char_to_uuid('402CD339-D0E4-46CE-8FC2-12A4B0E17226'));--#!
INSERT INTO CD_NAME_TBL(NAME_ID, CD_ID, EFFT_VRSN_SEQ_ID, LANG_CS, VAL, PHON_ALG_ID) SELECT gen_uuid(), char_to_uuid('493c3e9d-4f65-4e4d-9582-c9008f4f2eb4'), VRSN_SEQ_ID, 'en', 'HomeAddress', char_to_uuid('402CD339-D0E4-46CE-8FC2-12A4B0E17226') FROM CD_VRSN_TBL WHERE CD_ID = char_to_uuid('493c3e9d-4f65-4e4d-9582-c9008f4f2eb4') AND OBSLT_UTC IS NULL;--#!
INSERT INTO CD_TBL VALUES(char_to_uuid('c4faafd8-fc90-4330-8b4b-e4e64c86b87b'),TRUE);--#!
INSERT INTO CD_VRSN_TBL (CD_VRSN_ID, CD_ID, STS_CD_ID, CRT_PROV_ID, MNEMONIC, CLS_ID) VALUES (gen_uuid(), char_to_uuid('c4faafd8-fc90-4330-8b4b-e4e64c86b87b'), char_to_uuid('c8064cbd-fa06-4530-b430-1a52f1530c27'), char_to_uuid('fadca076-3690-4a6e-af9e-f1cd68e8c7e8'), 'PrimaryHome', char_to_uuid('0d6b3439-c9be-4480-af39-eeb457c052d0'));--#!
INSERT INTO REF_TERM_TBL(REF_TERM_ID, CS_ID, MNEMONIC, CRT_PROV_ID)  VALUES(char_to_uuid('c0f74c6a-d012-4a6c-946a-a6c032388f16'), char_to_uuid('0c4d091e-8701-4953-b16d-b8ca8e85de46'), 'HP', char_to_uuid('fadca076-3690-4a6e-af9e-f1cd68e8c7e8'));--#!
INSERT INTO CD_REF_TERM_ASSOC_TBL(CD_REF_TERM_ID, REF_TERM_ID,  CD_ID, EFFT_VRSN_SEQ_ID, REL_TYP_ID) SELECT gen_uuid(), char_to_uuid('c0f74c6a-d012-4a6c-946a-a6c032388f16'), char_to_uuid('c4faafd8-fc90-4330-8b4b-e4e64c86b87b'), VRSN_SEQ_ID, char_to_uuid('2c4dafc2-566a-41ae-9ebc-3097d7d22f4a') FROM CD_VRSN_TBL WHERE CD_ID = char_to_uuid('c4faafd8-fc90-4330-8b4b-e4e64c86b87b') AND OBSLT_UTC IS NULL;--#!
INSERT INTO REF_TERM_NAME_TBL (REF_TERM_NAME_ID, REF_TERM_ID, LANG_CS, TERM_NAME, CRT_PROV_ID, PHON_ALG_ID) VALUES( gen_uuid(),char_to_uuid('c0f74c6a-d012-4a6c-946a-a6c032388f16'), 'en', 'PrimaryHome', char_to_uuid('fadca076-3690-4a6e-af9e-f1cd68e8c7e8'), char_to_uuid('402CD339-D0E4-46CE-8FC2-12A4B0E17226'));--#!
INSERT INTO CD_NAME_TBL(NAME_ID, CD_ID, EFFT_VRSN_SEQ_ID, LANG_CS, VAL, PHON_ALG_ID) SELECT gen_uuid(), char_to_uuid('c4faafd8-fc90-4330-8b4b-e4e64c86b87b'), VRSN_SEQ_ID, 'en', 'PrimaryHome', char_to_uuid('402CD339-D0E4-46CE-8FC2-12A4B0E17226') FROM CD_VRSN_TBL WHERE CD_ID = char_to_uuid('c4faafd8-fc90-4330-8b4b-e4e64c86b87b') AND OBSLT_UTC IS NULL;--#!
INSERT INTO CD_TBL VALUES(char_to_uuid('5d69534c-4597-4d11-bb98-56a9918f5238'),TRUE);--#!
INSERT INTO CD_VRSN_TBL (CD_VRSN_ID, CD_ID, STS_CD_ID, CRT_PROV_ID, MNEMONIC, CLS_ID) VALUES (gen_uuid(), char_to_uuid('5d69534c-4597-4d11-bb98-56a9918f5238'), char_to_uuid('c8064cbd-fa06-4530-b430-1a52f1530c27'), char_to_uuid('fadca076-3690-4a6e-af9e-f1cd68e8c7e8'), 'VacationHome', char_to_uuid('0d6b3439-c9be-4480-af39-eeb457c052d0'));--#!
INSERT INTO REF_TERM_TBL(REF_TERM_ID, CS_ID, MNEMONIC, CRT_PROV_ID)  VALUES(char_to_uuid('2724e1e6-edc0-4801-a321-20b6a18bd8e1'), char_to_uuid('0c4d091e-8701-4953-b16d-b8ca8e85de46'), 'HV', char_to_uuid('fadca076-3690-4a6e-af9e-f1cd68e8c7e8'));--#!
INSERT INTO CD_REF_TERM_ASSOC_TBL(CD_REF_TERM_ID, REF_TERM_ID,  CD_ID, EFFT_VRSN_SEQ_ID, REL_TYP_ID) SELECT gen_uuid(), char_to_uuid('2724e1e6-edc0-4801-a321-20b6a18bd8e1'), char_to_uuid('5d69534c-4597-4d11-bb98-56a9918f5238'), VRSN_SEQ_ID, char_to_uuid('2c4dafc2-566a-41ae-9ebc-3097d7d22f4a') FROM CD_VRSN_TBL WHERE CD_ID = char_to_uuid('5d69534c-4597-4d11-bb98-56a9918f5238') AND OBSLT_UTC IS NULL;--#!
INSERT INTO REF_TERM_NAME_TBL (REF_TERM_NAME_ID, REF_TERM_ID, LANG_CS, TERM_NAME, CRT_PROV_ID, PHON_ALG_ID) VALUES( gen_uuid(),char_to_uuid('2724e1e6-edc0-4801-a321-20b6a18bd8e1'), 'en', 'VacationHome', char_to_uuid('fadca076-3690-4a6e-af9e-f1cd68e8c7e8'), char_to_uuid('402CD339-D0E4-46CE-8FC2-12A4B0E17226'));--#!
INSERT INTO CD_NAME_TBL(NAME_ID, CD_ID, EFFT_VRSN_SEQ_ID, LANG_CS, VAL, PHON_ALG_ID) SELECT gen_uuid(), char_to_uuid('5d69534c-4597-4d11-bb98-56a9918f5238'), VRSN_SEQ_ID, 'en', 'VacationHome', char_to_uuid('402CD339-D0E4-46CE-8FC2-12A4B0E17226') FROM CD_VRSN_TBL WHERE CD_ID = char_to_uuid('5d69534c-4597-4d11-bb98-56a9918f5238') AND OBSLT_UTC IS NULL;--#!
INSERT INTO CD_TBL VALUES(char_to_uuid('eaa6f08e-bb8e-4457-9dc0-3a1555fadf5c'),TRUE);--#!
INSERT INTO CD_VRSN_TBL (CD_VRSN_ID, CD_ID, STS_CD_ID, CRT_PROV_ID, MNEMONIC, CLS_ID) VALUES (gen_uuid(), char_to_uuid('eaa6f08e-bb8e-4457-9dc0-3a1555fadf5c'), char_to_uuid('c8064cbd-fa06-4530-b430-1a52f1530c27'), char_to_uuid('fadca076-3690-4a6e-af9e-f1cd68e8c7e8'), 'WorkPlace', char_to_uuid('0d6b3439-c9be-4480-af39-eeb457c052d0'));--#!
INSERT INTO REF_TERM_TBL(REF_TERM_ID, CS_ID, MNEMONIC, CRT_PROV_ID)  VALUES(char_to_uuid('3c764602-ad5d-49e1-b919-d0f369226051'), char_to_uuid('0c4d091e-8701-4953-b16d-b8ca8e85de46'), 'WP', char_to_uuid('fadca076-3690-4a6e-af9e-f1cd68e8c7e8'));--#!
INSERT INTO CD_REF_TERM_ASSOC_TBL(CD_REF_TERM_ID, REF_TERM_ID,  CD_ID, EFFT_VRSN_SEQ_ID, REL_TYP_ID) SELECT gen_uuid(), char_to_uuid('3c764602-ad5d-49e1-b919-d0f369226051'), char_to_uuid('eaa6f08e-bb8e-4457-9dc0-3a1555fadf5c'), VRSN_SEQ_ID, char_to_uuid('2c4dafc2-566a-41ae-9ebc-3097d7d22f4a') FROM CD_VRSN_TBL WHERE CD_ID = char_to_uuid('eaa6f08e-bb8e-4457-9dc0-3a1555fadf5c') AND OBSLT_UTC IS NULL;--#!
INSERT INTO REF_TERM_NAME_TBL (REF_TERM_NAME_ID, REF_TERM_ID, LANG_CS, TERM_NAME, CRT_PROV_ID, PHON_ALG_ID) VALUES( gen_uuid(),char_to_uuid('3c764602-ad5d-49e1-b919-d0f369226051'), 'en', 'WorkPlace', char_to_uuid('fadca076-3690-4a6e-af9e-f1cd68e8c7e8'), char_to_uuid('402CD339-D0E4-46CE-8FC2-12A4B0E17226'));--#!
INSERT INTO CD_NAME_TBL(NAME_ID, CD_ID, EFFT_VRSN_SEQ_ID, LANG_CS, VAL, PHON_ALG_ID) SELECT gen_uuid(), char_to_uuid('eaa6f08e-bb8e-4457-9dc0-3a1555fadf5c'), VRSN_SEQ_ID, 'en', 'WorkPlace', char_to_uuid('402CD339-D0E4-46CE-8FC2-12A4B0E17226') FROM CD_VRSN_TBL WHERE CD_ID = char_to_uuid('eaa6f08e-bb8e-4457-9dc0-3a1555fadf5c') AND OBSLT_UTC IS NULL;--#!
INSERT INTO CD_TBL VALUES(char_to_uuid('d0db6edb-6cdc-4671-8bc2-00f1c808e188'),TRUE);--#!
INSERT INTO CD_VRSN_TBL (CD_VRSN_ID, CD_ID, STS_CD_ID, CRT_PROV_ID, MNEMONIC, CLS_ID) VALUES (gen_uuid(), char_to_uuid('d0db6edb-6cdc-4671-8bc2-00f1c808e188'), char_to_uuid('c8064cbd-fa06-4530-b430-1a52f1530c27'), char_to_uuid('fadca076-3690-4a6e-af9e-f1cd68e8c7e8'), 'Direct', char_to_uuid('0d6b3439-c9be-4480-af39-eeb457c052d0'));--#!
INSERT INTO REF_TERM_TBL(REF_TERM_ID, CS_ID, MNEMONIC, CRT_PROV_ID)  VALUES(char_to_uuid('5a8c4e15-348b-4d0d-b71a-b49c0cc26680'), char_to_uuid('0c4d091e-8701-4953-b16d-b8ca8e85de46'), 'DIR', char_to_uuid('fadca076-3690-4a6e-af9e-f1cd68e8c7e8'));--#!
INSERT INTO CD_REF_TERM_ASSOC_TBL(CD_REF_TERM_ID, REF_TERM_ID,  CD_ID, EFFT_VRSN_SEQ_ID, REL_TYP_ID) SELECT gen_uuid(), char_to_uuid('5a8c4e15-348b-4d0d-b71a-b49c0cc26680'), char_to_uuid('d0db6edb-6cdc-4671-8bc2-00f1c808e188'), VRSN_SEQ_ID, char_to_uuid('2c4dafc2-566a-41ae-9ebc-3097d7d22f4a') FROM CD_VRSN_TBL WHERE CD_ID = char_to_uuid('d0db6edb-6cdc-4671-8bc2-00f1c808e188') AND OBSLT_UTC IS NULL;--#!
INSERT INTO REF_TERM_NAME_TBL (REF_TERM_NAME_ID, REF_TERM_ID, LANG_CS, TERM_NAME, CRT_PROV_ID, PHON_ALG_ID) VALUES( gen_uuid(),char_to_uuid('5a8c4e15-348b-4d0d-b71a-b49c0cc26680'), 'en', 'Direct', char_to_uuid('fadca076-3690-4a6e-af9e-f1cd68e8c7e8'), char_to_uuid('402CD339-D0E4-46CE-8FC2-12A4B0E17226'));--#!
INSERT INTO CD_NAME_TBL(NAME_ID, CD_ID, EFFT_VRSN_SEQ_ID, LANG_CS, VAL, PHON_ALG_ID) SELECT gen_uuid(), char_to_uuid('d0db6edb-6cdc-4671-8bc2-00f1c808e188'), VRSN_SEQ_ID, 'en', 'Direct', char_to_uuid('402CD339-D0E4-46CE-8FC2-12A4B0E17226') FROM CD_VRSN_TBL WHERE CD_ID = char_to_uuid('d0db6edb-6cdc-4671-8bc2-00f1c808e188') AND OBSLT_UTC IS NULL;--#!
INSERT INTO CD_TBL VALUES(char_to_uuid('ec35ea7c-55d2-4619-a56b-f7a986412f7f'),TRUE);--#!
INSERT INTO CD_VRSN_TBL (CD_VRSN_ID, CD_ID, STS_CD_ID, CRT_PROV_ID, MNEMONIC, CLS_ID) VALUES (gen_uuid(), char_to_uuid('ec35ea7c-55d2-4619-a56b-f7a986412f7f'), char_to_uuid('c8064cbd-fa06-4530-b430-1a52f1530c27'), char_to_uuid('fadca076-3690-4a6e-af9e-f1cd68e8c7e8'), 'Public', char_to_uuid('0d6b3439-c9be-4480-af39-eeb457c052d0'));--#!
INSERT INTO REF_TERM_TBL(REF_TERM_ID, CS_ID, MNEMONIC, CRT_PROV_ID)  VALUES(char_to_uuid('30c4cd73-e808-465c-87fb-812f0428efac'), char_to_uuid('0c4d091e-8701-4953-b16d-b8ca8e85de46'), 'PUB', char_to_uuid('fadca076-3690-4a6e-af9e-f1cd68e8c7e8'));--#!
INSERT INTO CD_REF_TERM_ASSOC_TBL(CD_REF_TERM_ID, REF_TERM_ID,  CD_ID, EFFT_VRSN_SEQ_ID, REL_TYP_ID) SELECT gen_uuid(), char_to_uuid('30c4cd73-e808-465c-87fb-812f0428efac'), char_to_uuid('ec35ea7c-55d2-4619-a56b-f7a986412f7f'), VRSN_SEQ_ID, char_to_uuid('2c4dafc2-566a-41ae-9ebc-3097d7d22f4a') FROM CD_VRSN_TBL WHERE CD_ID = char_to_uuid('ec35ea7c-55d2-4619-a56b-f7a986412f7f') AND OBSLT_UTC IS NULL;--#!
INSERT INTO REF_TERM_NAME_TBL (REF_TERM_NAME_ID, REF_TERM_ID, LANG_CS, TERM_NAME, CRT_PROV_ID, PHON_ALG_ID) VALUES( gen_uuid(),char_to_uuid('30c4cd73-e808-465c-87fb-812f0428efac'), 'en', 'Public', char_to_uuid('fadca076-3690-4a6e-af9e-f1cd68e8c7e8'), char_to_uuid('402CD339-D0E4-46CE-8FC2-12A4B0E17226'));--#!
INSERT INTO CD_NAME_TBL(NAME_ID, CD_ID, EFFT_VRSN_SEQ_ID, LANG_CS, VAL, PHON_ALG_ID) SELECT gen_uuid(), char_to_uuid('ec35ea7c-55d2-4619-a56b-f7a986412f7f'), VRSN_SEQ_ID, 'en', 'Public', char_to_uuid('402CD339-D0E4-46CE-8FC2-12A4B0E17226') FROM CD_VRSN_TBL WHERE CD_ID = char_to_uuid('ec35ea7c-55d2-4619-a56b-f7a986412f7f') AND OBSLT_UTC IS NULL;--#!
INSERT INTO CD_TBL VALUES(char_to_uuid('f3132fc0-aadd-40b7-b875-961c40695389'),TRUE);--#!
INSERT INTO CD_VRSN_TBL (CD_VRSN_ID, CD_ID, STS_CD_ID, CRT_PROV_ID, MNEMONIC, CLS_ID) VALUES (gen_uuid(), char_to_uuid('f3132fc0-aadd-40b7-b875-961c40695389'), char_to_uuid('c8064cbd-fa06-4530-b430-1a52f1530c27'), char_to_uuid('fadca076-3690-4a6e-af9e-f1cd68e8c7e8'), 'BadAddress', char_to_uuid('0d6b3439-c9be-4480-af39-eeb457c052d0'));--#!
INSERT INTO REF_TERM_TBL(REF_TERM_ID, CS_ID, MNEMONIC, CRT_PROV_ID)  VALUES(char_to_uuid('5d13cef8-403a-41c3-a274-0c2c0eead23e'), char_to_uuid('0c4d091e-8701-4953-b16d-b8ca8e85de46'), 'BAD', char_to_uuid('fadca076-3690-4a6e-af9e-f1cd68e8c7e8'));--#!
INSERT INTO CD_REF_TERM_ASSOC_TBL(CD_REF_TERM_ID, REF_TERM_ID,  CD_ID, EFFT_VRSN_SEQ_ID, REL_TYP_ID) SELECT gen_uuid(), char_to_uuid('5d13cef8-403a-41c3-a274-0c2c0eead23e'), char_to_uuid('f3132fc0-aadd-40b7-b875-961c40695389'), VRSN_SEQ_ID, char_to_uuid('2c4dafc2-566a-41ae-9ebc-3097d7d22f4a') FROM CD_VRSN_TBL WHERE CD_ID = char_to_uuid('f3132fc0-aadd-40b7-b875-961c40695389') AND OBSLT_UTC IS NULL;--#!
INSERT INTO REF_TERM_NAME_TBL (REF_TERM_NAME_ID, REF_TERM_ID, LANG_CS, TERM_NAME, CRT_PROV_ID, PHON_ALG_ID) VALUES( gen_uuid(),char_to_uuid('5d13cef8-403a-41c3-a274-0c2c0eead23e'), 'en', 'BadAddress', char_to_uuid('fadca076-3690-4a6e-af9e-f1cd68e8c7e8'), char_to_uuid('402CD339-D0E4-46CE-8FC2-12A4B0E17226'));--#!
INSERT INTO CD_NAME_TBL(NAME_ID, CD_ID, EFFT_VRSN_SEQ_ID, LANG_CS, VAL, PHON_ALG_ID) SELECT gen_uuid(), char_to_uuid('f3132fc0-aadd-40b7-b875-961c40695389'), VRSN_SEQ_ID, 'en', 'BadAddress', char_to_uuid('402CD339-D0E4-46CE-8FC2-12A4B0E17226') FROM CD_VRSN_TBL WHERE CD_ID = char_to_uuid('f3132fc0-aadd-40b7-b875-961c40695389') AND OBSLT_UTC IS NULL;--#!
INSERT INTO CD_TBL VALUES(char_to_uuid('5724a9b6-24b6-43b7-8075-7a0d61fcb814'),TRUE);--#!
INSERT INTO CD_VRSN_TBL (CD_VRSN_ID, CD_ID, STS_CD_ID, CRT_PROV_ID, MNEMONIC, CLS_ID) VALUES (gen_uuid(), char_to_uuid('5724a9b6-24b6-43b7-8075-7a0d61fcb814'), char_to_uuid('c8064cbd-fa06-4530-b430-1a52f1530c27'), char_to_uuid('fadca076-3690-4a6e-af9e-f1cd68e8c7e8'), 'PhysicalVisit', char_to_uuid('0d6b3439-c9be-4480-af39-eeb457c052d0'));--#!
INSERT INTO REF_TERM_TBL(REF_TERM_ID, CS_ID, MNEMONIC, CRT_PROV_ID)  VALUES(char_to_uuid('4c3cbe50-f4e0-49f5-af08-4420998cf6ea'), char_to_uuid('0c4d091e-8701-4953-b16d-b8ca8e85de46'), 'PHYS', char_to_uuid('fadca076-3690-4a6e-af9e-f1cd68e8c7e8'));--#!
INSERT INTO CD_REF_TERM_ASSOC_TBL(CD_REF_TERM_ID, REF_TERM_ID,  CD_ID, EFFT_VRSN_SEQ_ID, REL_TYP_ID) SELECT gen_uuid(), char_to_uuid('4c3cbe50-f4e0-49f5-af08-4420998cf6ea'), char_to_uuid('5724a9b6-24b6-43b7-8075-7a0d61fcb814'), VRSN_SEQ_ID, char_to_uuid('2c4dafc2-566a-41ae-9ebc-3097d7d22f4a') FROM CD_VRSN_TBL WHERE CD_ID = char_to_uuid('5724a9b6-24b6-43b7-8075-7a0d61fcb814') AND OBSLT_UTC IS NULL;--#!
INSERT INTO REF_TERM_NAME_TBL (REF_TERM_NAME_ID, REF_TERM_ID, LANG_CS, TERM_NAME, CRT_PROV_ID, PHON_ALG_ID) VALUES( gen_uuid(),char_to_uuid('4c3cbe50-f4e0-49f5-af08-4420998cf6ea'), 'en', 'PhysicalVisit', char_to_uuid('fadca076-3690-4a6e-af9e-f1cd68e8c7e8'), char_to_uuid('402CD339-D0E4-46CE-8FC2-12A4B0E17226'));--#!
INSERT INTO CD_NAME_TBL(NAME_ID, CD_ID, EFFT_VRSN_SEQ_ID, LANG_CS, VAL, PHON_ALG_ID) SELECT gen_uuid(), char_to_uuid('5724a9b6-24b6-43b7-8075-7a0d61fcb814'), VRSN_SEQ_ID, 'en', 'PhysicalVisit', char_to_uuid('402CD339-D0E4-46CE-8FC2-12A4B0E17226') FROM CD_VRSN_TBL WHERE CD_ID = char_to_uuid('5724a9b6-24b6-43b7-8075-7a0d61fcb814') AND OBSLT_UTC IS NULL;--#!
INSERT INTO CD_TBL VALUES(char_to_uuid('7246e98d-20c6-4ae6-85ad-4aa09649feb7'),TRUE);--#!
INSERT INTO CD_VRSN_TBL (CD_VRSN_ID, CD_ID, STS_CD_ID, CRT_PROV_ID, MNEMONIC, CLS_ID) VALUES (gen_uuid(), char_to_uuid('7246e98d-20c6-4ae6-85ad-4aa09649feb7'), char_to_uuid('c8064cbd-fa06-4530-b430-1a52f1530c27'), char_to_uuid('fadca076-3690-4a6e-af9e-f1cd68e8c7e8'), 'PostalAddress', char_to_uuid('0d6b3439-c9be-4480-af39-eeb457c052d0'));--#!
INSERT INTO REF_TERM_TBL(REF_TERM_ID, CS_ID, MNEMONIC, CRT_PROV_ID)  VALUES(char_to_uuid('ced1b8ea-72f9-4fbc-a372-b3535d00f449'), char_to_uuid('0c4d091e-8701-4953-b16d-b8ca8e85de46'), 'PST', char_to_uuid('fadca076-3690-4a6e-af9e-f1cd68e8c7e8'));--#!
INSERT INTO CD_REF_TERM_ASSOC_TBL(CD_REF_TERM_ID, REF_TERM_ID,  CD_ID, EFFT_VRSN_SEQ_ID, REL_TYP_ID) SELECT gen_uuid(), char_to_uuid('ced1b8ea-72f9-4fbc-a372-b3535d00f449'), char_to_uuid('7246e98d-20c6-4ae6-85ad-4aa09649feb7'), VRSN_SEQ_ID, char_to_uuid('2c4dafc2-566a-41ae-9ebc-3097d7d22f4a') FROM CD_VRSN_TBL WHERE CD_ID = char_to_uuid('7246e98d-20c6-4ae6-85ad-4aa09649feb7') AND OBSLT_UTC IS NULL;--#!
INSERT INTO REF_TERM_NAME_TBL (REF_TERM_NAME_ID, REF_TERM_ID, LANG_CS, TERM_NAME, CRT_PROV_ID, PHON_ALG_ID) VALUES( gen_uuid(),char_to_uuid('ced1b8ea-72f9-4fbc-a372-b3535d00f449'), 'en', 'PostalAddress', char_to_uuid('fadca076-3690-4a6e-af9e-f1cd68e8c7e8'), char_to_uuid('402CD339-D0E4-46CE-8FC2-12A4B0E17226'));--#!
INSERT INTO CD_NAME_TBL(NAME_ID, CD_ID, EFFT_VRSN_SEQ_ID, LANG_CS, VAL, PHON_ALG_ID) SELECT gen_uuid(), char_to_uuid('7246e98d-20c6-4ae6-85ad-4aa09649feb7'), VRSN_SEQ_ID, 'en', 'PostalAddress', char_to_uuid('402CD339-D0E4-46CE-8FC2-12A4B0E17226') FROM CD_VRSN_TBL WHERE CD_ID = char_to_uuid('7246e98d-20c6-4ae6-85ad-4aa09649feb7') AND OBSLT_UTC IS NULL;--#!
INSERT INTO CD_TBL VALUES(char_to_uuid('cef6ea31-a097-4f59-8723-a38c727c6597'),TRUE);--#!
INSERT INTO CD_VRSN_TBL (CD_VRSN_ID, CD_ID, STS_CD_ID, CRT_PROV_ID, MNEMONIC, CLS_ID) VALUES (gen_uuid(), char_to_uuid('cef6ea31-a097-4f59-8723-a38c727c6597'), char_to_uuid('c8064cbd-fa06-4530-b430-1a52f1530c27'), char_to_uuid('fadca076-3690-4a6e-af9e-f1cd68e8c7e8'), 'TemporaryAddress', char_to_uuid('0d6b3439-c9be-4480-af39-eeb457c052d0'));--#!
INSERT INTO REF_TERM_TBL(REF_TERM_ID, CS_ID, MNEMONIC, CRT_PROV_ID)  VALUES(char_to_uuid('ac7da8f9-7830-483c-adc0-b6f6836c88a0'), char_to_uuid('0c4d091e-8701-4953-b16d-b8ca8e85de46'), 'TMP', char_to_uuid('fadca076-3690-4a6e-af9e-f1cd68e8c7e8'));--#!
INSERT INTO CD_REF_TERM_ASSOC_TBL(CD_REF_TERM_ID, REF_TERM_ID,  CD_ID, EFFT_VRSN_SEQ_ID, REL_TYP_ID) SELECT gen_uuid(), char_to_uuid('ac7da8f9-7830-483c-adc0-b6f6836c88a0'), char_to_uuid('cef6ea31-a097-4f59-8723-a38c727c6597'), VRSN_SEQ_ID, char_to_uuid('2c4dafc2-566a-41ae-9ebc-3097d7d22f4a') FROM CD_VRSN_TBL WHERE CD_ID = char_to_uuid('cef6ea31-a097-4f59-8723-a38c727c6597') AND OBSLT_UTC IS NULL;--#!
INSERT INTO REF_TERM_NAME_TBL (REF_TERM_NAME_ID, REF_TERM_ID, LANG_CS, TERM_NAME, CRT_PROV_ID, PHON_ALG_ID) VALUES( gen_uuid(),char_to_uuid('ac7da8f9-7830-483c-adc0-b6f6836c88a0'), 'en', 'TemporaryAddress', char_to_uuid('fadca076-3690-4a6e-af9e-f1cd68e8c7e8'), char_to_uuid('402CD339-D0E4-46CE-8FC2-12A4B0E17226'));--#!
INSERT INTO CD_NAME_TBL(NAME_ID, CD_ID, EFFT_VRSN_SEQ_ID, LANG_CS, VAL, PHON_ALG_ID) SELECT gen_uuid(), char_to_uuid('cef6ea31-a097-4f59-8723-a38c727c6597'), VRSN_SEQ_ID, 'en', 'TemporaryAddress', char_to_uuid('402CD339-D0E4-46CE-8FC2-12A4B0E17226') FROM CD_VRSN_TBL WHERE CD_ID = char_to_uuid('cef6ea31-a097-4f59-8723-a38c727c6597') AND OBSLT_UTC IS NULL;--#!
INSERT INTO REF_TERM_TBL(REF_TERM_ID, CS_ID, MNEMONIC, CRT_PROV_ID)  VALUES(char_to_uuid('649d73dc-8bcd-46b3-99ef-238deb53a32e'), char_to_uuid('0c4d091e-8701-4953-b16d-b8ca8e85de46'), 'ABC', char_to_uuid('fadca076-3690-4a6e-af9e-f1cd68e8c7e8'));--#!
INSERT INTO CD_REF_TERM_ASSOC_TBL(CD_REF_TERM_ID, REF_TERM_ID,  CD_ID, EFFT_VRSN_SEQ_ID, REL_TYP_ID) SELECT gen_uuid(), char_to_uuid('649d73dc-8bcd-46b3-99ef-238deb53a32e'), char_to_uuid('71D1C07C-6EE6-4240-8A95-19F96583512E'), VRSN_SEQ_ID, char_to_uuid('2c4dafc2-566a-41ae-9ebc-3097d7d22f4a') FROM CD_VRSN_TBL WHERE CD_ID = char_to_uuid('71D1C07C-6EE6-4240-8A95-19F96583512E') AND OBSLT_UTC IS NULL;--#!
INSERT INTO REF_TERM_NAME_TBL (REF_TERM_NAME_ID, REF_TERM_ID, LANG_CS, TERM_NAME, CRT_PROV_ID, PHON_ALG_ID) VALUES( gen_uuid(),char_to_uuid('649d73dc-8bcd-46b3-99ef-238deb53a32e'), 'en', 'Alphabetic', char_to_uuid('fadca076-3690-4a6e-af9e-f1cd68e8c7e8'), char_to_uuid('402CD339-D0E4-46CE-8FC2-12A4B0E17226'));--#!
INSERT INTO REF_TERM_TBL(REF_TERM_ID, CS_ID, MNEMONIC, CRT_PROV_ID)  VALUES(char_to_uuid('3c870b22-0359-44eb-aceb-48429bfb22fd'), char_to_uuid('0c4d091e-8701-4953-b16d-b8ca8e85de46'), 'IDE', char_to_uuid('fadca076-3690-4a6e-af9e-f1cd68e8c7e8'));--#!
INSERT INTO CD_REF_TERM_ASSOC_TBL(CD_REF_TERM_ID, REF_TERM_ID,  CD_ID, EFFT_VRSN_SEQ_ID, REL_TYP_ID) SELECT gen_uuid(), char_to_uuid('3c870b22-0359-44eb-aceb-48429bfb22fd'), char_to_uuid('09000479-4672-44F8-BB4A-72FB25F7356A'), VRSN_SEQ_ID, char_to_uuid('2c4dafc2-566a-41ae-9ebc-3097d7d22f4a') FROM CD_VRSN_TBL WHERE CD_ID = char_to_uuid('09000479-4672-44F8-BB4A-72FB25F7356A') AND OBSLT_UTC IS NULL;--#!
INSERT INTO REF_TERM_NAME_TBL (REF_TERM_NAME_ID, REF_TERM_ID, LANG_CS, TERM_NAME, CRT_PROV_ID, PHON_ALG_ID) VALUES( gen_uuid(),char_to_uuid('3c870b22-0359-44eb-aceb-48429bfb22fd'), 'en', 'Ideographic', char_to_uuid('fadca076-3690-4a6e-af9e-f1cd68e8c7e8'), char_to_uuid('402CD339-D0E4-46CE-8FC2-12A4B0E17226'));--#!
INSERT INTO CD_NAME_TBL(NAME_ID, CD_ID, EFFT_VRSN_SEQ_ID, LANG_CS, VAL, PHON_ALG_ID) SELECT gen_uuid(), char_to_uuid('09000479-4672-44F8-BB4A-72FB25F7356A'), VRSN_SEQ_ID, 'en', 'Ideographic', char_to_uuid('402CD339-D0E4-46CE-8FC2-12A4B0E17226') FROM CD_VRSN_TBL WHERE CD_ID = char_to_uuid('09000479-4672-44F8-BB4A-72FB25F7356A') AND OBSLT_UTC IS NULL;--#!
INSERT INTO REF_TERM_TBL(REF_TERM_ID, CS_ID, MNEMONIC, CRT_PROV_ID)  VALUES(char_to_uuid('4a55ce8a-b854-4061-bf5c-b0e830c9ae50'), char_to_uuid('0c4d091e-8701-4953-b16d-b8ca8e85de46'), 'SYL', char_to_uuid('fadca076-3690-4a6e-af9e-f1cd68e8c7e8'));--#!
INSERT INTO CD_REF_TERM_ASSOC_TBL(CD_REF_TERM_ID, REF_TERM_ID,  CD_ID, EFFT_VRSN_SEQ_ID, REL_TYP_ID) SELECT gen_uuid(), char_to_uuid('4a55ce8a-b854-4061-bf5c-b0e830c9ae50'), char_to_uuid('B4CA3BF0-A7FC-44F3-87D5-E126BEDA93FF'), VRSN_SEQ_ID, char_to_uuid('2c4dafc2-566a-41ae-9ebc-3097d7d22f4a') FROM CD_VRSN_TBL WHERE CD_ID = char_to_uuid('B4CA3BF0-A7FC-44F3-87D5-E126BEDA93FF') AND OBSLT_UTC IS NULL;--#!
INSERT INTO REF_TERM_NAME_TBL (REF_TERM_NAME_ID, REF_TERM_ID, LANG_CS, TERM_NAME, CRT_PROV_ID, PHON_ALG_ID) VALUES( gen_uuid(),char_to_uuid('4a55ce8a-b854-4061-bf5c-b0e830c9ae50'), 'en', 'Syllabic', char_to_uuid('fadca076-3690-4a6e-af9e-f1cd68e8c7e8'), char_to_uuid('402CD339-D0E4-46CE-8FC2-12A4B0E17226'));--#!
INSERT INTO CD_NAME_TBL(NAME_ID, CD_ID, EFFT_VRSN_SEQ_ID, LANG_CS, VAL, PHON_ALG_ID) SELECT gen_uuid(), char_to_uuid('B4CA3BF0-A7FC-44F3-87D5-E126BEDA93FF'), VRSN_SEQ_ID, 'en', 'Syllabic', char_to_uuid('402CD339-D0E4-46CE-8FC2-12A4B0E17226') FROM CD_VRSN_TBL WHERE CD_ID = char_to_uuid('B4CA3BF0-A7FC-44F3-87D5-E126BEDA93FF') AND OBSLT_UTC IS NULL;--#!
INSERT INTO REF_TERM_TBL(REF_TERM_ID, CS_ID, MNEMONIC, CRT_PROV_ID)  VALUES(char_to_uuid('e3298844-5739-4c5b-bb17-0447b7233ab1'), char_to_uuid('0c4d091e-8701-4953-b16d-b8ca8e85de46'), 'SNDX', char_to_uuid('fadca076-3690-4a6e-af9e-f1cd68e8c7e8'));--#!
INSERT INTO CD_REF_TERM_ASSOC_TBL(CD_REF_TERM_ID, REF_TERM_ID,  CD_ID, EFFT_VRSN_SEQ_ID, REL_TYP_ID) SELECT gen_uuid(), char_to_uuid('e3298844-5739-4c5b-bb17-0447b7233ab1'), char_to_uuid('E5794E3B-3025-436F-9417-5886FEEAD55A'), VRSN_SEQ_ID, char_to_uuid('2c4dafc2-566a-41ae-9ebc-3097d7d22f4a') FROM CD_VRSN_TBL WHERE CD_ID = char_to_uuid('E5794E3B-3025-436F-9417-5886FEEAD55A') AND OBSLT_UTC IS NULL;--#!
INSERT INTO REF_TERM_NAME_TBL (REF_TERM_NAME_ID, REF_TERM_ID, LANG_CS, TERM_NAME, CRT_PROV_ID, PHON_ALG_ID) VALUES( gen_uuid(),char_to_uuid('e3298844-5739-4c5b-bb17-0447b7233ab1'), 'en', 'Soundex', char_to_uuid('fadca076-3690-4a6e-af9e-f1cd68e8c7e8'), char_to_uuid('402CD339-D0E4-46CE-8FC2-12A4B0E17226'));--#!
INSERT INTO CD_NAME_TBL(NAME_ID, CD_ID, EFFT_VRSN_SEQ_ID, LANG_CS, VAL, PHON_ALG_ID) SELECT gen_uuid(), char_to_uuid('E5794E3B-3025-436F-9417-5886FEEAD55A'), VRSN_SEQ_ID, 'en', 'Soundex', char_to_uuid('402CD339-D0E4-46CE-8FC2-12A4B0E17226') FROM CD_VRSN_TBL WHERE CD_ID = char_to_uuid('E5794E3B-3025-436F-9417-5886FEEAD55A') AND OBSLT_UTC IS NULL;--#!
INSERT INTO REF_TERM_TBL(REF_TERM_ID, CS_ID, MNEMONIC, CRT_PROV_ID)  VALUES(char_to_uuid('38a893ed-9898-4a69-817e-b23cd14ff430'), char_to_uuid('0c4d091e-8701-4953-b16d-b8ca8e85de46'), 'PHON', char_to_uuid('fadca076-3690-4a6e-af9e-f1cd68e8c7e8'));--#!
INSERT INTO CD_REF_TERM_ASSOC_TBL(CD_REF_TERM_ID, REF_TERM_ID,  CD_ID, EFFT_VRSN_SEQ_ID, REL_TYP_ID) SELECT gen_uuid(), char_to_uuid('38a893ed-9898-4a69-817e-b23cd14ff430'), char_to_uuid('2B085D38-3308-4664-9F89-48D8EF4DABA7'), VRSN_SEQ_ID, char_to_uuid('2c4dafc2-566a-41ae-9ebc-3097d7d22f4a') FROM CD_VRSN_TBL WHERE CD_ID = char_to_uuid('2B085D38-3308-4664-9F89-48D8EF4DABA7') AND OBSLT_UTC IS NULL;--#!
INSERT INTO REF_TERM_NAME_TBL (REF_TERM_NAME_ID, REF_TERM_ID, LANG_CS, TERM_NAME, CRT_PROV_ID, PHON_ALG_ID) VALUES( gen_uuid(),char_to_uuid('38a893ed-9898-4a69-817e-b23cd14ff430'), 'en', 'Phonetic', char_to_uuid('fadca076-3690-4a6e-af9e-f1cd68e8c7e8'), char_to_uuid('402CD339-D0E4-46CE-8FC2-12A4B0E17226'));--#!
INSERT INTO CD_NAME_TBL(NAME_ID, CD_ID, EFFT_VRSN_SEQ_ID, LANG_CS, VAL, PHON_ALG_ID) SELECT gen_uuid(), char_to_uuid('2B085D38-3308-4664-9F89-48D8EF4DABA7'), VRSN_SEQ_ID, 'en', 'Phonetic', char_to_uuid('402CD339-D0E4-46CE-8FC2-12A4B0E17226') FROM CD_VRSN_TBL WHERE CD_ID = char_to_uuid('2B085D38-3308-4664-9F89-48D8EF4DABA7') AND OBSLT_UTC IS NULL;--#!
INSERT INTO CD_SYS_TBL (CS_ID, DOMAIN, OID, CRT_PROV_ID, URL)  VALUES (char_to_uuid('6b20d99c-c075-4ccd-a999-8371e7132e7d'),'EntityNamePartType','2.16.840.1.113883.5.1121',char_to_uuid('fadca076-3690-4a6e-af9e-f1cd68e8c7e8'),'http://santedb.org/conceptset/v3-EntityNamePartType');--#!
INSERT INTO CD_TBL VALUES(char_to_uuid('29b98455-ed61-49f8-a161-2d73363e1df0'),TRUE);--#!
INSERT INTO CD_VRSN_TBL (CD_VRSN_ID, CD_ID, STS_CD_ID, CRT_PROV_ID, MNEMONIC, CLS_ID) VALUES (gen_uuid(), char_to_uuid('29b98455-ed61-49f8-a161-2d73363e1df0'), char_to_uuid('c8064cbd-fa06-4530-b430-1a52f1530c27'), char_to_uuid('fadca076-3690-4a6e-af9e-f1cd68e8c7e8'), 'Family', char_to_uuid('0d6b3439-c9be-4480-af39-eeb457c052d0'));--#!
INSERT INTO REF_TERM_TBL(REF_TERM_ID, CS_ID, MNEMONIC, CRT_PROV_ID)  VALUES(char_to_uuid('84bf1a1c-88ca-4478-a04a-69715d76e8a5'), char_to_uuid('6b20d99c-c075-4ccd-a999-8371e7132e7d'), 'FAM', char_to_uuid('fadca076-3690-4a6e-af9e-f1cd68e8c7e8'));--#!
INSERT INTO CD_REF_TERM_ASSOC_TBL(CD_REF_TERM_ID, REF_TERM_ID,  CD_ID, EFFT_VRSN_SEQ_ID, REL_TYP_ID) SELECT gen_uuid(), char_to_uuid('84bf1a1c-88ca-4478-a04a-69715d76e8a5'), char_to_uuid('29b98455-ed61-49f8-a161-2d73363e1df0'), VRSN_SEQ_ID, char_to_uuid('2c4dafc2-566a-41ae-9ebc-3097d7d22f4a') FROM CD_VRSN_TBL WHERE CD_ID = char_to_uuid('29b98455-ed61-49f8-a161-2d73363e1df0') AND OBSLT_UTC IS NULL;--#!
INSERT INTO REF_TERM_NAME_TBL (REF_TERM_NAME_ID, REF_TERM_ID, LANG_CS, TERM_NAME, CRT_PROV_ID, PHON_ALG_ID) VALUES( gen_uuid(),char_to_uuid('84bf1a1c-88ca-4478-a04a-69715d76e8a5'), 'en', 'Family', char_to_uuid('fadca076-3690-4a6e-af9e-f1cd68e8c7e8'), char_to_uuid('402CD339-D0E4-46CE-8FC2-12A4B0E17226'));--#!
INSERT INTO CD_NAME_TBL(NAME_ID, CD_ID, EFFT_VRSN_SEQ_ID, LANG_CS, VAL, PHON_ALG_ID) SELECT gen_uuid(), char_to_uuid('29b98455-ed61-49f8-a161-2d73363e1df0'), VRSN_SEQ_ID, 'en', 'Family', char_to_uuid('402CD339-D0E4-46CE-8FC2-12A4B0E17226') FROM CD_VRSN_TBL WHERE CD_ID = char_to_uuid('29b98455-ed61-49f8-a161-2d73363e1df0') AND OBSLT_UTC IS NULL;--#!
INSERT INTO CD_TBL VALUES(char_to_uuid('2f64bde2-a696-4b0a-9690-b21ebd7e5092'),TRUE);--#!
INSERT INTO CD_VRSN_TBL (CD_VRSN_ID, CD_ID, STS_CD_ID, CRT_PROV_ID, MNEMONIC, CLS_ID) VALUES (gen_uuid(), char_to_uuid('2f64bde2-a696-4b0a-9690-b21ebd7e5092'), char_to_uuid('c8064cbd-fa06-4530-b430-1a52f1530c27'), char_to_uuid('fadca076-3690-4a6e-af9e-f1cd68e8c7e8'), 'Given', char_to_uuid('0d6b3439-c9be-4480-af39-eeb457c052d0'));--#!
INSERT INTO REF_TERM_TBL(REF_TERM_ID, CS_ID, MNEMONIC, CRT_PROV_ID)  VALUES(char_to_uuid('252ce55c-9983-4bf9-9b33-6b6a4d928094'), char_to_uuid('6b20d99c-c075-4ccd-a999-8371e7132e7d'), 'GIV', char_to_uuid('fadca076-3690-4a6e-af9e-f1cd68e8c7e8'));--#!
INSERT INTO CD_REF_TERM_ASSOC_TBL(CD_REF_TERM_ID, REF_TERM_ID,  CD_ID, EFFT_VRSN_SEQ_ID, REL_TYP_ID) SELECT gen_uuid(), char_to_uuid('252ce55c-9983-4bf9-9b33-6b6a4d928094'), char_to_uuid('2f64bde2-a696-4b0a-9690-b21ebd7e5092'), VRSN_SEQ_ID, char_to_uuid('2c4dafc2-566a-41ae-9ebc-3097d7d22f4a') FROM CD_VRSN_TBL WHERE CD_ID = char_to_uuid('2f64bde2-a696-4b0a-9690-b21ebd7e5092') AND OBSLT_UTC IS NULL;--#!
INSERT INTO REF_TERM_NAME_TBL (REF_TERM_NAME_ID, REF_TERM_ID, LANG_CS, TERM_NAME, CRT_PROV_ID, PHON_ALG_ID) VALUES( gen_uuid(),char_to_uuid('252ce55c-9983-4bf9-9b33-6b6a4d928094'), 'en', 'Given', char_to_uuid('fadca076-3690-4a6e-af9e-f1cd68e8c7e8'), char_to_uuid('402CD339-D0E4-46CE-8FC2-12A4B0E17226'));--#!
INSERT INTO CD_NAME_TBL(NAME_ID, CD_ID, EFFT_VRSN_SEQ_ID, LANG_CS, VAL, PHON_ALG_ID) SELECT gen_uuid(), char_to_uuid('2f64bde2-a696-4b0a-9690-b21ebd7e5092'), VRSN_SEQ_ID, 'en', 'Given', char_to_uuid('402CD339-D0E4-46CE-8FC2-12A4B0E17226') FROM CD_VRSN_TBL WHERE CD_ID = char_to_uuid('2f64bde2-a696-4b0a-9690-b21ebd7e5092') AND OBSLT_UTC IS NULL;--#!
INSERT INTO CD_TBL VALUES(char_to_uuid('a787187b-6be4-401e-8836-97fc000c5d16'),TRUE);--#!
INSERT INTO CD_VRSN_TBL (CD_VRSN_ID, CD_ID, STS_CD_ID, CRT_PROV_ID, MNEMONIC, CLS_ID) VALUES (gen_uuid(), char_to_uuid('a787187b-6be4-401e-8836-97fc000c5d16'), char_to_uuid('c8064cbd-fa06-4530-b430-1a52f1530c27'), char_to_uuid('fadca076-3690-4a6e-af9e-f1cd68e8c7e8'), 'Prefix', char_to_uuid('0d6b3439-c9be-4480-af39-eeb457c052d0'));--#!
INSERT INTO REF_TERM_TBL(REF_TERM_ID, CS_ID, MNEMONIC, CRT_PROV_ID)  VALUES(char_to_uuid('71292db8-e409-4040-af80-081dfdf8b3f1'), char_to_uuid('6b20d99c-c075-4ccd-a999-8371e7132e7d'), 'PFX', char_to_uuid('fadca076-3690-4a6e-af9e-f1cd68e8c7e8'));--#!
INSERT INTO CD_REF_TERM_ASSOC_TBL(CD_REF_TERM_ID, REF_TERM_ID,  CD_ID, EFFT_VRSN_SEQ_ID, REL_TYP_ID) SELECT gen_uuid(), char_to_uuid('71292db8-e409-4040-af80-081dfdf8b3f1'), char_to_uuid('a787187b-6be4-401e-8836-97fc000c5d16'), VRSN_SEQ_ID, char_to_uuid('2c4dafc2-566a-41ae-9ebc-3097d7d22f4a') FROM CD_VRSN_TBL WHERE CD_ID = char_to_uuid('a787187b-6be4-401e-8836-97fc000c5d16') AND OBSLT_UTC IS NULL;--#!
INSERT INTO REF_TERM_NAME_TBL (REF_TERM_NAME_ID, REF_TERM_ID, LANG_CS, TERM_NAME, CRT_PROV_ID, PHON_ALG_ID) VALUES( gen_uuid(),char_to_uuid('71292db8-e409-4040-af80-081dfdf8b3f1'), 'en', 'Prefix', char_to_uuid('fadca076-3690-4a6e-af9e-f1cd68e8c7e8'), char_to_uuid('402CD339-D0E4-46CE-8FC2-12A4B0E17226'));--#!
INSERT INTO CD_NAME_TBL(NAME_ID, CD_ID, EFFT_VRSN_SEQ_ID, LANG_CS, VAL, PHON_ALG_ID) SELECT gen_uuid(), char_to_uuid('a787187b-6be4-401e-8836-97fc000c5d16'), VRSN_SEQ_ID, 'en', 'Prefix', char_to_uuid('402CD339-D0E4-46CE-8FC2-12A4B0E17226') FROM CD_VRSN_TBL WHERE CD_ID = char_to_uuid('a787187b-6be4-401e-8836-97fc000c5d16') AND OBSLT_UTC IS NULL;--#!
INSERT INTO CD_TBL VALUES(char_to_uuid('064523df-bb03-4932-9323-cdf0cc9590ba'),TRUE);--#!
INSERT INTO CD_VRSN_TBL (CD_VRSN_ID, CD_ID, STS_CD_ID, CRT_PROV_ID, MNEMONIC, CLS_ID) VALUES (gen_uuid(), char_to_uuid('064523df-bb03-4932-9323-cdf0cc9590ba'), char_to_uuid('c8064cbd-fa06-4530-b430-1a52f1530c27'), char_to_uuid('fadca076-3690-4a6e-af9e-f1cd68e8c7e8'), 'Suffix', char_to_uuid('0d6b3439-c9be-4480-af39-eeb457c052d0'));--#!
INSERT INTO REF_TERM_TBL(REF_TERM_ID, CS_ID, MNEMONIC, CRT_PROV_ID)  VALUES(char_to_uuid('8e80d277-9b46-4949-bdc1-2adf6cbe8750'), char_to_uuid('6b20d99c-c075-4ccd-a999-8371e7132e7d'), 'SFX', char_to_uuid('fadca076-3690-4a6e-af9e-f1cd68e8c7e8'));--#!
INSERT INTO CD_REF_TERM_ASSOC_TBL(CD_REF_TERM_ID, REF_TERM_ID,  CD_ID, EFFT_VRSN_SEQ_ID, REL_TYP_ID) SELECT gen_uuid(), char_to_uuid('8e80d277-9b46-4949-bdc1-2adf6cbe8750'), char_to_uuid('064523df-bb03-4932-9323-cdf0cc9590ba'), VRSN_SEQ_ID, char_to_uuid('2c4dafc2-566a-41ae-9ebc-3097d7d22f4a') FROM CD_VRSN_TBL WHERE CD_ID = char_to_uuid('064523df-bb03-4932-9323-cdf0cc9590ba') AND OBSLT_UTC IS NULL;--#!
INSERT INTO REF_TERM_NAME_TBL (REF_TERM_NAME_ID, REF_TERM_ID, LANG_CS, TERM_NAME, CRT_PROV_ID, PHON_ALG_ID) VALUES( gen_uuid(),char_to_uuid('8e80d277-9b46-4949-bdc1-2adf6cbe8750'), 'en', 'Suffix', char_to_uuid('fadca076-3690-4a6e-af9e-f1cd68e8c7e8'), char_to_uuid('402CD339-D0E4-46CE-8FC2-12A4B0E17226'));--#!
INSERT INTO CD_NAME_TBL(NAME_ID, CD_ID, EFFT_VRSN_SEQ_ID, LANG_CS, VAL, PHON_ALG_ID) SELECT gen_uuid(), char_to_uuid('064523df-bb03-4932-9323-cdf0cc9590ba'), VRSN_SEQ_ID, 'en', 'Suffix', char_to_uuid('402CD339-D0E4-46CE-8FC2-12A4B0E17226') FROM CD_VRSN_TBL WHERE CD_ID = char_to_uuid('064523df-bb03-4932-9323-cdf0cc9590ba') AND OBSLT_UTC IS NULL;--#!
INSERT INTO CD_TBL VALUES(char_to_uuid('4386d92a-d81b-4033-b968-01e57e20d5e0'),TRUE);--#!
INSERT INTO CD_VRSN_TBL (CD_VRSN_ID, CD_ID, STS_CD_ID, CRT_PROV_ID, MNEMONIC, CLS_ID) VALUES (gen_uuid(), char_to_uuid('4386d92a-d81b-4033-b968-01e57e20d5e0'), char_to_uuid('c8064cbd-fa06-4530-b430-1a52f1530c27'), char_to_uuid('fadca076-3690-4a6e-af9e-f1cd68e8c7e8'), 'Title', char_to_uuid('0d6b3439-c9be-4480-af39-eeb457c052d0'));--#!
INSERT INTO REF_TERM_TBL(REF_TERM_ID, CS_ID, MNEMONIC, CRT_PROV_ID)  VALUES(char_to_uuid('12522a68-8aab-46a4-a688-c1185b8580d6'), char_to_uuid('6b20d99c-c075-4ccd-a999-8371e7132e7d'), 'TITLE', char_to_uuid('fadca076-3690-4a6e-af9e-f1cd68e8c7e8'));--#!
INSERT INTO CD_REF_TERM_ASSOC_TBL(CD_REF_TERM_ID, REF_TERM_ID,  CD_ID, EFFT_VRSN_SEQ_ID, REL_TYP_ID) SELECT gen_uuid(), char_to_uuid('12522a68-8aab-46a4-a688-c1185b8580d6'), char_to_uuid('4386d92a-d81b-4033-b968-01e57e20d5e0'), VRSN_SEQ_ID, char_to_uuid('2c4dafc2-566a-41ae-9ebc-3097d7d22f4a') FROM CD_VRSN_TBL WHERE CD_ID = char_to_uuid('4386d92a-d81b-4033-b968-01e57e20d5e0') AND OBSLT_UTC IS NULL;--#!
INSERT INTO REF_TERM_NAME_TBL (REF_TERM_NAME_ID, REF_TERM_ID, LANG_CS, TERM_NAME, CRT_PROV_ID, PHON_ALG_ID) VALUES( gen_uuid(),char_to_uuid('12522a68-8aab-46a4-a688-c1185b8580d6'), 'en', 'Title', char_to_uuid('fadca076-3690-4a6e-af9e-f1cd68e8c7e8'), char_to_uuid('402CD339-D0E4-46CE-8FC2-12A4B0E17226'));--#!
INSERT INTO CD_NAME_TBL(NAME_ID, CD_ID, EFFT_VRSN_SEQ_ID, LANG_CS, VAL, PHON_ALG_ID) SELECT gen_uuid(), char_to_uuid('4386d92a-d81b-4033-b968-01e57e20d5e0'), VRSN_SEQ_ID, 'en', 'Title', char_to_uuid('402CD339-D0E4-46CE-8FC2-12A4B0E17226') FROM CD_VRSN_TBL WHERE CD_ID = char_to_uuid('4386d92a-d81b-4033-b968-01e57e20d5e0') AND OBSLT_UTC IS NULL;--#!
INSERT INTO CD_TBL VALUES(char_to_uuid('4c6b9519-a493-44a9-80e6-32d85109b04b'),TRUE);--#!
INSERT INTO CD_VRSN_TBL (CD_VRSN_ID, CD_ID, STS_CD_ID, CRT_PROV_ID, MNEMONIC, CLS_ID) VALUES (gen_uuid(), char_to_uuid('4c6b9519-a493-44a9-80e6-32d85109b04b'), char_to_uuid('c8064cbd-fa06-4530-b430-1a52f1530c27'), char_to_uuid('fadca076-3690-4a6e-af9e-f1cd68e8c7e8'), 'Delimiter', char_to_uuid('0d6b3439-c9be-4480-af39-eeb457c052d0'));--#!
INSERT INTO REF_TERM_TBL(REF_TERM_ID, CS_ID, MNEMONIC, CRT_PROV_ID)  VALUES(char_to_uuid('c0039ec8-5135-4f95-bd36-9460e2709ec8'), char_to_uuid('6b20d99c-c075-4ccd-a999-8371e7132e7d'), 'DEL', char_to_uuid('fadca076-3690-4a6e-af9e-f1cd68e8c7e8'));--#!
INSERT INTO CD_REF_TERM_ASSOC_TBL(CD_REF_TERM_ID, REF_TERM_ID,  CD_ID, EFFT_VRSN_SEQ_ID, REL_TYP_ID) SELECT gen_uuid(), char_to_uuid('c0039ec8-5135-4f95-bd36-9460e2709ec8'), char_to_uuid('4c6b9519-a493-44a9-80e6-32d85109b04b'), VRSN_SEQ_ID, char_to_uuid('2c4dafc2-566a-41ae-9ebc-3097d7d22f4a') FROM CD_VRSN_TBL WHERE CD_ID = char_to_uuid('4c6b9519-a493-44a9-80e6-32d85109b04b') AND OBSLT_UTC IS NULL;--#!
INSERT INTO REF_TERM_NAME_TBL (REF_TERM_NAME_ID, REF_TERM_ID, LANG_CS, TERM_NAME, CRT_PROV_ID, PHON_ALG_ID) VALUES( gen_uuid(),char_to_uuid('c0039ec8-5135-4f95-bd36-9460e2709ec8'), 'en', 'Delimiter', char_to_uuid('fadca076-3690-4a6e-af9e-f1cd68e8c7e8'), char_to_uuid('402CD339-D0E4-46CE-8FC2-12A4B0E17226'));--#!
INSERT INTO CD_NAME_TBL(NAME_ID, CD_ID, EFFT_VRSN_SEQ_ID, LANG_CS, VAL, PHON_ALG_ID) SELECT gen_uuid(), char_to_uuid('4c6b9519-a493-44a9-80e6-32d85109b04b'), VRSN_SEQ_ID, 'en', 'Delimiter', char_to_uuid('402CD339-D0E4-46CE-8FC2-12A4B0E17226') FROM CD_VRSN_TBL WHERE CD_ID = char_to_uuid('4c6b9519-a493-44a9-80e6-32d85109b04b') AND OBSLT_UTC IS NULL;--#!
INSERT INTO CD_SYS_TBL (CS_ID, DOMAIN, OID, CRT_PROV_ID, URL)  VALUES (char_to_uuid('20dad23d-f524-4a93-bd49-780ab3d6fd6e'),'AddressPartType','2.16.840.1.113883.5.16',char_to_uuid('fadca076-3690-4a6e-af9e-f1cd68e8c7e8'),'http://santedb.org/conceptset/v3-AddressPartType');--#!
INSERT INTO CD_TBL VALUES(char_to_uuid('4f342d28-8850-4daf-8bca-0b44a255f7ed'),TRUE);--#!
INSERT INTO CD_VRSN_TBL (CD_VRSN_ID, CD_ID, STS_CD_ID, CRT_PROV_ID, MNEMONIC, CLS_ID) VALUES (gen_uuid(), char_to_uuid('4f342d28-8850-4daf-8bca-0b44a255f7ed'), char_to_uuid('c8064cbd-fa06-4530-b430-1a52f1530c27'), char_to_uuid('fadca076-3690-4a6e-af9e-f1cd68e8c7e8'), 'AddressLine', char_to_uuid('0d6b3439-c9be-4480-af39-eeb457c052d0'));--#!
INSERT INTO REF_TERM_TBL(REF_TERM_ID, CS_ID, MNEMONIC, CRT_PROV_ID)  VALUES(char_to_uuid('2b6a7d81-90ce-428a-a8fc-1fc596e2805f'), char_to_uuid('20dad23d-f524-4a93-bd49-780ab3d6fd6e'), 'AL', char_to_uuid('fadca076-3690-4a6e-af9e-f1cd68e8c7e8'));--#!
INSERT INTO CD_REF_TERM_ASSOC_TBL(CD_REF_TERM_ID, REF_TERM_ID,  CD_ID, EFFT_VRSN_SEQ_ID, REL_TYP_ID) SELECT gen_uuid(), char_to_uuid('2b6a7d81-90ce-428a-a8fc-1fc596e2805f'), char_to_uuid('4f342d28-8850-4daf-8bca-0b44a255f7ed'), VRSN_SEQ_ID, char_to_uuid('2c4dafc2-566a-41ae-9ebc-3097d7d22f4a') FROM CD_VRSN_TBL WHERE CD_ID = char_to_uuid('4f342d28-8850-4daf-8bca-0b44a255f7ed') AND OBSLT_UTC IS NULL;--#!
INSERT INTO REF_TERM_NAME_TBL (REF_TERM_NAME_ID, REF_TERM_ID, LANG_CS, TERM_NAME, CRT_PROV_ID, PHON_ALG_ID) VALUES( gen_uuid(),char_to_uuid('2b6a7d81-90ce-428a-a8fc-1fc596e2805f'), 'en', 'AddressLine', char_to_uuid('fadca076-3690-4a6e-af9e-f1cd68e8c7e8'), char_to_uuid('402CD339-D0E4-46CE-8FC2-12A4B0E17226'));--#!
INSERT INTO CD_NAME_TBL(NAME_ID, CD_ID, EFFT_VRSN_SEQ_ID, LANG_CS, VAL, PHON_ALG_ID) SELECT gen_uuid(), char_to_uuid('4f342d28-8850-4daf-8bca-0b44a255f7ed'), VRSN_SEQ_ID, 'en', 'AddressLine', char_to_uuid('402CD339-D0E4-46CE-8FC2-12A4B0E17226') FROM CD_VRSN_TBL WHERE CD_ID = char_to_uuid('4f342d28-8850-4daf-8bca-0b44a255f7ed') AND OBSLT_UTC IS NULL;--#!
INSERT INTO CD_TBL VALUES(char_to_uuid('d2312b8e-bdfb-4012-9397-f14336f8d206'),TRUE);--#!
INSERT INTO CD_VRSN_TBL (CD_VRSN_ID, CD_ID, STS_CD_ID, CRT_PROV_ID, MNEMONIC, CLS_ID) VALUES (gen_uuid(), char_to_uuid('d2312b8e-bdfb-4012-9397-f14336f8d206'), char_to_uuid('c8064cbd-fa06-4530-b430-1a52f1530c27'), char_to_uuid('fadca076-3690-4a6e-af9e-f1cd68e8c7e8'), 'AdditionalLocator', char_to_uuid('0d6b3439-c9be-4480-af39-eeb457c052d0'));--#!
INSERT INTO REF_TERM_TBL(REF_TERM_ID, CS_ID, MNEMONIC, CRT_PROV_ID)  VALUES(char_to_uuid('783956f8-21ca-49a3-b69e-2b38d0452723'), char_to_uuid('20dad23d-f524-4a93-bd49-780ab3d6fd6e'), 'ADL', char_to_uuid('fadca076-3690-4a6e-af9e-f1cd68e8c7e8'));--#!
INSERT INTO CD_REF_TERM_ASSOC_TBL(CD_REF_TERM_ID, REF_TERM_ID,  CD_ID, EFFT_VRSN_SEQ_ID, REL_TYP_ID) SELECT gen_uuid(), char_to_uuid('783956f8-21ca-49a3-b69e-2b38d0452723'), char_to_uuid('d2312b8e-bdfb-4012-9397-f14336f8d206'), VRSN_SEQ_ID, char_to_uuid('2c4dafc2-566a-41ae-9ebc-3097d7d22f4a') FROM CD_VRSN_TBL WHERE CD_ID = char_to_uuid('d2312b8e-bdfb-4012-9397-f14336f8d206') AND OBSLT_UTC IS NULL;--#!
INSERT INTO REF_TERM_NAME_TBL (REF_TERM_NAME_ID, REF_TERM_ID, LANG_CS, TERM_NAME, CRT_PROV_ID, PHON_ALG_ID) VALUES( gen_uuid(),char_to_uuid('783956f8-21ca-49a3-b69e-2b38d0452723'), 'en', 'AdditionalLocator', char_to_uuid('fadca076-3690-4a6e-af9e-f1cd68e8c7e8'), char_to_uuid('402CD339-D0E4-46CE-8FC2-12A4B0E17226'));--#!
INSERT INTO CD_NAME_TBL(NAME_ID, CD_ID, EFFT_VRSN_SEQ_ID, LANG_CS, VAL, PHON_ALG_ID) SELECT gen_uuid(), char_to_uuid('d2312b8e-bdfb-4012-9397-f14336f8d206'), VRSN_SEQ_ID, 'en', 'AdditionalLocator', char_to_uuid('402CD339-D0E4-46CE-8FC2-12A4B0E17226') FROM CD_VRSN_TBL WHERE CD_ID = char_to_uuid('d2312b8e-bdfb-4012-9397-f14336f8d206') AND OBSLT_UTC IS NULL;--#!
INSERT INTO CD_TBL VALUES(char_to_uuid('908c09df-81fe-45ac-9233-0881a278a401'),TRUE);--#!
INSERT INTO CD_VRSN_TBL (CD_VRSN_ID, CD_ID, STS_CD_ID, CRT_PROV_ID, MNEMONIC, CLS_ID) VALUES (gen_uuid(), char_to_uuid('908c09df-81fe-45ac-9233-0881a278a401'), char_to_uuid('c8064cbd-fa06-4530-b430-1a52f1530c27'), char_to_uuid('fadca076-3690-4a6e-af9e-f1cd68e8c7e8'), 'UnitIdentifier', char_to_uuid('0d6b3439-c9be-4480-af39-eeb457c052d0'));--#!
INSERT INTO REF_TERM_TBL(REF_TERM_ID, CS_ID, MNEMONIC, CRT_PROV_ID)  VALUES(char_to_uuid('27ec05b4-0963-4721-9288-1b9bd4199aaa'), char_to_uuid('20dad23d-f524-4a93-bd49-780ab3d6fd6e'), 'UNID', char_to_uuid('fadca076-3690-4a6e-af9e-f1cd68e8c7e8'));--#!
INSERT INTO CD_REF_TERM_ASSOC_TBL(CD_REF_TERM_ID, REF_TERM_ID,  CD_ID, EFFT_VRSN_SEQ_ID, REL_TYP_ID) SELECT gen_uuid(), char_to_uuid('27ec05b4-0963-4721-9288-1b9bd4199aaa'), char_to_uuid('908c09df-81fe-45ac-9233-0881a278a401'), VRSN_SEQ_ID, char_to_uuid('2c4dafc2-566a-41ae-9ebc-3097d7d22f4a') FROM CD_VRSN_TBL WHERE CD_ID = char_to_uuid('908c09df-81fe-45ac-9233-0881a278a401') AND OBSLT_UTC IS NULL;--#!
INSERT INTO REF_TERM_NAME_TBL (REF_TERM_NAME_ID, REF_TERM_ID, LANG_CS, TERM_NAME, CRT_PROV_ID, PHON_ALG_ID) VALUES( gen_uuid(),char_to_uuid('27ec05b4-0963-4721-9288-1b9bd4199aaa'), 'en', 'UnitIdentifier', char_to_uuid('fadca076-3690-4a6e-af9e-f1cd68e8c7e8'), char_to_uuid('402CD339-D0E4-46CE-8FC2-12A4B0E17226'));--#!
INSERT INTO CD_NAME_TBL(NAME_ID, CD_ID, EFFT_VRSN_SEQ_ID, LANG_CS, VAL, PHON_ALG_ID) SELECT gen_uuid(), char_to_uuid('908c09df-81fe-45ac-9233-0881a278a401'), VRSN_SEQ_ID, 'en', 'UnitIdentifier', char_to_uuid('402CD339-D0E4-46CE-8FC2-12A4B0E17226') FROM CD_VRSN_TBL WHERE CD_ID = char_to_uuid('908c09df-81fe-45ac-9233-0881a278a401') AND OBSLT_UTC IS NULL;--#!
INSERT INTO CD_TBL VALUES(char_to_uuid('b18e71cb-203c-4640-83f0-cc86debbbbc0'),TRUE);--#!
INSERT INTO CD_VRSN_TBL (CD_VRSN_ID, CD_ID, STS_CD_ID, CRT_PROV_ID, MNEMONIC, CLS_ID) VALUES (gen_uuid(), char_to_uuid('b18e71cb-203c-4640-83f0-cc86debbbbc0'), char_to_uuid('c8064cbd-fa06-4530-b430-1a52f1530c27'), char_to_uuid('fadca076-3690-4a6e-af9e-f1cd68e8c7e8'), 'UnitDesignator', char_to_uuid('0d6b3439-c9be-4480-af39-eeb457c052d0'));--#!
INSERT INTO REF_TERM_TBL(REF_TERM_ID, CS_ID, MNEMONIC, CRT_PROV_ID)  VALUES(char_to_uuid('a3af77ce-0146-4931-b697-32cebab4b1c3'), char_to_uuid('20dad23d-f524-4a93-bd49-780ab3d6fd6e'), 'UNIT', char_to_uuid('fadca076-3690-4a6e-af9e-f1cd68e8c7e8'));--#!
INSERT INTO CD_REF_TERM_ASSOC_TBL(CD_REF_TERM_ID, REF_TERM_ID,  CD_ID, EFFT_VRSN_SEQ_ID, REL_TYP_ID) SELECT gen_uuid(), char_to_uuid('a3af77ce-0146-4931-b697-32cebab4b1c3'), char_to_uuid('b18e71cb-203c-4640-83f0-cc86debbbbc0'), VRSN_SEQ_ID, char_to_uuid('2c4dafc2-566a-41ae-9ebc-3097d7d22f4a') FROM CD_VRSN_TBL WHERE CD_ID = char_to_uuid('b18e71cb-203c-4640-83f0-cc86debbbbc0') AND OBSLT_UTC IS NULL;--#!
INSERT INTO REF_TERM_NAME_TBL (REF_TERM_NAME_ID, REF_TERM_ID, LANG_CS, TERM_NAME, CRT_PROV_ID, PHON_ALG_ID) VALUES( gen_uuid(),char_to_uuid('a3af77ce-0146-4931-b697-32cebab4b1c3'), 'en', 'UnitDesignator', char_to_uuid('fadca076-3690-4a6e-af9e-f1cd68e8c7e8'), char_to_uuid('402CD339-D0E4-46CE-8FC2-12A4B0E17226'));--#!
INSERT INTO CD_NAME_TBL(NAME_ID, CD_ID, EFFT_VRSN_SEQ_ID, LANG_CS, VAL, PHON_ALG_ID) SELECT gen_uuid(), char_to_uuid('b18e71cb-203c-4640-83f0-cc86debbbbc0'), VRSN_SEQ_ID, 'en', 'UnitDesignator', char_to_uuid('402CD339-D0E4-46CE-8FC2-12A4B0E17226') FROM CD_VRSN_TBL WHERE CD_ID = char_to_uuid('b18e71cb-203c-4640-83f0-cc86debbbbc0') AND OBSLT_UTC IS NULL;--#!
INSERT INTO CD_TBL VALUES(char_to_uuid('f6139b21-3a36-4a3f-b498-0c661f06df59'),TRUE);--#!
INSERT INTO CD_VRSN_TBL (CD_VRSN_ID, CD_ID, STS_CD_ID, CRT_PROV_ID, MNEMONIC, CLS_ID) VALUES (gen_uuid(), char_to_uuid('f6139b21-3a36-4a3f-b498-0c661f06df59'), char_to_uuid('c8064cbd-fa06-4530-b430-1a52f1530c27'), char_to_uuid('fadca076-3690-4a6e-af9e-f1cd68e8c7e8'), 'DeliveryAddressLine', char_to_uuid('0d6b3439-c9be-4480-af39-eeb457c052d0'));--#!
INSERT INTO REF_TERM_TBL(REF_TERM_ID, CS_ID, MNEMONIC, CRT_PROV_ID)  VALUES(char_to_uuid('630c62e9-f379-4271-b121-211f7a1a3255'), char_to_uuid('20dad23d-f524-4a93-bd49-780ab3d6fd6e'), 'DAL', char_to_uuid('fadca076-3690-4a6e-af9e-f1cd68e8c7e8'));--#!
INSERT INTO CD_REF_TERM_ASSOC_TBL(CD_REF_TERM_ID, REF_TERM_ID,  CD_ID, EFFT_VRSN_SEQ_ID, REL_TYP_ID) SELECT gen_uuid(), char_to_uuid('630c62e9-f379-4271-b121-211f7a1a3255'), char_to_uuid('f6139b21-3a36-4a3f-b498-0c661f06df59'), VRSN_SEQ_ID, char_to_uuid('2c4dafc2-566a-41ae-9ebc-3097d7d22f4a') FROM CD_VRSN_TBL WHERE CD_ID = char_to_uuid('f6139b21-3a36-4a3f-b498-0c661f06df59') AND OBSLT_UTC IS NULL;--#!
INSERT INTO REF_TERM_NAME_TBL (REF_TERM_NAME_ID, REF_TERM_ID, LANG_CS, TERM_NAME, CRT_PROV_ID, PHON_ALG_ID) VALUES( gen_uuid(),char_to_uuid('630c62e9-f379-4271-b121-211f7a1a3255'), 'en', 'DeliveryAddressLine', char_to_uuid('fadca076-3690-4a6e-af9e-f1cd68e8c7e8'), char_to_uuid('402CD339-D0E4-46CE-8FC2-12A4B0E17226'));--#!
INSERT INTO CD_NAME_TBL(NAME_ID, CD_ID, EFFT_VRSN_SEQ_ID, LANG_CS, VAL, PHON_ALG_ID) SELECT gen_uuid(), char_to_uuid('f6139b21-3a36-4a3f-b498-0c661f06df59'), VRSN_SEQ_ID, 'en', 'DeliveryAddressLine', char_to_uuid('402CD339-D0E4-46CE-8FC2-12A4B0E17226') FROM CD_VRSN_TBL WHERE CD_ID = char_to_uuid('f6139b21-3a36-4a3f-b498-0c661f06df59') AND OBSLT_UTC IS NULL;--#!
INSERT INTO CD_TBL VALUES(char_to_uuid('684fb800-145c-47c5-98c5-e7aa53802b69'),TRUE);--#!
INSERT INTO CD_VRSN_TBL (CD_VRSN_ID, CD_ID, STS_CD_ID, CRT_PROV_ID, MNEMONIC, CLS_ID) VALUES (gen_uuid(), char_to_uuid('684fb800-145c-47c5-98c5-e7aa53802b69'), char_to_uuid('c8064cbd-fa06-4530-b430-1a52f1530c27'), char_to_uuid('fadca076-3690-4a6e-af9e-f1cd68e8c7e8'), 'DeliveryInstallationType', char_to_uuid('0d6b3439-c9be-4480-af39-eeb457c052d0'));--#!
INSERT INTO REF_TERM_TBL(REF_TERM_ID, CS_ID, MNEMONIC, CRT_PROV_ID)  VALUES(char_to_uuid('160dc82b-87b4-4c5e-a0eb-f753737e71fc'), char_to_uuid('20dad23d-f524-4a93-bd49-780ab3d6fd6e'), 'DINST', char_to_uuid('fadca076-3690-4a6e-af9e-f1cd68e8c7e8'));--#!
INSERT INTO CD_REF_TERM_ASSOC_TBL(CD_REF_TERM_ID, REF_TERM_ID,  CD_ID, EFFT_VRSN_SEQ_ID, REL_TYP_ID) SELECT gen_uuid(), char_to_uuid('160dc82b-87b4-4c5e-a0eb-f753737e71fc'), char_to_uuid('684fb800-145c-47c5-98c5-e7aa53802b69'), VRSN_SEQ_ID, char_to_uuid('2c4dafc2-566a-41ae-9ebc-3097d7d22f4a') FROM CD_VRSN_TBL WHERE CD_ID = char_to_uuid('684fb800-145c-47c5-98c5-e7aa53802b69') AND OBSLT_UTC IS NULL;--#!
INSERT INTO REF_TERM_NAME_TBL (REF_TERM_NAME_ID, REF_TERM_ID, LANG_CS, TERM_NAME, CRT_PROV_ID, PHON_ALG_ID) VALUES( gen_uuid(),char_to_uuid('160dc82b-87b4-4c5e-a0eb-f753737e71fc'), 'en', 'DeliveryInstallationType', char_to_uuid('fadca076-3690-4a6e-af9e-f1cd68e8c7e8'), char_to_uuid('402CD339-D0E4-46CE-8FC2-12A4B0E17226'));--#!
INSERT INTO CD_NAME_TBL(NAME_ID, CD_ID, EFFT_VRSN_SEQ_ID, LANG_CS, VAL, PHON_ALG_ID) SELECT gen_uuid(), char_to_uuid('684fb800-145c-47c5-98c5-e7aa53802b69'), VRSN_SEQ_ID, 'en', 'DeliveryInstallationType', char_to_uuid('402CD339-D0E4-46CE-8FC2-12A4B0E17226') FROM CD_VRSN_TBL WHERE CD_ID = char_to_uuid('684fb800-145c-47c5-98c5-e7aa53802b69') AND OBSLT_UTC IS NULL;--#!
INSERT INTO CD_TBL VALUES(char_to_uuid('ec9d5ab8-3be1-448f-9346-6a08253f9dea'),TRUE);--#!
INSERT INTO CD_VRSN_TBL (CD_VRSN_ID, CD_ID, STS_CD_ID, CRT_PROV_ID, MNEMONIC, CLS_ID) VALUES (gen_uuid(), char_to_uuid('ec9d5ab8-3be1-448f-9346-6a08253f9dea'), char_to_uuid('c8064cbd-fa06-4530-b430-1a52f1530c27'), char_to_uuid('fadca076-3690-4a6e-af9e-f1cd68e8c7e8'), 'DeliveryInstallationArea', char_to_uuid('0d6b3439-c9be-4480-af39-eeb457c052d0'));--#!
INSERT INTO REF_TERM_TBL(REF_TERM_ID, CS_ID, MNEMONIC, CRT_PROV_ID)  VALUES(char_to_uuid('872b2e07-887c-464d-8a89-d500e94482a7'), char_to_uuid('20dad23d-f524-4a93-bd49-780ab3d6fd6e'), 'DINSTA', char_to_uuid('fadca076-3690-4a6e-af9e-f1cd68e8c7e8'));--#!
INSERT INTO CD_REF_TERM_ASSOC_TBL(CD_REF_TERM_ID, REF_TERM_ID,  CD_ID, EFFT_VRSN_SEQ_ID, REL_TYP_ID) SELECT gen_uuid(), char_to_uuid('872b2e07-887c-464d-8a89-d500e94482a7'), char_to_uuid('ec9d5ab8-3be1-448f-9346-6a08253f9dea'), VRSN_SEQ_ID, char_to_uuid('2c4dafc2-566a-41ae-9ebc-3097d7d22f4a') FROM CD_VRSN_TBL WHERE CD_ID = char_to_uuid('ec9d5ab8-3be1-448f-9346-6a08253f9dea') AND OBSLT_UTC IS NULL;--#!
INSERT INTO REF_TERM_NAME_TBL (REF_TERM_NAME_ID, REF_TERM_ID, LANG_CS, TERM_NAME, CRT_PROV_ID, PHON_ALG_ID) VALUES( gen_uuid(),char_to_uuid('872b2e07-887c-464d-8a89-d500e94482a7'), 'en', 'DeliveryInstallationArea', char_to_uuid('fadca076-3690-4a6e-af9e-f1cd68e8c7e8'), char_to_uuid('402CD339-D0E4-46CE-8FC2-12A4B0E17226'));--#!
INSERT INTO CD_NAME_TBL(NAME_ID, CD_ID, EFFT_VRSN_SEQ_ID, LANG_CS, VAL, PHON_ALG_ID) SELECT gen_uuid(), char_to_uuid('ec9d5ab8-3be1-448f-9346-6a08253f9dea'), VRSN_SEQ_ID, 'en', 'DeliveryInstallationArea', char_to_uuid('402CD339-D0E4-46CE-8FC2-12A4B0E17226') FROM CD_VRSN_TBL WHERE CD_ID = char_to_uuid('ec9d5ab8-3be1-448f-9346-6a08253f9dea') AND OBSLT_UTC IS NULL;--#!
INSERT INTO CD_TBL VALUES(char_to_uuid('78fb6eed-6549-4f22-ab3e-f3696da050bc'),TRUE);--#!
INSERT INTO CD_VRSN_TBL (CD_VRSN_ID, CD_ID, STS_CD_ID, CRT_PROV_ID, MNEMONIC, CLS_ID) VALUES (gen_uuid(), char_to_uuid('78fb6eed-6549-4f22-ab3e-f3696da050bc'), char_to_uuid('c8064cbd-fa06-4530-b430-1a52f1530c27'), char_to_uuid('fadca076-3690-4a6e-af9e-f1cd68e8c7e8'), 'DeliveryInstallationQualifier', char_to_uuid('0d6b3439-c9be-4480-af39-eeb457c052d0'));--#!
INSERT INTO REF_TERM_TBL(REF_TERM_ID, CS_ID, MNEMONIC, CRT_PROV_ID)  VALUES(char_to_uuid('3e6e1deb-40d9-4985-af57-9fef0cea3681'), char_to_uuid('20dad23d-f524-4a93-bd49-780ab3d6fd6e'), 'DINSTQ', char_to_uuid('fadca076-3690-4a6e-af9e-f1cd68e8c7e8'));--#!
INSERT INTO CD_REF_TERM_ASSOC_TBL(CD_REF_TERM_ID, REF_TERM_ID,  CD_ID, EFFT_VRSN_SEQ_ID, REL_TYP_ID) SELECT gen_uuid(), char_to_uuid('3e6e1deb-40d9-4985-af57-9fef0cea3681'), char_to_uuid('78fb6eed-6549-4f22-ab3e-f3696da050bc'), VRSN_SEQ_ID, char_to_uuid('2c4dafc2-566a-41ae-9ebc-3097d7d22f4a') FROM CD_VRSN_TBL WHERE CD_ID = char_to_uuid('78fb6eed-6549-4f22-ab3e-f3696da050bc') AND OBSLT_UTC IS NULL;--#!
INSERT INTO REF_TERM_NAME_TBL (REF_TERM_NAME_ID, REF_TERM_ID, LANG_CS, TERM_NAME, CRT_PROV_ID, PHON_ALG_ID) VALUES( gen_uuid(),char_to_uuid('3e6e1deb-40d9-4985-af57-9fef0cea3681'), 'en', 'DeliveryInstallationQualifier', char_to_uuid('fadca076-3690-4a6e-af9e-f1cd68e8c7e8'), char_to_uuid('402CD339-D0E4-46CE-8FC2-12A4B0E17226'));--#!
INSERT INTO CD_NAME_TBL(NAME_ID, CD_ID, EFFT_VRSN_SEQ_ID, LANG_CS, VAL, PHON_ALG_ID) SELECT gen_uuid(), char_to_uuid('78fb6eed-6549-4f22-ab3e-f3696da050bc'), VRSN_SEQ_ID, 'en', 'DeliveryInstallationQualifier', char_to_uuid('402CD339-D0E4-46CE-8FC2-12A4B0E17226') FROM CD_VRSN_TBL WHERE CD_ID = char_to_uuid('78fb6eed-6549-4f22-ab3e-f3696da050bc') AND OBSLT_UTC IS NULL;--#!
INSERT INTO CD_TBL VALUES(char_to_uuid('12608636-910d-4bac-b849-7f999de20332'),TRUE);--#!
INSERT INTO CD_VRSN_TBL (CD_VRSN_ID, CD_ID, STS_CD_ID, CRT_PROV_ID, MNEMONIC, CLS_ID) VALUES (gen_uuid(), char_to_uuid('12608636-910d-4bac-b849-7f999de20332'), char_to_uuid('c8064cbd-fa06-4530-b430-1a52f1530c27'), char_to_uuid('fadca076-3690-4a6e-af9e-f1cd68e8c7e8'), 'DeliveryMode', char_to_uuid('0d6b3439-c9be-4480-af39-eeb457c052d0'));--#!
INSERT INTO REF_TERM_TBL(REF_TERM_ID, CS_ID, MNEMONIC, CRT_PROV_ID)  VALUES(char_to_uuid('e7849865-74c3-450a-a5a7-ba58b91613b1'), char_to_uuid('20dad23d-f524-4a93-bd49-780ab3d6fd6e'), 'DMOD', char_to_uuid('fadca076-3690-4a6e-af9e-f1cd68e8c7e8'));--#!
INSERT INTO CD_REF_TERM_ASSOC_TBL(CD_REF_TERM_ID, REF_TERM_ID,  CD_ID, EFFT_VRSN_SEQ_ID, REL_TYP_ID) SELECT gen_uuid(), char_to_uuid('e7849865-74c3-450a-a5a7-ba58b91613b1'), char_to_uuid('12608636-910d-4bac-b849-7f999de20332'), VRSN_SEQ_ID, char_to_uuid('2c4dafc2-566a-41ae-9ebc-3097d7d22f4a') FROM CD_VRSN_TBL WHERE CD_ID = char_to_uuid('12608636-910d-4bac-b849-7f999de20332') AND OBSLT_UTC IS NULL;--#!
INSERT INTO REF_TERM_NAME_TBL (REF_TERM_NAME_ID, REF_TERM_ID, LANG_CS, TERM_NAME, CRT_PROV_ID, PHON_ALG_ID) VALUES( gen_uuid(),char_to_uuid('e7849865-74c3-450a-a5a7-ba58b91613b1'), 'en', 'DeliveryMode', char_to_uuid('fadca076-3690-4a6e-af9e-f1cd68e8c7e8'), char_to_uuid('402CD339-D0E4-46CE-8FC2-12A4B0E17226'));--#!
INSERT INTO CD_NAME_TBL(NAME_ID, CD_ID, EFFT_VRSN_SEQ_ID, LANG_CS, VAL, PHON_ALG_ID) SELECT gen_uuid(), char_to_uuid('12608636-910d-4bac-b849-7f999de20332'), VRSN_SEQ_ID, 'en', 'DeliveryMode', char_to_uuid('402CD339-D0E4-46CE-8FC2-12A4B0E17226') FROM CD_VRSN_TBL WHERE CD_ID = char_to_uuid('12608636-910d-4bac-b849-7f999de20332') AND OBSLT_UTC IS NULL;--#!
INSERT INTO CD_TBL VALUES(char_to_uuid('08bd6027-47eb-43de-8454-59b7a5d00a3e'),TRUE);--#!
INSERT INTO CD_VRSN_TBL (CD_VRSN_ID, CD_ID, STS_CD_ID, CRT_PROV_ID, MNEMONIC, CLS_ID) VALUES (gen_uuid(), char_to_uuid('08bd6027-47eb-43de-8454-59b7a5d00a3e'), char_to_uuid('c8064cbd-fa06-4530-b430-1a52f1530c27'), char_to_uuid('fadca076-3690-4a6e-af9e-f1cd68e8c7e8'), 'DeliveryModeIdentifier', char_to_uuid('0d6b3439-c9be-4480-af39-eeb457c052d0'));--#!
INSERT INTO REF_TERM_TBL(REF_TERM_ID, CS_ID, MNEMONIC, CRT_PROV_ID)  VALUES(char_to_uuid('ee8570ef-e93e-4eb8-8231-53697828ba45'), char_to_uuid('20dad23d-f524-4a93-bd49-780ab3d6fd6e'), 'DMODID', char_to_uuid('fadca076-3690-4a6e-af9e-f1cd68e8c7e8'));--#!
INSERT INTO CD_REF_TERM_ASSOC_TBL(CD_REF_TERM_ID, REF_TERM_ID,  CD_ID, EFFT_VRSN_SEQ_ID, REL_TYP_ID) SELECT gen_uuid(), char_to_uuid('ee8570ef-e93e-4eb8-8231-53697828ba45'), char_to_uuid('08bd6027-47eb-43de-8454-59b7a5d00a3e'), VRSN_SEQ_ID, char_to_uuid('2c4dafc2-566a-41ae-9ebc-3097d7d22f4a') FROM CD_VRSN_TBL WHERE CD_ID = char_to_uuid('08bd6027-47eb-43de-8454-59b7a5d00a3e') AND OBSLT_UTC IS NULL;--#!
INSERT INTO REF_TERM_NAME_TBL (REF_TERM_NAME_ID, REF_TERM_ID, LANG_CS, TERM_NAME, CRT_PROV_ID, PHON_ALG_ID) VALUES( gen_uuid(),char_to_uuid('ee8570ef-e93e-4eb8-8231-53697828ba45'), 'en', 'DeliveryModeIdentifier', char_to_uuid('fadca076-3690-4a6e-af9e-f1cd68e8c7e8'), char_to_uuid('402CD339-D0E4-46CE-8FC2-12A4B0E17226'));--#!
INSERT INTO CD_NAME_TBL(NAME_ID, CD_ID, EFFT_VRSN_SEQ_ID, LANG_CS, VAL, PHON_ALG_ID) SELECT gen_uuid(), char_to_uuid('08bd6027-47eb-43de-8454-59b7a5d00a3e'), VRSN_SEQ_ID, 'en', 'DeliveryModeIdentifier', char_to_uuid('402CD339-D0E4-46CE-8FC2-12A4B0E17226') FROM CD_VRSN_TBL WHERE CD_ID = char_to_uuid('08bd6027-47eb-43de-8454-59b7a5d00a3e') AND OBSLT_UTC IS NULL;--#!
INSERT INTO CD_TBL VALUES(char_to_uuid('f69dcfa8-df18-403b-9217-c59680bad99e'),TRUE);--#!
INSERT INTO CD_VRSN_TBL (CD_VRSN_ID, CD_ID, STS_CD_ID, CRT_PROV_ID, MNEMONIC, CLS_ID) VALUES (gen_uuid(), char_to_uuid('f69dcfa8-df18-403b-9217-c59680bad99e'), char_to_uuid('c8064cbd-fa06-4530-b430-1a52f1530c27'), char_to_uuid('fadca076-3690-4a6e-af9e-f1cd68e8c7e8'), 'StreetAddressLine', char_to_uuid('0d6b3439-c9be-4480-af39-eeb457c052d0'));--#!
INSERT INTO REF_TERM_TBL(REF_TERM_ID, CS_ID, MNEMONIC, CRT_PROV_ID)  VALUES(char_to_uuid('f47b1094-b4ab-4f33-a22e-9c6c10784a09'), char_to_uuid('20dad23d-f524-4a93-bd49-780ab3d6fd6e'), 'SAL', char_to_uuid('fadca076-3690-4a6e-af9e-f1cd68e8c7e8'));--#!
INSERT INTO CD_REF_TERM_ASSOC_TBL(CD_REF_TERM_ID, REF_TERM_ID,  CD_ID, EFFT_VRSN_SEQ_ID, REL_TYP_ID) SELECT gen_uuid(), char_to_uuid('f47b1094-b4ab-4f33-a22e-9c6c10784a09'), char_to_uuid('f69dcfa8-df18-403b-9217-c59680bad99e'), VRSN_SEQ_ID, char_to_uuid('2c4dafc2-566a-41ae-9ebc-3097d7d22f4a') FROM CD_VRSN_TBL WHERE CD_ID = char_to_uuid('f69dcfa8-df18-403b-9217-c59680bad99e') AND OBSLT_UTC IS NULL;--#!
INSERT INTO REF_TERM_NAME_TBL (REF_TERM_NAME_ID, REF_TERM_ID, LANG_CS, TERM_NAME, CRT_PROV_ID, PHON_ALG_ID) VALUES( gen_uuid(),char_to_uuid('f47b1094-b4ab-4f33-a22e-9c6c10784a09'), 'en', 'StreetAddressLine', char_to_uuid('fadca076-3690-4a6e-af9e-f1cd68e8c7e8'), char_to_uuid('402CD339-D0E4-46CE-8FC2-12A4B0E17226'));--#!
INSERT INTO CD_NAME_TBL(NAME_ID, CD_ID, EFFT_VRSN_SEQ_ID, LANG_CS, VAL, PHON_ALG_ID) SELECT gen_uuid(), char_to_uuid('f69dcfa8-df18-403b-9217-c59680bad99e'), VRSN_SEQ_ID, 'en', 'StreetAddressLine', char_to_uuid('402CD339-D0E4-46CE-8FC2-12A4B0E17226') FROM CD_VRSN_TBL WHERE CD_ID = char_to_uuid('f69dcfa8-df18-403b-9217-c59680bad99e') AND OBSLT_UTC IS NULL;--#!
INSERT INTO CD_TBL VALUES(char_to_uuid('f3c86e99-8afc-4947-9dd8-86412a34b1c7'),TRUE);--#!
INSERT INTO CD_VRSN_TBL (CD_VRSN_ID, CD_ID, STS_CD_ID, CRT_PROV_ID, MNEMONIC, CLS_ID) VALUES (gen_uuid(), char_to_uuid('f3c86e99-8afc-4947-9dd8-86412a34b1c7'), char_to_uuid('c8064cbd-fa06-4530-b430-1a52f1530c27'), char_to_uuid('fadca076-3690-4a6e-af9e-f1cd68e8c7e8'), 'BuildingNumber', char_to_uuid('0d6b3439-c9be-4480-af39-eeb457c052d0'));--#!
INSERT INTO REF_TERM_TBL(REF_TERM_ID, CS_ID, MNEMONIC, CRT_PROV_ID)  VALUES(char_to_uuid('9db7ae71-c570-465a-a3ca-418b2a12ccf0'), char_to_uuid('20dad23d-f524-4a93-bd49-780ab3d6fd6e'), 'BNR', char_to_uuid('fadca076-3690-4a6e-af9e-f1cd68e8c7e8'));--#!
INSERT INTO CD_REF_TERM_ASSOC_TBL(CD_REF_TERM_ID, REF_TERM_ID,  CD_ID, EFFT_VRSN_SEQ_ID, REL_TYP_ID) SELECT gen_uuid(), char_to_uuid('9db7ae71-c570-465a-a3ca-418b2a12ccf0'), char_to_uuid('f3c86e99-8afc-4947-9dd8-86412a34b1c7'), VRSN_SEQ_ID, char_to_uuid('2c4dafc2-566a-41ae-9ebc-3097d7d22f4a') FROM CD_VRSN_TBL WHERE CD_ID = char_to_uuid('f3c86e99-8afc-4947-9dd8-86412a34b1c7') AND OBSLT_UTC IS NULL;--#!
INSERT INTO REF_TERM_NAME_TBL (REF_TERM_NAME_ID, REF_TERM_ID, LANG_CS, TERM_NAME, CRT_PROV_ID, PHON_ALG_ID) VALUES( gen_uuid(),char_to_uuid('9db7ae71-c570-465a-a3ca-418b2a12ccf0'), 'en', 'BuildingNumber', char_to_uuid('fadca076-3690-4a6e-af9e-f1cd68e8c7e8'), char_to_uuid('402CD339-D0E4-46CE-8FC2-12A4B0E17226'));--#!
INSERT INTO CD_NAME_TBL(NAME_ID, CD_ID, EFFT_VRSN_SEQ_ID, LANG_CS, VAL, PHON_ALG_ID) SELECT gen_uuid(), char_to_uuid('f3c86e99-8afc-4947-9dd8-86412a34b1c7'), VRSN_SEQ_ID, 'en', 'BuildingNumber', char_to_uuid('402CD339-D0E4-46CE-8FC2-12A4B0E17226') FROM CD_VRSN_TBL WHERE CD_ID = char_to_uuid('f3c86e99-8afc-4947-9dd8-86412a34b1c7') AND OBSLT_UTC IS NULL;--#!
INSERT INTO CD_TBL VALUES(char_to_uuid('3258b4d6-e4dc-43e6-9f29-fd8423a2ae12'),TRUE);--#!
INSERT INTO CD_VRSN_TBL (CD_VRSN_ID, CD_ID, STS_CD_ID, CRT_PROV_ID, MNEMONIC, CLS_ID) VALUES (gen_uuid(), char_to_uuid('3258b4d6-e4dc-43e6-9f29-fd8423a2ae12'), char_to_uuid('c8064cbd-fa06-4530-b430-1a52f1530c27'), char_to_uuid('fadca076-3690-4a6e-af9e-f1cd68e8c7e8'), 'BuildingNumberNumeric', char_to_uuid('0d6b3439-c9be-4480-af39-eeb457c052d0'));--#!
INSERT INTO REF_TERM_TBL(REF_TERM_ID, CS_ID, MNEMONIC, CRT_PROV_ID)  VALUES(char_to_uuid('96e92631-9da9-45cb-9c9d-d515a2ed6d7a'), char_to_uuid('20dad23d-f524-4a93-bd49-780ab3d6fd6e'), 'BNN', char_to_uuid('fadca076-3690-4a6e-af9e-f1cd68e8c7e8'));--#!
INSERT INTO CD_REF_TERM_ASSOC_TBL(CD_REF_TERM_ID, REF_TERM_ID,  CD_ID, EFFT_VRSN_SEQ_ID, REL_TYP_ID) SELECT gen_uuid(), char_to_uuid('96e92631-9da9-45cb-9c9d-d515a2ed6d7a'), char_to_uuid('3258b4d6-e4dc-43e6-9f29-fd8423a2ae12'), VRSN_SEQ_ID, char_to_uuid('2c4dafc2-566a-41ae-9ebc-3097d7d22f4a') FROM CD_VRSN_TBL WHERE CD_ID = char_to_uuid('3258b4d6-e4dc-43e6-9f29-fd8423a2ae12') AND OBSLT_UTC IS NULL;--#!
INSERT INTO REF_TERM_NAME_TBL (REF_TERM_NAME_ID, REF_TERM_ID, LANG_CS, TERM_NAME, CRT_PROV_ID, PHON_ALG_ID) VALUES( gen_uuid(),char_to_uuid('96e92631-9da9-45cb-9c9d-d515a2ed6d7a'), 'en', 'BuildingNumberNumeric', char_to_uuid('fadca076-3690-4a6e-af9e-f1cd68e8c7e8'), char_to_uuid('402CD339-D0E4-46CE-8FC2-12A4B0E17226'));--#!
INSERT INTO CD_NAME_TBL(NAME_ID, CD_ID, EFFT_VRSN_SEQ_ID, LANG_CS, VAL, PHON_ALG_ID) SELECT gen_uuid(), char_to_uuid('3258b4d6-e4dc-43e6-9f29-fd8423a2ae12'), VRSN_SEQ_ID, 'en', 'BuildingNumberNumeric', char_to_uuid('402CD339-D0E4-46CE-8FC2-12A4B0E17226') FROM CD_VRSN_TBL WHERE CD_ID = char_to_uuid('3258b4d6-e4dc-43e6-9f29-fd8423a2ae12') AND OBSLT_UTC IS NULL;--#!
INSERT INTO CD_TBL VALUES(char_to_uuid('b2dbf05c-584d-46db-8cbf-026a6ea30d81'),TRUE);--#!
INSERT INTO CD_VRSN_TBL (CD_VRSN_ID, CD_ID, STS_CD_ID, CRT_PROV_ID, MNEMONIC, CLS_ID) VALUES (gen_uuid(), char_to_uuid('b2dbf05c-584d-46db-8cbf-026a6ea30d81'), char_to_uuid('c8064cbd-fa06-4530-b430-1a52f1530c27'), char_to_uuid('fadca076-3690-4a6e-af9e-f1cd68e8c7e8'), 'BuildingNumberSuffix', char_to_uuid('0d6b3439-c9be-4480-af39-eeb457c052d0'));--#!
INSERT INTO REF_TERM_TBL(REF_TERM_ID, CS_ID, MNEMONIC, CRT_PROV_ID)  VALUES(char_to_uuid('364bc2a5-efea-42a6-ae79-75bdebd10776'), char_to_uuid('20dad23d-f524-4a93-bd49-780ab3d6fd6e'), 'BNS', char_to_uuid('fadca076-3690-4a6e-af9e-f1cd68e8c7e8'));--#!
INSERT INTO CD_REF_TERM_ASSOC_TBL(CD_REF_TERM_ID, REF_TERM_ID,  CD_ID, EFFT_VRSN_SEQ_ID, REL_TYP_ID) SELECT gen_uuid(), char_to_uuid('364bc2a5-efea-42a6-ae79-75bdebd10776'), char_to_uuid('b2dbf05c-584d-46db-8cbf-026a6ea30d81'), VRSN_SEQ_ID, char_to_uuid('2c4dafc2-566a-41ae-9ebc-3097d7d22f4a') FROM CD_VRSN_TBL WHERE CD_ID = char_to_uuid('b2dbf05c-584d-46db-8cbf-026a6ea30d81') AND OBSLT_UTC IS NULL;--#!
INSERT INTO REF_TERM_NAME_TBL (REF_TERM_NAME_ID, REF_TERM_ID, LANG_CS, TERM_NAME, CRT_PROV_ID, PHON_ALG_ID) VALUES( gen_uuid(),char_to_uuid('364bc2a5-efea-42a6-ae79-75bdebd10776'), 'en', 'BuildingNumberSuffix', char_to_uuid('fadca076-3690-4a6e-af9e-f1cd68e8c7e8'), char_to_uuid('402CD339-D0E4-46CE-8FC2-12A4B0E17226'));--#!
INSERT INTO CD_NAME_TBL(NAME_ID, CD_ID, EFFT_VRSN_SEQ_ID, LANG_CS, VAL, PHON_ALG_ID) SELECT gen_uuid(), char_to_uuid('b2dbf05c-584d-46db-8cbf-026a6ea30d81'), VRSN_SEQ_ID, 'en', 'BuildingNumberSuffix', char_to_uuid('402CD339-D0E4-46CE-8FC2-12A4B0E17226') FROM CD_VRSN_TBL WHERE CD_ID = char_to_uuid('b2dbf05c-584d-46db-8cbf-026a6ea30d81') AND OBSLT_UTC IS NULL;--#!
INSERT INTO CD_TBL VALUES(char_to_uuid('0432d671-abc3-4249-872c-afd5274c2298'),TRUE);--#!
INSERT INTO CD_VRSN_TBL (CD_VRSN_ID, CD_ID, STS_CD_ID, CRT_PROV_ID, MNEMONIC, CLS_ID) VALUES (gen_uuid(), char_to_uuid('0432d671-abc3-4249-872c-afd5274c2298'), char_to_uuid('c8064cbd-fa06-4530-b430-1a52f1530c27'), char_to_uuid('fadca076-3690-4a6e-af9e-f1cd68e8c7e8'), 'StreetName', char_to_uuid('0d6b3439-c9be-4480-af39-eeb457c052d0'));--#!
INSERT INTO REF_TERM_TBL(REF_TERM_ID, CS_ID, MNEMONIC, CRT_PROV_ID)  VALUES(char_to_uuid('773fd1dc-f52c-4351-8f45-ef4c449c889f'), char_to_uuid('20dad23d-f524-4a93-bd49-780ab3d6fd6e'), 'STR', char_to_uuid('fadca076-3690-4a6e-af9e-f1cd68e8c7e8'));--#!
INSERT INTO CD_REF_TERM_ASSOC_TBL(CD_REF_TERM_ID, REF_TERM_ID,  CD_ID, EFFT_VRSN_SEQ_ID, REL_TYP_ID) SELECT gen_uuid(), char_to_uuid('773fd1dc-f52c-4351-8f45-ef4c449c889f'), char_to_uuid('0432d671-abc3-4249-872c-afd5274c2298'), VRSN_SEQ_ID, char_to_uuid('2c4dafc2-566a-41ae-9ebc-3097d7d22f4a') FROM CD_VRSN_TBL WHERE CD_ID = char_to_uuid('0432d671-abc3-4249-872c-afd5274c2298') AND OBSLT_UTC IS NULL;--#!
INSERT INTO REF_TERM_NAME_TBL (REF_TERM_NAME_ID, REF_TERM_ID, LANG_CS, TERM_NAME, CRT_PROV_ID, PHON_ALG_ID) VALUES( gen_uuid(),char_to_uuid('773fd1dc-f52c-4351-8f45-ef4c449c889f'), 'en', 'StreetName', char_to_uuid('fadca076-3690-4a6e-af9e-f1cd68e8c7e8'), char_to_uuid('402CD339-D0E4-46CE-8FC2-12A4B0E17226'));--#!
INSERT INTO CD_NAME_TBL(NAME_ID, CD_ID, EFFT_VRSN_SEQ_ID, LANG_CS, VAL, PHON_ALG_ID) SELECT gen_uuid(), char_to_uuid('0432d671-abc3-4249-872c-afd5274c2298'), VRSN_SEQ_ID, 'en', 'StreetName', char_to_uuid('402CD339-D0E4-46CE-8FC2-12A4B0E17226') FROM CD_VRSN_TBL WHERE CD_ID = char_to_uuid('0432d671-abc3-4249-872c-afd5274c2298') AND OBSLT_UTC IS NULL;--#!
INSERT INTO CD_TBL VALUES(char_to_uuid('37c7dbc8-4ac6-464a-af65-d65fcba60238'),TRUE);--#!
INSERT INTO CD_VRSN_TBL (CD_VRSN_ID, CD_ID, STS_CD_ID, CRT_PROV_ID, MNEMONIC, CLS_ID) VALUES (gen_uuid(), char_to_uuid('37c7dbc8-4ac6-464a-af65-d65fcba60238'), char_to_uuid('c8064cbd-fa06-4530-b430-1a52f1530c27'), char_to_uuid('fadca076-3690-4a6e-af9e-f1cd68e8c7e8'), 'StreetNameBase', char_to_uuid('0d6b3439-c9be-4480-af39-eeb457c052d0'));--#!
INSERT INTO REF_TERM_TBL(REF_TERM_ID, CS_ID, MNEMONIC, CRT_PROV_ID)  VALUES(char_to_uuid('5591cb89-5e3b-4e69-b0b3-3c38f8e68ccd'), char_to_uuid('20dad23d-f524-4a93-bd49-780ab3d6fd6e'), 'STB', char_to_uuid('fadca076-3690-4a6e-af9e-f1cd68e8c7e8'));--#!
INSERT INTO CD_REF_TERM_ASSOC_TBL(CD_REF_TERM_ID, REF_TERM_ID,  CD_ID, EFFT_VRSN_SEQ_ID, REL_TYP_ID) SELECT gen_uuid(), char_to_uuid('5591cb89-5e3b-4e69-b0b3-3c38f8e68ccd'), char_to_uuid('37c7dbc8-4ac6-464a-af65-d65fcba60238'), VRSN_SEQ_ID, char_to_uuid('2c4dafc2-566a-41ae-9ebc-3097d7d22f4a') FROM CD_VRSN_TBL WHERE CD_ID = char_to_uuid('37c7dbc8-4ac6-464a-af65-d65fcba60238') AND OBSLT_UTC IS NULL;--#!
INSERT INTO REF_TERM_NAME_TBL (REF_TERM_NAME_ID, REF_TERM_ID, LANG_CS, TERM_NAME, CRT_PROV_ID, PHON_ALG_ID) VALUES( gen_uuid(),char_to_uuid('5591cb89-5e3b-4e69-b0b3-3c38f8e68ccd'), 'en', 'StreetNameBase', char_to_uuid('fadca076-3690-4a6e-af9e-f1cd68e8c7e8'), char_to_uuid('402CD339-D0E4-46CE-8FC2-12A4B0E17226'));--#!
INSERT INTO CD_NAME_TBL(NAME_ID, CD_ID, EFFT_VRSN_SEQ_ID, LANG_CS, VAL, PHON_ALG_ID) SELECT gen_uuid(), char_to_uuid('37c7dbc8-4ac6-464a-af65-d65fcba60238'), VRSN_SEQ_ID, 'en', 'StreetNameBase', char_to_uuid('402CD339-D0E4-46CE-8FC2-12A4B0E17226') FROM CD_VRSN_TBL WHERE CD_ID = char_to_uuid('37c7dbc8-4ac6-464a-af65-d65fcba60238') AND OBSLT_UTC IS NULL;--#!
INSERT INTO CD_TBL VALUES(char_to_uuid('121953f6-0465-41de-8f7a-b0e08204c771'),TRUE);--#!
INSERT INTO CD_VRSN_TBL (CD_VRSN_ID, CD_ID, STS_CD_ID, CRT_PROV_ID, MNEMONIC, CLS_ID) VALUES (gen_uuid(), char_to_uuid('121953f6-0465-41de-8f7a-b0e08204c771'), char_to_uuid('c8064cbd-fa06-4530-b430-1a52f1530c27'), char_to_uuid('fadca076-3690-4a6e-af9e-f1cd68e8c7e8'), 'StreetType', char_to_uuid('0d6b3439-c9be-4480-af39-eeb457c052d0'));--#!
INSERT INTO REF_TERM_TBL(REF_TERM_ID, CS_ID, MNEMONIC, CRT_PROV_ID)  VALUES(char_to_uuid('1db2a859-5a94-4316-a55b-a335e4d19a3c'), char_to_uuid('20dad23d-f524-4a93-bd49-780ab3d6fd6e'), 'STTYP', char_to_uuid('fadca076-3690-4a6e-af9e-f1cd68e8c7e8'));--#!
INSERT INTO CD_REF_TERM_ASSOC_TBL(CD_REF_TERM_ID, REF_TERM_ID,  CD_ID, EFFT_VRSN_SEQ_ID, REL_TYP_ID) SELECT gen_uuid(), char_to_uuid('1db2a859-5a94-4316-a55b-a335e4d19a3c'), char_to_uuid('121953f6-0465-41de-8f7a-b0e08204c771'), VRSN_SEQ_ID, char_to_uuid('2c4dafc2-566a-41ae-9ebc-3097d7d22f4a') FROM CD_VRSN_TBL WHERE CD_ID = char_to_uuid('121953f6-0465-41de-8f7a-b0e08204c771') AND OBSLT_UTC IS NULL;--#!
INSERT INTO REF_TERM_NAME_TBL (REF_TERM_NAME_ID, REF_TERM_ID, LANG_CS, TERM_NAME, CRT_PROV_ID, PHON_ALG_ID) VALUES( gen_uuid(),char_to_uuid('1db2a859-5a94-4316-a55b-a335e4d19a3c'), 'en', 'StreetType', char_to_uuid('fadca076-3690-4a6e-af9e-f1cd68e8c7e8'), char_to_uuid('402CD339-D0E4-46CE-8FC2-12A4B0E17226'));--#!
INSERT INTO CD_NAME_TBL(NAME_ID, CD_ID, EFFT_VRSN_SEQ_ID, LANG_CS, VAL, PHON_ALG_ID) SELECT gen_uuid(), char_to_uuid('121953f6-0465-41de-8f7a-b0e08204c771'), VRSN_SEQ_ID, 'en', 'StreetType', char_to_uuid('402CD339-D0E4-46CE-8FC2-12A4B0E17226') FROM CD_VRSN_TBL WHERE CD_ID = char_to_uuid('121953f6-0465-41de-8f7a-b0e08204c771') AND OBSLT_UTC IS NULL;--#!
INSERT INTO CD_TBL VALUES(char_to_uuid('1f678716-ab8f-4856-9f76-d82fe3165c22'),TRUE);--#!
INSERT INTO CD_VRSN_TBL (CD_VRSN_ID, CD_ID, STS_CD_ID, CRT_PROV_ID, MNEMONIC, CLS_ID) VALUES (gen_uuid(), char_to_uuid('1f678716-ab8f-4856-9f76-d82fe3165c22'), char_to_uuid('c8064cbd-fa06-4530-b430-1a52f1530c27'), char_to_uuid('fadca076-3690-4a6e-af9e-f1cd68e8c7e8'), 'Direction', char_to_uuid('0d6b3439-c9be-4480-af39-eeb457c052d0'));--#!
INSERT INTO REF_TERM_TBL(REF_TERM_ID, CS_ID, MNEMONIC, CRT_PROV_ID)  VALUES(char_to_uuid('75c05fc9-be00-46df-a02f-89603abe1291'), char_to_uuid('20dad23d-f524-4a93-bd49-780ab3d6fd6e'), 'DIR', char_to_uuid('fadca076-3690-4a6e-af9e-f1cd68e8c7e8'));--#!
INSERT INTO CD_REF_TERM_ASSOC_TBL(CD_REF_TERM_ID, REF_TERM_ID,  CD_ID, EFFT_VRSN_SEQ_ID, REL_TYP_ID) SELECT gen_uuid(), char_to_uuid('75c05fc9-be00-46df-a02f-89603abe1291'), char_to_uuid('1f678716-ab8f-4856-9f76-d82fe3165c22'), VRSN_SEQ_ID, char_to_uuid('2c4dafc2-566a-41ae-9ebc-3097d7d22f4a') FROM CD_VRSN_TBL WHERE CD_ID = char_to_uuid('1f678716-ab8f-4856-9f76-d82fe3165c22') AND OBSLT_UTC IS NULL;--#!
INSERT INTO REF_TERM_NAME_TBL (REF_TERM_NAME_ID, REF_TERM_ID, LANG_CS, TERM_NAME, CRT_PROV_ID, PHON_ALG_ID) VALUES( gen_uuid(),char_to_uuid('75c05fc9-be00-46df-a02f-89603abe1291'), 'en', 'Direction', char_to_uuid('fadca076-3690-4a6e-af9e-f1cd68e8c7e8'), char_to_uuid('402CD339-D0E4-46CE-8FC2-12A4B0E17226'));--#!
INSERT INTO CD_NAME_TBL(NAME_ID, CD_ID, EFFT_VRSN_SEQ_ID, LANG_CS, VAL, PHON_ALG_ID) SELECT gen_uuid(), char_to_uuid('1f678716-ab8f-4856-9f76-d82fe3165c22'), VRSN_SEQ_ID, 'en', 'Direction', char_to_uuid('402CD339-D0E4-46CE-8FC2-12A4B0E17226') FROM CD_VRSN_TBL WHERE CD_ID = char_to_uuid('1f678716-ab8f-4856-9f76-d82fe3165c22') AND OBSLT_UTC IS NULL;--#!
INSERT INTO CD_TBL VALUES(char_to_uuid('8c89a89e-08c5-4374-87f9-adb3c9261df6'),TRUE);--#!
INSERT INTO CD_VRSN_TBL (CD_VRSN_ID, CD_ID, STS_CD_ID, CRT_PROV_ID, MNEMONIC, CLS_ID) VALUES (gen_uuid(), char_to_uuid('8c89a89e-08c5-4374-87f9-adb3c9261df6'), char_to_uuid('c8064cbd-fa06-4530-b430-1a52f1530c27'), char_to_uuid('fadca076-3690-4a6e-af9e-f1cd68e8c7e8'), 'CareOf', char_to_uuid('0d6b3439-c9be-4480-af39-eeb457c052d0'));--#!
INSERT INTO REF_TERM_TBL(REF_TERM_ID, CS_ID, MNEMONIC, CRT_PROV_ID)  VALUES(char_to_uuid('9cbbb345-7f40-4164-b8f6-732c8da78685'), char_to_uuid('20dad23d-f524-4a93-bd49-780ab3d6fd6e'), 'CAR', char_to_uuid('fadca076-3690-4a6e-af9e-f1cd68e8c7e8'));--#!
INSERT INTO CD_REF_TERM_ASSOC_TBL(CD_REF_TERM_ID, REF_TERM_ID,  CD_ID, EFFT_VRSN_SEQ_ID, REL_TYP_ID) SELECT gen_uuid(), char_to_uuid('9cbbb345-7f40-4164-b8f6-732c8da78685'), char_to_uuid('8c89a89e-08c5-4374-87f9-adb3c9261df6'), VRSN_SEQ_ID, char_to_uuid('2c4dafc2-566a-41ae-9ebc-3097d7d22f4a') FROM CD_VRSN_TBL WHERE CD_ID = char_to_uuid('8c89a89e-08c5-4374-87f9-adb3c9261df6') AND OBSLT_UTC IS NULL;--#!
INSERT INTO REF_TERM_NAME_TBL (REF_TERM_NAME_ID, REF_TERM_ID, LANG_CS, TERM_NAME, CRT_PROV_ID, PHON_ALG_ID) VALUES( gen_uuid(),char_to_uuid('9cbbb345-7f40-4164-b8f6-732c8da78685'), 'en', 'CareOf', char_to_uuid('fadca076-3690-4a6e-af9e-f1cd68e8c7e8'), char_to_uuid('402CD339-D0E4-46CE-8FC2-12A4B0E17226'));--#!
INSERT INTO CD_NAME_TBL(NAME_ID, CD_ID, EFFT_VRSN_SEQ_ID, LANG_CS, VAL, PHON_ALG_ID) SELECT gen_uuid(), char_to_uuid('8c89a89e-08c5-4374-87f9-adb3c9261df6'), VRSN_SEQ_ID, 'en', 'CareOf', char_to_uuid('402CD339-D0E4-46CE-8FC2-12A4B0E17226') FROM CD_VRSN_TBL WHERE CD_ID = char_to_uuid('8c89a89e-08c5-4374-87f9-adb3c9261df6') AND OBSLT_UTC IS NULL;--#!
INSERT INTO CD_TBL VALUES(char_to_uuid('4b3a347c-28fa-4560-a1a9-3795c9db3d3b'),TRUE);--#!
INSERT INTO CD_VRSN_TBL (CD_VRSN_ID, CD_ID, STS_CD_ID, CRT_PROV_ID, MNEMONIC, CLS_ID) VALUES (gen_uuid(), char_to_uuid('4b3a347c-28fa-4560-a1a9-3795c9db3d3b'), char_to_uuid('c8064cbd-fa06-4530-b430-1a52f1530c27'), char_to_uuid('fadca076-3690-4a6e-af9e-f1cd68e8c7e8'), 'CensusTract', char_to_uuid('0d6b3439-c9be-4480-af39-eeb457c052d0'));--#!
INSERT INTO REF_TERM_TBL(REF_TERM_ID, CS_ID, MNEMONIC, CRT_PROV_ID)  VALUES(char_to_uuid('0971fbf5-24b7-4d40-b648-5d84aa841417'), char_to_uuid('20dad23d-f524-4a93-bd49-780ab3d6fd6e'), 'CEN', char_to_uuid('fadca076-3690-4a6e-af9e-f1cd68e8c7e8'));--#!
INSERT INTO CD_REF_TERM_ASSOC_TBL(CD_REF_TERM_ID, REF_TERM_ID,  CD_ID, EFFT_VRSN_SEQ_ID, REL_TYP_ID) SELECT gen_uuid(), char_to_uuid('0971fbf5-24b7-4d40-b648-5d84aa841417'), char_to_uuid('4b3a347c-28fa-4560-a1a9-3795c9db3d3b'), VRSN_SEQ_ID, char_to_uuid('2c4dafc2-566a-41ae-9ebc-3097d7d22f4a') FROM CD_VRSN_TBL WHERE CD_ID = char_to_uuid('4b3a347c-28fa-4560-a1a9-3795c9db3d3b') AND OBSLT_UTC IS NULL;--#!
INSERT INTO REF_TERM_NAME_TBL (REF_TERM_NAME_ID, REF_TERM_ID, LANG_CS, TERM_NAME, CRT_PROV_ID, PHON_ALG_ID) VALUES( gen_uuid(),char_to_uuid('0971fbf5-24b7-4d40-b648-5d84aa841417'), 'en', 'CensusTract', char_to_uuid('fadca076-3690-4a6e-af9e-f1cd68e8c7e8'), char_to_uuid('402CD339-D0E4-46CE-8FC2-12A4B0E17226'));--#!
INSERT INTO CD_NAME_TBL(NAME_ID, CD_ID, EFFT_VRSN_SEQ_ID, LANG_CS, VAL, PHON_ALG_ID) SELECT gen_uuid(), char_to_uuid('4b3a347c-28fa-4560-a1a9-3795c9db3d3b'), VRSN_SEQ_ID, 'en', 'CensusTract', char_to_uuid('402CD339-D0E4-46CE-8FC2-12A4B0E17226') FROM CD_VRSN_TBL WHERE CD_ID = char_to_uuid('4b3a347c-28fa-4560-a1a9-3795c9db3d3b') AND OBSLT_UTC IS NULL;--#!
INSERT INTO REF_TERM_TBL(REF_TERM_ID, CS_ID, MNEMONIC, CRT_PROV_ID)  VALUES(char_to_uuid('3abd0e6e-0a47-4cdc-9be4-227e72e2e9c6'), char_to_uuid('20dad23d-f524-4a93-bd49-780ab3d6fd6e'), 'CNT', char_to_uuid('fadca076-3690-4a6e-af9e-f1cd68e8c7e8'));--#!
INSERT INTO CD_REF_TERM_ASSOC_TBL(CD_REF_TERM_ID, REF_TERM_ID,  CD_ID, EFFT_VRSN_SEQ_ID, REL_TYP_ID) SELECT gen_uuid(), char_to_uuid('3abd0e6e-0a47-4cdc-9be4-227e72e2e9c6'), char_to_uuid('48B2FFB3-07DB-47BA-AD73-FC8FB8502471'), VRSN_SEQ_ID, char_to_uuid('2c4dafc2-566a-41ae-9ebc-3097d7d22f4a') FROM CD_VRSN_TBL WHERE CD_ID = char_to_uuid('48B2FFB3-07DB-47BA-AD73-FC8FB8502471') AND OBSLT_UTC IS NULL;--#!
INSERT INTO REF_TERM_NAME_TBL (REF_TERM_NAME_ID, REF_TERM_ID, LANG_CS, TERM_NAME, CRT_PROV_ID, PHON_ALG_ID) VALUES( gen_uuid(),char_to_uuid('3abd0e6e-0a47-4cdc-9be4-227e72e2e9c6'), 'en', 'Country', char_to_uuid('fadca076-3690-4a6e-af9e-f1cd68e8c7e8'), char_to_uuid('402CD339-D0E4-46CE-8FC2-12A4B0E17226'));--#!
INSERT INTO CD_TBL VALUES(char_to_uuid('d9489d56-ddac-4596-b5c6-8f41d73d8dc5'),TRUE);--#!
INSERT INTO CD_VRSN_TBL (CD_VRSN_ID, CD_ID, STS_CD_ID, CRT_PROV_ID, MNEMONIC, CLS_ID) VALUES (gen_uuid(), char_to_uuid('d9489d56-ddac-4596-b5c6-8f41d73d8dc5'), char_to_uuid('c8064cbd-fa06-4530-b430-1a52f1530c27'), char_to_uuid('fadca076-3690-4a6e-af9e-f1cd68e8c7e8'), 'County', char_to_uuid('0d6b3439-c9be-4480-af39-eeb457c052d0'));--#!
INSERT INTO REF_TERM_TBL(REF_TERM_ID, CS_ID, MNEMONIC, CRT_PROV_ID)  VALUES(char_to_uuid('bc70b40e-046d-40c6-b4a9-f54e1549acf8'), char_to_uuid('20dad23d-f524-4a93-bd49-780ab3d6fd6e'), 'CPA', char_to_uuid('fadca076-3690-4a6e-af9e-f1cd68e8c7e8'));--#!
INSERT INTO CD_REF_TERM_ASSOC_TBL(CD_REF_TERM_ID, REF_TERM_ID,  CD_ID, EFFT_VRSN_SEQ_ID, REL_TYP_ID) SELECT gen_uuid(), char_to_uuid('bc70b40e-046d-40c6-b4a9-f54e1549acf8'), char_to_uuid('d9489d56-ddac-4596-b5c6-8f41d73d8dc5'), VRSN_SEQ_ID, char_to_uuid('2c4dafc2-566a-41ae-9ebc-3097d7d22f4a') FROM CD_VRSN_TBL WHERE CD_ID = char_to_uuid('d9489d56-ddac-4596-b5c6-8f41d73d8dc5') AND OBSLT_UTC IS NULL;--#!
INSERT INTO REF_TERM_NAME_TBL (REF_TERM_NAME_ID, REF_TERM_ID, LANG_CS, TERM_NAME, CRT_PROV_ID, PHON_ALG_ID) VALUES( gen_uuid(),char_to_uuid('bc70b40e-046d-40c6-b4a9-f54e1549acf8'), 'en', 'County', char_to_uuid('fadca076-3690-4a6e-af9e-f1cd68e8c7e8'), char_to_uuid('402CD339-D0E4-46CE-8FC2-12A4B0E17226'));--#!
INSERT INTO CD_NAME_TBL(NAME_ID, CD_ID, EFFT_VRSN_SEQ_ID, LANG_CS, VAL, PHON_ALG_ID) SELECT gen_uuid(), char_to_uuid('d9489d56-ddac-4596-b5c6-8f41d73d8dc5'), VRSN_SEQ_ID, 'en', 'County', char_to_uuid('402CD339-D0E4-46CE-8FC2-12A4B0E17226') FROM CD_VRSN_TBL WHERE CD_ID = char_to_uuid('d9489d56-ddac-4596-b5c6-8f41d73d8dc5') AND OBSLT_UTC IS NULL;--#!
INSERT INTO CD_TBL VALUES(char_to_uuid('05b85461-578b-4988-bca6-e3e94be9db76'),TRUE);--#!
INSERT INTO CD_VRSN_TBL (CD_VRSN_ID, CD_ID, STS_CD_ID, CRT_PROV_ID, MNEMONIC, CLS_ID) VALUES (gen_uuid(), char_to_uuid('05b85461-578b-4988-bca6-e3e94be9db76'), char_to_uuid('c8064cbd-fa06-4530-b430-1a52f1530c27'), char_to_uuid('fadca076-3690-4a6e-af9e-f1cd68e8c7e8'), 'City', char_to_uuid('0d6b3439-c9be-4480-af39-eeb457c052d0'));--#!
INSERT INTO REF_TERM_TBL(REF_TERM_ID, CS_ID, MNEMONIC, CRT_PROV_ID)  VALUES(char_to_uuid('f2e4b634-bdde-4cab-aa43-0a88bc14b8f0'), char_to_uuid('20dad23d-f524-4a93-bd49-780ab3d6fd6e'), 'CTY', char_to_uuid('fadca076-3690-4a6e-af9e-f1cd68e8c7e8'));--#!
INSERT INTO CD_REF_TERM_ASSOC_TBL(CD_REF_TERM_ID, REF_TERM_ID,  CD_ID, EFFT_VRSN_SEQ_ID, REL_TYP_ID) SELECT gen_uuid(), char_to_uuid('f2e4b634-bdde-4cab-aa43-0a88bc14b8f0'), char_to_uuid('05b85461-578b-4988-bca6-e3e94be9db76'), VRSN_SEQ_ID, char_to_uuid('2c4dafc2-566a-41ae-9ebc-3097d7d22f4a') FROM CD_VRSN_TBL WHERE CD_ID = char_to_uuid('05b85461-578b-4988-bca6-e3e94be9db76') AND OBSLT_UTC IS NULL;--#!
INSERT INTO REF_TERM_NAME_TBL (REF_TERM_NAME_ID, REF_TERM_ID, LANG_CS, TERM_NAME, CRT_PROV_ID, PHON_ALG_ID) VALUES( gen_uuid(),char_to_uuid('f2e4b634-bdde-4cab-aa43-0a88bc14b8f0'), 'en', 'City', char_to_uuid('fadca076-3690-4a6e-af9e-f1cd68e8c7e8'), char_to_uuid('402CD339-D0E4-46CE-8FC2-12A4B0E17226'));--#!
INSERT INTO CD_NAME_TBL(NAME_ID, CD_ID, EFFT_VRSN_SEQ_ID, LANG_CS, VAL, PHON_ALG_ID) SELECT gen_uuid(), char_to_uuid('05b85461-578b-4988-bca6-e3e94be9db76'), VRSN_SEQ_ID, 'en', 'City', char_to_uuid('402CD339-D0E4-46CE-8FC2-12A4B0E17226') FROM CD_VRSN_TBL WHERE CD_ID = char_to_uuid('05b85461-578b-4988-bca6-e3e94be9db76') AND OBSLT_UTC IS NULL;--#!
INSERT INTO REF_TERM_TBL(REF_TERM_ID, CS_ID, MNEMONIC, CRT_PROV_ID)  VALUES(char_to_uuid('679cc887-86ab-4ac8-a7ea-a870bf62a709'), char_to_uuid('20dad23d-f524-4a93-bd49-780ab3d6fd6e'), 'DEL', char_to_uuid('fadca076-3690-4a6e-af9e-f1cd68e8c7e8'));--#!
INSERT INTO CD_REF_TERM_ASSOC_TBL(CD_REF_TERM_ID, REF_TERM_ID,  CD_ID, EFFT_VRSN_SEQ_ID, REL_TYP_ID) SELECT gen_uuid(), char_to_uuid('679cc887-86ab-4ac8-a7ea-a870bf62a709'), char_to_uuid('4C6B9519-A493-44A9-80E6-32D85109B04B'), VRSN_SEQ_ID, char_to_uuid('2c4dafc2-566a-41ae-9ebc-3097d7d22f4a') FROM CD_VRSN_TBL WHERE CD_ID = char_to_uuid('4C6B9519-A493-44A9-80E6-32D85109B04B') AND OBSLT_UTC IS NULL;--#!
INSERT INTO REF_TERM_NAME_TBL (REF_TERM_NAME_ID, REF_TERM_ID, LANG_CS, TERM_NAME, CRT_PROV_ID, PHON_ALG_ID) VALUES( gen_uuid(),char_to_uuid('679cc887-86ab-4ac8-a7ea-a870bf62a709'), 'en', 'Delimiter', char_to_uuid('fadca076-3690-4a6e-af9e-f1cd68e8c7e8'), char_to_uuid('402CD339-D0E4-46CE-8FC2-12A4B0E17226'));--#!
INSERT INTO CD_TBL VALUES(char_to_uuid('2047f216-f41e-4cfb-a024-05d4d3de52f5'),TRUE);--#!
INSERT INTO CD_VRSN_TBL (CD_VRSN_ID, CD_ID, STS_CD_ID, CRT_PROV_ID, MNEMONIC, CLS_ID) VALUES (gen_uuid(), char_to_uuid('2047f216-f41e-4cfb-a024-05d4d3de52f5'), char_to_uuid('c8064cbd-fa06-4530-b430-1a52f1530c27'), char_to_uuid('fadca076-3690-4a6e-af9e-f1cd68e8c7e8'), 'PostBox', char_to_uuid('0d6b3439-c9be-4480-af39-eeb457c052d0'));--#!
INSERT INTO REF_TERM_TBL(REF_TERM_ID, CS_ID, MNEMONIC, CRT_PROV_ID)  VALUES(char_to_uuid('3c09edd8-9ac1-41c5-9b39-5dd5c4eee88e'), char_to_uuid('20dad23d-f524-4a93-bd49-780ab3d6fd6e'), 'POB', char_to_uuid('fadca076-3690-4a6e-af9e-f1cd68e8c7e8'));--#!
INSERT INTO CD_REF_TERM_ASSOC_TBL(CD_REF_TERM_ID, REF_TERM_ID,  CD_ID, EFFT_VRSN_SEQ_ID, REL_TYP_ID) SELECT gen_uuid(), char_to_uuid('3c09edd8-9ac1-41c5-9b39-5dd5c4eee88e'), char_to_uuid('2047f216-f41e-4cfb-a024-05d4d3de52f5'), VRSN_SEQ_ID, char_to_uuid('2c4dafc2-566a-41ae-9ebc-3097d7d22f4a') FROM CD_VRSN_TBL WHERE CD_ID = char_to_uuid('2047f216-f41e-4cfb-a024-05d4d3de52f5') AND OBSLT_UTC IS NULL;--#!
INSERT INTO REF_TERM_NAME_TBL (REF_TERM_NAME_ID, REF_TERM_ID, LANG_CS, TERM_NAME, CRT_PROV_ID, PHON_ALG_ID) VALUES( gen_uuid(),char_to_uuid('3c09edd8-9ac1-41c5-9b39-5dd5c4eee88e'), 'en', 'PostBox', char_to_uuid('fadca076-3690-4a6e-af9e-f1cd68e8c7e8'), char_to_uuid('402CD339-D0E4-46CE-8FC2-12A4B0E17226'));--#!
INSERT INTO CD_NAME_TBL(NAME_ID, CD_ID, EFFT_VRSN_SEQ_ID, LANG_CS, VAL, PHON_ALG_ID) SELECT gen_uuid(), char_to_uuid('2047f216-f41e-4cfb-a024-05d4d3de52f5'), VRSN_SEQ_ID, 'en', 'PostBox', char_to_uuid('402CD339-D0E4-46CE-8FC2-12A4B0E17226') FROM CD_VRSN_TBL WHERE CD_ID = char_to_uuid('2047f216-f41e-4cfb-a024-05d4d3de52f5') AND OBSLT_UTC IS NULL;--#!
INSERT INTO CD_TBL VALUES(char_to_uuid('acafe0f2-e209-43bb-8633-3665fd7c90ba'),TRUE);--#!
INSERT INTO CD_VRSN_TBL (CD_VRSN_ID, CD_ID, STS_CD_ID, CRT_PROV_ID, MNEMONIC, CLS_ID) VALUES (gen_uuid(), char_to_uuid('acafe0f2-e209-43bb-8633-3665fd7c90ba'), char_to_uuid('c8064cbd-fa06-4530-b430-1a52f1530c27'), char_to_uuid('fadca076-3690-4a6e-af9e-f1cd68e8c7e8'), 'Precinct', char_to_uuid('0d6b3439-c9be-4480-af39-eeb457c052d0'));--#!
INSERT INTO REF_TERM_TBL(REF_TERM_ID, CS_ID, MNEMONIC, CRT_PROV_ID)  VALUES(char_to_uuid('c0dfdb60-8646-4c1d-afc1-203c90a704fc'), char_to_uuid('20dad23d-f524-4a93-bd49-780ab3d6fd6e'), 'PRE', char_to_uuid('fadca076-3690-4a6e-af9e-f1cd68e8c7e8'));--#!
INSERT INTO CD_REF_TERM_ASSOC_TBL(CD_REF_TERM_ID, REF_TERM_ID,  CD_ID, EFFT_VRSN_SEQ_ID, REL_TYP_ID) SELECT gen_uuid(), char_to_uuid('c0dfdb60-8646-4c1d-afc1-203c90a704fc'), char_to_uuid('acafe0f2-e209-43bb-8633-3665fd7c90ba'), VRSN_SEQ_ID, char_to_uuid('2c4dafc2-566a-41ae-9ebc-3097d7d22f4a') FROM CD_VRSN_TBL WHERE CD_ID = char_to_uuid('acafe0f2-e209-43bb-8633-3665fd7c90ba') AND OBSLT_UTC IS NULL;--#!
INSERT INTO REF_TERM_NAME_TBL (REF_TERM_NAME_ID, REF_TERM_ID, LANG_CS, TERM_NAME, CRT_PROV_ID, PHON_ALG_ID) VALUES( gen_uuid(),char_to_uuid('c0dfdb60-8646-4c1d-afc1-203c90a704fc'), 'en', 'Precinct', char_to_uuid('fadca076-3690-4a6e-af9e-f1cd68e8c7e8'), char_to_uuid('402CD339-D0E4-46CE-8FC2-12A4B0E17226'));--#!
INSERT INTO CD_NAME_TBL(NAME_ID, CD_ID, EFFT_VRSN_SEQ_ID, LANG_CS, VAL, PHON_ALG_ID) SELECT gen_uuid(), char_to_uuid('acafe0f2-e209-43bb-8633-3665fd7c90ba'), VRSN_SEQ_ID, 'en', 'Precinct', char_to_uuid('402CD339-D0E4-46CE-8FC2-12A4B0E17226') FROM CD_VRSN_TBL WHERE CD_ID = char_to_uuid('acafe0f2-e209-43bb-8633-3665fd7c90ba') AND OBSLT_UTC IS NULL;--#!
INSERT INTO REF_TERM_TBL(REF_TERM_ID, CS_ID, MNEMONIC, CRT_PROV_ID)  VALUES(char_to_uuid('8c947fe0-729d-441b-ada1-f807199f2970'), char_to_uuid('20dad23d-f524-4a93-bd49-780ab3d6fd6e'), 'STA', char_to_uuid('fadca076-3690-4a6e-af9e-f1cd68e8c7e8'));--#!
INSERT INTO CD_REF_TERM_ASSOC_TBL(CD_REF_TERM_ID, REF_TERM_ID,  CD_ID, EFFT_VRSN_SEQ_ID, REL_TYP_ID) SELECT gen_uuid(), char_to_uuid('8c947fe0-729d-441b-ada1-f807199f2970'), char_to_uuid('8CF4B0B0-84E5-4122-85FE-6AFA8240C218'), VRSN_SEQ_ID, char_to_uuid('2c4dafc2-566a-41ae-9ebc-3097d7d22f4a') FROM CD_VRSN_TBL WHERE CD_ID = char_to_uuid('8CF4B0B0-84E5-4122-85FE-6AFA8240C218') AND OBSLT_UTC IS NULL;--#!
INSERT INTO REF_TERM_NAME_TBL (REF_TERM_NAME_ID, REF_TERM_ID, LANG_CS, TERM_NAME, CRT_PROV_ID, PHON_ALG_ID) VALUES( gen_uuid(),char_to_uuid('8c947fe0-729d-441b-ada1-f807199f2970'), 'en', 'State', char_to_uuid('fadca076-3690-4a6e-af9e-f1cd68e8c7e8'), char_to_uuid('402CD339-D0E4-46CE-8FC2-12A4B0E17226'));--#!
INSERT INTO CD_TBL VALUES(char_to_uuid('78a47122-f9bf-450f-a93f-90a103c5f1e8'),TRUE);--#!
INSERT INTO CD_VRSN_TBL (CD_VRSN_ID, CD_ID, STS_CD_ID, CRT_PROV_ID, MNEMONIC, CLS_ID) VALUES (gen_uuid(), char_to_uuid('78a47122-f9bf-450f-a93f-90a103c5f1e8'), char_to_uuid('c8064cbd-fa06-4530-b430-1a52f1530c27'), char_to_uuid('fadca076-3690-4a6e-af9e-f1cd68e8c7e8'), 'PostalCode', char_to_uuid('0d6b3439-c9be-4480-af39-eeb457c052d0'));--#!
INSERT INTO REF_TERM_TBL(REF_TERM_ID, CS_ID, MNEMONIC, CRT_PROV_ID)  VALUES(char_to_uuid('5f81675a-475c-4490-b0e9-20495e55e270'), char_to_uuid('20dad23d-f524-4a93-bd49-780ab3d6fd6e'), 'ZIP', char_to_uuid('fadca076-3690-4a6e-af9e-f1cd68e8c7e8'));--#!
INSERT INTO CD_REF_TERM_ASSOC_TBL(CD_REF_TERM_ID, REF_TERM_ID,  CD_ID, EFFT_VRSN_SEQ_ID, REL_TYP_ID) SELECT gen_uuid(), char_to_uuid('5f81675a-475c-4490-b0e9-20495e55e270'), char_to_uuid('78a47122-f9bf-450f-a93f-90a103c5f1e8'), VRSN_SEQ_ID, char_to_uuid('2c4dafc2-566a-41ae-9ebc-3097d7d22f4a') FROM CD_VRSN_TBL WHERE CD_ID = char_to_uuid('78a47122-f9bf-450f-a93f-90a103c5f1e8') AND OBSLT_UTC IS NULL;--#!
INSERT INTO REF_TERM_NAME_TBL (REF_TERM_NAME_ID, REF_TERM_ID, LANG_CS, TERM_NAME, CRT_PROV_ID, PHON_ALG_ID) VALUES( gen_uuid(),char_to_uuid('5f81675a-475c-4490-b0e9-20495e55e270'), 'en', 'PostalCode', char_to_uuid('fadca076-3690-4a6e-af9e-f1cd68e8c7e8'), char_to_uuid('402CD339-D0E4-46CE-8FC2-12A4B0E17226'));--#!
INSERT INTO CD_NAME_TBL(NAME_ID, CD_ID, EFFT_VRSN_SEQ_ID, LANG_CS, VAL, PHON_ALG_ID) SELECT gen_uuid(), char_to_uuid('78a47122-f9bf-450f-a93f-90a103c5f1e8'), VRSN_SEQ_ID, 'en', 'PostalCode', char_to_uuid('402CD339-D0E4-46CE-8FC2-12A4B0E17226') FROM CD_VRSN_TBL WHERE CD_ID = char_to_uuid('78a47122-f9bf-450f-a93f-90a103c5f1e8') AND OBSLT_UTC IS NULL;--#!
INSERT INTO CD_SET_MEM_ASSOC_TBL(CD_ID, SET_ID) SELECT CD_ID, char_to_uuid('5CCA5869-8A7B-47A3-83DB-041D5AF5C9DA') from REF_TERM_TBL INNER JOIN CD_SYS_TBL ON (CD_SYS_TBL.CS_ID = REF_TERM_TBL.CS_ID)
	LEFT JOIN CD_REF_TERM_ASSOC_TBL ON (CD_REF_TERM_ASSOC_TBL.REF_TERM_ID = REF_TERM_TBL.REF_TERM_ID)
	WHERE CD_SYS_TBL.DOMAIN = 'AddressPartType';--#!

INSERT INTO CD_SET_MEM_ASSOC_TBL(CD_ID, SET_ID) SELECT CD_ID, char_to_uuid('8DF14280-3D05-45A6-BFAE-15B63DFC3791') from REF_TERM_TBL INNER JOIN CD_SYS_TBL ON (CD_SYS_TBL.CS_ID = REF_TERM_TBL.CS_ID)
	LEFT JOIN CD_REF_TERM_ASSOC_TBL ON (CD_REF_TERM_ASSOC_TBL.REF_TERM_ID = REF_TERM_TBL.REF_TERM_ID)
	WHERE CD_SYS_TBL.DOMAIN = 'EntityNamePartType';--#!

INSERT INTO CD_SET_MEM_ASSOC_TBL(CD_ID, SET_ID) SELECT CD_ID, char_to_uuid('C68A7690-D78D-4AFC-8A36-1EBDFB86F15F') from REF_TERM_TBL INNER JOIN CD_SYS_TBL ON (CD_SYS_TBL.CS_ID = REF_TERM_TBL.CS_ID)
	LEFT JOIN CD_REF_TERM_ASSOC_TBL ON (CD_REF_TERM_ASSOC_TBL.REF_TERM_ID = REF_TERM_TBL.REF_TERM_ID)
	WHERE CD_SYS_TBL.DOMAIN = 'PostalAddressUse';--#!

INSERT INTO CD_SET_MEM_ASSOC_TBL(CD_ID, SET_ID) SELECT CD_ID, char_to_uuid('8DF14280-3D05-45A6-BFAE-15B63DFC379F') from REF_TERM_TBL INNER JOIN CD_SYS_TBL ON (CD_SYS_TBL.CS_ID = REF_TERM_TBL.CS_ID)
	LEFT JOIN CD_REF_TERM_ASSOC_TBL ON (CD_REF_TERM_ASSOC_TBL.REF_TERM_ID = REF_TERM_TBL.REF_TERM_ID)
	WHERE CD_SYS_TBL.DOMAIN = 'EntityNameUse';--#!


INSERT INTO CD_SYS_TBL (CS_ID, DOMAIN, OID, CRT_PROV_ID, URL)  VALUES (char_to_uuid('59b60ec6-f1d0-4c7f-8e3b-a7b809dc26cf'),'TelecommunicationAddressUse','2.16.840.1.113883.5.1011',char_to_uuid('fadca076-3690-4a6e-af9e-f1cd68e8c7e8'),'http://santedb.org/conceptset/v3-TelecomAddressUse');--#!
INSERT INTO CD_TBL VALUES(char_to_uuid('1ecd7b17-b5ff-4cae-9c3b-c1258132d137'),TRUE);--#!
INSERT INTO CD_VRSN_TBL (CD_VRSN_ID, CD_ID, STS_CD_ID, CRT_PROV_ID, MNEMONIC, CLS_ID) VALUES (gen_uuid(), char_to_uuid('1ecd7b17-b5ff-4cae-9c3b-c1258132d137'), char_to_uuid('c8064cbd-fa06-4530-b430-1a52f1530c27'), char_to_uuid('fadca076-3690-4a6e-af9e-f1cd68e8c7e8'), 'AnsweringService', char_to_uuid('0d6b3439-c9be-4480-af39-eeb457c052d0'));--#!
INSERT INTO REF_TERM_TBL(REF_TERM_ID, CS_ID, MNEMONIC, CRT_PROV_ID)  VALUES(char_to_uuid('8917551f-137c-4cd4-9b70-d036f2a44f60'), char_to_uuid('59b60ec6-f1d0-4c7f-8e3b-a7b809dc26cf'), 'AS', char_to_uuid('fadca076-3690-4a6e-af9e-f1cd68e8c7e8'));--#!
INSERT INTO CD_REF_TERM_ASSOC_TBL(CD_REF_TERM_ID, REF_TERM_ID,  CD_ID, EFFT_VRSN_SEQ_ID, REL_TYP_ID) SELECT gen_uuid(), char_to_uuid('8917551f-137c-4cd4-9b70-d036f2a44f60'), char_to_uuid('1ecd7b17-b5ff-4cae-9c3b-c1258132d137'), VRSN_SEQ_ID, char_to_uuid('2c4dafc2-566a-41ae-9ebc-3097d7d22f4a') FROM CD_VRSN_TBL WHERE CD_ID = char_to_uuid('1ecd7b17-b5ff-4cae-9c3b-c1258132d137') AND OBSLT_UTC IS NULL;--#!
INSERT INTO REF_TERM_NAME_TBL (REF_TERM_NAME_ID, REF_TERM_ID, LANG_CS, TERM_NAME, CRT_PROV_ID, PHON_ALG_ID) VALUES( gen_uuid(),char_to_uuid('8917551f-137c-4cd4-9b70-d036f2a44f60'), 'en', 'Answering Service', char_to_uuid('fadca076-3690-4a6e-af9e-f1cd68e8c7e8'), char_to_uuid('402CD339-D0E4-46CE-8FC2-12A4B0E17226'));--#!
INSERT INTO CD_NAME_TBL(NAME_ID, CD_ID, EFFT_VRSN_SEQ_ID, LANG_CS, VAL, PHON_ALG_ID) SELECT gen_uuid(), CD_ID, VRSN_SEQ_ID, 'en', 'Answering Service', char_to_uuid('402CD339-D0E4-46CE-8FC2-12A4B0E17226') FROM CD_VRSN_TBL WHERE CD_ID = char_to_uuid('1ecd7b17-b5ff-4cae-9c3b-c1258132d137') AND OBSLT_UTC IS NULL;--#!
INSERT INTO REF_TERM_TBL(REF_TERM_ID, CS_ID, MNEMONIC, CRT_PROV_ID)  VALUES(char_to_uuid('b5c7f3e3-5ec9-4ae4-acb1-aac6700fb516'), char_to_uuid('59b60ec6-f1d0-4c7f-8e3b-a7b809dc26cf'), 'EC', char_to_uuid('fadca076-3690-4a6e-af9e-f1cd68e8c7e8'));--#!
INSERT INTO CD_REF_TERM_ASSOC_TBL(CD_REF_TERM_ID, REF_TERM_ID,  CD_ID, EFFT_VRSN_SEQ_ID, REL_TYP_ID) SELECT gen_uuid(), char_to_uuid('b5c7f3e3-5ec9-4ae4-acb1-aac6700fb516'), char_to_uuid('25985f42-476a-4455-a977-4e97a554d710'), VRSN_SEQ_ID, char_to_uuid('2c4dafc2-566a-41ae-9ebc-3097d7d22f4a') FROM CD_VRSN_TBL WHERE CD_ID = char_to_uuid('25985f42-476a-4455-a977-4e97a554d710') AND OBSLT_UTC IS NULL;--#!
INSERT INTO REF_TERM_NAME_TBL (REF_TERM_NAME_ID, REF_TERM_ID, LANG_CS, TERM_NAME, CRT_PROV_ID, PHON_ALG_ID) VALUES( gen_uuid(),char_to_uuid('b5c7f3e3-5ec9-4ae4-acb1-aac6700fb516'), 'en', 'Emergency Contact', char_to_uuid('fadca076-3690-4a6e-af9e-f1cd68e8c7e8'), char_to_uuid('402CD339-D0E4-46CE-8FC2-12A4B0E17226'));--#!
INSERT INTO CD_NAME_TBL(NAME_ID, CD_ID, EFFT_VRSN_SEQ_ID, LANG_CS, VAL, PHON_ALG_ID) SELECT gen_uuid(), CD_ID, VRSN_SEQ_ID, 'en', 'Emergency Contact', char_to_uuid('402CD339-D0E4-46CE-8FC2-12A4B0E17226') FROM CD_VRSN_TBL WHERE CD_ID = char_to_uuid('25985f42-476a-4455-a977-4e97a554d710') AND OBSLT_UTC IS NULL;--#!
INSERT INTO CD_TBL VALUES(char_to_uuid('e161f90e-5939-430e-861a-f8e885cc353d'),TRUE);--#!
INSERT INTO CD_VRSN_TBL (CD_VRSN_ID, CD_ID, STS_CD_ID, CRT_PROV_ID, MNEMONIC, CLS_ID) VALUES (gen_uuid(), char_to_uuid('e161f90e-5939-430e-861a-f8e885cc353d'), char_to_uuid('c8064cbd-fa06-4530-b430-1a52f1530c27'), char_to_uuid('fadca076-3690-4a6e-af9e-f1cd68e8c7e8'), 'MobileContact', char_to_uuid('0d6b3439-c9be-4480-af39-eeb457c052d0'));--#!
INSERT INTO REF_TERM_TBL(REF_TERM_ID, CS_ID, MNEMONIC, CRT_PROV_ID)  VALUES(char_to_uuid('ee8979bd-970c-4c30-8c6a-61f6d91f767f'), char_to_uuid('59b60ec6-f1d0-4c7f-8e3b-a7b809dc26cf'), 'MC', char_to_uuid('fadca076-3690-4a6e-af9e-f1cd68e8c7e8'));--#!
INSERT INTO CD_REF_TERM_ASSOC_TBL(CD_REF_TERM_ID, REF_TERM_ID,  CD_ID, EFFT_VRSN_SEQ_ID, REL_TYP_ID) SELECT gen_uuid(), char_to_uuid('ee8979bd-970c-4c30-8c6a-61f6d91f767f'), char_to_uuid('e161f90e-5939-430e-861a-f8e885cc353d'), VRSN_SEQ_ID, char_to_uuid('2c4dafc2-566a-41ae-9ebc-3097d7d22f4a') FROM CD_VRSN_TBL WHERE CD_ID = char_to_uuid('e161f90e-5939-430e-861a-f8e885cc353d') AND OBSLT_UTC IS NULL;--#!
INSERT INTO REF_TERM_NAME_TBL (REF_TERM_NAME_ID, REF_TERM_ID, LANG_CS, TERM_NAME, CRT_PROV_ID, PHON_ALG_ID) VALUES( gen_uuid(),char_to_uuid('ee8979bd-970c-4c30-8c6a-61f6d91f767f'), 'en', 'Mobile Phone', char_to_uuid('fadca076-3690-4a6e-af9e-f1cd68e8c7e8'), char_to_uuid('402CD339-D0E4-46CE-8FC2-12A4B0E17226'));--#!
INSERT INTO CD_NAME_TBL(NAME_ID, CD_ID, EFFT_VRSN_SEQ_ID, LANG_CS, VAL, PHON_ALG_ID) SELECT gen_uuid(), CD_ID, VRSN_SEQ_ID, 'en', 'Mobile Phone', char_to_uuid('402CD339-D0E4-46CE-8FC2-12A4B0E17226') FROM CD_VRSN_TBL WHERE CD_ID = char_to_uuid('e161f90e-5939-430e-861a-f8e885cc353d') AND OBSLT_UTC IS NULL;--#!
INSERT INTO CD_TBL VALUES(char_to_uuid('788000b4-e37a-4055-a2aa-c650089ce3b1'),TRUE);--#!
INSERT INTO CD_VRSN_TBL (CD_VRSN_ID, CD_ID, STS_CD_ID, CRT_PROV_ID, MNEMONIC, CLS_ID) VALUES (gen_uuid(), char_to_uuid('788000b4-e37a-4055-a2aa-c650089ce3b1'), char_to_uuid('c8064cbd-fa06-4530-b430-1a52f1530c27'), char_to_uuid('fadca076-3690-4a6e-af9e-f1cd68e8c7e8'), 'Pager', char_to_uuid('0d6b3439-c9be-4480-af39-eeb457c052d0'));--#!
INSERT INTO REF_TERM_TBL(REF_TERM_ID, CS_ID, MNEMONIC, CRT_PROV_ID)  VALUES(char_to_uuid('806c2a3a-4317-4a46-92bb-0fb953a61e40'), char_to_uuid('59b60ec6-f1d0-4c7f-8e3b-a7b809dc26cf'), 'PG', char_to_uuid('fadca076-3690-4a6e-af9e-f1cd68e8c7e8'));--#!
INSERT INTO CD_REF_TERM_ASSOC_TBL(CD_REF_TERM_ID, REF_TERM_ID,  CD_ID, EFFT_VRSN_SEQ_ID, REL_TYP_ID) SELECT gen_uuid(), char_to_uuid('806c2a3a-4317-4a46-92bb-0fb953a61e40'), char_to_uuid('788000b4-e37a-4055-a2aa-c650089ce3b1'), VRSN_SEQ_ID, char_to_uuid('2c4dafc2-566a-41ae-9ebc-3097d7d22f4a') FROM CD_VRSN_TBL WHERE CD_ID = char_to_uuid('788000b4-e37a-4055-a2aa-c650089ce3b1') AND OBSLT_UTC IS NULL;--#!
INSERT INTO REF_TERM_NAME_TBL (REF_TERM_NAME_ID, REF_TERM_ID, LANG_CS, TERM_NAME, CRT_PROV_ID, PHON_ALG_ID) VALUES( gen_uuid(),char_to_uuid('806c2a3a-4317-4a46-92bb-0fb953a61e40'), 'en', 'Pager', char_to_uuid('fadca076-3690-4a6e-af9e-f1cd68e8c7e8'), char_to_uuid('402CD339-D0E4-46CE-8FC2-12A4B0E17226'));--#!
INSERT INTO CD_NAME_TBL(NAME_ID, CD_ID, EFFT_VRSN_SEQ_ID, LANG_CS, VAL, PHON_ALG_ID) SELECT gen_uuid(), CD_ID, VRSN_SEQ_ID, 'en', 'Pager', char_to_uuid('402CD339-D0E4-46CE-8FC2-12A4B0E17226') FROM CD_VRSN_TBL WHERE CD_ID = char_to_uuid('788000b4-e37a-4055-a2aa-c650089ce3b1') AND OBSLT_UTC IS NULL;--#!
-- STOCK CODES
INSERT INTO CD_TBL VALUES(char_to_uuid('31f6fbb8-b510-4624-a639-eb7e93a19b27'),TRUE);--#!
INSERT INTO CD_VRSN_TBL (CD_VRSN_ID, CD_ID, STS_CD_ID, CRT_PROV_ID, MNEMONIC, CLS_ID) VALUES (gen_uuid(), char_to_uuid('31f6fbb8-b510-4624-a639-eb7e93a19b27'), char_to_uuid('c8064cbd-fa06-4530-b430-1a52f1530c27'), char_to_uuid('fadca076-3690-4a6e-af9e-f1cd68e8c7e8'), 'StockTransfer', char_to_uuid('17FD5254-8C25-4ABB-B246-083FBE9AFA15'));--#!
INSERT INTO REF_TERM_TBL(REF_TERM_ID, CS_ID, MNEMONIC, CRT_PROV_ID)  VALUES(char_to_uuid('0063d641-2daf-436d-95f2-39c7e50f4197'), char_to_uuid('BAB1D66A-1E98-4BFD-9B4A-7C4BE88F35D1'), 'TRNFR', char_to_uuid('fadca076-3690-4a6e-af9e-f1cd68e8c7e8'));--#!
INSERT INTO CD_REF_TERM_ASSOC_TBL(CD_REF_TERM_ID, REF_TERM_ID,  CD_ID, EFFT_VRSN_SEQ_ID, REL_TYP_ID) SELECT gen_uuid(), char_to_uuid('0063d641-2daf-436d-95f2-39c7e50f4197'), char_to_uuid('31f6fbb8-b510-4624-a639-eb7e93a19b27'), VRSN_SEQ_ID, char_to_uuid('2c4dafc2-566a-41ae-9ebc-3097d7d22f4a') FROM CD_VRSN_TBL WHERE CD_ID = char_to_uuid('31f6fbb8-b510-4624-a639-eb7e93a19b27') AND OBSLT_UTC IS NULL;--#!
INSERT INTO REF_TERM_NAME_TBL (REF_TERM_NAME_ID, REF_TERM_ID, LANG_CS, TERM_NAME, CRT_PROV_ID, PHON_ALG_ID) VALUES( gen_uuid(),char_to_uuid('0063d641-2daf-436d-95f2-39c7e50f4197'), 'en', 'Transfer', char_to_uuid('fadca076-3690-4a6e-af9e-f1cd68e8c7e8'), char_to_uuid('402CD339-D0E4-46CE-8FC2-12A4B0E17226'));--#!
INSERT INTO CD_NAME_TBL(NAME_ID, CD_ID, EFFT_VRSN_SEQ_ID, LANG_CS, VAL, PHON_ALG_ID) SELECT gen_uuid(), CD_ID, VRSN_SEQ_ID, 'en', 'Transfer', char_to_uuid('402CD339-D0E4-46CE-8FC2-12A4B0E17226') FROM CD_VRSN_TBL WHERE CD_ID = char_to_uuid('31f6fbb8-b510-4624-a639-eb7e93a19b27') AND OBSLT_UTC IS NULL;--#!
INSERT INTO CD_TBL VALUES(char_to_uuid('63ae8c25-d607-4382-a704-63a6b6930faf'),TRUE);--#!
INSERT INTO CD_VRSN_TBL (CD_VRSN_ID, CD_ID, STS_CD_ID, CRT_PROV_ID, MNEMONIC, CLS_ID) VALUES (gen_uuid(), char_to_uuid('63ae8c25-d607-4382-a704-63a6b6930faf'), char_to_uuid('c8064cbd-fa06-4530-b430-1a52f1530c27'), char_to_uuid('fadca076-3690-4a6e-af9e-f1cd68e8c7e8'), 'Adjustment', char_to_uuid('17FD5254-8C25-4ABB-B246-083FBE9AFA15'));--#!
INSERT INTO CD_NAME_TBL(NAME_ID, CD_ID, EFFT_VRSN_SEQ_ID, LANG_CS, VAL, PHON_ALG_ID) SELECT gen_uuid(), CD_ID, VRSN_SEQ_ID, 'en', 'Adjustment', char_to_uuid('402CD339-D0E4-46CE-8FC2-12A4B0E17226') FROM CD_VRSN_TBL WHERE CD_ID = char_to_uuid('63ae8c25-d607-4382-a704-63a6b6930faf') AND OBSLT_UTC IS NULL;--#!
INSERT INTO CD_SET_MEM_ASSOC_TBL (CD_ID, SET_ID) VALUES (char_to_uuid('31f6fbb8-b510-4624-a639-eb7e93a19b27'),char_to_uuid('62C5FDE0-A3AA-45DF-94E9-242F4451644A'));--#!
INSERT INTO CD_SET_MEM_ASSOC_TBL (CD_ID, SET_ID) VALUES (char_to_uuid('63ae8c25-d607-4382-a704-63a6b6930faf'),char_to_uuid('62C5FDE0-A3AA-45DF-94E9-242F4451644A'));--#!
INSERT INTO CD_SET_MEM_ASSOC_TBL (CD_ID, SET_ID) VALUES(char_to_uuid('1ecd7b17-b5ff-4cae-9c3b-c1258132d137'),char_to_uuid('1dabe3e2-44b8-4c45-9102-25ea147e5710'));--#!
INSERT INTO CD_SET_MEM_ASSOC_TBL (CD_ID, SET_ID) VALUES(char_to_uuid('25985f42-476a-4455-a977-4e97a554d710'),char_to_uuid('1dabe3e2-44b8-4c45-9102-25ea147e5710'));--#!
INSERT INTO CD_SET_MEM_ASSOC_TBL (CD_ID, SET_ID) VALUES(char_to_uuid('e161f90e-5939-430e-861a-f8e885cc353d'),char_to_uuid('1dabe3e2-44b8-4c45-9102-25ea147e5710'));--#!
INSERT INTO CD_SET_MEM_ASSOC_TBL (CD_ID, SET_ID) VALUES(char_to_uuid('788000b4-e37a-4055-a2aa-c650089ce3b1'),char_to_uuid('1dabe3e2-44b8-4c45-9102-25ea147e5710'));--#!
INSERT INTO CD_SET_MEM_ASSOC_TBL (SET_ID, CD_ID) VALUES (char_to_uuid('1DABE3E2-44B8-4C45-9102-25EA147E5710'), char_to_uuid('EAA6F08E-BB8E-4457-9DC0-3A1555FADF5C'));--#!
INSERT INTO CD_SET_MEM_ASSOC_TBL (SET_ID, CD_ID) VALUES (char_to_uuid('1DABE3E2-44B8-4C45-9102-25EA147E5710'), char_to_uuid('CEF6EA31-A097-4F59-8723-A38C727C6597'));--#!
INSERT INTO CD_SET_MEM_ASSOC_TBL (SET_ID, CD_ID) VALUES (char_to_uuid('1DABE3E2-44B8-4C45-9102-25EA147E5710'), char_to_uuid('EC35EA7C-55D2-4619-A56B-F7A986412F7F'));--#!
-- CORRECTION
INSERT INTO CD_SET_MEM_ASSOC_TBL (CD_ID, SET_ID) VALUES (char_to_uuid('D9489D56-DDAC-4596-B5C6-8F41D73D8DC5'), char_to_uuid('4E6DA567-0094-4F23-8555-11DA499593AF'));--#!
INSERT INTO CD_SET_MEM_ASSOC_TBL (CD_ID, SET_ID) VALUES (char_to_uuid('9025E5C9-693B-49D4-973C-D7010F3A23EE'), char_to_uuid('4E6DA567-0094-4F23-8555-11DA499593AF'));--#!
INSERT INTO CD_SET_MEM_ASSOC_TBL (CD_ID, SET_ID) VALUES (char_to_uuid('c4faafd8-fc90-4330-8b4b-e4e64c86b87b'),char_to_uuid('1dabe3e2-44b8-4c45-9102-25ea147e5710')); --#!

-- COMPLETED STATUS
INSERT INTO CD_TBL VALUES (char_to_uuid('AFC33800-8225-4061-B168-BACC09CDBAE3'), TRUE);--#!
INSERT INTO CD_VRSN_TBL (CD_VRSN_ID, CD_ID, STS_CD_ID, CRT_PROV_ID, MNEMONIC, CLS_ID) VALUES (gen_uuid(), char_to_uuid('AFC33800-8225-4061-B168-BACC09CDBAE3'), char_to_uuid('c8064cbd-fa06-4530-b430-1a52f1530c27'), char_to_uuid('fadca076-3690-4a6e-af9e-f1cd68e8c7e8'), 'COMPLETE', char_to_uuid('54B93182-FC19-47A2-82C6-089FD70A4F45'));--#!
INSERT INTO CD_SET_MEM_ASSOC_TBL(CD_ID, SET_ID) VALUES (char_to_uuid('AFC33800-8225-4061-B168-BACC09CDBAE3'), char_to_uuid('93a48f6a-6808-4c70-83a2-d02178c2a883'));--#!
-- REPLACES CODE
--INSERT INTO CD_TBL VALUES (char_to_uuid('e998ca72-3b6a-4099-ab6e-7cf6861a5b61'), TRUE);
INSERT INTO CD_SET_MEM_ASSOC_TBL (CD_ID, SET_ID) VALUES (char_to_uuid('d1578637-e1cb-415e-b319-4011da033813'), char_to_uuid('ee16a667-2085-440a-b1e7-4032d10b9f40'));--#!
--INSERT INTO CD_VRSN_TBL (CD_VRSN_ID, CD_ID, STS_CD_ID, CRT_PROV_ID, MNEMONIC, CLS_ID) VALUES (gen_uuid(), char_to_uuid('e998ca72-3b6a-4099-ab6e-7cf6861a5b61'), char_to_uuid('c8064cbd-fa06-4530-b430-1a52f1530c27'), char_to_uuid('fadca076-3690-4a6e-af9e-f1cd68e8c7e8'), 'Replaces', char_to_uuid('17fd5254-8c25-4abb-b246-083fbe9afa15'));
--INSERT INTO REF_TERM_TBL (REF_TERM_ID, CS_ID, MNEMONIC, CRT_PROV_ID)  VALUES(char_to_uuid('9adb575a-eba2-454b-a087-805f5083b048'),char_to_uuid('ff12d77b-625d-497a-8794-c3726942b113'),'REPL', char_to_uuid('fadca076-3690-4a6e-af9e-f1cd68e8c7e8'));
--INSERT INTO CD_REF_TERM_ASSOC_TBL(CD_REF_TERM_ID, REF_TERM_ID, CD_ID, EFFT_VRSN_SEQ_ID, REL_TYP_ID) SELECT gen_uuid(), char_to_uuid('9adb575a-eba2-454b-a087-805f5083b048'), char_to_uuid('e998ca72-3b6a-4099-ab6e-7cf6861a5b61'), VRSN_SEQ_ID, char_to_uuid('2c4dafc2-566a-41ae-9ebc-3097d7d22f4a') FROM CD_VRSN_TBL WHERE CD_ID = char_to_uuid('e998ca72-3b6a-4099-ab6e-7cf6861a5b61') AND OBSLT_UTC IS NULL;
INSERT INTO CD_TBL VALUES(char_to_uuid('3efd3b6e-02d5-4cc9-9088-ef8f31e321c5'),TRUE);--#!
INSERT INTO CD_SET_MEM_ASSOC_TBL (CD_ID, SET_ID) VALUES (char_to_uuid('3efd3b6e-02d5-4cc9-9088-ef8f31e321c5'), char_to_uuid('93a48f6a-6808-4c70-83a2-d02178c2a883'));--#!
INSERT INTO CD_VRSN_TBL (CD_VRSN_ID, CD_ID, STS_CD_ID, CRT_PROV_ID, MNEMONIC, CLS_ID) VALUES (gen_uuid(), char_to_uuid('3efd3b6e-02d5-4cc9-9088-ef8f31e321c5'), char_to_uuid('c8064cbd-fa06-4530-b430-1a52f1530c27'), char_to_uuid('fadca076-3690-4a6e-af9e-f1cd68e8c7e8'), 'CANCELLED', char_to_uuid('54B93182-FC19-47A2-82C6-089FD70A4F45'));--#!
-- FIX FOR INSTANCE CODE TYPE
INSERT INTO CD_TBL VALUES (char_to_uuid('AC45A740-B0C7-4425-84D8-B3F8A41FEF9F'), TRUE);--#!
INSERT INTO CD_SET_MEM_ASSOC_TBL (CD_ID, SET_ID) VALUES (char_to_uuid('AC45A740-B0C7-4425-84D8-B3F8A41FEF9F'), char_to_uuid('5285af4b-e060-41b7-99d9-fd8237e5aecf'));--#!
INSERT INTO CD_SET_MEM_ASSOC_TBL (CD_ID, SET_ID) VALUES (char_to_uuid('AC45A740-B0C7-4425-84D8-B3F8A41FEF9F'), char_to_uuid('ee16a667-2085-440a-b1e7-4032d10b9f40'));--#!
INSERT INTO CD_VRSN_TBL (CD_VRSN_ID, CD_ID, STS_CD_ID, CRT_PROV_ID, MNEMONIC, CLS_ID) VALUES (gen_uuid(), char_to_uuid('AC45A740-B0C7-4425-84D8-B3F8A41FEF9F'), char_to_uuid('c8064cbd-fa06-4530-b430-1a52f1530c27'), char_to_uuid('fadca076-3690-4a6e-af9e-f1cd68e8c7e8'), 'Instance', char_to_uuid('17fd5254-8c25-4abb-b246-083fbe9afa15'));--#!
INSERT INTO REF_TERM_TBL (REF_TERM_ID, CS_ID, MNEMONIC, CRT_PROV_ID)  VALUES(char_to_uuid('9830f62b-732f-434f-be24-dd5ff96c4ed3'),char_to_uuid('ff12d77b-625d-497a-8794-c3726942b113'),'INST', char_to_uuid('fadca076-3690-4a6e-af9e-f1cd68e8c7e8'));--#!
INSERT INTO CD_REF_TERM_ASSOC_TBL (CD_REF_TERM_ID, REF_TERM_ID, CD_ID, EFFT_VRSN_SEQ_ID, REL_TYP_ID) SELECT gen_uuid(), char_to_uuid('9830f62b-732f-434f-be24-dd5ff96c4ed3'), char_to_uuid('AC45A740-B0C7-4425-84D8-B3F8A41FEF9F'), VRSN_SEQ_ID, char_to_uuid('2c4dafc2-566a-41ae-9ebc-3097d7d22f4a') FROM CD_VRSN_TBL WHERE CD_ID = char_to_uuid('AC45A740-B0C7-4425-84D8-B3F8A41FEF9F') AND OBSLT_UTC IS NULL;--#!
INSERT INTO REF_TERM_NAME_TBL (REF_TERM_NAME_ID, REF_TERM_ID, LANG_CS, TERM_NAME, CRT_PROV_ID, PHON_ALG_ID) VALUES (gen_uuid(), char_to_uuid('9830f62b-732f-434f-be24-dd5ff96c4ed3'), 'en', 'instance', char_to_uuid('fadca076-3690-4a6e-af9e-f1cd68e8c7e8'), char_to_uuid('402CD339-D0E4-46CE-8FC2-12A4B0E17226'));--#!
INSERT INTO CD_NAME_TBL (NAME_ID, CD_ID, EFFT_VRSN_SEQ_ID, LANG_CS, VAL, PHON_ALG_ID) SELECT gen_uuid(), char_to_uuid('AC45A740-B0C7-4425-84D8-B3F8A41FEF9F'), VRSN_SEQ_ID, 'en', 'instance', char_to_uuid('402CD339-D0E4-46CE-8FC2-12A4B0E17226') FROM CD_VRSN_TBL WHERE CD_ID = char_to_uuid('AC45A740-B0C7-4425-84D8-B3F8A41FEF9F') AND OBSLT_UTC IS NULL;--#!
-- FIX FOR INSTANCE CODE TYPE
INSERT INTO CD_TBL VALUES (char_to_uuid('4F6273D3-8223-4E18-8596-C718AD029DEB'), TRUE);--#!
INSERT INTO CD_SET_MEM_ASSOC_TBL (CD_ID, SET_ID) VALUES (char_to_uuid('4F6273D3-8223-4E18-8596-C718AD029DEB'), char_to_uuid('5285af4b-e060-41b7-99d9-fd8237e5aecf'));--#!
INSERT INTO CD_SET_MEM_ASSOC_TBL (CD_ID, SET_ID) VALUES (char_to_uuid('4F6273D3-8223-4E18-8596-C718AD029DEB'), char_to_uuid('ee16a667-2085-440a-b1e7-4032d10b9f40'));--#!
INSERT INTO CD_VRSN_TBL (CD_VRSN_ID, CD_ID, STS_CD_ID, CRT_PROV_ID, MNEMONIC, CLS_ID) VALUES (gen_uuid(), char_to_uuid('4F6273D3-8223-4E18-8596-C718AD029DEB'), char_to_uuid('c8064cbd-fa06-4530-b430-1a52f1530c27'), char_to_uuid('fadca076-3690-4a6e-af9e-f1cd68e8c7e8'), 'LocatedEntity', char_to_uuid('17fd5254-8c25-4abb-b246-083fbe9afa15'));--#!
INSERT INTO REF_TERM_TBL (REF_TERM_ID, CS_ID, MNEMONIC, CRT_PROV_ID)  VALUES(char_to_uuid('7ad0f62b-732f-434f-be24-dd5ff96c4ed3'),char_to_uuid('ff12d77b-625d-497a-8794-c3726942b113'),'LOCE', char_to_uuid('fadca076-3690-4a6e-af9e-f1cd68e8c7e8'));--#!
INSERT INTO CD_REF_TERM_ASSOC_TBL (CD_REF_TERM_ID, REF_TERM_ID, CD_ID, EFFT_VRSN_SEQ_ID, REL_TYP_ID) SELECT gen_uuid(), char_to_uuid('7ad0f62b-732f-434f-be24-dd5ff96c4ed3'), char_to_uuid('4F6273D3-8223-4E18-8596-C718AD029DEB'), VRSN_SEQ_ID, char_to_uuid('2c4dafc2-566a-41ae-9ebc-3097d7d22f4a') FROM CD_VRSN_TBL WHERE CD_ID = char_to_uuid('4F6273D3-8223-4E18-8596-C718AD029DEB') AND OBSLT_UTC IS NULL;--#!
INSERT INTO REF_TERM_NAME_TBL (REF_TERM_NAME_ID, REF_TERM_ID, LANG_CS, TERM_NAME, CRT_PROV_ID, PHON_ALG_ID) VALUES (gen_uuid(), char_to_uuid('7ad0f62b-732f-434f-be24-dd5ff96c4ed3'), 'en', 'located entity', char_to_uuid('fadca076-3690-4a6e-af9e-f1cd68e8c7e8'), char_to_uuid('402CD339-D0E4-46CE-8FC2-12A4B0E17226'));--#!
INSERT INTO CD_NAME_TBL (NAME_ID, CD_ID, EFFT_VRSN_SEQ_ID, LANG_CS, VAL, PHON_ALG_ID) SELECT gen_uuid(), char_to_uuid('4F6273D3-8223-4E18-8596-C718AD029DEB'), VRSN_SEQ_ID, 'en', 'located entity', char_to_uuid('402CD339-D0E4-46CE-8FC2-12A4B0E17226') FROM CD_VRSN_TBL WHERE CD_ID = char_to_uuid('4F6273D3-8223-4E18-8596-C718AD029DEB') AND OBSLT_UTC IS NULL;--#!
-- BAD NAME 
INSERT INTO CD_TBL VALUES(char_to_uuid('3efd3b6e-02d5-4cc9-9088-ef8f31e32efa'),TRUE);--#!
INSERT INTO CD_SET_MEM_ASSOC_TBL (CD_ID, SET_ID) VALUES (char_to_uuid('3efd3b6e-02d5-4cc9-9088-ef8f31e32efa'), char_to_uuid('8df14280-3d05-45a6-bfae-15b63dfc379f'));--#!
INSERT INTO CD_VRSN_TBL (CD_VRSN_ID, CD_ID, STS_CD_ID, CRT_PROV_ID, MNEMONIC, CLS_ID) VALUES (gen_uuid(), char_to_uuid('3efd3b6e-02d5-4cc9-9088-ef8f31e32efa'), char_to_uuid('c8064cbd-fa06-4530-b430-1a52f1530c27'), char_to_uuid('fadca076-3690-4a6e-af9e-f1cd68e8c7e8'), 'BadName', char_to_uuid('0d6b3439-c9be-4480-af39-eeb457c052d0'));--#!
CREATE INDEX ACT_PTCPT_ROL_CD_ID_IDX ON ACT_PTCPT_TBL(ROL_CD_ID);--#!


-- ACT CLASS CONTRACT
INSERT INTO CD_TBL VALUES(char_to_uuid('5B947FCB-055A-4E7B-9571-3C2502D72BA6'),TRUE);--#!
INSERT INTO CD_VRSN_TBL (CD_VRSN_ID, CD_ID, STS_CD_ID, CRT_PROV_ID, MNEMONIC, CLS_ID) VALUES (gen_uuid(), char_to_uuid('5B947FCB-055A-4E7B-9571-3C2502D72BA6'), char_to_uuid('c8064cbd-fa06-4530-b430-1a52f1530c27'), char_to_uuid('fadca076-3690-4a6e-af9e-f1cd68e8c7e8'), 'Contract', char_to_uuid('17FD5254-8C25-4ABB-B246-083FBE9AFA15'));--#!
INSERT INTO REF_TERM_TBL(REF_TERM_ID, CS_ID, MNEMONIC, CRT_PROV_ID)  VALUES(char_to_uuid('b94cbca8-80d2-45dd-8c0e-2653f3807e67'), char_to_uuid('BAB1D66A-1E98-4BFD-9B4A-7C4BE88F35D1'), 'CNTRCT', char_to_uuid('fadca076-3690-4a6e-af9e-f1cd68e8c7e8'));--#!
INSERT INTO CD_REF_TERM_ASSOC_TBL(CD_REF_TERM_ID, REF_TERM_ID, CD_ID, EFFT_VRSN_SEQ_ID, REL_TYP_ID) SELECT gen_uuid(), char_to_uuid('b94cbca8-80d2-45dd-8c0e-2653f3807e67'), char_to_uuid('5b947fcb-055a-4e7b-9571-3c2502d72ba6'), VRSN_SEQ_ID, char_to_uuid('2c4dafc2-566a-41ae-9ebc-3097d7d22f4a') FROM CD_VRSN_TBL WHERE CD_ID = char_to_uuid('5B947FCB-055A-4E7B-9571-3C2502D72BA6') AND OBSLT_UTC IS NULL;--#!
INSERT INTO REF_TERM_NAME_TBL(REF_TERM_NAME_ID, REF_TERM_ID, LANG_CS, TERM_NAME, CRT_PROV_ID, PHON_ALG_ID) VALUES(gen_uuid(), char_to_uuid('b94cbca8-80d2-45dd-8c0e-2653f3807e67'), 'en', 'Contract', char_to_uuid('fadca076-3690-4a6e-af9e-f1cd68e8c7e8'), char_to_uuid('402CD339-D0E4-46CE-8FC2-12A4B0E17226'));--#!
INSERT INTO CD_NAME_TBL(NAME_ID, CD_ID, EFFT_VRSN_SEQ_ID, LANG_CS, VAL, PHON_ALG_ID) SELECT gen_uuid(), CD_ID, VRSN_SEQ_ID, 'en', 'Contract', char_to_uuid('402CD339-D0E4-46CE-8FC2-12A4B0E17226') FROM CD_VRSN_TBL WHERE CD_ID = char_to_uuid('5B947FCB-055A-4E7B-9571-3C2502D72BA6') AND OBSLT_UTC IS NULL;--#!
INSERT INTO CD_SET_MEM_ASSOC_TBL(CD_ID, SET_ID) VALUES (char_to_uuid('5B947FCB-055A-4E7B-9571-3C2502D72BA6'), char_to_uuid('62c5fde0-a3aa-45df-94e9-242f4451644a'));--#!
-- ACT CLASS FINANCIAL CONTRACT
INSERT INTO CD_TBL VALUES(char_to_uuid('EE5FABB7-F97C-417C-AD81-AC9D05B81C50'),TRUE);--#!
INSERT INTO CD_VRSN_TBL (CD_VRSN_ID, CD_ID, STS_CD_ID, CRT_PROV_ID, MNEMONIC, CLS_ID) VALUES (gen_uuid(), char_to_uuid('EE5FABB7-F97C-417C-AD81-AC9D05B81C50'), char_to_uuid('c8064cbd-fa06-4530-b430-1a52f1530c27'), char_to_uuid('fadca076-3690-4a6e-af9e-f1cd68e8c7e8'), 'FinancialContract', char_to_uuid('17FD5254-8C25-4ABB-B246-083FBE9AFA15'));--#!
INSERT INTO REF_TERM_TBL(REF_TERM_ID, CS_ID, MNEMONIC, CRT_PROV_ID)  VALUES(char_to_uuid('88dc33d3-bbe4-4e2c-a125-ba2963ac3d79'), char_to_uuid('BAB1D66A-1E98-4BFD-9B4A-7C4BE88F35D1'), 'FCNTRCT', char_to_uuid('fadca076-3690-4a6e-af9e-f1cd68e8c7e8'));--#!
INSERT INTO CD_REF_TERM_ASSOC_TBL(CD_REF_TERM_ID, REF_TERM_ID, CD_ID, EFFT_VRSN_SEQ_ID, REL_TYP_ID) SELECT gen_uuid(), char_to_uuid('88dc33d3-bbe4-4e2c-a125-ba2963ac3d79'), char_to_uuid('ee5fabb7-f97c-417c-ad81-ac9d05b81c50'), VRSN_SEQ_ID, char_to_uuid('2c4dafc2-566a-41ae-9ebc-3097d7d22f4a') FROM CD_VRSN_TBL WHERE CD_ID = char_to_uuid('EE5FABB7-F97C-417C-AD81-AC9D05B81C50') AND OBSLT_UTC IS NULL;--#!
INSERT INTO REF_TERM_NAME_TBL(REF_TERM_NAME_ID, REF_TERM_ID, LANG_CS, TERM_NAME, CRT_PROV_ID, PHON_ALG_ID) VALUES(gen_uuid(), char_to_uuid('88dc33d3-bbe4-4e2c-a125-ba2963ac3d79'), 'en', 'Financial Contract', char_to_uuid('fadca076-3690-4a6e-af9e-f1cd68e8c7e8'), char_to_uuid('402CD339-D0E4-46CE-8FC2-12A4B0E17226'));--#!
INSERT INTO CD_NAME_TBL(NAME_ID, CD_ID, EFFT_VRSN_SEQ_ID, LANG_CS, VAL, PHON_ALG_ID) SELECT gen_uuid(), CD_ID, VRSN_SEQ_ID, 'en', 'Financial Contract', char_to_uuid('402CD339-D0E4-46CE-8FC2-12A4B0E17226') FROM CD_VRSN_TBL WHERE CD_ID = char_to_uuid('EE5FABB7-F97C-417C-AD81-AC9D05B81C50') AND OBSLT_UTC IS NULL;--#!
INSERT INTO CD_SET_MEM_ASSOC_TBL(CD_ID, SET_ID) VALUES (char_to_uuid('EE5FABB7-F97C-417C-AD81-AC9D05B81C50'), char_to_uuid('62c5fde0-a3aa-45df-94e9-242f4451644a'));--#!
-- ACT CLASS ACCOUNT
INSERT INTO CD_TBL VALUES(char_to_uuid('EFD2D8DD-45D4-4746-BF1A-38E95A358C05'),TRUE);--#!
INSERT INTO CD_VRSN_TBL (CD_VRSN_ID, CD_ID, STS_CD_ID, CRT_PROV_ID, MNEMONIC, CLS_ID) VALUES (gen_uuid(), char_to_uuid('EFD2D8DD-45D4-4746-BF1A-38E95A358C05'), char_to_uuid('c8064cbd-fa06-4530-b430-1a52f1530c27'), char_to_uuid('fadca076-3690-4a6e-af9e-f1cd68e8c7e8'), 'Account', char_to_uuid('17FD5254-8C25-4ABB-B246-083FBE9AFA15'));--#!
INSERT INTO REF_TERM_TBL(REF_TERM_ID, CS_ID, MNEMONIC, CRT_PROV_ID)  VALUES(char_to_uuid('8e0f3f5e-290f-4bf2-ae74-56c9f3339c7e'), char_to_uuid('BAB1D66A-1E98-4BFD-9B4A-7C4BE88F35D1'), 'ACCT', char_to_uuid('fadca076-3690-4a6e-af9e-f1cd68e8c7e8'));--#!
INSERT INTO CD_REF_TERM_ASSOC_TBL(CD_REF_TERM_ID, REF_TERM_ID, CD_ID, EFFT_VRSN_SEQ_ID, REL_TYP_ID) SELECT gen_uuid(), char_to_uuid('8e0f3f5e-290f-4bf2-ae74-56c9f3339c7e'), char_to_uuid('efd2d8dd-45d4-4746-bf1a-38e95a358c05'), VRSN_SEQ_ID, char_to_uuid('2c4dafc2-566a-41ae-9ebc-3097d7d22f4a') FROM CD_VRSN_TBL WHERE CD_ID = char_to_uuid('EFD2D8DD-45D4-4746-BF1A-38E95A358C05') AND OBSLT_UTC IS NULL;--#!
INSERT INTO REF_TERM_NAME_TBL(REF_TERM_NAME_ID, REF_TERM_ID, LANG_CS, TERM_NAME, CRT_PROV_ID, PHON_ALG_ID) VALUES(gen_uuid(), char_to_uuid('8e0f3f5e-290f-4bf2-ae74-56c9f3339c7e'), 'en', 'Account', char_to_uuid('fadca076-3690-4a6e-af9e-f1cd68e8c7e8'), char_to_uuid('402CD339-D0E4-46CE-8FC2-12A4B0E17226'));--#!
INSERT INTO CD_NAME_TBL(NAME_ID, CD_ID, EFFT_VRSN_SEQ_ID, LANG_CS, VAL, PHON_ALG_ID) SELECT gen_uuid(), CD_ID, VRSN_SEQ_ID, 'en', 'Account', char_to_uuid('402CD339-D0E4-46CE-8FC2-12A4B0E17226') FROM CD_VRSN_TBL WHERE CD_ID = char_to_uuid('EFD2D8DD-45D4-4746-BF1A-38E95A358C05') AND OBSLT_UTC IS NULL;--#!
INSERT INTO CD_SET_MEM_ASSOC_TBL(CD_ID, SET_ID) VALUES (char_to_uuid('EFD2D8DD-45D4-4746-BF1A-38E95A358C05'), char_to_uuid('62c5fde0-a3aa-45df-94e9-242f4451644a'));--#!
-- ACT CLASS ACCOUNT
INSERT INTO CD_TBL VALUES(char_to_uuid('6A37A91E-CC27-4E64-9B49-618A1F255904'),TRUE);--#!
INSERT INTO CD_VRSN_TBL (CD_VRSN_ID, CD_ID, STS_CD_ID, CRT_PROV_ID, MNEMONIC, CLS_ID) VALUES (gen_uuid(), char_to_uuid('6A37A91E-CC27-4E64-9B49-618A1F255904'), char_to_uuid('c8064cbd-fa06-4530-b430-1a52f1530c27'), char_to_uuid('fadca076-3690-4a6e-af9e-f1cd68e8c7e8'), 'FinancialTransaction', char_to_uuid('17FD5254-8C25-4ABB-B246-083FBE9AFA15'));--#!
INSERT INTO REF_TERM_TBL(REF_TERM_ID, CS_ID, MNEMONIC, CRT_PROV_ID)  VALUES(char_to_uuid('044c7ee2-2b1b-4765-b5de-4fe68c4f2fdb'), char_to_uuid('BAB1D66A-1E98-4BFD-9B4A-7C4BE88F35D1'), 'XACT', char_to_uuid('fadca076-3690-4a6e-af9e-f1cd68e8c7e8'));--#!
INSERT INTO CD_REF_TERM_ASSOC_TBL(CD_REF_TERM_ID, REF_TERM_ID, CD_ID, EFFT_VRSN_SEQ_ID, REL_TYP_ID) SELECT gen_uuid(), char_to_uuid('044c7ee2-2b1b-4765-b5de-4fe68c4f2fdb'), char_to_uuid('6A37A91E-CC27-4E64-9B49-618A1F255904'), VRSN_SEQ_ID, char_to_uuid('2c4dafc2-566a-41ae-9ebc-3097d7d22f4a') FROM CD_VRSN_TBL WHERE CD_ID = char_to_uuid('6A37A91E-CC27-4E64-9B49-618A1F255904') AND OBSLT_UTC IS NULL;--#!
INSERT INTO REF_TERM_NAME_TBL(REF_TERM_NAME_ID, REF_TERM_ID, LANG_CS, TERM_NAME, CRT_PROV_ID, PHON_ALG_ID) VALUES(gen_uuid(), char_to_uuid('044c7ee2-2b1b-4765-b5de-4fe68c4f2fdb'), 'en', 'Financial Transaction', char_to_uuid('fadca076-3690-4a6e-af9e-f1cd68e8c7e8'), char_to_uuid('402CD339-D0E4-46CE-8FC2-12A4B0E17226'));--#!
INSERT INTO CD_NAME_TBL(NAME_ID, CD_ID, EFFT_VRSN_SEQ_ID, LANG_CS, VAL, PHON_ALG_ID) SELECT gen_uuid(), CD_ID, VRSN_SEQ_ID, 'en', 'Financial Transaction', char_to_uuid('402CD339-D0E4-46CE-8FC2-12A4B0E17226') FROM CD_VRSN_TBL WHERE CD_ID = char_to_uuid('6A37A91E-CC27-4E64-9B49-618A1F255904') AND OBSLT_UTC IS NULL;--#!
INSERT INTO CD_SET_MEM_ASSOC_TBL(CD_ID, SET_ID) VALUES (char_to_uuid('6A37A91E-CC27-4E64-9B49-618A1F255904'), char_to_uuid('62c5fde0-a3aa-45df-94e9-242f4451644a'));--#!
-- ACT INVOICE ELEMENT ACCOUNT
INSERT INTO CD_TBL VALUES(char_to_uuid('6755ee8b-48e6-4fd8-802f-59b89efa8966'),TRUE);--#!
INSERT INTO CD_VRSN_TBL (CD_VRSN_ID, CD_ID, STS_CD_ID, CRT_PROV_ID, MNEMONIC, CLS_ID) VALUES (gen_uuid(), char_to_uuid('6755ee8b-48e6-4fd8-802f-59b89efa8966'), char_to_uuid('c8064cbd-fa06-4530-b430-1a52f1530c27'), char_to_uuid('fadca076-3690-4a6e-af9e-f1cd68e8c7e8'), 'InvoiceElement', char_to_uuid('17FD5254-8C25-4ABB-B246-083FBE9AFA15'));--#!
INSERT INTO REF_TERM_TBL(REF_TERM_ID, CS_ID, MNEMONIC, CRT_PROV_ID)  VALUES(char_to_uuid('7a64ba08-795b-4a0f-a7a5-8d5950fdd113'), char_to_uuid('BAB1D66A-1E98-4BFD-9B4A-7C4BE88F35D1'), 'INVE', char_to_uuid('fadca076-3690-4a6e-af9e-f1cd68e8c7e8'));--#!
INSERT INTO CD_REF_TERM_ASSOC_TBL(CD_REF_TERM_ID, REF_TERM_ID, CD_ID, EFFT_VRSN_SEQ_ID, REL_TYP_ID) SELECT gen_uuid(), char_to_uuid('7a64ba08-795b-4a0f-a7a5-8d5950fdd113'), char_to_uuid('6755ee8b-48e6-4fd8-802f-59b89efa8966'), VRSN_SEQ_ID, char_to_uuid('2c4dafc2-566a-41ae-9ebc-3097d7d22f4a') FROM CD_VRSN_TBL WHERE CD_ID = char_to_uuid('6755ee8b-48e6-4fd8-802f-59b89efa8966') AND OBSLT_UTC IS NULL;--#!
INSERT INTO REF_TERM_NAME_TBL(REF_TERM_NAME_ID, REF_TERM_ID, LANG_CS, TERM_NAME, CRT_PROV_ID, PHON_ALG_ID) VALUES(gen_uuid(), char_to_uuid('7a64ba08-795b-4a0f-a7a5-8d5950fdd113'), 'en', 'Invoice Element', char_to_uuid('fadca076-3690-4a6e-af9e-f1cd68e8c7e8'), char_to_uuid('402CD339-D0E4-46CE-8FC2-12A4B0E17226'));--#!
INSERT INTO CD_NAME_TBL(NAME_ID, CD_ID, EFFT_VRSN_SEQ_ID, LANG_CS, VAL, PHON_ALG_ID) SELECT gen_uuid(), CD_ID, VRSN_SEQ_ID, 'en', 'Invoice Element', char_to_uuid('402CD339-D0E4-46CE-8FC2-12A4B0E17226') FROM CD_VRSN_TBL WHERE CD_ID = char_to_uuid('6755ee8b-48e6-4fd8-802f-59b89efa8966') AND OBSLT_UTC IS NULL;--#!
INSERT INTO CD_SET_MEM_ASSOC_TBL(CD_ID, SET_ID) VALUES (char_to_uuid('6755ee8b-48e6-4fd8-802f-59b89efa8966'), char_to_uuid('62c5fde0-a3aa-45df-94e9-242f4451644a'));--#!
